claim_id,policy_id,loss_date,report_date,settle_date,loss_type,claim_amount_thb,status,adjuster_name,fraud_flag
CL000001,P002187,2023-12-25,2024-01-01,2024-03-21,fire,615630,paid,Beam Phromsiri,false
CL000002,P001465,2024-09-26,2024-10-05,2024-11-09,collision,91699,paid,Bua Phongphan,false
CL000003,P006497,2024-11-18,2024-11-27,2025-01-20,fire,446222,paid,Apinya Phromsiri,false
CL000004,P006248,2023-05-16,2023-05-29,2023-06-13,storm,2772253,paid,Chai Phromsiri,false
CL000005,P005298,2023-11-13,2023-11-27,2023-12-26,storm,4898770,paid,Bank Phongphan,false
CL000006,P002417,2023-12-07,2023-12-11,2024-02-14,water_damage,491036,paid,Praew Rattanapan,false
CL000007,P000324,2026-04-21,2026-05-04,2026-06-14,collision,252640,paid,Nan Phutthichai,false
CL000008,P006579,2025-02-28,2025-03-14,2025-06-07,flood,4409220,paid,Somchai Rattanapan,false
CL000009,P001127,2025-09-03,2025-09-10,,flood,1203973,open,Ploy Chaisawat,false
CL000010,P005657,2024-06-07,2024-06-19,,fire,416915,open,Mild Sangthong,false
CL000011,P008554,2024-08-10,2024-08-11,2024-09-25,fire,744230,paid,Eak Inthanon,false
CL000012,P007269,2026-04-11,2026-04-19,2026-05-26,third_party_liability,560131,paid,Suda Sangthong,false
CL000013,P009510,2024-03-09,2024-03-19,,fire,776444,pending,Suda Srisuk,false
CL000014,P001725,2022-12-08,2022-12-17,2023-02-17,storm,770930,paid,Boss Chaisawat,false
CL000015,P008776,2026-02-24,2026-03-09,2026-05-19,collision,149115,paid,Beam Suwanphon,false
CL000016,P006492,2024-09-02,2024-09-02,,third_party_liability,250035,open,Eak Saetang,false
CL000017,P009918,2023-03-01,2023-03-12,2023-03-29,storm,1631367,denied,Tawan Phongphan,false
CL000018,P007157,2024-01-30,2024-01-30,,fire,130562,pending,Mild Rattanapan,false
CL000019,P002433,2024-11-12,2024-11-14,2024-12-26,theft,49401,paid,Tawan Phutthichai,false
CL000020,P004342,2025-09-12,2025-09-25,2025-11-09,collision,160999,denied,Nan Thongdee,false
CL000021,P004120,2025-11-10,2025-11-14,,water_damage,4685049,pending,Nok Limthongkul,false
CL000022,P005787,2026-03-22,2026-03-22,2026-05-18,theft,15996,paid,Malee Chaisawat,false
CL000023,P007654,2025-09-05,2025-09-05,2025-11-05,collision,126311,paid,Bank Suwanphon,false
CL000024,P007989,2022-11-18,2022-11-29,2023-01-16,fire,987841,paid,Chai Chaisawat,false
CL000025,P001635,2025-02-19,2025-03-03,2025-04-02,water_damage,2146458,paid,Mai Phongphan,false
CL000026,P006528,2024-02-12,2024-02-14,2024-03-25,collision,17068,paid,Beam Chaisawat,false
CL000027,P001016,2024-06-29,2024-07-13,2024-08-21,storm,5619704,paid,Malee Watcharaphon,false
CL000028,P000833,2026-02-13,2026-02-19,2026-05-17,flood,24571,paid,Kanya Phongphan,true
CL000029,P009184,2025-02-20,2025-03-04,2025-04-27,burglary,368897,paid,Pim Sangthong,false
CL000030,P004226,2023-06-08,2023-06-10,,fire,307615,pending,Somchai Phutthichai,false
CL000031,P003648,2023-07-04,2023-07-08,2023-09-12,burglary,286853,paid,Mint Kittikun,false
CL000032,P008498,2024-08-11,2024-08-20,2024-11-17,third_party_liability,122918,denied,Chai Phutthichai,false
CL000033,P001627,2023-05-10,2023-05-22,,theft,211282,open,Earth Chaiyaporn,false
CL000034,P008392,2024-04-13,2024-04-25,2024-06-26,storm,1503627,paid,Bua Srisuk,false
CL000035,P006757,2023-08-06,2023-08-15,2023-09-08,water_damage,596380,denied,Pim Chaisawat,false
CL000036,P008012,2023-08-14,2023-08-25,2023-09-15,collision,713321,paid,Toon Watcharaphon,true
CL000037,P004341,2023-10-17,2023-10-23,2023-11-25,third_party_liability,437345,paid,Toon Phutthichai,false
CL000038,P008939,2024-09-04,2024-09-06,2024-09-22,third_party_liability,23976,paid,Tawan Phongphan,false
CL000039,P005297,2024-07-28,2024-08-02,2024-10-11,collision,260842,paid,Boss Chaiyaporn,false
CL000040,P008625,2026-04-07,2026-04-19,2026-06-17,collision,86334,paid,Wichai Chaisawat,false
CL000041,P002810,2023-07-29,2023-07-30,2023-09-27,theft,702405,paid,Pim Sukhumvit,false
CL000042,P004293,2024-08-07,2024-08-17,2024-11-11,collision,270512,paid,Beam Wongchai,false
CL000043,P001385,2025-12-17,2025-12-21,,theft,350372,open,Eak Boonmee,false
CL000044,P007972,2024-02-09,2024-02-20,2024-03-30,collision,151091,paid,Ploy Phutthichai,false
CL000045,P003512,2026-01-28,2026-02-02,2026-04-07,fire,609549,denied,Mint Charoensuk,false
CL000046,P002864,2025-06-09,2025-06-15,,storm,343632,pending,Anong Charoensuk,false
CL000047,P001309,2023-12-28,2023-12-31,,fire,4378033,pending,Nok Chaiyaporn,false
CL000048,P000773,2024-07-03,2024-07-03,2024-08-09,fire,129444,paid,Pim Boonmee,false
CL000049,P003375,2023-02-24,2023-03-05,,third_party_liability,245556,open,Malee Wongchai,false
CL000050,P003013,2026-04-17,2026-04-22,2026-06-03,burglary,1797924,paid,View Inthanon,false
CL000051,P009660,2026-05-13,2026-05-21,,third_party_liability,172510,pending,Tawan Kanchanaburi,false
CL000052,P004073,2023-09-05,2023-09-15,2023-11-05,storm,2038075,paid,Fern Boonmee,false
CL000053,P009354,2023-06-18,2023-06-22,,fire,278466,open,Malee Kittikun,true
CL000054,P002734,2025-04-08,2025-04-10,2025-05-17,collision,306484,paid,Bank Suwanphon,false
CL000055,P004116,2024-06-20,2024-06-25,2024-08-19,flood,146887,paid,Toon Kanchanaburi,false
CL000056,P006873,2024-10-02,2024-10-04,,flood,1678496,pending,Earth Watcharaphon,false
CL000057,P004235,2024-11-22,2024-12-01,2024-12-17,fire,156349,denied,Beam Thongdee,false
CL000058,P003261,2023-07-09,2023-07-20,,flood,118567,open,Bua Sukhumvit,false
CL000059,P004668,2024-06-16,2024-06-25,2024-08-12,flood,230792,paid,Apinya Chaiyaporn,false
CL000060,P006865,2025-08-13,2025-08-13,2025-11-02,fire,1940159,denied,Mai Phromsiri,false
CL000061,P000189,2024-02-07,2024-02-17,,water_damage,1531295,pending,Somchai Rattanapan,false
CL000062,P007530,2022-06-13,2022-06-16,2022-08-10,flood,160910,paid,Praew Thongdee,false
CL000063,P001623,2025-10-20,2025-10-31,2025-11-21,theft,120651,paid,Fern Chaisawat,false
CL000064,P007864,2024-11-07,2024-11-10,,water_damage,5173717,open,Anong Chaisawat,false
CL000065,P000767,2025-10-25,2025-11-05,,third_party_liability,778611,pending,Apinya Chaisawat,false
CL000066,P008936,2024-02-21,2024-02-27,,fire,164998,pending,Daeng Suwanphon,false
CL000067,P004143,2024-09-29,2024-10-12,,collision,29038,pending,View Saetang,false
CL000068,P009565,2026-04-13,2026-04-16,2026-06-24,fire,79911,paid,Beam Chaiyaporn,false
CL000069,P003832,2023-09-18,2023-09-23,2023-10-14,fire,1233301,paid,Beam Srisuk,false
CL000070,P001257,2026-03-26,2026-04-06,2026-06-20,flood,1705865,paid,Toon Phutthichai,false
CL000071,P003186,2024-02-14,2024-02-17,2024-04-17,fire,2722303,paid,Anong Srisuk,false
CL000072,P007533,2025-04-11,2025-04-21,2025-07-01,burglary,2791448,paid,Anong Phromsiri,false
CL000073,P000131,2025-08-02,2025-08-15,2025-10-31,third_party_liability,164913,denied,Eak Kittikun,false
CL000074,P001245,2023-07-10,2023-07-13,2023-08-18,flood,519510,paid,View Sangthong,false
CL000075,P001082,2026-04-19,2026-05-02,2026-05-21,fire,465779,paid,Niran Rattanapan,false
CL000076,P008553,2025-07-27,2025-07-31,2025-08-15,flood,262376,paid,Earth Watcharaphon,false
CL000077,P009458,2024-03-12,2024-03-13,,burglary,6103048,pending,Boss Chaiyaporn,false
CL000078,P001013,2026-04-29,2026-05-02,,collision,435360,pending,Nan Wongchai,false
CL000079,P004052,2026-02-24,2026-03-09,2026-06-07,flood,21380,denied,Earth Srisuk,false
CL000080,P001920,2024-02-24,2024-03-01,,third_party_liability,310223,open,Nok Chaisawat,false
CL000081,P004799,2025-08-12,2025-08-12,2025-08-28,third_party_liability,660389,paid,Earth Chaisawat,false
CL000082,P008412,2026-03-11,2026-03-18,2026-05-11,flood,2905176,paid,Bua Rattanapan,false
CL000083,P003011,2023-11-12,2023-11-16,,theft,321292,pending,Mint Kittikun,false
CL000084,P003999,2026-04-06,2026-04-06,2026-06-06,fire,571709,paid,Niran Saetang,false
CL000085,P005561,2024-07-03,2024-07-16,2024-07-24,flood,29180,paid,Boss Inthanon,false
CL000086,P002288,2024-03-24,2024-03-26,2024-05-17,flood,176065,paid,Pim Saetang,false
CL000087,P002001,2023-06-11,2023-06-19,2023-09-10,flood,63106,paid,Eak Kanchanaburi,false
CL000088,P002567,2023-08-27,2023-08-31,,flood,89572,open,Mild Saetang,false
CL000089,P008752,2024-04-15,2024-04-21,2024-06-27,flood,158197,paid,Boss Suwanphon,false
CL000090,P004924,2022-05-19,2022-05-20,2022-07-07,flood,270451,denied,Toon Rattanapan,false
CL000091,P000501,2025-02-15,2025-02-15,,burglary,1092890,pending,Tawan Rattanapan,false
CL000092,P008588,2024-05-04,2024-05-14,,third_party_liability,30067,pending,Eak Rattanapan,false
CL000093,P003537,2024-06-12,2024-06-24,,flood,117054,pending,Boss Inthanon,false
CL000094,P008038,2026-02-28,2026-03-04,2026-05-06,third_party_liability,438313,denied,Malee Srisuk,false
CL000095,P009965,2026-03-13,2026-03-20,2026-05-28,storm,544811,denied,Beam Thongdee,false
CL000096,P002823,2023-12-22,2023-12-29,,theft,214752,pending,Toon Limthongkul,false
CL000097,P002592,2024-03-20,2024-03-22,2024-04-29,flood,7930482,paid,Daeng Chaisawat,false
CL000098,P004906,2023-09-28,2023-10-10,2023-11-12,fire,195036,paid,Bua Sangthong,false
CL000099,P004675,2025-08-22,2025-09-04,,water_damage,4140560,pending,Boss Srisuk,false
CL000100,P005584,2025-08-19,2025-08-23,2025-09-08,collision,623525,denied,Beam Phongphan,false
CL000101,P003912,2024-02-09,2024-02-23,2024-04-19,third_party_liability,312939,paid,Ploy Srisuk,false
CL000102,P000353,2023-06-21,2023-06-25,2023-09-04,flood,4023888,paid,Tee Thongdee,false
CL000103,P007265,2023-11-13,2023-11-23,2023-12-25,third_party_liability,70898,paid,Daeng Limthongkul,false
CL000104,P006258,2025-05-30,2025-06-07,2025-07-15,burglary,2776179,paid,Anong Phromsiri,false
CL000105,P001326,2026-03-25,2026-03-29,2026-06-07,burglary,2130472,paid,Pat Kittikun,false
CL000106,P009860,2023-07-05,2023-07-09,,collision,266969,pending,Apinya Kittikun,false
CL000107,P001859,2026-01-08,2026-01-22,2026-02-25,collision,123079,paid,Somchai Sukhumvit,false
CL000108,P009799,2024-06-26,2024-06-30,,third_party_liability,431980,pending,Earth Phutthichai,false
CL000109,P006402,2022-09-14,2022-09-26,,water_damage,1315547,pending,Tawan Phongphan,false
CL000110,P006162,2024-06-30,2024-07-12,2024-09-23,flood,1615731,paid,Mild Boonmee,false
CL000111,P004421,2024-06-10,2024-06-18,2024-07-30,third_party_liability,163614,paid,Bua Limthongkul,false
CL000112,P008212,2026-02-19,2026-02-22,,third_party_liability,113084,open,Mint Chaisawat,false
CL000113,P002899,2024-11-16,2024-11-21,2025-01-13,flood,144933,paid,Ploy Phromsiri,false
CL000114,P002385,2026-02-18,2026-03-03,2026-03-12,fire,488510,paid,Praew Phutthichai,false
CL000115,P006984,2022-04-25,2022-05-06,2022-05-13,collision,52497,paid,Daeng Kanchanaburi,false
CL000116,P006984,2022-07-26,2022-08-02,,flood,61996,open,Fern Phromsiri,false
CL000117,P002806,2023-08-25,2023-08-27,2023-11-16,theft,67551,paid,Chai Watcharaphon,false
CL000118,P007829,2026-05-05,2026-05-14,2026-07-21,water_damage,305213,paid,Nok Watcharaphon,false
CL000119,P000753,2024-05-17,2024-05-21,,collision,573779,pending,Malee Boonmee,false
CL000120,P006293,2026-04-11,2026-04-19,2026-06-08,third_party_liability,651887,paid,Apinya Charoensuk,false
CL000121,P002819,2022-09-15,2022-09-16,,third_party_liability,60506,pending,Nok Kanchanaburi,false
CL000122,P000609,2023-06-26,2023-07-05,2023-09-03,fire,1520198,denied,Praew Charoensuk,false
CL000123,P006274,2024-01-10,2024-01-12,2024-01-31,fire,312163,paid,Chai Phongphan,false
CL000124,P006319,2023-11-01,2023-11-03,2024-01-28,fire,667075,paid,Fern Sukhumvit,false
CL000125,P005140,2023-08-30,2023-09-01,,theft,115698,open,Tawan Sangthong,false
CL000126,P004876,2024-11-16,2024-11-16,2025-02-06,collision,175584,paid,Bua Thongdee,false
CL000127,P004139,2023-10-06,2023-10-14,,third_party_liability,74616,open,Nok Chaisawat,false
CL000128,P004570,2024-09-07,2024-09-18,2024-10-11,fire,4788294,paid,Wichai Suwanphon,false
CL000129,P009090,2025-01-09,2025-01-10,,collision,445018,pending,Mai Wongchai,false
CL000130,P008798,2026-04-01,2026-04-09,,flood,889698,open,View Sangthong,false
CL000131,P006865,2025-10-30,2025-11-11,,burglary,1928975,pending,Pim Sangthong,false
CL000132,P008116,2025-01-30,2025-02-10,2025-04-06,theft,632709,paid,Mint Limthongkul,false
CL000133,P002530,2023-05-15,2023-05-19,,storm,1349123,pending,Beam Chaiyaporn,false
CL000134,P001632,2024-06-21,2024-07-01,2024-08-06,theft,606141,paid,Mild Chaiyaporn,false
CL000135,P008136,2022-11-21,2022-12-05,2022-12-12,theft,196995,paid,Boss Rattanapan,false
CL000136,P004983,2025-10-04,2025-10-05,2025-12-25,theft,84596,paid,Earth Chaiyaporn,false
CL000137,P007071,2026-05-11,2026-05-18,2026-07-17,flood,77721,denied,Malee Charoensuk,false
CL000138,P010000,2026-01-19,2026-01-20,2026-04-05,collision,54677,paid,Bua Phromsiri,false
CL000139,P006645,2024-06-18,2024-06-24,,third_party_liability,149317,pending,Wichai Rattanapan,false
CL000140,P008449,2023-08-02,2023-08-15,2023-09-07,flood,5044471,paid,Malee Thongdee,false
CL000141,P002943,2023-06-09,2023-06-19,2023-08-13,flood,53718,paid,Boss Phutthichai,false
CL000142,P004055,2025-03-27,2025-04-06,2025-06-04,burglary,515417,denied,Kanya Phongphan,false
CL000143,P003985,2024-02-29,2024-03-02,,collision,60241,pending,Mild Phutthichai,false
CL000144,P004837,2025-02-12,2025-02-15,2025-03-13,burglary,366285,paid,Mint Kanchanaburi,false
CL000145,P009329,2026-04-26,2026-05-06,,theft,775024,open,Boss Inthanon,false
CL000146,P003215,2023-03-24,2023-04-06,2023-05-11,storm,2092153,denied,Beam Phongphan,false
CL000147,P003574,2025-07-18,2025-07-24,2025-08-16,flood,541715,paid,Boss Kittikun,false
CL000148,P005842,2023-06-05,2023-06-09,2023-07-23,flood,1900531,denied,Mai Boonmee,false
CL000149,P001269,2023-03-27,2023-03-30,2023-04-08,flood,1877587,paid,Anong Sukhumvit,false
CL000150,P005693,2024-05-08,2024-05-10,,third_party_liability,56302,pending,Boss Chaisawat,false
CL000151,P009950,2023-09-18,2023-09-20,2023-11-18,storm,2870030,paid,Ploy Boonmee,false
CL000152,P008782,2025-10-15,2025-10-21,2025-11-01,flood,145546,paid,Beam Srisuk,false
CL000153,P002272,2026-05-04,2026-05-12,,flood,646263,open,Somchai Sukhumvit,false
CL000154,P001502,2023-09-14,2023-09-19,2023-10-06,theft,239358,paid,Mai Kittikun,false
CL000155,P001411,2025-07-11,2025-07-21,2025-10-03,flood,99647,paid,Daeng Sukhumvit,false
CL000156,P003062,2026-05-02,2026-05-02,2026-06-24,flood,222419,paid,Boss Thongdee,false
CL000157,P008088,2024-11-05,2024-11-11,2024-11-19,fire,41531,paid,Earth Inthanon,false
CL000158,P002864,2025-02-22,2025-02-25,2025-03-04,storm,259829,paid,View Phromsiri,false
CL000159,P000828,2026-04-21,2026-05-03,2026-06-27,burglary,478669,paid,Mint Phromsiri,false
CL000160,P007859,2026-02-20,2026-03-04,2026-03-21,third_party_liability,41270,paid,Niran Chaisawat,false
CL000161,P006235,2025-05-09,2025-05-18,2025-07-10,third_party_liability,227529,paid,Mild Rattanapan,false
CL000162,P006600,2024-09-18,2024-09-29,2024-11-05,theft,155801,paid,Tawan Phongphan,false
CL000163,P008700,2025-06-10,2025-06-12,2025-07-13,collision,250144,denied,Bua Phromsiri,true
CL000164,P002417,2023-09-18,2023-09-24,,storm,2337871,pending,Wichai Phongphan,false
CL000165,P008184,2025-11-15,2025-11-19,,theft,111259,pending,Boss Sukhumvit,false
CL000166,P000685,2023-11-14,2023-11-15,2024-01-07,fire,240845,paid,Suda Saetang,false
CL000167,P009275,2025-12-24,2025-12-25,2026-01-22,flood,144684,paid,Tawan Srisuk,false
CL000168,P008058,2025-11-26,2025-11-26,2025-12-27,collision,460382,paid,Eak Watcharaphon,false
CL000169,P002399,2023-06-03,2023-06-07,,theft,540620,pending,Praew Phromsiri,false
CL000170,P002728,2025-11-12,2025-11-12,,flood,109478,open,Somchai Chaisawat,false
CL000171,P001786,2024-10-24,2024-10-29,2024-12-26,theft,13595,paid,Tawan Phongphan,false
CL000172,P007419,2026-01-29,2026-02-01,2026-03-28,fire,879653,paid,Daeng Srisuk,false
CL000173,P000794,2024-08-14,2024-08-14,2024-11-08,fire,215995,paid,Ploy Thongdee,true
CL000174,P000867,2026-01-21,2026-01-31,2026-03-27,theft,90681,paid,Apinya Phromsiri,false
CL000175,P002529,2026-01-13,2026-01-18,,water_damage,1382514,pending,Wichai Inthanon,false
CL000176,P006850,2025-11-29,2025-12-06,,fire,2621019,pending,Eak Sangthong,false
CL000177,P002816,2025-02-16,2025-03-02,,flood,18272,pending,Fern Kanchanaburi,false
CL000178,P009109,2024-03-07,2024-03-07,2024-05-04,fire,104452,denied,Pat Kanchanaburi,false
CL000179,P008581,2024-08-22,2024-09-04,,theft,167766,pending,Apinya Phongphan,false
CL000180,P003105,2026-05-04,2026-05-17,2026-07-06,theft,83266,paid,Ploy Phutthichai,false
CL000181,P000910,2026-04-16,2026-04-23,2026-05-19,third_party_liability,182193,paid,Toon Kittikun,false
CL000182,P003424,2022-10-24,2022-10-29,,theft,715209,pending,Mai Charoensuk,false
CL000183,P008606,2022-10-16,2022-10-23,2023-01-15,collision,415315,denied,Nan Rattanapan,false
CL000184,P002700,2024-03-31,2024-04-12,2024-05-30,flood,2996684,paid,Boss Saetang,false
CL000185,P007339,2026-05-05,2026-05-17,,fire,378165,open,Kanya Wongchai,false
CL000186,P008910,2024-10-09,2024-10-10,,water_damage,1633481,pending,Pim Wongchai,false
CL000187,P007106,2025-10-06,2025-10-20,2026-01-01,fire,800784,paid,Pat Limthongkul,false
CL000188,P003442,2024-05-15,2024-05-25,2024-07-21,theft,310447,paid,Suda Saetang,false
CL000189,P002820,2023-11-22,2023-11-23,2024-02-01,collision,105569,paid,Anong Charoensuk,false
CL000190,P003638,2026-05-14,2026-05-25,,theft,368445,pending,Malee Phutthichai,false
CL000191,P001323,2025-08-17,2025-08-23,,flood,155206,open,Earth Boonmee,false
CL000192,P002871,2023-03-11,2023-03-13,2023-06-02,fire,4460230,paid,Bua Thongdee,false
CL000193,P008279,2023-04-11,2023-04-25,2023-06-27,fire,473635,paid,Tee Inthanon,false
CL000194,P008137,2023-12-25,2024-01-01,2024-03-28,water_damage,7050026,paid,Malee Chaisawat,false
CL000195,P003410,2023-12-06,2023-12-18,2024-02-21,burglary,2395387,denied,Malee Rattanapan,false
CL000196,P003336,2024-01-29,2024-02-02,2024-03-14,third_party_liability,494123,paid,Wichai Phromsiri,false
CL000197,P000413,2024-01-17,2024-01-19,2024-02-14,water_damage,2262330,paid,Ploy Rattanapan,false
CL000198,P007096,2026-04-20,2026-04-28,,theft,267215,open,Earth Watcharaphon,false
CL000199,P001212,2025-07-05,2025-07-09,,fire,573611,pending,Daeng Chaisawat,false
CL000200,P008172,2026-02-22,2026-03-04,2026-05-15,water_damage,1475783,paid,Ploy Sangthong,false
CL000201,P006077,2026-03-14,2026-03-15,2026-04-10,water_damage,1925589,paid,Kanya Chaisawat,false
CL000202,P009922,2026-03-04,2026-03-09,2026-05-29,flood,383831,paid,Apinya Limthongkul,false
CL000203,P008875,2025-05-06,2025-05-07,,theft,478266,open,Mild Kittikun,false
CL000204,P007547,2025-03-17,2025-03-25,2025-06-03,storm,339545,paid,Chai Thongdee,false
CL000205,P007015,2023-02-20,2023-02-23,2023-03-17,water_damage,1584653,paid,Tee Srisuk,false
CL000206,P005837,2025-10-04,2025-10-05,2025-12-25,collision,161861,paid,Malee Rattanapan,false
CL000207,P000371,2026-03-02,2026-03-02,2026-05-25,burglary,1845300,paid,Pim Srisuk,false
CL000208,P000132,2023-11-14,2023-11-14,2024-01-04,flood,468896,paid,Tee Kanchanaburi,false
CL000209,P000475,2026-04-10,2026-04-21,2026-06-28,fire,76455,paid,Nok Kanchanaburi,false
CL000210,P005134,2023-03-20,2023-03-21,2023-05-30,theft,897071,paid,Ploy Chaiyaporn,false
CL000211,P004365,2025-03-26,2025-04-07,2025-05-12,fire,124249,paid,Fern Phongphan,false
CL000212,P004189,2022-09-29,2022-10-06,,flood,2003862,pending,Malee Boonmee,false
CL000213,P008707,2024-08-28,2024-09-11,2024-10-29,third_party_liability,40057,paid,Chai Rattanapan,false
CL000214,P005655,2023-09-04,2023-09-07,,flood,67554,pending,View Phongphan,false
CL000215,P004011,2026-05-05,2026-05-15,2026-07-22,third_party_liability,34957,paid,Anong Limthongkul,false
CL000216,P004518,2025-03-07,2025-03-17,2025-05-23,flood,469490,denied,Praew Kittikun,false
CL000217,P004643,2026-04-27,2026-05-04,2026-05-31,storm,420073,paid,Earth Srisuk,true
CL000218,P000175,2023-11-15,2023-11-16,,flood,205028,open,Ploy Phongphan,false
CL000219,P008781,2024-12-15,2024-12-27,2025-01-27,burglary,2113984,paid,Niran Chaiyaporn,false
CL000220,P005245,2023-09-14,2023-09-27,2023-10-29,fire,100062,paid,Eak Saetang,false
CL000221,P005945,2023-06-09,2023-06-09,2023-07-25,third_party_liability,678788,paid,Daeng Sangthong,false
CL000222,P003352,2023-12-31,2024-01-03,2024-01-27,fire,290784,paid,Bank Saetang,false
CL000223,P009990,2023-07-28,2023-07-29,2023-10-06,theft,608363,paid,Boss Sangthong,false
CL000224,P003995,2024-09-23,2024-09-27,2024-12-01,fire,309709,paid,Mai Limthongkul,false
CL000225,P002249,2024-12-07,2024-12-17,,fire,51431,open,Bua Watcharaphon,false
CL000226,P001445,2023-04-30,2023-05-08,2023-06-07,collision,299666,paid,Ploy Wongchai,false
CL000227,P000393,2026-04-29,2026-04-29,2026-05-19,flood,793842,paid,Boss Kittikun,false
CL000228,P008271,2022-12-29,2023-01-08,2023-03-26,collision,409866,denied,Bua Phromsiri,false
CL000229,P006500,2023-12-26,2024-01-04,,theft,34447,pending,Anong Srisuk,false
CL000230,P002712,2024-03-17,2024-03-28,2024-06-20,fire,195393,denied,Fern Sangthong,false
CL000231,P000814,2023-11-20,2023-11-27,2024-02-05,collision,347333,paid,Pat Charoensuk,false
CL000232,P004865,2026-01-20,2026-02-02,,collision,301713,pending,Mai Kanchanaburi,false
CL000233,P005380,2023-12-09,2023-12-12,2024-03-11,third_party_liability,580254,paid,Pat Chaiyaporn,false
CL000234,P007312,2024-05-03,2024-05-17,2024-06-05,fire,87348,paid,Wichai Srisuk,false
CL000235,P007473,2024-08-31,2024-09-03,,storm,1502388,pending,Ploy Phromsiri,false
CL000236,P009892,2023-11-05,2023-11-13,2023-12-08,burglary,429216,paid,Daeng Sangthong,false
CL000237,P007051,2026-04-22,2026-04-25,2026-05-21,third_party_liability,349293,paid,Somchai Sangthong,false
CL000238,P002860,2024-07-02,2024-07-16,2024-08-23,flood,510416,paid,Bank Kanchanaburi,false
CL000239,P003695,2023-03-02,2023-03-10,,flood,304851,open,Chai Sangthong,false
CL000240,P006787,2026-03-27,2026-03-28,2026-05-09,third_party_liability,212303,paid,Nan Rattanapan,false
CL000241,P003265,2024-03-25,2024-04-01,,theft,8592,open,Pim Rattanapan,false
CL000242,P004962,2026-04-22,2026-04-23,2026-06-09,flood,2366478,paid,Beam Limthongkul,false
CL000243,P002948,2024-02-24,2024-03-05,,flood,2709778,open,Mai Srisuk,false
CL000244,P007523,2024-03-31,2024-04-06,,fire,916119,open,Nok Limthongkul,false
CL000245,P001640,2026-01-18,2026-01-30,2026-02-09,collision,81027,denied,Mint Thongdee,false
CL000246,P009093,2022-05-22,2022-05-29,,collision,84714,pending,Chai Kittikun,false
CL000247,P001855,2023-05-07,2023-05-09,2023-05-26,fire,5716912,paid,Chai Sangthong,false
CL000248,P008676,2024-08-17,2024-08-23,2024-10-26,storm,633600,paid,Anong Rattanapan,true
CL000249,P002403,2025-07-11,2025-07-25,,theft,147073,pending,Malee Boonmee,false
CL000250,P009618,2022-12-30,2023-01-04,2023-01-22,collision,837117,paid,Malee Phromsiri,false
CL000251,P001116,2026-05-04,2026-05-16,2026-07-10,burglary,2026510,paid,Suda Saetang,false
CL000252,P006594,2025-03-15,2025-03-26,2025-05-27,flood,319519,paid,Malee Sangthong,false
CL000253,P002906,2024-01-30,2024-01-30,2024-03-10,water_damage,2729103,paid,Beam Kittikun,false
CL000254,P005115,2024-10-10,2024-10-16,2024-11-18,water_damage,1661764,paid,Beam Phongphan,false
CL000255,P006063,2023-05-07,2023-05-07,2023-08-01,storm,2906570,paid,Eak Rattanapan,false
CL000256,P007102,2023-01-29,2023-02-05,2023-04-29,theft,245435,paid,Bua Suwanphon,false
CL000257,P008556,2026-05-06,2026-05-12,,flood,201291,pending,Beam Saetang,false
CL000258,P005647,2022-03-16,2022-03-22,,fire,58741,open,Anong Chaisawat,false
CL000259,P001801,2024-09-07,2024-09-18,2024-12-08,theft,206213,paid,Beam Suwanphon,false
CL000260,P008394,2023-02-23,2023-03-09,2023-03-16,collision,129836,paid,Pat Kanchanaburi,false
CL000261,P000032,2023-11-30,2023-12-04,,flood,271530,pending,Fern Inthanon,false
CL000262,P003132,2024-03-15,2024-03-26,2024-06-18,theft,509857,paid,Suda Phromsiri,false
CL000263,P003188,2025-01-31,2025-02-12,2025-03-07,flood,718024,paid,Anong Suwanphon,false
CL000264,P002434,2024-01-30,2024-02-02,,water_damage,1821616,pending,Toon Kittikun,false
CL000265,P004564,2024-01-24,2024-01-24,2024-04-23,fire,1491762,paid,Kanya Saetang,false
CL000266,P005571,2024-08-11,2024-08-21,2024-11-02,third_party_liability,78490,paid,Apinya Wongchai,false
CL000267,P000407,2023-12-09,2023-12-16,,fire,844428,pending,Anong Rattanapan,false
CL000268,P000183,2026-04-05,2026-04-16,2026-06-21,fire,487639,paid,Mai Limthongkul,false
CL000269,P001948,2023-11-10,2023-11-24,,storm,3296226,pending,Praew Chaiyaporn,false
CL000270,P002575,2024-04-27,2024-05-04,,fire,7783285,pending,Pat Kanchanaburi,false
CL000271,P007376,2025-04-11,2025-04-19,2025-06-04,storm,4238972,paid,Fern Chaiyaporn,false
CL000272,P009983,2026-04-27,2026-05-05,2026-07-21,collision,262676,paid,Boss Kittikun,false
CL000273,P006272,2025-04-17,2025-04-19,,third_party_liability,107403,pending,Tee Thongdee,false
CL000274,P001401,2023-01-26,2023-02-04,2023-04-12,collision,351285,paid,Chai Charoensuk,false
CL000275,P007267,2024-06-02,2024-06-11,2024-08-06,flood,766093,denied,Pat Rattanapan,false
CL000276,P003871,2022-02-20,2022-03-06,2022-04-04,water_damage,561239,paid,Eak Phongphan,false
CL000277,P001003,2024-03-23,2024-03-24,2024-04-27,fire,607658,paid,Ploy Sukhumvit,false
CL000278,P008272,2026-02-22,2026-03-04,,flood,476298,open,Ploy Phutthichai,false
CL000279,P004453,2023-02-08,2023-02-21,2023-05-20,theft,474824,paid,Chai Kanchanaburi,false
CL000280,P005716,2025-06-23,2025-06-25,2025-09-05,collision,54620,denied,Chai Kittikun,false
CL000281,P000898,2023-12-29,2024-01-05,2024-03-25,water_damage,35100,paid,Suda Chaiyaporn,false
CL000282,P005295,2023-12-11,2023-12-11,2023-12-21,theft,25385,paid,Suda Saetang,false
CL000283,P009815,2025-12-03,2025-12-10,,flood,222214,open,Praew Charoensuk,false
CL000284,P008855,2024-07-09,2024-07-22,,fire,499584,open,Mai Suwanphon,false
CL000285,P005922,2024-11-08,2024-11-08,,third_party_liability,192473,pending,Somchai Wongchai,false
CL000286,P007428,2026-04-12,2026-04-17,2026-07-10,fire,422238,paid,Bua Phromsiri,false
CL000287,P009504,2023-07-12,2023-07-21,2023-09-28,flood,6495601,paid,Pat Kanchanaburi,false
CL000288,P008701,2026-03-08,2026-03-21,2026-04-28,storm,920739,paid,Somchai Watcharaphon,false
CL000289,P001301,2024-03-17,2024-03-26,2024-06-02,third_party_liability,36988,paid,Boss Watcharaphon,false
CL000290,P007546,2024-01-02,2024-01-14,,water_damage,3486715,open,View Sukhumvit,false
CL000291,P005966,2023-01-25,2023-02-07,2023-04-06,third_party_liability,602010,paid,Daeng Charoensuk,false
CL000292,P002360,2024-02-22,2024-03-07,2024-05-19,storm,5287336,paid,Pat Watcharaphon,false
CL000293,P004533,2024-10-11,2024-10-14,2024-12-05,theft,422557,paid,Bank Watcharaphon,false
CL000294,P001389,2023-05-25,2023-06-01,2023-06-23,flood,58156,paid,Kanya Thongdee,false
CL000295,P006583,2023-05-13,2023-05-18,2023-07-27,theft,36865,paid,Apinya Kittikun,false
CL000296,P004788,2025-03-07,2025-03-16,2025-03-30,flood,635477,denied,Wichai Sukhumvit,true
CL000297,P008406,2023-08-21,2023-08-26,2023-10-26,flood,21581,denied,Apinya Thongdee,false
CL000298,P008758,2024-05-25,2024-05-26,2024-06-18,storm,888257,paid,Tee Chaiyaporn,false
CL000299,P007946,2024-02-12,2024-02-22,2024-03-16,third_party_liability,438304,paid,View Sangthong,false
CL000300,P000938,2024-04-28,2024-05-08,2024-06-07,flood,132990,denied,Beam Saetang,false
CL000301,P001069,2024-09-10,2024-09-16,2024-11-08,third_party_liability,138138,denied,Chai Phongphan,false
CL000302,P009172,2025-03-06,2025-03-07,2025-04-04,third_party_liability,369867,denied,Suda Phromsiri,false
CL000303,P003905,2023-09-04,2023-09-16,2023-11-09,theft,183249,paid,Anong Srisuk,false
CL000304,P000460,2023-11-13,2023-11-23,2024-01-16,burglary,641165,paid,Somchai Rattanapan,false
CL000305,P003509,2024-01-28,2024-01-28,2024-03-29,theft,129036,paid,Suda Thongdee,false
CL000306,P002932,2023-08-05,2023-08-15,2023-09-18,collision,620958,paid,Praew Saetang,false
CL000307,P004276,2023-01-23,2023-01-28,2023-04-07,third_party_liability,28484,paid,Kanya Suwanphon,false
CL000308,P001104,2025-08-20,2025-08-25,2025-10-05,collision,137975,paid,Mint Phongphan,false
CL000309,P000110,2024-01-07,2024-01-18,2024-02-10,third_party_liability,134972,paid,Bank Saetang,true
CL000310,P006219,2023-09-17,2023-09-24,2023-12-21,third_party_liability,116033,paid,Pim Boonmee,false
CL000311,P000951,2024-05-30,2024-05-30,2024-06-12,fire,1261584,paid,Mai Suwanphon,false
CL000312,P006353,2026-01-03,2026-01-07,2026-03-22,flood,770792,denied,Pim Kanchanaburi,false
CL000313,P005989,2022-09-08,2022-09-09,,flood,188277,pending,Malee Inthanon,false
CL000314,P003847,2023-12-03,2023-12-15,2024-02-09,fire,261492,paid,Toon Phongphan,false
CL000315,P001315,2025-11-15,2025-11-16,2026-02-13,third_party_liability,85597,paid,Nok Sangthong,false
CL000316,P002644,2025-12-23,2025-12-23,,third_party_liability,176809,pending,Nok Srisuk,false
CL000317,P003840,2023-02-11,2023-02-15,2023-03-29,theft,114945,paid,Ploy Phutthichai,false
CL000318,P009274,2025-01-28,2025-02-03,2025-03-09,third_party_liability,445368,denied,Mild Phutthichai,false
CL000319,P004974,2023-03-25,2023-04-07,,third_party_liability,912099,pending,Nok Inthanon,false
CL000320,P005588,2023-06-01,2023-06-06,2023-08-31,water_damage,4619628,paid,Pim Sangthong,true
CL000321,P004578,2022-07-17,2022-07-21,2022-10-09,theft,737320,paid,Kanya Boonmee,false
CL000322,P007188,2024-06-04,2024-06-04,2024-07-06,third_party_liability,124479,paid,Mild Inthanon,false
CL000323,P007852,2022-06-07,2022-06-17,2022-07-19,third_party_liability,840881,paid,Nan Phongphan,false
CL000324,P008270,2025-06-12,2025-06-22,,third_party_liability,746643,open,Mild Saetang,false
CL000325,P000802,2024-01-20,2024-01-25,,theft,201151,open,Beam Rattanapan,false
CL000326,P009856,2023-11-19,2023-11-21,2023-12-02,third_party_liability,238306,paid,View Inthanon,false
CL000327,P007804,2025-10-25,2025-11-04,,theft,254714,pending,Nok Rattanapan,false
CL000328,P004170,2025-02-09,2025-02-09,,flood,132835,open,Toon Phongphan,false
CL000329,P003577,2024-06-04,2024-06-16,2024-07-17,water_damage,626778,paid,Mint Boonmee,false
CL000330,P005407,2023-09-29,2023-10-05,2023-12-27,third_party_liability,155926,paid,Chai Phutthichai,false
CL000331,P005368,2026-01-25,2026-02-07,2026-03-26,third_party_liability,268474,paid,Niran Wongchai,false
CL000332,P008771,2025-01-19,2025-01-31,2025-04-09,theft,212028,denied,View Inthanon,false
CL000333,P003507,2024-01-30,2024-02-08,2024-03-12,storm,2211505,denied,Kanya Kanchanaburi,false
CL000334,P009888,2024-11-13,2024-11-13,,water_damage,4212283,pending,Somchai Chaisawat,false
CL000335,P000320,2023-05-01,2023-05-04,,storm,1681026,pending,Tawan Thongdee,false
CL000336,P005992,2025-01-20,2025-01-29,2025-04-25,fire,400240,paid,View Sangthong,false
CL000337,P008940,2025-06-24,2025-06-27,,flood,3367059,pending,Kanya Inthanon,false
CL000338,P001492,2023-12-05,2023-12-09,,fire,586570,pending,Praew Phongphan,false
CL000339,P004839,2026-01-03,2026-01-16,,flood,1017261,open,Wichai Wongchai,false
CL000340,P006048,2023-06-11,2023-06-25,,fire,106277,pending,Bank Phromsiri,false
CL000341,P000928,2023-10-26,2023-11-04,2024-01-13,theft,140867,paid,Praew Wongchai,false
CL000342,P001791,2024-09-08,2024-09-11,,storm,310780,pending,Bua Kittikun,false
CL000343,P003585,2024-04-29,2024-05-09,2024-05-16,theft,55233,denied,Malee Inthanon,false
CL000344,P001650,2025-03-26,2025-04-05,2025-07-01,flood,32664,paid,Daeng Sukhumvit,false
CL000345,P007115,2023-01-14,2023-01-18,2023-02-14,flood,1177854,paid,Bank Sangthong,false
CL000346,P002124,2026-04-16,2026-04-18,2026-05-03,water_damage,2118639,paid,Niran Wongchai,false
CL000347,P008388,2026-02-18,2026-02-20,2026-03-14,fire,1103067,paid,Apinya Saetang,false
CL000348,P002362,2024-07-13,2024-07-16,,storm,5229264,open,Mai Phromsiri,false
CL000349,P006565,2024-10-13,2024-10-15,2025-01-06,burglary,796239,paid,Ploy Watcharaphon,false
CL000350,P005293,2025-11-10,2025-11-13,2026-01-14,storm,4691174,paid,Malee Phutthichai,false
CL000351,P004087,2026-04-18,2026-04-23,2026-05-10,third_party_liability,250109,paid,Pat Chaiyaporn,false
CL000352,P009878,2024-09-23,2024-10-01,,fire,33410,pending,Wichai Sukhumvit,false
CL000353,P004438,2025-01-11,2025-01-22,2025-04-18,fire,211973,paid,Tee Phromsiri,false
CL000354,P003459,2024-03-26,2024-04-06,2024-05-16,collision,257982,paid,Kanya Charoensuk,false
CL000355,P009339,2025-12-14,2025-12-27,,storm,5763664,pending,Somchai Limthongkul,false
CL000356,P005307,2024-07-05,2024-07-15,2024-10-08,water_damage,6826255,paid,Praew Wongchai,false
CL000357,P004329,2024-07-23,2024-07-28,2024-10-13,theft,145704,paid,Bua Thongdee,false
CL000358,P003183,2024-10-15,2024-10-29,2024-12-07,theft,151088,paid,Anong Phutthichai,false
CL000359,P004591,2023-09-28,2023-10-04,2023-11-02,flood,16152,paid,Wichai Phromsiri,false
CL000360,P001068,2025-12-20,2025-12-22,2026-02-10,storm,1134268,denied,Tawan Phongphan,false
CL000361,P002569,2025-01-20,2025-01-20,,collision,93875,open,Apinya Saetang,false
CL000362,P007858,2024-09-13,2024-09-22,2024-10-08,theft,314709,paid,Wichai Kanchanaburi,false
CL000363,P007845,2025-10-13,2025-10-25,2025-11-17,flood,150051,paid,Suda Chaiyaporn,false
CL000364,P009272,2024-05-11,2024-05-14,2024-08-06,fire,181941,paid,Nok Sukhumvit,false
CL000365,P001768,2023-09-21,2023-10-05,,theft,137106,open,Mild Kittikun,false
CL000366,P007171,2025-09-12,2025-09-16,2025-11-13,collision,44400,paid,Mint Chaisawat,false
CL000367,P005503,2026-04-26,2026-05-02,2026-05-17,theft,101867,paid,Wichai Chaiyaporn,false
CL000368,P003809,2023-11-14,2023-11-27,,burglary,143705,open,Nok Chaiyaporn,false
CL000369,P004641,2024-05-28,2024-06-07,2024-08-11,fire,133331,denied,Mild Suwanphon,false
CL000370,P007706,2023-09-13,2023-09-16,2023-10-04,collision,326127,paid,Chai Wongchai,false
CL000371,P008574,2023-11-20,2023-11-30,2024-02-24,fire,1782575,paid,Fern Limthongkul,false
CL000372,P009912,2024-05-27,2024-06-06,2024-07-21,water_damage,134531,paid,Tawan Saetang,false
CL000373,P007396,2025-06-19,2025-06-20,,fire,169074,open,Nan Boonmee,false
CL000374,P009735,2024-09-17,2024-09-27,,collision,95872,pending,Tawan Limthongkul,false
CL000375,P003418,2026-04-22,2026-04-26,2026-07-09,burglary,1528637,paid,Boss Chaisawat,false
CL000376,P006730,2025-04-07,2025-04-08,,third_party_liability,96723,pending,Mild Watcharaphon,false
CL000377,P000849,2024-10-08,2024-10-22,2024-11-05,flood,75879,paid,Praew Saetang,false
CL000378,P006343,2025-06-09,2025-06-09,,collision,547226,open,Somchai Kanchanaburi,false
CL000379,P003951,2024-10-13,2024-10-24,2024-11-08,water_damage,3071057,paid,Chai Chaisawat,false
CL000380,P006645,2025-05-25,2025-06-02,2025-08-15,flood,146319,paid,Praew Kanchanaburi,false
CL000381,P009673,2023-11-19,2023-11-25,,theft,618277,open,Tee Boonmee,false
CL000382,P005626,2026-03-14,2026-03-27,,flood,78908,open,Toon Chaiyaporn,false
CL000383,P002987,2023-05-28,2023-05-30,2023-06-16,water_damage,2336136,paid,Mint Suwanphon,false
CL000384,P004795,2023-05-29,2023-05-31,2023-06-07,water_damage,842572,paid,Somchai Thongdee,false
CL000385,P002690,2025-05-14,2025-05-15,2025-07-09,fire,189635,paid,Fern Saetang,false
CL000386,P009606,2023-10-25,2023-10-29,2024-01-08,third_party_liability,37275,paid,Tee Sangthong,false
CL000387,P005566,2022-11-14,2022-11-25,2022-12-22,flood,230027,paid,Kanya Srisuk,false
CL000388,P004375,2025-12-25,2026-01-01,,flood,101234,pending,Beam Kittikun,true
CL000389,P004934,2025-06-15,2025-06-15,,third_party_liability,209570,pending,Apinya Watcharaphon,false
CL000390,P009829,2023-12-25,2024-01-08,2024-03-03,water_damage,1431454,paid,Mint Thongdee,false
CL000391,P005756,2024-01-31,2024-02-08,2024-05-05,fire,661632,paid,Mai Phromsiri,false
CL000392,P008960,2024-04-20,2024-04-21,2024-05-10,third_party_liability,286654,paid,Pim Chaisawat,false
CL000393,P003337,2025-05-04,2025-05-06,,flood,38422,pending,Suda Sukhumvit,false
CL000394,P007185,2026-05-03,2026-05-15,2026-06-06,fire,18286,denied,Beam Saetang,false
CL000395,P001966,2024-02-22,2024-03-06,2024-04-26,fire,54780,paid,Mai Wongchai,false
CL000396,P009121,2024-05-30,2024-06-10,2024-08-22,burglary,2078480,paid,Malee Phongphan,false
CL000397,P008610,2025-07-02,2025-07-12,,third_party_liability,80864,open,Chai Limthongkul,false
CL000398,P001346,2025-02-06,2025-02-15,2025-05-04,flood,1239055,paid,Pat Suwanphon,false
CL000399,P008820,2026-01-19,2026-01-19,,burglary,3111669,open,Malee Kittikun,false
CL000400,P003809,2023-10-09,2023-10-19,2023-11-13,water_damage,497060,paid,Tawan Charoensuk,false
CL000401,P008498,2024-10-02,2024-10-08,2024-11-20,fire,105917,paid,Pat Phongphan,false
CL000402,P009447,2025-12-26,2026-01-08,2026-03-18,water_damage,1082157,paid,Bua Phutthichai,false
CL000403,P004597,2024-08-13,2024-08-16,2024-10-15,storm,2430610,denied,Kanya Phromsiri,false
CL000404,P003589,2023-08-14,2023-08-26,,theft,161809,pending,Malee Srisuk,false
CL000405,P006253,2024-09-26,2024-10-07,2024-12-15,third_party_liability,464747,denied,Eak Phromsiri,false
CL000406,P001408,2026-02-26,2026-02-28,2026-03-29,theft,209942,paid,Niran Phromsiri,false
CL000407,P008360,2025-07-06,2025-07-19,2025-09-07,theft,480041,paid,Bua Sangthong,false
CL000408,P000329,2024-12-11,2024-12-13,,theft,731969,open,Wichai Phutthichai,false
CL000409,P000560,2023-10-13,2023-10-14,2024-01-03,burglary,3647703,denied,Kanya Srisuk,false
CL000410,P000563,2024-02-01,2024-02-04,2024-05-02,burglary,3226737,paid,Nan Phutthichai,false
CL000411,P003469,2026-03-03,2026-03-05,2026-05-20,flood,1680268,paid,Chai Rattanapan,false
CL000412,P004356,2025-03-28,2025-04-08,2025-04-26,third_party_liability,554349,denied,Chai Chaiyaporn,false
CL000413,P009610,2023-08-14,2023-08-20,2023-10-25,third_party_liability,280458,paid,View Phongphan,false
CL000414,P001593,2025-06-26,2025-06-27,2025-07-18,third_party_liability,280519,paid,Tawan Thongdee,false
CL000415,P004117,2025-02-05,2025-02-16,,collision,234809,pending,Toon Kanchanaburi,false
CL000416,P002077,2026-04-02,2026-04-05,2026-05-17,burglary,3248577,paid,Beam Watcharaphon,false
CL000417,P001324,2024-10-31,2024-11-01,,fire,255748,open,View Suwanphon,false
CL000418,P008261,2025-11-24,2025-11-26,2026-02-09,flood,336431,paid,Ploy Srisuk,false
CL000419,P004890,2025-02-13,2025-02-19,2025-05-14,collision,56893,paid,View Limthongkul,false
CL000420,P002941,2025-06-26,2025-07-03,2025-09-26,fire,322222,paid,Fern Suwanphon,false
CL000421,P004141,2026-02-20,2026-02-27,2026-03-09,water_damage,643461,paid,Wichai Sangthong,false
CL000422,P006302,2025-07-07,2025-07-07,,storm,5196576,pending,Suda Sangthong,false
CL000423,P003531,2024-07-09,2024-07-14,2024-07-23,flood,30521,paid,Bua Phongphan,false
CL000424,P005996,2026-04-07,2026-04-09,,third_party_liability,477644,open,View Chaisawat,false
CL000425,P007186,2026-04-15,2026-04-29,2026-07-06,third_party_liability,201590,paid,Pim Phromsiri,false
CL000426,P009996,2023-02-13,2023-02-14,2023-03-03,theft,476790,paid,Tee Phongphan,false
CL000427,P000963,2024-03-04,2024-03-09,2024-04-07,fire,762544,paid,Niran Kittikun,false
CL000428,P004772,2024-07-07,2024-07-21,2024-10-01,flood,172041,paid,Mint Chaiyaporn,false
CL000429,P007247,2026-05-13,2026-05-16,2026-07-17,third_party_liability,144529,paid,Pim Kittikun,false
CL000430,P001478,2024-06-26,2024-07-01,2024-09-25,theft,139307,paid,Pat Charoensuk,false
CL000431,P004197,2022-11-19,2022-11-22,,flood,372996,open,Chai Rattanapan,false
CL000432,P003261,2023-07-23,2023-07-31,,flood,71203,open,Anong Boonmee,false
CL000433,P004798,2025-05-19,2025-05-23,,fire,593382,open,Praew Chaisawat,false
CL000434,P000057,2022-02-05,2022-02-10,2022-04-10,fire,288350,paid,Somchai Chaisawat,false
CL000435,P007693,2024-01-11,2024-01-23,2024-03-28,flood,1363937,paid,Somchai Phutthichai,false
CL000436,P005623,2023-12-11,2023-12-25,,burglary,258676,pending,Tawan Chaiyaporn,false
CL000437,P002865,2024-10-21,2024-11-03,2024-12-19,collision,413034,paid,Suda Wongchai,false
CL000438,P003149,2026-01-30,2026-02-09,2026-03-06,collision,161742,paid,Earth Phromsiri,false
CL000439,P002503,2025-10-28,2025-11-04,2026-01-29,flood,357587,paid,Chai Charoensuk,false
CL000440,P001700,2024-02-25,2024-02-27,2024-05-21,third_party_liability,19895,paid,Ploy Phongphan,false
CL000441,P005927,2023-05-23,2023-05-30,2023-07-20,flood,237049,paid,Nok Chaiyaporn,false
CL000442,P006041,2025-10-31,2025-11-11,,theft,297628,open,Chai Srisuk,false
CL000443,P003448,2025-11-02,2025-11-06,2025-11-13,water_damage,238693,paid,Chai Phutthichai,false
CL000444,P007232,2024-04-28,2024-05-04,,theft,570451,open,Tee Sukhumvit,false
CL000445,P001242,2026-03-08,2026-03-13,2026-03-22,collision,428156,paid,Anong Sukhumvit,false
CL000446,P003379,2024-01-26,2024-02-02,2024-04-11,flood,148360,paid,Tawan Sangthong,false
CL000447,P001270,2026-03-31,2026-04-03,,collision,840637,open,Malee Thongdee,false
CL000448,P000002,2023-10-08,2023-10-11,,fire,240844,open,Wichai Kanchanaburi,false
CL000449,P003004,2023-11-01,2023-11-11,2024-02-09,collision,110676,paid,Somchai Wongchai,false
CL000450,P004427,2025-11-28,2025-12-01,2025-12-10,flood,26657,paid,Mild Inthanon,false
CL000451,P006755,2025-09-10,2025-09-24,2025-10-02,fire,258473,denied,Earth Suwanphon,false
CL000452,P001789,2024-01-05,2024-01-08,2024-04-07,fire,129663,paid,View Boonmee,false
CL000453,P002348,2025-02-17,2025-02-17,,theft,482814,open,Suda Charoensuk,false
CL000454,P008437,2026-05-01,2026-05-02,2026-07-21,flood,252248,paid,Chai Srisuk,false
CL000455,P006720,2023-04-28,2023-05-05,2023-06-01,water_damage,3414296,denied,Mai Watcharaphon,false
CL000456,P006350,2025-10-12,2025-10-26,,storm,563540,open,Bua Sangthong,true
CL000457,P004560,2025-03-14,2025-03-20,2025-04-21,theft,953698,paid,Chai Boonmee,false
CL000458,P004293,2024-06-04,2024-06-18,2024-07-20,collision,195630,paid,Pim Rattanapan,false
CL000459,P003523,2024-09-13,2024-09-18,2024-11-25,collision,222502,paid,Bua Sangthong,false
CL000460,P000714,2024-04-09,2024-04-14,2024-05-16,water_damage,1828166,paid,Chai Thongdee,false
CL000461,P005715,2024-12-02,2024-12-09,,fire,17637,open,Bank Kanchanaburi,false
CL000462,P009324,2025-10-13,2025-10-26,2025-11-25,third_party_liability,610597,paid,Bua Sangthong,false
CL000463,P005926,2023-11-14,2023-11-16,2024-02-14,flood,55434,paid,Eak Chaisawat,false
CL000464,P000510,2025-06-09,2025-06-11,,third_party_liability,453425,pending,Boss Sangthong,true
CL000465,P004378,2024-05-15,2024-05-22,,burglary,224703,pending,Mild Limthongkul,false
CL000466,P008806,2026-02-16,2026-02-23,2026-04-16,water_damage,1936420,paid,Tawan Suwanphon,false
CL000467,P009609,2025-07-06,2025-07-08,2025-08-02,collision,192273,denied,Nan Srisuk,false
CL000468,P004967,2024-03-19,2024-03-22,2024-04-03,third_party_liability,135671,paid,View Limthongkul,false
CL000469,P000192,2023-02-09,2023-02-15,2023-03-24,third_party_liability,127883,paid,Earth Sukhumvit,false
CL000470,P007179,2024-02-15,2024-02-24,2024-05-15,theft,274241,paid,Ploy Boonmee,false
CL000471,P000150,2024-09-20,2024-09-20,2024-10-11,third_party_liability,348361,paid,Pat Srisuk,false
CL000472,P004438,2025-05-24,2025-06-03,2025-07-11,water_damage,345684,paid,Tee Kanchanaburi,false
CL000473,P009386,2024-10-18,2024-10-20,2024-12-09,theft,214001,denied,Fern Charoensuk,false
CL000474,P008308,2023-05-23,2023-06-03,,theft,401587,open,Boss Kittikun,false
CL000475,P000355,2023-07-01,2023-07-13,2023-08-08,flood,2214063,denied,Malee Chaisawat,false
CL000476,P004710,2023-01-27,2023-02-02,,water_damage,1380309,pending,Daeng Chaiyaporn,false
CL000477,P000146,2024-02-04,2024-02-14,2024-04-22,storm,1371768,paid,Kanya Srisuk,false
CL000478,P003701,2025-08-07,2025-08-21,2025-10-13,fire,287961,paid,Boss Charoensuk,false
CL000479,P001258,2026-01-11,2026-01-19,2026-03-21,flood,722243,paid,Ploy Kittikun,false
CL000480,P006641,2024-01-05,2024-01-15,,theft,246073,open,Chai Boonmee,false
CL000481,P007949,2022-07-16,2022-07-30,,fire,97199,open,Malee Phutthichai,false
CL000482,P009815,2026-05-14,2026-05-25,2026-08-18,flood,235116,paid,Pim Saetang,false
CL000483,P000707,2026-01-21,2026-01-26,2026-03-03,fire,72596,paid,Nok Inthanon,false
CL000484,P002561,2024-12-15,2024-12-25,2025-03-09,storm,417828,denied,Ploy Thongdee,false
CL000485,P002527,2023-03-28,2023-04-08,2023-06-18,third_party_liability,100446,paid,Beam Thongdee,false
CL000486,P004459,2023-11-04,2023-11-15,2023-12-13,water_damage,1884562,paid,Toon Wongchai,false
CL000487,P005003,2024-06-04,2024-06-07,2024-08-23,collision,113374,denied,Fern Rattanapan,false
CL000488,P006550,2025-11-13,2025-11-20,2026-02-08,fire,169338,paid,Ploy Thongdee,true
CL000489,P004605,2024-05-11,2024-05-20,2024-07-21,theft,75478,paid,Beam Wongchai,false
CL000490,P009687,2026-01-17,2026-01-26,2026-03-18,flood,1226164,paid,Anong Srisuk,false
CL000491,P006432,2023-09-21,2023-09-22,,theft,68413,pending,Suda Inthanon,false
CL000492,P009365,2025-06-28,2025-07-06,2025-09-10,collision,110690,paid,View Limthongkul,false
CL000493,P001257,2026-04-24,2026-04-26,,flood,3686583,pending,Beam Inthanon,false
CL000494,P008480,2025-08-16,2025-08-20,2025-11-04,theft,199609,denied,Pat Sukhumvit,false
CL000495,P001709,2026-05-09,2026-05-13,2026-07-31,third_party_liability,346679,paid,Bank Thongdee,false
CL000496,P002351,2023-10-09,2023-10-21,,water_damage,3264946,open,Toon Kanchanaburi,false
CL000497,P001222,2025-12-17,2025-12-27,2026-03-03,storm,1005334,paid,Mai Saetang,false
CL000498,P001717,2023-09-19,2023-09-21,2023-10-07,fire,2166030,paid,Praew Wongchai,false
CL000499,P008411,2024-12-21,2024-12-28,,flood,175796,open,Tawan Sangthong,false
CL000500,P003277,2023-04-09,2023-04-15,2023-05-20,water_damage,1218847,paid,Fern Charoensuk,false
CL000501,P008949,2025-08-05,2025-08-18,2025-10-16,flood,538354,paid,Pim Phongphan,false
CL000502,P009729,2024-08-17,2024-08-31,2024-10-14,fire,662844,paid,Toon Chaisawat,false
CL000503,P007164,2023-08-14,2023-08-25,,fire,266889,open,Apinya Phromsiri,false
CL000504,P003482,2024-01-12,2024-01-24,,theft,192702,pending,Niran Limthongkul,false
CL000505,P005568,2024-10-31,2024-11-14,,third_party_liability,235881,open,Daeng Inthanon,false
CL000506,P000991,2024-08-05,2024-08-12,2024-08-22,theft,125099,paid,Earth Wongchai,false
CL000507,P000667,2024-11-09,2024-11-22,,third_party_liability,67498,pending,Pim Kanchanaburi,false
CL000508,P008618,2026-02-14,2026-02-22,2026-04-17,collision,578736,paid,Bank Thongdee,false
CL000509,P005479,2025-11-12,2025-11-23,2026-02-11,third_party_liability,188324,paid,Earth Phromsiri,false
CL000510,P002284,2023-05-13,2023-05-20,2023-07-02,flood,401539,paid,Pim Sangthong,false
CL000511,P009332,2022-10-30,2022-11-08,2022-12-16,third_party_liability,232729,denied,Chai Sangthong,false
CL000512,P000008,2024-08-04,2024-08-13,2024-09-10,storm,2284648,paid,Earth Phromsiri,false
CL000513,P004812,2023-06-02,2023-06-14,2023-07-11,collision,303854,paid,Bank Watcharaphon,false
CL000514,P004058,2026-04-18,2026-05-02,,theft,24948,open,Mai Wongchai,false
CL000515,P006013,2025-11-08,2025-11-21,2026-01-23,flood,210214,paid,Toon Wongchai,false
CL000516,P009291,2023-06-17,2023-07-01,2023-08-05,storm,1627886,paid,Pat Saetang,false
CL000517,P006513,2024-05-05,2024-05-10,2024-06-08,flood,40406,paid,Pim Thongdee,false
CL000518,P005086,2026-03-22,2026-03-24,,flood,646457,open,Pim Thongdee,false
CL000519,P004717,2022-11-22,2022-11-23,2023-02-20,third_party_liability,338722,paid,Pim Kittikun,false
CL000520,P004883,2026-04-29,2026-05-08,2026-06-24,flood,704400,paid,Praew Phongphan,false
CL000521,P008782,2025-01-09,2025-01-14,2025-04-06,collision,120945,paid,Praew Phongphan,false
CL000522,P004020,2023-05-08,2023-05-14,2023-06-08,fire,2389778,paid,Pat Kanchanaburi,false
CL000523,P002846,2024-06-01,2024-06-10,2024-09-01,flood,274099,paid,Earth Boonmee,false
CL000524,P001489,2025-11-22,2025-11-25,2025-12-14,collision,204834,paid,Niran Srisuk,false
CL000525,P006737,2025-12-07,2025-12-10,2026-02-02,flood,113692,paid,Praew Chaisawat,false
CL000526,P008098,2024-12-01,2024-12-08,2024-12-27,flood,445395,paid,Nok Thongdee,true
CL000527,P007341,2022-08-21,2022-08-27,2022-09-27,third_party_liability,249463,paid,Anong Thongdee,false
CL000528,P002071,2026-02-05,2026-02-12,2026-03-18,flood,865149,paid,Mai Sangthong,false
CL000529,P006799,2024-01-17,2024-01-26,2024-03-18,storm,2972246,paid,Malee Phromsiri,false
CL000530,P005431,2024-09-03,2024-09-06,,theft,596495,open,Malee Rattanapan,false
CL000531,P003806,2023-03-01,2023-03-09,2023-03-17,fire,72594,paid,Fern Kanchanaburi,false
CL000532,P008243,2024-03-26,2024-03-30,2024-05-30,third_party_liability,101901,paid,Bank Watcharaphon,false
CL000533,P001836,2023-06-21,2023-06-30,2023-09-28,third_party_liability,782015,paid,View Phutthichai,false
CL000534,P000894,2025-12-17,2025-12-24,,fire,314932,open,Ploy Suwanphon,false
CL000535,P002113,2025-10-28,2025-11-02,2026-01-18,fire,365556,denied,Mai Phutthichai,false
CL000536,P000236,2024-02-23,2024-02-25,,flood,164048,open,Eak Chaiyaporn,false
CL000537,P009897,2022-09-20,2022-09-26,2022-11-11,third_party_liability,51708,paid,Pim Suwanphon,false
CL000538,P002442,2024-09-01,2024-09-13,2024-10-02,third_party_liability,380796,paid,Mild Limthongkul,false
CL000539,P002378,2024-09-11,2024-09-22,2024-11-13,theft,511991,paid,Nok Phutthichai,false
CL000540,P009637,2023-10-15,2023-10-15,2024-01-10,third_party_liability,639636,denied,Pim Charoensuk,false
CL000541,P004288,2025-12-31,2026-01-07,2026-02-20,collision,433802,denied,Praew Suwanphon,false
CL000542,P003261,2023-06-08,2023-06-11,2023-09-06,fire,406239,paid,Mai Rattanapan,false
CL000543,P001175,2025-10-22,2025-10-27,,theft,738107,open,Kanya Phongphan,false
CL000544,P000628,2025-12-11,2025-12-19,2026-02-07,third_party_liability,107567,paid,Bua Kanchanaburi,false
CL000545,P001938,2024-12-27,2025-01-05,2025-02-27,fire,422129,paid,Niran Suwanphon,false
CL000546,P003798,2022-05-11,2022-05-11,,third_party_liability,39236,open,Fern Chaisawat,false
CL000547,P005574,2025-03-22,2025-03-22,2025-05-02,storm,1282217,paid,Ploy Inthanon,false
CL000548,P000808,2026-02-24,2026-03-10,2026-05-04,third_party_liability,124528,paid,Nok Chaiyaporn,false
CL000549,P000566,2022-10-18,2022-10-25,2022-12-23,collision,385791,denied,Nan Phongphan,false
CL000550,P007245,2025-02-23,2025-02-27,2025-05-10,collision,11610,paid,Tawan Srisuk,false
CL000551,P007182,2025-01-03,2025-01-06,2025-02-24,burglary,1175353,paid,Niran Phongphan,false
CL000552,P009784,2024-06-08,2024-06-12,2024-08-07,collision,476669,paid,Boss Kittikun,false
CL000553,P000692,2026-01-30,2026-02-09,2026-03-04,flood,85921,paid,Eak Wongchai,false
CL000554,P005144,2025-04-01,2025-04-15,,collision,67339,pending,Daeng Suwanphon,false
CL000555,P007041,2024-11-13,2024-11-25,2025-02-22,collision,56435,paid,Mai Suwanphon,false
CL000556,P008157,2023-01-21,2023-01-22,2023-03-13,collision,184083,denied,Tee Boonmee,false
CL000557,P008737,2025-02-18,2025-02-26,2025-05-14,fire,3213386,paid,Niran Sukhumvit,false
CL000558,P003179,2023-07-28,2023-07-30,,flood,37554,pending,Apinya Phutthichai,false
CL000559,P006097,2026-03-04,2026-03-12,2026-03-21,fire,854594,denied,Malee Srisuk,false
CL000560,P005160,2026-01-18,2026-01-20,2026-04-05,flood,417570,paid,Fern Chaiyaporn,false
CL000561,P005376,2024-11-19,2024-11-25,2025-01-10,fire,292532,paid,Mint Chaisawat,false
CL000562,P000958,2023-11-13,2023-11-25,2024-02-02,fire,64024,paid,Kanya Limthongkul,false
CL000563,P007265,2023-03-01,2023-03-02,2023-05-05,collision,546578,paid,Somchai Kanchanaburi,false
CL000564,P001569,2023-12-16,2023-12-22,,flood,189464,pending,Malee Rattanapan,false
CL000565,P006384,2023-10-17,2023-10-22,2023-11-18,third_party_liability,5766,paid,Bua Saetang,false
CL000566,P002018,2026-02-17,2026-02-24,2026-03-18,burglary,5331687,paid,Apinya Rattanapan,false
CL000567,P009396,2024-02-09,2024-02-17,,collision,275198,open,Beam Thongdee,false
CL000568,P001017,2022-08-12,2022-08-12,,water_damage,1885784,open,Suda Suwanphon,false
CL000569,P009021,2025-01-23,2025-01-27,2025-04-18,flood,1954595,denied,Tawan Srisuk,false
CL000570,P003392,2023-05-02,2023-05-05,2023-06-06,theft,776117,paid,Kanya Srisuk,false
CL000571,P007860,2023-08-04,2023-08-05,,fire,1038834,pending,Pim Saetang,false
CL000572,P004364,2025-04-28,2025-05-08,2025-06-01,flood,556707,paid,Somchai Phromsiri,false
CL000573,P005854,2023-12-12,2023-12-21,,storm,3054177,open,Tee Chaiyaporn,false
CL000574,P007703,2025-08-13,2025-08-16,2025-09-30,third_party_liability,236160,paid,Apinya Saetang,false
CL000575,P005365,2024-02-08,2024-02-19,2024-03-17,third_party_liability,222346,paid,Beam Kanchanaburi,false
CL000576,P001128,2024-09-06,2024-09-17,2024-10-06,fire,601246,paid,Malee Inthanon,false
CL000577,P002399,2023-04-17,2023-04-21,2023-06-19,third_party_liability,212576,paid,Anong Charoensuk,false
CL000578,P009398,2024-06-23,2024-06-27,2024-07-27,collision,203939,denied,Praew Inthanon,false
CL000579,P007647,2023-06-23,2023-07-02,,burglary,6793381,open,Malee Sangthong,false
CL000580,P002218,2024-02-21,2024-02-24,2024-03-11,fire,237864,paid,Mild Inthanon,false
CL000581,P004205,2023-05-25,2023-05-27,,storm,3722458,pending,Nan Wongchai,false
CL000582,P002865,2024-11-13,2024-11-14,2024-11-28,fire,352685,denied,Apinya Sangthong,false
CL000583,P009949,2025-10-29,2025-11-11,,collision,277722,open,Eak Kanchanaburi,false
CL000584,P004864,2025-10-07,2025-10-16,2026-01-08,flood,78984,denied,Suda Boonmee,false
CL000585,P007841,2026-01-22,2026-02-05,,water_damage,1942656,open,View Phutthichai,false
CL000586,P008696,2025-02-26,2025-03-11,2025-05-11,fire,376164,paid,View Kittikun,false
CL000587,P000672,2025-12-13,2025-12-19,,third_party_liability,381220,pending,Mai Boonmee,false
CL000588,P006172,2023-08-25,2023-09-04,2023-11-14,flood,2176871,paid,Mai Rattanapan,false
CL000589,P005174,2024-08-21,2024-08-30,2024-10-25,water_damage,4073256,paid,Mai Phromsiri,false
CL000590,P007039,2026-05-14,2026-05-23,,theft,324347,open,Somchai Wongchai,false
CL000591,P007679,2022-10-06,2022-10-08,2022-10-15,third_party_liability,33681,paid,Pat Watcharaphon,false
CL000592,P005468,2025-10-20,2025-11-01,2026-01-17,fire,130485,paid,Mint Boonmee,false
CL000593,P005089,2024-08-04,2024-08-18,,flood,1440271,pending,Nan Wongchai,false
CL000594,P005181,2023-02-26,2023-03-09,,third_party_liability,49100,pending,Suda Phromsiri,false
CL000595,P000797,2026-02-11,2026-02-14,2026-04-11,third_party_liability,73915,denied,Ploy Suwanphon,false
CL000596,P004257,2025-07-13,2025-07-21,2025-10-19,flood,209414,paid,Wichai Wongchai,false
CL000597,P007437,2025-09-04,2025-09-09,2025-12-08,collision,208591,paid,Mild Limthongkul,false
CL000598,P000197,2024-03-05,2024-03-15,2024-03-28,fire,50946,paid,Nan Phutthichai,false
CL000599,P004101,2025-04-19,2025-04-22,2025-06-11,fire,491332,paid,Nok Boonmee,false
CL000600,P006290,2026-02-28,2026-03-13,,collision,122832,pending,Bua Boonmee,false
CL000601,P005032,2024-10-21,2024-10-29,2024-11-27,flood,144773,paid,Bua Inthanon,false
CL000602,P005116,2023-07-22,2023-08-01,2023-09-06,flood,614572,paid,Wichai Inthanon,false
CL000603,P001524,2026-05-08,2026-05-19,,water_damage,1345015,open,Ploy Charoensuk,false
CL000604,P006540,2023-03-08,2023-03-18,,theft,936177,open,Toon Suwanphon,false
CL000605,P008540,2022-10-31,2022-11-03,2022-12-08,water_damage,5199844,paid,Beam Limthongkul,true
CL000606,P003661,2024-11-13,2024-11-25,2025-01-09,flood,3072694,paid,Beam Rattanapan,false
CL000607,P009997,2024-07-22,2024-08-05,2024-09-01,flood,2620651,denied,Earth Limthongkul,false
CL000608,P008300,2024-05-01,2024-05-12,,collision,127755,open,Praew Kanchanaburi,false
CL000609,P008394,2023-10-03,2023-10-17,2023-12-19,collision,346254,paid,Wichai Phongphan,false
CL000610,P007396,2025-08-08,2025-08-15,2025-11-03,flood,40814,paid,Niran Boonmee,false
CL000611,P007777,2023-04-15,2023-04-24,2023-05-26,third_party_liability,237276,paid,Bank Inthanon,false
CL000612,P009060,2024-05-20,2024-05-29,2024-07-08,storm,235377,paid,Earth Kittikun,false
CL000613,P006257,2026-03-25,2026-03-25,,burglary,449695,pending,Fern Phromsiri,false
CL000614,P004343,2025-09-27,2025-10-11,2025-12-22,storm,110606,denied,View Sangthong,false
CL000615,P008396,2024-02-16,2024-02-16,,collision,150778,pending,Fern Kittikun,false
CL000616,P002869,2023-07-27,2023-08-04,2023-09-29,collision,509990,paid,Bank Saetang,false
CL000617,P004902,2023-03-20,2023-03-28,2023-05-19,collision,244730,paid,Toon Thongdee,false
CL000618,P004962,2026-04-26,2026-04-26,2026-07-16,water_damage,4332364,paid,Kanya Limthongkul,false
CL000619,P005584,2025-11-14,2025-11-14,,fire,422487,pending,Mint Sukhumvit,false
CL000620,P007300,2024-05-20,2024-05-30,2024-07-05,burglary,1904204,paid,Tawan Rattanapan,false
CL000621,P004516,2024-04-02,2024-04-12,2024-07-09,flood,1038200,paid,Beam Rattanapan,false
CL000622,P000130,2026-01-27,2026-01-27,2026-02-07,flood,22948,paid,Pat Sangthong,false
CL000623,P003364,2023-09-06,2023-09-13,2023-10-26,fire,2072656,paid,Boss Kittikun,false
CL000624,P008259,2026-01-25,2026-01-25,,burglary,1876271,pending,Anong Saetang,false
CL000625,P008690,2023-08-28,2023-09-01,2023-10-28,fire,155865,paid,Eak Rattanapan,false
CL000626,P004237,2026-02-12,2026-02-14,,third_party_liability,574466,open,Fern Srisuk,false
CL000627,P004189,2023-01-29,2023-02-09,2023-03-08,storm,3146652,paid,Bank Phongphan,false
CL000628,P007336,2024-05-13,2024-05-14,,fire,446301,pending,Niran Sangthong,false
CL000629,P009430,2023-10-06,2023-10-12,,storm,805706,pending,Nan Chaiyaporn,false
CL000630,P005627,2025-09-17,2025-09-28,2025-10-31,fire,99628,paid,Tee Boonmee,false
CL000631,P009863,2024-06-18,2024-06-30,2024-09-01,collision,589422,paid,Apinya Wongchai,false
CL000632,P006465,2024-08-19,2024-08-28,,storm,3426809,pending,Praew Phongphan,false
CL000633,P007768,2022-09-10,2022-09-17,2022-11-20,third_party_liability,252293,paid,Mai Kanchanaburi,false
CL000634,P007756,2024-04-29,2024-05-11,2024-06-11,flood,84773,paid,Beam Kanchanaburi,false
CL000635,P003965,2024-08-19,2024-08-22,,theft,263859,pending,Praew Phromsiri,false
CL000636,P003027,2023-08-01,2023-08-10,2023-10-25,collision,150332,paid,Eak Sangthong,false
CL000637,P009567,2024-03-23,2024-04-03,2024-05-18,storm,976240,paid,Somchai Chaiyaporn,false
CL000638,P007252,2024-07-03,2024-07-07,2024-09-21,collision,510703,paid,Tawan Srisuk,false
CL000639,P008758,2024-10-05,2024-10-10,2024-12-10,water_damage,412470,denied,Daeng Kittikun,false
CL000640,P008477,2026-04-17,2026-04-22,2026-05-14,fire,320902,paid,Tee Charoensuk,false
CL000641,P005477,2023-06-20,2023-07-04,2023-07-28,third_party_liability,582033,paid,Earth Sukhumvit,true
CL000642,P005312,2026-01-24,2026-01-24,2026-02-12,flood,99285,paid,Wichai Boonmee,false
CL000643,P009336,2025-11-29,2025-12-05,,flood,27457,pending,Mild Kittikun,false
CL000644,P000331,2024-05-05,2024-05-17,2024-06-12,theft,56803,paid,Suda Charoensuk,false
CL000645,P000038,2024-05-24,2024-05-29,2024-08-18,flood,618726,paid,Tawan Watcharaphon,false
CL000646,P004828,2023-03-27,2023-03-27,2023-05-18,fire,125318,denied,Bua Kanchanaburi,false
CL000647,P006812,2025-10-04,2025-10-06,2025-12-05,flood,441297,paid,Mint Thongdee,false
CL000648,P000863,2024-10-01,2024-10-06,2024-11-03,fire,406394,paid,Mild Kittikun,false
CL000649,P008487,2023-09-04,2023-09-18,2023-11-11,burglary,4879958,paid,View Sangthong,false
CL000650,P005777,2025-03-04,2025-03-13,2025-05-17,fire,579084,paid,Bank Rattanapan,false
CL000651,P002719,2025-05-22,2025-05-28,2025-08-08,third_party_liability,74261,paid,Earth Suwanphon,false
CL000652,P007183,2025-06-13,2025-06-13,2025-09-03,fire,370775,paid,Mint Phutthichai,false
CL000653,P009082,2026-02-28,2026-03-10,,flood,573211,pending,Beam Limthongkul,false
CL000654,P005283,2023-12-30,2024-01-07,2024-02-22,storm,3784917,paid,Praew Saetang,false
CL000655,P004931,2023-06-09,2023-06-16,,collision,804205,pending,Malee Saetang,false
CL000656,P007844,2026-03-19,2026-03-20,2026-05-13,third_party_liability,387856,paid,Toon Watcharaphon,false
CL000657,P007847,2024-02-04,2024-02-16,2024-04-17,collision,191320,paid,Malee Kanchanaburi,false
CL000658,P000912,2025-12-14,2025-12-15,2025-12-23,fire,1943137,paid,View Phongphan,false
CL000659,P009020,2024-03-19,2024-03-30,2024-05-03,third_party_liability,90215,paid,View Phromsiri,true
CL000660,P001113,2025-12-04,2025-12-14,2026-02-25,flood,284998,paid,Eak Phongphan,false
CL000661,P004177,2023-12-17,2023-12-20,,third_party_liability,548695,pending,Mint Charoensuk,false
CL000662,P000901,2025-04-19,2025-04-21,2025-05-08,third_party_liability,276437,denied,Praew Saetang,false
CL000663,P002631,2026-02-21,2026-03-03,2026-05-28,flood,129542,paid,Eak Rattanapan,false
CL000664,P006987,2024-11-29,2024-12-06,,flood,1233823,pending,Nok Saetang,false
CL000665,P004502,2025-02-18,2025-03-04,,theft,36301,open,Earth Phongphan,false
CL000666,P005959,2026-02-20,2026-03-03,,flood,477810,pending,Beam Phongphan,false
CL000667,P003205,2026-04-29,2026-05-05,2026-06-05,burglary,2299474,paid,Daeng Phromsiri,false
CL000668,P001103,2026-04-06,2026-04-15,2026-06-02,fire,91531,paid,Praew Kanchanaburi,false
CL000669,P001077,2023-10-23,2023-11-04,,third_party_liability,428879,pending,Bank Kittikun,false
CL000670,P000249,2024-11-05,2024-11-05,,theft,908256,open,Bank Sangthong,false
CL000671,P004584,2022-11-15,2022-11-27,2022-12-10,theft,433880,paid,Chai Chaiyaporn,false
CL000672,P003079,2025-12-05,2025-12-11,2026-01-25,theft,125506,paid,Tawan Inthanon,false
CL000673,P008019,2024-03-27,2024-03-27,,collision,558300,pending,Apinya Wongchai,false
CL000674,P008949,2025-03-29,2025-04-06,2025-04-23,collision,684634,paid,Chai Sangthong,false
CL000675,P007451,2026-02-06,2026-02-12,2026-03-21,fire,620128,denied,Mild Watcharaphon,false
CL000676,P000855,2024-06-26,2024-07-06,2024-09-21,fire,272896,paid,Tee Limthongkul,false
CL000677,P007183,2025-04-12,2025-04-21,2025-05-30,burglary,517838,paid,Tee Chaisawat,false
CL000678,P005332,2025-05-09,2025-05-20,2025-06-05,fire,256167,paid,Apinya Phutthichai,false
CL000679,P008723,2024-05-23,2024-06-05,2024-08-08,collision,25302,paid,Nok Watcharaphon,false
CL000680,P001270,2026-05-03,2026-05-15,2026-07-25,collision,619377,paid,Anong Limthongkul,false
CL000681,P003889,2023-11-02,2023-11-15,,flood,509631,pending,Eak Rattanapan,false
CL000682,P008585,2025-12-06,2025-12-14,2026-02-28,collision,158797,paid,Mai Limthongkul,false
CL000683,P005268,2024-05-10,2024-05-13,2024-07-06,flood,176696,paid,Suda Srisuk,false
CL000684,P005967,2025-06-05,2025-06-11,,fire,38952,pending,Nok Suwanphon,false
CL000685,P001107,2023-07-15,2023-07-22,,fire,560756,open,Tee Kittikun,false
CL000686,P000375,2024-11-10,2024-11-15,2024-12-10,storm,2529499,paid,Pim Thongdee,false
CL000687,P002875,2023-09-15,2023-09-15,,collision,497650,pending,Praew Watcharaphon,false
CL000688,P006667,2026-03-27,2026-04-07,2026-05-27,theft,189911,paid,Earth Thongdee,false
CL000689,P001900,2024-09-29,2024-10-12,2025-01-01,flood,95999,denied,Niran Rattanapan,false
CL000690,P000144,2023-12-30,2024-01-09,,collision,485997,open,Apinya Phromsiri,false
CL000691,P007908,2026-01-02,2026-01-04,,burglary,2392732,open,Mild Phromsiri,false
CL000692,P009993,2025-01-15,2025-01-17,2025-02-14,flood,153370,paid,Wichai Kittikun,false
CL000693,P000614,2025-11-01,2025-11-02,2025-11-11,third_party_liability,253030,paid,Nok Suwanphon,false
CL000694,P008828,2025-05-23,2025-06-02,,flood,440181,open,Tawan Phutthichai,false
CL000695,P001556,2024-02-24,2024-03-04,2024-03-14,fire,444683,paid,Fern Saetang,false
CL000696,P003788,2023-03-29,2023-04-01,2023-06-03,fire,3750532,paid,View Phutthichai,false
CL000697,P002225,2025-11-06,2025-11-13,,flood,17240,pending,Tawan Boonmee,false
CL000698,P001185,2023-05-05,2023-05-07,2023-07-31,flood,3202776,paid,Mild Thongdee,false
CL000699,P002731,2023-06-10,2023-06-21,,theft,107234,pending,Mint Charoensuk,false
CL000700,P005753,2024-06-30,2024-07-08,2024-08-07,fire,899810,denied,Anong Srisuk,false
CL000701,P009572,2024-09-18,2024-09-18,2024-10-31,third_party_liability,421490,paid,Tee Phongphan,false
CL000702,P004360,2025-01-17,2025-01-20,2025-03-07,fire,211510,paid,Toon Phongphan,false
CL000703,P005389,2023-08-11,2023-08-22,2023-09-05,theft,382273,paid,Malee Chaisawat,false
CL000704,P009474,2024-12-01,2024-12-13,2025-02-27,fire,857752,paid,Eak Inthanon,false
CL000705,P002929,2024-09-19,2024-09-24,2024-10-18,storm,7376568,paid,Praew Rattanapan,false
CL000706,P009953,2023-06-13,2023-06-17,2023-09-09,third_party_liability,400361,paid,Ploy Saetang,false
CL000707,P004062,2024-06-13,2024-06-23,2024-07-01,water_damage,1236581,denied,Mint Thongdee,false
CL000708,P004336,2026-03-23,2026-03-30,,third_party_liability,94469,open,Ploy Phromsiri,false
CL000709,P006469,2024-11-26,2024-11-28,2024-12-28,burglary,2380897,paid,Boss Suwanphon,false
CL000710,P003451,2023-06-05,2023-06-17,,fire,392838,open,Malee Kittikun,false
CL000711,P009207,2024-08-25,2024-09-07,2024-10-07,theft,188127,paid,Fern Wongchai,false
CL000712,P001617,2025-11-29,2025-12-02,2026-01-31,flood,265399,paid,Toon Chaisawat,false
CL000713,P009682,2023-11-19,2023-11-20,2024-02-09,theft,520274,paid,Malee Sukhumvit,false
CL000714,P005369,2024-01-26,2024-02-06,2024-04-22,theft,535851,paid,Mint Chaisawat,false
CL000715,P007651,2025-06-10,2025-06-13,2025-07-11,third_party_liability,49893,paid,Daeng Boonmee,false
CL000716,P006809,2025-05-27,2025-06-02,2025-07-09,collision,739550,denied,Bank Srisuk,false
CL000717,P005417,2023-04-29,2023-05-01,,theft,346963,pending,Nok Watcharaphon,false
CL000718,P006616,2026-01-29,2026-02-05,2026-03-17,flood,705347,paid,Nok Sukhumvit,false
CL000719,P003249,2023-06-28,2023-07-07,2023-09-17,flood,822065,paid,Apinya Wongchai,false
CL000720,P009232,2025-11-04,2025-11-08,2025-12-05,flood,4626758,paid,Pat Inthanon,false
CL000721,P005610,2025-10-24,2025-10-31,,fire,4038527,open,Anong Chaisawat,false
CL000722,P006223,2025-03-15,2025-03-19,2025-04-26,fire,2971147,paid,Kanya Thongdee,false
CL000723,P007467,2024-07-03,2024-07-07,2024-07-17,water_damage,3451470,denied,View Chaiyaporn,false
CL000724,P006089,2026-04-22,2026-04-25,2026-05-28,theft,156759,paid,Mild Charoensuk,false
CL000725,P008294,2023-10-06,2023-10-11,2023-12-17,fire,87560,paid,Anong Watcharaphon,false
CL000726,P002403,2025-04-16,2025-04-27,2025-05-08,fire,175011,paid,Earth Kanchanaburi,false
CL000727,P000952,2024-06-01,2024-06-01,2024-06-14,flood,4720779,paid,Fern Chaiyaporn,false
CL000728,P007478,2026-01-11,2026-01-25,2026-04-03,fire,164301,paid,Anong Phongphan,false
CL000729,P000381,2022-03-26,2022-04-07,,collision,241564,open,Pat Rattanapan,false
CL000730,P003426,2026-01-29,2026-02-07,2026-03-08,third_party_liability,87613,paid,Tawan Srisuk,false
CL000731,P003105,2026-04-28,2026-05-09,2026-07-02,theft,118878,paid,Beam Thongdee,false
CL000732,P000499,2023-02-24,2023-02-24,2023-05-23,flood,1725605,paid,Suda Wongchai,true
CL000733,P003884,2024-12-25,2024-12-25,,water_damage,547226,pending,Earth Saetang,false
CL000734,P001161,2024-01-15,2024-01-25,,collision,542329,pending,Pim Suwanphon,false
CL000735,P004067,2024-05-31,2024-06-06,2024-06-27,theft,160108,paid,Ploy Suwanphon,false
CL000736,P005306,2023-06-25,2023-07-08,2023-08-19,collision,161191,paid,Boss Saetang,false
CL000737,P002063,2025-01-20,2025-01-24,2025-04-05,fire,273251,paid,Pim Sukhumvit,false
CL000738,P008427,2023-08-13,2023-08-17,2023-08-30,theft,198530,paid,Somchai Chaisawat,false
CL000739,P001256,2026-01-16,2026-01-30,2026-02-19,theft,95834,paid,Earth Sukhumvit,false
CL000740,P006968,2024-06-10,2024-06-22,2024-08-21,theft,335638,paid,Mild Phromsiri,false
CL000741,P002839,2022-12-27,2022-12-28,,fire,3347267,pending,Mint Srisuk,false
CL000742,P008282,2023-08-19,2023-08-21,2023-11-01,fire,167578,denied,Niran Suwanphon,false
CL000743,P004829,2023-07-13,2023-07-24,2023-09-06,collision,152824,paid,Anong Phromsiri,false
CL000744,P008304,2024-06-10,2024-06-14,2024-07-09,theft,44469,paid,Ploy Charoensuk,false
CL000745,P008369,2025-06-13,2025-06-24,,third_party_liability,239334,open,Anong Charoensuk,false
CL000746,P009516,2023-09-11,2023-09-20,2023-11-01,theft,542253,paid,Boss Phutthichai,false
CL000747,P006525,2025-12-31,2026-01-06,2026-02-26,fire,96613,paid,Mint Thongdee,false
CL000748,P000699,2023-04-13,2023-04-14,2023-06-21,water_damage,1888591,paid,Mild Charoensuk,false
CL000749,P000150,2024-01-07,2024-01-10,2024-03-27,fire,67416,denied,Nok Thongdee,false
CL000750,P005711,2023-07-30,2023-08-02,2023-08-20,collision,82228,paid,Niran Limthongkul,false
CL000751,P001491,2023-12-21,2023-12-29,,theft,177912,open,Eak Chaisawat,false
CL000752,P007685,2023-12-16,2023-12-20,2024-02-15,flood,3080633,paid,Anong Rattanapan,false
CL000753,P003215,2023-03-14,2023-03-19,,storm,1648065,open,Eak Thongdee,false
CL000754,P009432,2025-07-24,2025-08-05,2025-09-03,storm,4617328,paid,Eak Limthongkul,false
CL000755,P005453,2023-12-27,2024-01-06,2024-01-20,theft,161250,paid,Mai Kanchanaburi,true
CL000756,P004001,2026-01-23,2026-02-02,2026-04-11,theft,61786,paid,Mai Phutthichai,false
CL000757,P008863,2026-05-04,2026-05-07,2026-07-27,third_party_liability,52137,paid,Fern Watcharaphon,false
CL000758,P001427,2022-12-12,2022-12-23,2023-02-09,third_party_liability,826942,paid,Nan Sangthong,false
CL000759,P000360,2024-07-14,2024-07-19,,storm,7288550,pending,Bua Phutthichai,true
CL000760,P004183,2026-02-20,2026-03-05,2026-05-15,fire,336619,paid,Nok Srisuk,false
CL000761,P000897,2024-12-08,2024-12-22,2025-01-23,theft,327083,paid,Eak Srisuk,false
CL000762,P001574,2025-12-24,2025-12-24,2026-02-20,flood,584716,paid,Bua Saetang,false
CL000763,P007764,2023-08-01,2023-08-03,2023-09-01,theft,253748,paid,Wichai Suwanphon,false
CL000764,P008343,2026-01-12,2026-01-18,2026-02-07,flood,103968,paid,Daeng Srisuk,false
CL000765,P008955,2025-01-02,2025-01-12,2025-04-05,fire,409347,denied,Daeng Phongphan,false
CL000766,P003124,2023-08-13,2023-08-15,,third_party_liability,459637,pending,Toon Charoensuk,false
CL000767,P003298,2025-07-28,2025-08-08,2025-08-29,theft,134833,paid,Boss Chaisawat,false
CL000768,P008860,2024-02-23,2024-02-24,,theft,516581,open,Daeng Wongchai,false
CL000769,P001109,2026-05-08,2026-05-14,2026-06-22,collision,405492,paid,Nok Sukhumvit,false
CL000770,P003851,2025-05-30,2025-06-13,2025-07-04,theft,289441,paid,Anong Phutthichai,false
CL000771,P004818,2024-09-11,2024-09-21,,flood,224504,open,Bank Phongphan,false
CL000772,P002339,2024-10-08,2024-10-08,2024-12-23,third_party_liability,310860,paid,Pat Charoensuk,false
CL000773,P008974,2023-05-28,2023-06-11,2023-07-17,third_party_liability,567901,paid,Mai Thongdee,false
CL000774,P002192,2026-05-07,2026-05-08,2026-07-22,fire,1714062,paid,Suda Kanchanaburi,false
CL000775,P001107,2022-12-07,2022-12-17,2023-02-24,third_party_liability,351943,paid,Kanya Suwanphon,false
CL000776,P003355,2023-02-19,2023-03-05,2023-03-19,storm,1071024,paid,Mint Inthanon,false
CL000777,P006022,2023-08-08,2023-08-09,,theft,57436,pending,Daeng Boonmee,false
CL000778,P002876,2023-10-04,2023-10-07,2023-12-10,third_party_liability,947293,paid,Toon Wongchai,false
CL000779,P009121,2024-10-15,2024-10-19,2025-01-14,flood,1512491,paid,Bua Sangthong,false
CL000780,P000456,2023-10-31,2023-11-04,2023-12-13,flood,449269,paid,Praew Phromsiri,false
CL000781,P006892,2024-03-06,2024-03-08,2024-05-02,theft,572611,paid,Mint Thongdee,false
CL000782,P007367,2023-11-12,2023-11-15,2023-12-22,theft,591126,paid,Somchai Watcharaphon,false
CL000783,P005405,2026-04-05,2026-04-17,2026-05-06,storm,1197489,paid,Ploy Saetang,false
CL000784,P004986,2026-01-15,2026-01-17,2026-02-10,fire,69786,paid,Praew Inthanon,false
CL000785,P001387,2024-05-18,2024-05-27,2024-07-29,theft,168952,paid,Kanya Chaisawat,false
CL000786,P008897,2025-11-06,2025-11-12,2026-01-22,water_damage,2243709,paid,Mild Sangthong,false
CL000787,P000990,2026-03-09,2026-03-17,2026-04-18,flood,301618,paid,Ploy Sukhumvit,false
CL000788,P006910,2023-02-23,2023-03-01,2023-04-22,third_party_liability,69375,paid,Toon Thongdee,false
CL000789,P006971,2024-03-23,2024-03-29,2024-05-08,collision,166610,denied,Nan Suwanphon,false
CL000790,P004690,2025-09-11,2025-09-14,2025-10-26,fire,615200,paid,Kanya Rattanapan,false
CL000791,P004854,2022-11-21,2022-11-29,2023-02-17,third_party_liability,150669,paid,Beam Kanchanaburi,false
CL000792,P005412,2026-01-08,2026-01-10,2026-03-21,burglary,289075,paid,Boss Charoensuk,false
CL000793,P008859,2025-12-08,2025-12-08,2026-01-24,theft,115386,paid,Praew Suwanphon,false
CL000794,P004488,2023-05-13,2023-05-23,2023-06-09,storm,992154,paid,Malee Rattanapan,false
CL000795,P009135,2025-12-31,2026-01-03,2026-03-15,collision,198781,paid,Anong Phongphan,false
CL000796,P007298,2026-02-15,2026-02-15,,theft,107067,pending,Tee Kittikun,false
CL000797,P001267,2024-03-26,2024-03-31,,theft,434225,pending,Ploy Thongdee,false
CL000798,P002567,2023-10-02,2023-10-14,2023-11-12,theft,69793,paid,Pat Boonmee,false
CL000799,P009917,2024-02-26,2024-03-03,,water_damage,5085552,open,Tee Sukhumvit,false
CL000800,P008529,2024-08-27,2024-09-05,2024-10-24,flood,676292,paid,Mild Rattanapan,true
CL000801,P009083,2024-07-18,2024-08-01,,water_damage,4745983,pending,Toon Rattanapan,false
CL000802,P008211,2023-08-30,2023-09-02,2023-09-25,third_party_liability,67319,paid,Nok Sukhumvit,false
CL000803,P007137,2026-02-05,2026-02-12,2026-03-08,fire,241749,paid,Wichai Kittikun,false
CL000804,P002478,2023-07-11,2023-07-15,2023-08-27,theft,59295,paid,Suda Boonmee,false
CL000805,P008937,2024-04-13,2024-04-25,2024-06-14,flood,327278,paid,Tee Suwanphon,false
CL000806,P007721,2023-09-21,2023-10-05,,flood,521408,pending,Praew Thongdee,false
CL000807,P009681,2026-02-17,2026-02-20,,fire,446107,pending,Mild Kanchanaburi,false
CL000808,P007031,2024-04-12,2024-04-25,,fire,506119,pending,Ploy Phutthichai,false
CL000809,P004292,2025-01-29,2025-02-01,2025-02-27,flood,375859,denied,Tawan Phromsiri,false
CL000810,P000998,2023-12-23,2024-01-05,2024-02-13,fire,6146,denied,Boss Sangthong,false
CL000811,P004910,2023-04-24,2023-05-05,,burglary,1227162,pending,Suda Phongphan,false
CL000812,P006583,2023-10-04,2023-10-13,2023-11-15,fire,120261,paid,Somchai Suwanphon,false
CL000813,P005774,2024-10-29,2024-11-11,,flood,197824,open,Tee Chaiyaporn,false
CL000814,P007425,2024-12-22,2024-12-22,2025-03-08,theft,262563,paid,Toon Rattanapan,false
CL000815,P000675,2025-06-07,2025-06-16,2025-08-11,burglary,2321663,denied,Tawan Phongphan,false
CL000816,P005965,2025-04-03,2025-04-15,,flood,4563068,open,Mint Limthongkul,true
CL000817,P001373,2025-11-17,2025-11-27,2026-01-22,flood,438031,paid,Nok Phongphan,false
CL000818,P007659,2024-12-21,2025-01-04,2025-03-27,fire,279625,paid,Mai Phromsiri,false
CL000819,P002115,2023-12-18,2023-12-30,2024-02-01,fire,141999,paid,Boss Srisuk,false
CL000820,P002024,2025-04-03,2025-04-17,,flood,667329,pending,Anong Chaiyaporn,false
CL000821,P008317,2023-01-24,2023-02-05,2023-03-11,third_party_liability,652587,paid,Nok Rattanapan,false
CL000822,P002224,2024-09-18,2024-09-21,2024-11-02,fire,537591,paid,Mai Sukhumvit,false
CL000823,P005517,2023-09-05,2023-09-09,2023-10-29,third_party_liability,773790,paid,Nan Sangthong,false
CL000824,P004625,2023-05-30,2023-06-02,2023-07-25,fire,55491,paid,Apinya Sangthong,false
CL000825,P009695,2023-07-01,2023-07-06,,flood,359287,open,Earth Thongdee,false
CL000826,P009794,2023-12-07,2023-12-07,,collision,161521,open,Kanya Chaiyaporn,false
CL000827,P006068,2024-10-12,2024-10-17,2024-12-15,fire,415089,paid,Tawan Chaiyaporn,true
CL000828,P009001,2026-01-27,2026-02-03,2026-03-18,fire,409919,paid,Pim Chaisawat,false
CL000829,P006145,2025-03-03,2025-03-10,2025-06-04,water_damage,2279472,paid,Earth Limthongkul,false
CL000830,P004402,2025-08-13,2025-08-16,2025-10-12,third_party_liability,525293,paid,Bank Saetang,false
CL000831,P000886,2024-07-26,2024-08-02,,theft,562777,pending,Suda Rattanapan,false
CL000832,P000482,2024-02-26,2024-03-02,,fire,45476,pending,Wichai Sangthong,false
CL000833,P003519,2024-03-20,2024-03-29,2024-04-09,flood,290610,paid,Pim Watcharaphon,false
CL000834,P009639,2023-10-01,2023-10-07,2023-11-26,flood,113155,paid,Tawan Srisuk,false
CL000835,P000791,2022-11-30,2022-11-30,2022-12-21,storm,3108803,paid,Daeng Chaisawat,false
CL000836,P004035,2023-11-14,2023-11-26,,theft,195338,pending,Chai Kanchanaburi,false
CL000837,P006632,2022-07-28,2022-08-03,2022-08-27,collision,32266,paid,Pat Wongchai,false
CL000838,P002482,2024-11-25,2024-12-09,,fire,121776,pending,Mai Chaisawat,false
CL000839,P006310,2023-07-12,2023-07-12,2023-09-03,collision,325921,denied,Praew Sangthong,false
CL000840,P000147,2023-03-23,2023-04-04,2023-06-23,flood,288005,paid,Suda Kittikun,false
CL000841,P007056,2025-10-03,2025-10-17,2025-12-31,collision,160131,denied,Daeng Kanchanaburi,false
CL000842,P005292,2025-04-10,2025-04-22,2025-05-13,flood,3371379,paid,Pat Inthanon,false
CL000843,P001575,2023-08-25,2023-08-30,,storm,912063,pending,Nan Suwanphon,false
CL000844,P001871,2024-03-25,2024-04-01,2024-05-16,water_damage,2783115,paid,Suda Chaiyaporn,false
CL000845,P003222,2024-01-11,2024-01-23,,theft,968815,open,Suda Kanchanaburi,false
CL000846,P005723,2024-09-09,2024-09-12,2024-10-27,burglary,3206875,paid,Bank Limthongkul,false
CL000847,P001698,2023-10-16,2023-10-16,,flood,342810,open,Bua Wongchai,false
CL000848,P007366,2026-02-26,2026-03-02,2026-05-31,flood,1444862,paid,Ploy Phromsiri,false
CL000849,P007074,2024-09-01,2024-09-06,,third_party_liability,477552,pending,Wichai Inthanon,false
CL000850,P001811,2024-05-27,2024-06-05,2024-08-11,collision,43315,paid,Eak Sukhumvit,false
CL000851,P000143,2024-12-25,2024-12-30,2025-03-01,storm,465369,paid,Tee Saetang,false
CL000852,P009750,2025-08-24,2025-08-30,2025-10-24,storm,2035168,paid,Tee Rattanapan,false
CL000853,P002949,2024-12-02,2024-12-11,,flood,4879258,open,Kanya Chaiyaporn,false
CL000854,P009185,2026-04-05,2026-04-06,2026-07-03,theft,646337,denied,Apinya Thongdee,false
CL000855,P000691,2026-01-12,2026-01-15,2026-01-28,burglary,6895537,paid,Mild Saetang,false
CL000856,P005442,2024-06-11,2024-06-24,2024-08-16,fire,233123,paid,Nok Suwanphon,false
CL000857,P006226,2024-11-20,2024-11-24,2024-12-25,collision,233671,paid,Nok Sukhumvit,false
CL000858,P007138,2023-07-02,2023-07-03,2023-08-26,collision,158790,paid,Beam Suwanphon,false
CL000859,P002089,2024-01-27,2024-02-03,2024-02-10,theft,350490,denied,Fern Thongdee,false
CL000860,P000570,2025-03-25,2025-03-30,2025-06-25,fire,350511,paid,Tawan Phromsiri,false
CL000861,P002450,2025-05-10,2025-05-22,2025-07-08,storm,6976404,paid,Pat Phutthichai,false
CL000862,P003197,2025-11-14,2025-11-20,2026-02-15,theft,621602,paid,Tee Chaiyaporn,false
CL000863,P001929,2022-08-18,2022-08-30,2022-11-04,fire,1964308,paid,Daeng Kanchanaburi,false
CL000864,P004709,2025-08-23,2025-09-06,2025-10-01,flood,594787,denied,Toon Rattanapan,false
CL000865,P006536,2024-11-07,2024-11-10,2025-01-03,theft,152560,paid,Daeng Kanchanaburi,false
CL000866,P002437,2025-08-27,2025-08-30,2025-09-24,flood,136534,denied,Toon Phromsiri,false
CL000867,P005100,2025-01-28,2025-02-11,2025-04-07,flood,4884111,paid,Ploy Kanchanaburi,false
CL000868,P001826,2025-06-05,2025-06-15,2025-07-10,fire,247936,denied,Pim Sukhumvit,false
CL000869,P002851,2023-03-08,2023-03-14,2023-05-19,fire,196368,paid,Tee Srisuk,false
CL000870,P002730,2025-10-02,2025-10-12,,collision,477024,pending,Suda Thongdee,false
CL000871,P004038,2026-05-07,2026-05-12,2026-06-25,collision,322301,paid,Nan Watcharaphon,false
CL000872,P002169,2025-03-30,2025-03-30,2025-04-27,flood,518043,denied,Niran Wongchai,false
CL000873,P006630,2023-06-16,2023-06-24,,flood,3184374,open,Somchai Charoensuk,false
CL000874,P006592,2026-04-17,2026-04-19,2026-05-25,flood,264001,paid,Malee Kanchanaburi,false
CL000875,P006078,2024-01-01,2024-01-05,,fire,2508239,pending,Pim Limthongkul,false
CL000876,P002566,2025-12-24,2026-01-03,2026-02-01,flood,6923342,denied,Mint Phongphan,false
CL000877,P005376,2024-10-17,2024-10-29,2024-11-18,flood,254955,paid,Bank Suwanphon,false
CL000878,P005081,2024-01-16,2024-01-19,2024-02-08,flood,126299,paid,Malee Srisuk,false
CL000879,P007905,2025-09-20,2025-10-02,2025-11-11,water_damage,602807,paid,Bank Phutthichai,false
CL000880,P007414,2025-03-11,2025-03-12,2025-06-10,theft,216722,paid,Nok Phromsiri,false
CL000881,P000020,2023-10-22,2023-10-29,2023-12-19,collision,195652,paid,Anong Sangthong,false
CL000882,P008385,2024-09-26,2024-10-02,2024-11-15,water_damage,412061,paid,Mild Phongphan,false
CL000883,P002326,2025-06-02,2025-06-06,2025-08-22,theft,45911,denied,Tee Phromsiri,true
CL000884,P003977,2022-09-11,2022-09-16,2022-10-23,flood,446334,paid,Bua Kanchanaburi,false
CL000885,P003316,2023-03-20,2023-04-02,2023-04-27,fire,1290486,paid,Beam Chaiyaporn,false
CL000886,P009740,2025-12-09,2025-12-22,2026-01-21,collision,65214,paid,Tawan Wongchai,false
CL000887,P002000,2025-06-15,2025-06-29,2025-07-23,flood,602375,paid,Bank Phutthichai,false
CL000888,P005911,2024-04-14,2024-04-19,2024-05-14,third_party_liability,20261,paid,Toon Thongdee,false
CL000889,P001128,2024-07-23,2024-08-06,2024-09-08,flood,671049,paid,Pim Wongchai,false
CL000890,P002726,2023-06-06,2023-06-15,2023-08-24,theft,130933,paid,Chai Sangthong,false
CL000891,P002540,2025-04-23,2025-05-05,2025-07-17,third_party_liability,581083,paid,Praew Sangthong,false
CL000892,P005163,2023-10-24,2023-10-24,2023-12-21,flood,377480,paid,Eak Chaisawat,false
CL000893,P004707,2024-06-29,2024-06-30,2024-09-18,theft,329849,paid,Pat Phongphan,false
CL000894,P003356,2025-11-19,2025-11-19,,flood,5519225,open,Malee Phromsiri,false
CL000895,P003267,2025-11-08,2025-11-20,2026-01-07,fire,335820,paid,Toon Limthongkul,false
CL000896,P004111,2025-02-12,2025-02-26,2025-03-19,theft,541034,paid,Suda Chaiyaporn,false
CL000897,P002262,2022-08-10,2022-08-17,2022-10-27,flood,911503,paid,Earth Watcharaphon,false
CL000898,P003682,2023-11-18,2023-12-01,2024-02-09,burglary,2951883,paid,Mild Rattanapan,false
CL000899,P003058,2023-05-13,2023-05-15,2023-06-14,flood,11578,paid,Malee Phutthichai,false
CL000900,P005712,2025-12-25,2025-12-27,2026-01-26,fire,79260,paid,Tee Watcharaphon,false
CL000901,P004945,2025-04-16,2025-04-22,2025-06-12,water_damage,3271094,paid,Pat Rattanapan,false
CL000902,P008978,2024-12-05,2024-12-14,,fire,769236,open,Pim Phutthichai,false
CL000903,P007169,2024-11-11,2024-11-22,2024-12-28,storm,428976,paid,Beam Chaisawat,false
CL000904,P002242,2022-10-27,2022-11-10,,collision,672752,open,Nan Sukhumvit,false
CL000905,P006909,2023-11-22,2023-12-01,2023-12-17,theft,76598,denied,Chai Suwanphon,false
CL000906,P009440,2025-07-06,2025-07-08,2025-09-10,theft,303589,paid,Tee Inthanon,false
CL000907,P001280,2025-08-03,2025-08-16,2025-10-08,theft,173504,paid,Mai Suwanphon,false
CL000908,P005208,2024-01-10,2024-01-21,,third_party_liability,764853,open,Pim Chaiyaporn,false
CL000909,P006157,2022-09-05,2022-09-16,,third_party_liability,65849,open,Ploy Inthanon,false
CL000910,P001765,2025-11-18,2025-11-29,2026-01-06,water_damage,6402861,paid,Wichai Chaiyaporn,false
CL000911,P001803,2026-02-27,2026-03-06,,fire,1252546,open,Nan Saetang,false
CL000912,P003801,2023-06-17,2023-06-30,,fire,672065,open,View Suwanphon,false
CL000913,P003649,2024-01-26,2024-02-02,2024-03-20,collision,36174,paid,Mild Boonmee,false
CL000914,P003017,2024-07-27,2024-08-02,2024-10-08,collision,243524,paid,Nok Phongphan,false
CL000915,P002516,2024-06-08,2024-06-20,,flood,3147633,pending,Niran Thongdee,false
CL000916,P003989,2025-12-09,2025-12-20,,fire,5941529,open,Tee Phongphan,false
CL000917,P008209,2026-01-17,2026-01-21,,storm,4810464,pending,Boss Sangthong,false
CL000918,P001982,2026-04-07,2026-04-18,2026-07-02,theft,168534,paid,Nan Wongchai,false
CL000919,P006412,2025-03-06,2025-03-06,2025-05-20,fire,422153,paid,Beam Chaiyaporn,false
CL000920,P007894,2023-09-10,2023-09-22,2023-12-08,collision,129866,paid,Eak Phongphan,false
CL000921,P003905,2023-04-29,2023-05-05,,third_party_liability,201354,open,Anong Phutthichai,false
CL000922,P000864,2025-07-05,2025-07-08,2025-08-06,fire,184790,paid,Pim Sangthong,false
CL000923,P007460,2023-04-27,2023-04-29,,theft,93049,pending,Nan Kittikun,false
CL000924,P003157,2024-11-26,2024-12-01,2024-12-27,flood,102690,paid,Toon Saetang,false
CL000925,P009571,2025-11-08,2025-11-13,2025-12-06,storm,2766892,denied,Ploy Chaiyaporn,false
CL000926,P002005,2024-10-28,2024-10-29,2025-01-11,theft,51601,paid,Malee Kittikun,false
CL000927,P006587,2023-06-27,2023-07-01,2023-07-24,water_damage,4548557,paid,Suda Rattanapan,false
CL000928,P004459,2023-11-10,2023-11-13,2023-12-02,flood,4100021,denied,Anong Chaiyaporn,false
CL000929,P008727,2024-05-26,2024-06-05,,flood,210016,open,Tee Inthanon,false
CL000930,P005101,2025-11-22,2025-12-02,,water_damage,686599,open,Tawan Sukhumvit,true
CL000931,P008941,2025-05-14,2025-05-17,,theft,61833,open,Ploy Charoensuk,false
CL000932,P002854,2026-04-21,2026-04-24,,fire,6059929,open,Bank Srisuk,false
CL000933,P001258,2025-12-22,2026-01-05,,water_damage,2891746,open,Eak Inthanon,false
CL000934,P005319,2023-10-20,2023-10-28,2023-12-21,collision,277037,paid,Toon Sukhumvit,false
CL000935,P008530,2025-12-29,2026-01-09,2026-03-05,collision,138679,paid,Chai Phongphan,false
CL000936,P001468,2022-06-03,2022-06-14,,theft,49814,open,Praew Charoensuk,false
CL000937,P008356,2025-10-31,2025-11-08,2025-12-05,theft,170928,denied,Somchai Suwanphon,false
CL000938,P006154,2024-09-05,2024-09-16,,fire,194565,open,Mild Chaisawat,false
CL000939,P007717,2025-12-10,2025-12-23,2026-03-14,flood,57328,paid,Kanya Chaisawat,false
CL000940,P000895,2024-07-06,2024-07-13,,flood,80903,pending,Pat Wongchai,false
CL000941,P008030,2024-07-19,2024-07-27,2024-08-05,flood,392313,paid,Anong Thongdee,false
CL000942,P006620,2023-01-07,2023-01-13,2023-01-24,third_party_liability,353599,paid,Pim Thongdee,false
CL000943,P006362,2023-01-01,2023-01-04,2023-02-05,flood,2757515,paid,Wichai Rattanapan,false
CL000944,P005114,2025-12-20,2025-12-23,2026-01-24,water_damage,2997677,paid,Wichai Limthongkul,false
CL000945,P004333,2023-04-10,2023-04-23,2023-06-24,flood,135533,paid,Fern Kittikun,false
CL000946,P005569,2024-08-20,2024-09-02,,theft,139827,open,Eak Saetang,false
CL000947,P002076,2023-07-08,2023-07-18,,collision,134983,open,Bank Saetang,false
CL000948,P001272,2025-10-23,2025-10-30,2025-12-17,collision,248587,paid,Boss Kittikun,false
CL000949,P004548,2024-07-01,2024-07-12,2024-09-29,fire,4084177,paid,Nan Phromsiri,false
CL000950,P001672,2025-12-27,2025-12-28,2026-01-15,third_party_liability,28967,paid,Tee Chaisawat,false
CL000951,P006925,2024-01-11,2024-01-21,,burglary,398761,open,Pim Watcharaphon,false
CL000952,P007887,2025-11-23,2025-12-03,2026-01-23,third_party_liability,251054,paid,Beam Chaisawat,true
CL000953,P001919,2025-11-24,2025-12-06,,storm,2001860,open,Anong Boonmee,false
CL000954,P009000,2024-11-20,2024-11-28,,fire,428558,pending,Tawan Kittikun,false
CL000955,P008650,2026-03-15,2026-03-25,2026-06-23,theft,172395,paid,Eak Boonmee,false
CL000956,P003593,2026-04-05,2026-04-09,2026-06-07,flood,207463,denied,Praew Sangthong,false
CL000957,P006588,2026-02-06,2026-02-08,2026-02-19,collision,610368,paid,Bank Phromsiri,false
CL000958,P009137,2025-05-03,2025-05-08,2025-07-18,fire,379598,denied,Bua Phromsiri,false
CL000959,P006916,2025-11-03,2025-11-07,2025-12-07,burglary,560164,paid,Mild Chaiyaporn,false
CL000960,P004956,2024-09-28,2024-10-05,,flood,575530,pending,Kanya Thongdee,false
CL000961,P008413,2023-03-23,2023-03-23,,fire,4326620,pending,Earth Limthongkul,false
CL000962,P000246,2023-04-14,2023-04-24,2023-06-10,theft,164319,paid,Niran Watcharaphon,false
CL000963,P006617,2024-07-30,2024-07-31,,theft,663670,open,View Phromsiri,false
CL000964,P007469,2025-02-24,2025-02-27,2025-03-25,flood,226776,paid,Ploy Phutthichai,false
CL000965,P000179,2025-01-19,2025-01-21,,flood,279437,pending,Pat Rattanapan,false
CL000966,P002750,2023-08-24,2023-08-29,2023-11-27,theft,250392,paid,Beam Charoensuk,false
CL000967,P004975,2024-02-26,2024-03-03,2024-03-21,flood,83076,paid,Mild Chaiyaporn,false
CL000968,P000134,2023-09-23,2023-10-07,2023-12-30,fire,61433,paid,Toon Saetang,false
CL000969,P006438,2024-10-14,2024-10-24,,burglary,1022418,pending,Mild Wongchai,false
CL000970,P002275,2023-12-30,2024-01-09,2024-01-25,flood,41984,paid,Apinya Sangthong,true
CL000971,P000391,2024-08-18,2024-09-01,2024-09-18,third_party_liability,73419,paid,Mint Thongdee,false
CL000972,P008258,2024-01-13,2024-01-21,,burglary,4951650,open,Malee Kittikun,false
CL000973,P001028,2024-07-24,2024-07-24,2024-10-04,flood,155986,paid,Niran Inthanon,false
CL000974,P000880,2023-08-02,2023-08-14,2023-08-28,theft,25855,denied,Tawan Srisuk,false
CL000975,P001654,2024-08-09,2024-08-19,,burglary,3043733,pending,Bank Chaiyaporn,false
CL000976,P004858,2023-12-27,2023-12-28,2024-02-19,third_party_liability,91251,paid,Daeng Rattanapan,false
CL000977,P008289,2023-10-14,2023-10-19,2023-12-09,storm,4867060,paid,Nan Kanchanaburi,false
CL000978,P006371,2026-04-01,2026-04-14,,fire,162352,pending,Niran Sangthong,false
CL000979,P005011,2023-08-03,2023-08-11,2023-10-25,flood,235895,paid,Pat Srisuk,false
CL000980,P004452,2024-02-08,2024-02-12,2024-02-29,storm,4115548,paid,Anong Watcharaphon,false
CL000981,P007845,2025-07-25,2025-07-31,2025-09-12,theft,24144,paid,Anong Kittikun,false
CL000982,P003983,2025-09-26,2025-09-30,2025-12-03,theft,58844,paid,Apinya Phongphan,false
CL000983,P001497,2023-12-25,2024-01-05,2024-03-20,water_damage,2865324,paid,Somchai Kittikun,false
CL000984,P001716,2025-06-09,2025-06-17,2025-08-10,flood,563762,paid,Tee Limthongkul,false
CL000985,P002812,2023-05-01,2023-05-08,2023-07-16,collision,626731,paid,Apinya Suwanphon,false
CL000986,P003367,2023-05-13,2023-05-13,,burglary,218547,open,Fern Sangthong,false
CL000987,P005593,2024-12-31,2025-01-01,,fire,2166443,pending,Anong Saetang,false
CL000988,P008146,2024-02-19,2024-02-21,,fire,334725,pending,Suda Sangthong,false
CL000989,P003904,2026-02-08,2026-02-13,,third_party_liability,33129,pending,Mint Chaisawat,false
CL000990,P006987,2024-07-26,2024-07-31,2024-08-16,burglary,1286308,paid,Bua Suwanphon,false
CL000991,P001423,2025-12-31,2026-01-05,,theft,121209,open,Pat Kittikun,false
CL000992,P006852,2023-07-05,2023-07-07,,water_damage,804685,open,Suda Kittikun,false
CL000993,P009896,2025-01-05,2025-01-16,2025-03-02,burglary,883429,paid,Bank Charoensuk,false
CL000994,P001440,2023-06-06,2023-06-15,,theft,388521,pending,Suda Chaisawat,false
CL000995,P000148,2024-08-09,2024-08-10,,fire,600911,pending,Boss Srisuk,false
CL000996,P003248,2023-12-09,2023-12-15,2024-02-27,collision,338581,denied,Fern Thongdee,false
CL000997,P007498,2024-11-29,2024-12-08,,burglary,5669486,open,Beam Chaiyaporn,false
CL000998,P007701,2026-04-14,2026-04-16,,flood,17308,open,Mint Wongchai,false
CL000999,P007110,2023-04-08,2023-04-22,,fire,145364,pending,Daeng Boonmee,false
CL001000,P007903,2026-01-05,2026-01-15,2026-04-11,burglary,321938,paid,Beam Charoensuk,false
CL001001,P007694,2023-02-28,2023-03-11,2023-05-13,fire,703272,paid,Somchai Watcharaphon,false
CL001002,P004825,2025-03-18,2025-03-31,,flood,55562,pending,Somchai Kanchanaburi,false
CL001003,P000570,2025-09-12,2025-09-13,,theft,385995,open,Kanya Boonmee,false
CL001004,P002438,2024-03-11,2024-03-16,2024-04-23,flood,307234,paid,Somchai Boonmee,false
CL001005,P002720,2025-03-15,2025-03-22,2025-06-13,water_damage,3844045,paid,Praew Suwanphon,false
CL001006,P009893,2025-09-06,2025-09-09,2025-11-23,third_party_liability,89382,paid,Nok Sukhumvit,false
CL001007,P003562,2023-09-11,2023-09-14,2023-10-17,fire,688686,denied,Mai Thongdee,false
CL001008,P004106,2024-06-24,2024-06-27,2024-08-21,fire,2263387,paid,Beam Kittikun,false
CL001009,P004518,2025-07-06,2025-07-11,2025-09-30,collision,454969,paid,Boss Chaiyaporn,false
CL001010,P000105,2023-06-04,2023-06-16,,theft,20893,pending,Chai Charoensuk,false
CL001011,P008664,2024-01-10,2024-01-18,,fire,491923,open,Kanya Thongdee,false
CL001012,P004807,2024-04-09,2024-04-18,2024-06-28,storm,1647716,paid,Pim Srisuk,false
CL001013,P006265,2026-04-02,2026-04-08,2026-05-31,theft,147364,paid,Toon Kittikun,false
CL001014,P004114,2023-11-20,2023-12-02,,fire,241234,open,Somchai Kittikun,false
CL001015,P008871,2024-03-24,2024-03-29,,fire,94038,open,View Chaiyaporn,false
CL001016,P009273,2025-12-23,2026-01-01,2026-02-15,third_party_liability,253012,paid,Bua Rattanapan,false
CL001017,P003593,2026-04-19,2026-04-26,,flood,302401,pending,Tawan Suwanphon,false
CL001018,P003094,2024-06-28,2024-06-28,2024-07-09,third_party_liability,58705,denied,Malee Sukhumvit,false
CL001019,P006561,2024-03-25,2024-03-30,2024-06-13,theft,34609,paid,Earth Srisuk,false
CL001020,P009031,2024-11-17,2024-11-27,2025-02-22,collision,499402,paid,Wichai Phutthichai,false
CL001021,P003141,2024-05-30,2024-06-09,,flood,698753,pending,Bua Inthanon,false
CL001022,P006660,2023-04-20,2023-05-01,2023-07-21,fire,3370928,paid,Nok Sukhumvit,false
CL001023,P002595,2023-07-20,2023-07-20,2023-08-28,storm,501626,paid,Bua Kanchanaburi,false
CL001024,P006274,2023-12-01,2023-12-06,,flood,2149328,open,Mild Phongphan,false
CL001025,P009299,2022-10-28,2022-11-01,2023-01-28,theft,174099,denied,Ploy Inthanon,false
CL001026,P008139,2024-01-20,2024-01-30,2024-03-10,flood,236983,paid,Boss Watcharaphon,false
CL001027,P000732,2023-12-07,2023-12-11,,flood,126589,open,Wichai Phutthichai,false
CL001028,P002737,2023-07-07,2023-07-21,,flood,460129,pending,Apinya Watcharaphon,false
CL001029,P004146,2025-04-10,2025-04-13,2025-05-11,theft,341684,paid,Kanya Boonmee,false
CL001030,P008542,2026-02-12,2026-02-12,,theft,687246,open,Bank Charoensuk,false
CL001031,P006520,2024-01-01,2024-01-12,2024-02-06,third_party_liability,27332,denied,Mild Chaiyaporn,false
CL001032,P002594,2023-03-16,2023-03-18,2023-04-15,collision,207505,denied,View Boonmee,false
CL001033,P005050,2023-01-12,2023-01-12,2023-01-29,theft,136100,paid,Daeng Phutthichai,false
CL001034,P008923,2026-05-14,2026-05-14,,water_damage,5531721,pending,Mint Srisuk,false
CL001035,P005602,2026-02-23,2026-03-03,2026-03-17,flood,1079817,paid,Kanya Kanchanaburi,false
CL001036,P009603,2025-07-16,2025-07-27,2025-09-24,fire,708692,paid,Nok Sukhumvit,false
CL001037,P003149,2026-01-31,2026-02-13,2026-03-22,theft,410323,paid,Praew Phongphan,false
CL001038,P008550,2026-02-02,2026-02-13,,fire,2663319,open,Suda Srisuk,false
CL001039,P000355,2024-01-16,2024-01-18,2024-04-03,fire,4579937,paid,Pat Kanchanaburi,false
CL001040,P002310,2024-04-04,2024-04-09,2024-04-18,fire,889981,paid,Ploy Inthanon,false
CL001041,P008783,2023-09-27,2023-09-29,2023-11-06,collision,614218,paid,Bank Limthongkul,false
CL001042,P000949,2026-05-12,2026-05-21,2026-07-09,fire,3400949,paid,Chai Saetang,false
CL001043,P009649,2025-07-28,2025-08-04,2025-08-25,flood,62235,paid,Ploy Phongphan,false
CL001044,P001191,2024-01-10,2024-01-22,2024-03-31,storm,361083,paid,Niran Kittikun,false
CL001045,P009645,2023-11-16,2023-11-28,2023-12-05,flood,161299,paid,Eak Suwanphon,false
CL001046,P007292,2022-12-01,2022-12-01,2023-01-23,fire,31078,paid,Beam Chaiyaporn,false
CL001047,P008628,2022-09-13,2022-09-18,2022-12-05,fire,281023,paid,Niran Wongchai,false
CL001048,P008883,2026-04-13,2026-04-15,2026-05-02,water_damage,1263879,denied,Pim Phongphan,false
CL001049,P009788,2024-10-29,2024-11-10,2024-12-06,burglary,486120,paid,Nan Sangthong,false
CL001050,P007618,2024-04-05,2024-04-07,2024-04-30,theft,511323,paid,Anong Boonmee,false
CL001051,P004078,2025-06-26,2025-07-10,2025-09-18,third_party_liability,124515,paid,Toon Wongchai,false
CL001052,P007036,2025-04-14,2025-04-24,2025-06-03,third_party_liability,407271,paid,Nan Suwanphon,false
CL001053,P007375,2024-07-07,2024-07-16,2024-09-06,burglary,4318913,denied,Wichai Limthongkul,false
CL001054,P004777,2025-02-26,2025-02-28,2025-03-29,fire,131477,paid,Mild Chaiyaporn,false
CL001055,P000384,2023-10-30,2023-11-06,2023-12-17,theft,610583,denied,Apinya Phongphan,false
CL001056,P004469,2023-01-22,2023-01-31,,third_party_liability,83747,open,Nan Chaiyaporn,false
CL001057,P006548,2025-08-08,2025-08-20,2025-11-10,theft,325546,paid,Malee Rattanapan,false
CL001058,P008247,2023-07-28,2023-07-30,,collision,113757,pending,Praew Chaiyaporn,false
CL001059,P004157,2024-12-07,2024-12-11,,theft,262910,open,Pim Saetang,false
CL001060,P009882,2026-04-12,2026-04-21,2026-07-09,flood,2434325,paid,Mai Chaiyaporn,false
CL001061,P004199,2023-05-21,2023-06-04,2023-07-20,storm,395851,paid,Pat Chaisawat,false
CL001062,P009766,2022-11-12,2022-11-18,2022-12-06,third_party_liability,399337,paid,Ploy Srisuk,false
CL001063,P003859,2024-06-09,2024-06-13,2024-06-24,flood,30507,paid,View Phutthichai,false
CL001064,P002275,2023-07-18,2023-07-31,,fire,200738,open,View Wongchai,false
CL001065,P006184,2023-08-29,2023-09-01,2023-10-15,theft,631125,paid,Pim Chaiyaporn,false
CL001066,P005692,2024-07-23,2024-07-29,,third_party_liability,73205,open,Fern Rattanapan,false
CL001067,P008405,2025-02-12,2025-02-18,2025-03-31,fire,488652,paid,Tawan Phutthichai,false
CL001068,P004023,2023-03-12,2023-03-26,2023-06-06,collision,54440,paid,Bua Boonmee,false
CL001069,P005166,2025-01-24,2025-02-03,2025-04-04,fire,218683,paid,Nan Wongchai,false
CL001070,P001478,2024-07-14,2024-07-26,2024-08-14,theft,357942,paid,Fern Thongdee,false
CL001071,P003827,2025-10-17,2025-10-22,2025-11-30,burglary,1768914,paid,Somchai Wongchai,false
CL001072,P001121,2024-07-22,2024-07-25,,collision,141751,pending,Daeng Wongchai,false
CL001073,P003858,2025-01-05,2025-01-18,,theft,130180,pending,Somchai Phongphan,true
CL001074,P008270,2025-05-24,2025-06-01,2025-07-25,collision,654327,paid,Niran Watcharaphon,false
CL001075,P000076,2026-02-03,2026-02-06,2026-03-18,storm,494086,denied,Tawan Limthongkul,false
CL001076,P007192,2024-12-31,2025-01-05,,flood,3218192,open,Bua Phromsiri,false
CL001077,P001280,2024-09-15,2024-09-18,,flood,443561,open,Mai Phongphan,false
CL001078,P009866,2025-06-25,2025-07-08,2025-09-19,storm,1675300,paid,Nan Rattanapan,false
CL001079,P000827,2024-05-12,2024-05-12,2024-07-01,fire,2582322,denied,Toon Inthanon,false
CL001080,P004251,2023-06-07,2023-06-13,2023-08-21,third_party_liability,112830,paid,Wichai Chaisawat,false
CL001081,P002971,2024-05-09,2024-05-13,2024-06-21,flood,217244,denied,Niran Thongdee,false
CL001082,P002360,2023-08-12,2023-08-17,2023-10-10,storm,3487527,paid,Suda Kittikun,false
CL001083,P001672,2026-03-03,2026-03-14,2026-03-31,theft,6734,denied,Mild Phromsiri,false
CL001084,P006297,2026-04-21,2026-05-04,,burglary,767615,pending,Nok Sangthong,false
CL001085,P006637,2023-12-25,2024-01-03,,third_party_liability,105437,open,Eak Wongchai,false
CL001086,P004497,2023-08-11,2023-08-16,,theft,200843,open,Wichai Chaisawat,true
CL001087,P002789,2025-09-03,2025-09-13,2025-10-05,theft,43891,paid,Malee Saetang,false
CL001088,P001180,2025-01-14,2025-01-20,2025-02-25,flood,2006766,paid,Tawan Limthongkul,true
CL001089,P005278,2025-02-15,2025-02-22,2025-04-26,third_party_liability,52799,paid,View Thongdee,false
CL001090,P009113,2024-09-30,2024-10-07,2024-10-30,flood,389349,paid,Ploy Suwanphon,false
CL001091,P004698,2024-05-26,2024-06-02,2024-06-17,third_party_liability,544989,paid,Tawan Boonmee,false
CL001092,P003327,2024-07-11,2024-07-20,2024-09-03,collision,186120,denied,Suda Phongphan,false
CL001093,P005443,2023-12-07,2023-12-16,2024-01-06,collision,403511,paid,Fern Wongchai,false
CL001094,P003242,2024-05-26,2024-05-31,,fire,505191,open,Nok Phongphan,false
CL001095,P003707,2026-05-10,2026-05-16,2026-06-14,collision,65191,paid,Nan Suwanphon,false
CL001096,P000330,2025-05-09,2025-05-15,2025-06-16,third_party_liability,102942,denied,Mint Saetang,false
CL001097,P004853,2025-06-06,2025-06-15,2025-08-29,third_party_liability,483994,paid,Anong Boonmee,false
CL001098,P002085,2023-08-19,2023-08-31,2023-11-15,third_party_liability,218538,paid,Eak Sukhumvit,false
CL001099,P005967,2025-10-31,2025-11-12,2025-12-26,theft,20145,denied,Fern Chaiyaporn,false
CL001100,P003646,2025-05-13,2025-05-13,2025-05-20,fire,179145,paid,Daeng Thongdee,false
CL001101,P008295,2026-01-31,2026-02-03,2026-04-30,storm,916570,paid,Pat Saetang,false
CL001102,P008539,2026-04-14,2026-04-16,2026-06-08,theft,254340,denied,Nok Sangthong,false
CL001103,P004967,2023-05-17,2023-05-25,2023-06-16,fire,154888,paid,Niran Srisuk,false
CL001104,P000430,2024-10-16,2024-10-27,2024-11-24,fire,646627,paid,Mint Limthongkul,false
CL001105,P003617,2025-12-18,2025-12-23,2026-01-17,collision,39041,paid,Daeng Chaiyaporn,false
CL001106,P002838,2025-07-11,2025-07-24,2025-09-03,third_party_liability,35813,paid,Bank Wongchai,false
CL001107,P004513,2025-05-07,2025-05-12,,third_party_liability,909169,pending,Ploy Wongchai,false
CL001108,P001280,2024-11-04,2024-11-11,,fire,85250,open,Nok Srisuk,false
CL001109,P006565,2024-07-03,2024-07-17,2024-09-27,water_damage,78777,paid,Kanya Chaisawat,false
CL001110,P005541,2024-06-23,2024-07-01,2024-08-22,third_party_liability,82383,paid,Beam Watcharaphon,false
CL001111,P008315,2026-04-20,2026-04-26,,third_party_liability,50760,pending,Pim Sangthong,false
CL001112,P003038,2024-10-04,2024-10-14,2024-10-27,collision,414603,paid,Toon Suwanphon,false
CL001113,P009781,2025-02-24,2025-02-28,,theft,745694,open,Ploy Rattanapan,false
CL001114,P002220,2023-11-07,2023-11-11,2023-11-19,third_party_liability,22237,paid,Toon Inthanon,false
CL001115,P006665,2025-10-19,2025-10-25,2025-12-25,flood,594210,paid,Kanya Saetang,false
CL001116,P004230,2023-02-05,2023-02-16,,fire,243072,open,Niran Charoensuk,false
CL001117,P002238,2022-09-30,2022-10-02,2022-11-25,collision,717348,paid,Kanya Thongdee,false
CL001118,P007134,2026-03-20,2026-03-27,2026-05-18,theft,475830,denied,Praew Phongphan,false
CL001119,P007960,2026-02-16,2026-02-17,,theft,114016,pending,Somchai Saetang,false
CL001120,P002897,2023-03-25,2023-04-08,,collision,367329,open,Earth Boonmee,false
CL001121,P009128,2024-06-05,2024-06-09,2024-08-04,collision,140232,paid,Praew Phongphan,false
CL001122,P002890,2024-02-25,2024-03-05,,water_damage,1231294,open,Tee Rattanapan,false
CL001123,P009346,2026-01-31,2026-02-07,,water_damage,103470,open,Wichai Charoensuk,false
CL001124,P006196,2022-11-18,2022-11-29,,storm,3512839,pending,Tee Inthanon,false
CL001125,P009100,2026-04-26,2026-05-03,2026-07-22,storm,172848,paid,Suda Suwanphon,false
CL001126,P007164,2024-04-17,2024-04-28,,theft,63888,open,Chai Inthanon,false
CL001127,P003987,2026-05-13,2026-05-20,2026-08-13,flood,184041,paid,Malee Inthanon,false
CL001128,P003782,2024-09-28,2024-10-12,2024-12-21,burglary,543362,paid,Somchai Chaisawat,false
CL001129,P003631,2024-12-18,2024-12-27,,flood,1313827,open,Niran Thongdee,false
CL001130,P003695,2023-06-30,2023-07-09,2023-07-18,fire,712106,paid,View Phutthichai,true
CL001131,P007676,2025-10-31,2025-11-01,2025-12-12,water_damage,733111,paid,Daeng Kittikun,false
CL001132,P005797,2026-01-29,2026-02-05,,theft,158146,open,Nok Phutthichai,false
CL001133,P009289,2025-09-29,2025-10-11,2025-12-30,third_party_liability,315868,paid,Ploy Inthanon,false
CL001134,P003011,2024-03-26,2024-04-05,,third_party_liability,146645,open,Boss Limthongkul,false
CL001135,P003808,2023-08-03,2023-08-15,2023-10-17,theft,80862,paid,Ploy Phromsiri,false
CL001136,P005970,2023-01-25,2023-02-07,2023-05-06,third_party_liability,105962,paid,Pim Suwanphon,true
CL001137,P008624,2022-05-08,2022-05-08,2022-06-24,theft,120468,paid,Mai Saetang,false
CL001138,P002267,2026-05-03,2026-05-13,,theft,275554,pending,View Thongdee,false
CL001139,P005292,2025-07-30,2025-07-31,2025-10-12,flood,6122340,paid,Suda Chaisawat,false
CL001140,P001792,2023-01-15,2023-01-29,2023-04-01,collision,249464,denied,Anong Srisuk,false
CL001141,P003462,2026-01-05,2026-01-15,2026-02-06,collision,764904,paid,Malee Saetang,false
CL001142,P004805,2023-07-31,2023-08-04,,third_party_liability,154963,open,Nan Thongdee,false
CL001143,P007238,2024-01-09,2024-01-14,,fire,3526963,pending,Mai Limthongkul,false
CL001144,P004339,2026-04-04,2026-04-09,,storm,41719,pending,Ploy Charoensuk,false
CL001145,P007903,2026-04-23,2026-05-07,,flood,1725262,open,Malee Thongdee,true
CL001146,P009709,2023-12-19,2023-12-28,,fire,97579,pending,Chai Srisuk,false
CL001147,P009333,2024-01-02,2024-01-13,2024-03-11,storm,1467662,paid,Nan Sukhumvit,false
CL001148,P003227,2023-12-30,2024-01-05,2024-02-07,water_damage,1112934,paid,Wichai Sangthong,false
CL001149,P005041,2023-10-22,2023-10-24,2023-12-04,theft,209700,paid,Mai Phromsiri,false
CL001150,P007455,2025-12-04,2025-12-12,2026-01-18,third_party_liability,312902,paid,Toon Watcharaphon,false
CL001151,P003169,2024-11-25,2024-11-27,2025-01-22,fire,151269,paid,Pim Charoensuk,false
CL001152,P004350,2022-10-03,2022-10-12,2022-12-16,flood,2680713,denied,Apinya Wongchai,false
CL001153,P000148,2024-09-01,2024-09-05,,fire,305230,pending,Wichai Srisuk,false
CL001154,P004943,2023-02-24,2023-03-06,2023-05-15,storm,410733,paid,Beam Sangthong,false
CL001155,P006711,2025-08-13,2025-08-21,,fire,490942,open,Toon Phromsiri,false
CL001156,P008034,2023-12-14,2023-12-21,2024-03-08,burglary,1691610,denied,Apinya Phongphan,false
CL001157,P006538,2023-11-25,2023-12-06,2024-03-04,collision,45637,paid,Apinya Thongdee,false
CL001158,P004207,2025-02-16,2025-03-02,,flood,527047,open,Bua Phutthichai,false
CL001159,P008870,2023-09-13,2023-09-13,,flood,278544,pending,Malee Phutthichai,false
CL001160,P005507,2026-04-20,2026-05-04,2026-05-25,storm,1974680,paid,Tee Inthanon,false
CL001161,P000524,2023-01-19,2023-01-19,,third_party_liability,359720,open,Praew Srisuk,false
CL001162,P002469,2024-08-23,2024-08-25,2024-10-26,third_party_liability,88739,paid,Bua Sangthong,false
CL001163,P005594,2024-06-29,2024-07-05,,fire,185225,open,Mild Kittikun,false
CL001164,P007339,2026-04-24,2026-04-26,2026-06-09,third_party_liability,480623,denied,Beam Suwanphon,false
CL001165,P001932,2026-03-23,2026-03-26,2026-05-29,third_party_liability,392756,paid,Mai Kanchanaburi,false
CL001166,P004481,2023-09-20,2023-09-23,,flood,359814,pending,Beam Phongphan,false
CL001167,P003513,2026-03-03,2026-03-03,2026-04-11,theft,68698,denied,Malee Inthanon,false
CL001168,P005421,2023-07-22,2023-07-25,,flood,2216437,pending,Suda Limthongkul,false
CL001169,P002837,2023-11-07,2023-11-17,2024-01-03,theft,136577,paid,Somchai Srisuk,false
CL001170,P005146,2024-05-25,2024-06-08,,theft,122674,pending,Mild Chaisawat,false
CL001171,P002386,2026-05-05,2026-05-18,,flood,367857,open,Apinya Watcharaphon,false
CL001172,P005821,2024-11-09,2024-11-10,,fire,134522,open,Somchai Limthongkul,false
CL001173,P003376,2024-08-05,2024-08-12,2024-09-12,water_damage,499104,paid,Malee Chaiyaporn,false
CL001174,P002407,2024-06-30,2024-06-30,2024-07-25,flood,625644,paid,Boss Phromsiri,false
CL001175,P003685,2024-01-15,2024-01-22,,collision,142972,open,Pim Wongchai,false
CL001176,P003250,2022-07-15,2022-07-28,,fire,158598,open,Bank Srisuk,false
CL001177,P005963,2026-01-26,2026-01-27,2026-04-22,collision,159371,denied,Malee Limthongkul,false
CL001178,P007440,2025-11-29,2025-11-29,2026-02-13,fire,6726762,denied,Pim Chaisawat,false
CL001179,P000977,2025-02-01,2025-02-07,2025-05-03,flood,320288,paid,Fern Chaisawat,false
CL001180,P008876,2023-06-14,2023-06-23,,collision,179366,pending,Daeng Inthanon,false
CL001181,P002351,2023-05-10,2023-05-11,2023-06-08,flood,1142642,paid,Nan Sangthong,false
CL001182,P004348,2025-11-17,2025-11-17,2026-01-01,flood,147779,paid,Mai Wongchai,true
CL001183,P003255,2024-01-29,2024-02-03,,storm,300589,open,Tawan Wongchai,false
CL001184,P008644,2024-06-11,2024-06-16,,third_party_liability,86783,pending,Toon Chaisawat,false
CL001185,P008424,2023-01-29,2023-02-10,2023-02-26,collision,197590,paid,Kanya Wongchai,false
CL001186,P006152,2023-01-31,2023-02-08,,fire,378937,pending,Mai Chaisawat,false
CL001187,P006411,2025-07-30,2025-07-30,2025-09-19,theft,525085,paid,Toon Saetang,false
CL001188,P008604,2025-01-01,2025-01-03,,collision,70085,pending,Apinya Kittikun,false
CL001189,P003825,2024-09-28,2024-10-05,2024-11-15,theft,39306,paid,Bank Rattanapan,false
CL001190,P005954,2024-10-28,2024-11-02,2025-01-31,theft,79630,paid,Beam Chaiyaporn,false
CL001191,P007546,2024-03-23,2024-03-24,2024-05-22,burglary,6093225,paid,Nan Wongchai,false
CL001192,P009417,2024-05-09,2024-05-13,2024-07-06,third_party_liability,24565,paid,Nok Saetang,false
CL001193,P001509,2024-11-03,2024-11-16,2025-01-23,burglary,419888,paid,Fern Inthanon,false
CL001194,P003668,2022-11-02,2022-11-12,,fire,91363,open,Apinya Suwanphon,false
CL001195,P009295,2023-12-17,2023-12-17,2024-01-10,water_damage,3642580,paid,View Chaiyaporn,false
CL001196,P006322,2026-03-02,2026-03-13,2026-03-31,collision,771009,paid,Nok Inthanon,false
CL001197,P009915,2023-10-21,2023-10-24,,water_damage,6854406,open,Malee Phromsiri,false
CL001198,P000551,2024-08-04,2024-08-08,2024-09-07,collision,25121,paid,Mild Chaiyaporn,false
CL001199,P006372,2025-12-01,2025-12-03,2026-01-25,flood,35679,paid,Chai Sangthong,false
CL001200,P001567,2024-11-23,2024-11-30,2025-02-25,collision,510955,paid,Chai Charoensuk,false
CL001201,P001410,2026-04-26,2026-05-02,2026-07-22,fire,215647,denied,Nok Watcharaphon,false
CL001202,P002761,2024-05-03,2024-05-12,2024-06-07,burglary,2224164,denied,Mild Sangthong,false
CL001203,P007865,2025-01-17,2025-01-29,2025-04-16,flood,265224,paid,Praew Rattanapan,false
CL001204,P005990,2022-08-05,2022-08-14,2022-11-08,collision,585261,paid,Mild Rattanapan,false
CL001205,P003124,2023-12-10,2023-12-18,2024-01-07,third_party_liability,168920,denied,Kanya Srisuk,false
CL001206,P005297,2024-10-10,2024-10-13,2024-12-09,third_party_liability,34544,denied,Tawan Phromsiri,false
CL001207,P004037,2024-07-09,2024-07-17,2024-10-03,theft,302061,paid,Tawan Charoensuk,false
CL001208,P000154,2023-01-12,2023-01-17,2023-02-19,burglary,3108730,paid,Tawan Sukhumvit,false
CL001209,P000504,2023-12-27,2023-12-29,2024-02-07,fire,115311,paid,Praew Sangthong,false
CL001210,P005299,2025-12-09,2025-12-16,,fire,379196,pending,Wichai Srisuk,false
CL001211,P001925,2024-08-12,2024-08-25,2024-09-29,third_party_liability,51367,paid,Suda Thongdee,false
CL001212,P003551,2026-03-13,2026-03-24,2026-06-16,burglary,1112336,paid,Pat Watcharaphon,false
CL001213,P003317,2023-11-06,2023-11-11,,theft,361565,open,Boss Phongphan,false
CL001214,P000680,2023-10-15,2023-10-26,2023-12-07,flood,1063528,denied,Bank Sangthong,false
CL001215,P004918,2024-02-14,2024-02-21,2024-04-02,fire,414566,paid,Mai Kanchanaburi,false
CL001216,P007065,2026-02-10,2026-02-20,2026-04-13,storm,2027441,paid,Pim Phutthichai,false
CL001217,P009721,2026-01-29,2026-02-06,2026-03-11,water_damage,113204,denied,Earth Watcharaphon,false
CL001218,P004100,2022-12-30,2023-01-10,2023-02-25,storm,842902,paid,Nan Limthongkul,false
CL001219,P000993,2025-07-09,2025-07-10,,flood,632870,pending,Malee Thongdee,false
CL001220,P004658,2024-08-03,2024-08-07,2024-08-24,fire,638932,paid,Pim Watcharaphon,false
CL001221,P006047,2023-02-02,2023-02-06,,fire,803609,pending,View Srisuk,false
CL001222,P004521,2025-03-03,2025-03-13,2025-04-25,fire,26023,paid,Suda Suwanphon,false
CL001223,P008285,2025-05-20,2025-05-25,2025-06-16,third_party_liability,175703,denied,Beam Phutthichai,false
CL001224,P009990,2023-10-28,2023-11-04,2024-01-18,fire,557401,paid,Nan Sangthong,false
CL001225,P005640,2022-04-13,2022-04-15,2022-05-02,water_damage,685458,paid,View Wongchai,false
CL001226,P003959,2023-11-05,2023-11-08,2024-01-04,fire,202881,paid,Tawan Phongphan,false
CL001227,P006284,2025-08-31,2025-09-14,2025-10-30,storm,274602,paid,Bank Limthongkul,false
CL001228,P003314,2024-08-18,2024-08-28,,water_damage,4979929,open,Kanya Thongdee,false
CL001229,P000550,2026-05-09,2026-05-21,2026-08-17,flood,359566,paid,Mai Wongchai,false
CL001230,P008036,2026-03-29,2026-04-08,2026-05-25,storm,596976,paid,Kanya Chaiyaporn,true
CL001231,P009086,2025-01-18,2025-02-01,2025-04-05,water_damage,3879676,denied,Malee Rattanapan,false
CL001232,P001155,2023-10-01,2023-10-15,,water_damage,248316,open,Apinya Suwanphon,false
CL001233,P008572,2023-05-17,2023-05-25,2023-07-03,burglary,528795,denied,Ploy Chaiyaporn,false
CL001234,P004927,2023-03-28,2023-04-09,,fire,10724,open,Anong Sukhumvit,false
CL001235,P005653,2025-10-25,2025-10-29,,flood,670116,pending,Fern Wongchai,false
CL001236,P004207,2024-02-24,2024-03-04,2024-05-30,fire,295287,paid,Niran Sangthong,false
CL001237,P004148,2025-11-28,2025-12-09,2025-12-23,third_party_liability,73982,denied,Tawan Charoensuk,false
CL001238,P005990,2022-12-16,2022-12-28,,fire,106700,pending,Tee Kittikun,false
CL001239,P006892,2023-12-02,2023-12-08,2024-03-03,collision,475174,denied,Mai Watcharaphon,false
CL001240,P008385,2024-10-02,2024-10-07,2024-12-25,water_damage,341027,paid,Nok Phutthichai,false
CL001241,P007005,2023-05-19,2023-05-26,2023-06-06,collision,127140,paid,Pim Limthongkul,false
CL001242,P003916,2025-07-02,2025-07-10,2025-07-29,collision,258537,paid,View Rattanapan,false
CL001243,P004994,2023-06-29,2023-07-13,2023-07-25,theft,413696,paid,Kanya Saetang,false
CL001244,P002783,2025-04-26,2025-05-09,,burglary,2377064,pending,Somchai Watcharaphon,false
CL001245,P005206,2023-01-10,2023-01-20,2023-02-07,burglary,270100,paid,Bank Limthongkul,false
CL001246,P006336,2023-09-10,2023-09-11,,burglary,4281713,open,Boss Chaisawat,false
CL001247,P002201,2024-01-22,2024-02-03,,storm,2533104,open,Tee Boonmee,false
CL001248,P000920,2023-03-11,2023-03-13,2023-05-02,theft,400526,paid,Bua Boonmee,false
CL001249,P002803,2026-05-10,2026-05-18,2026-08-03,fire,2386086,paid,Toon Phongphan,false
CL001250,P002996,2023-06-20,2023-06-26,,theft,524980,pending,Chai Limthongkul,false
CL001251,P008101,2024-12-18,2024-12-31,2025-01-27,theft,48675,paid,Mild Watcharaphon,false
CL001252,P008556,2026-01-20,2026-01-30,,collision,607384,open,Fern Chaiyaporn,false
CL001253,P001380,2026-01-27,2026-01-28,2026-03-14,third_party_liability,448346,paid,Niran Charoensuk,false
CL001254,P005397,2023-11-09,2023-11-20,2023-12-07,water_damage,497745,paid,Malee Phutthichai,false
CL001255,P003582,2024-01-30,2024-02-04,,collision,474700,pending,Eak Inthanon,false
CL001256,P007708,2023-06-27,2023-07-09,2023-07-16,burglary,4946475,denied,Fern Thongdee,false
CL001257,P000935,2024-06-02,2024-06-16,,flood,2373234,pending,Eak Phutthichai,true
CL001258,P008459,2024-12-23,2024-12-23,2025-03-13,flood,144140,paid,Beam Inthanon,false
CL001259,P008570,2022-12-26,2022-12-31,2023-01-12,storm,1647566,denied,Boss Chaiyaporn,false
CL001260,P002661,2023-09-10,2023-09-21,2023-12-04,flood,69041,paid,Mai Phongphan,false
CL001261,P004762,2024-03-25,2024-04-03,2024-05-05,theft,48065,paid,Chai Sangthong,false
CL001262,P008404,2023-10-03,2023-10-09,2023-12-21,flood,57672,paid,Eak Sukhumvit,false
CL001263,P001770,2024-05-15,2024-05-21,2024-07-29,burglary,1285596,paid,Pim Sukhumvit,false
CL001264,P006020,2022-11-18,2022-11-19,2023-01-28,burglary,3314986,paid,Praew Saetang,false
CL001265,P007252,2024-12-04,2024-12-10,,collision,433457,open,Earth Chaiyaporn,false
CL001266,P000552,2024-12-30,2025-01-12,,burglary,2016507,pending,Pat Rattanapan,false
CL001267,P004808,2025-11-07,2025-11-15,2026-01-05,flood,105120,paid,Anong Limthongkul,false
CL001268,P005155,2023-09-18,2023-10-02,2023-11-12,storm,2675018,paid,Earth Watcharaphon,false
CL001269,P002478,2024-01-19,2024-01-27,2024-02-08,flood,531917,paid,Apinya Kanchanaburi,false
CL001270,P001916,2023-12-21,2023-12-23,2024-02-02,third_party_liability,351727,denied,Apinya Sangthong,false
CL001271,P002653,2023-11-29,2023-11-30,2024-02-06,flood,359298,paid,Somchai Rattanapan,false
CL001272,P001257,2026-05-04,2026-05-04,2026-07-07,storm,2681403,paid,Mai Saetang,false
CL001273,P004857,2026-03-01,2026-03-13,2026-04-14,third_party_liability,81432,paid,Bank Charoensuk,false
CL001274,P003645,2025-03-26,2025-03-31,,theft,48492,pending,Mint Inthanon,false
CL001275,P003338,2023-06-17,2023-06-22,,third_party_liability,80320,open,Mild Sukhumvit,true
CL001276,P007730,2026-05-09,2026-05-16,2026-06-28,storm,981661,denied,Suda Charoensuk,false
CL001277,P009631,2023-10-20,2023-10-25,2023-12-26,theft,361511,paid,Pat Rattanapan,false
CL001278,P007823,2024-04-12,2024-04-20,2024-06-06,fire,643704,paid,Pim Chaiyaporn,false
CL001279,P005841,2022-10-23,2022-11-03,2022-11-17,burglary,3767064,denied,Beam Thongdee,false
CL001280,P006609,2026-03-30,2026-04-10,2026-07-06,flood,1408286,paid,Mild Chaiyaporn,false
CL001281,P009973,2025-07-01,2025-07-15,2025-10-05,flood,39402,paid,Ploy Sukhumvit,false
CL001282,P001195,2025-11-28,2025-12-10,2025-12-23,flood,1461253,paid,Somchai Thongdee,false
CL001283,P009309,2024-09-30,2024-10-10,2024-12-20,water_damage,124728,paid,Fern Phutthichai,false
CL001284,P005607,2026-03-29,2026-04-06,2026-05-26,fire,3958193,paid,Fern Boonmee,false
CL001285,P003624,2023-11-21,2023-11-24,2024-01-25,fire,250962,paid,Daeng Sukhumvit,false
CL001286,P004032,2023-05-10,2023-05-11,2023-07-25,flood,61282,paid,Wichai Chaiyaporn,false
CL001287,P000687,2024-04-01,2024-04-02,,theft,42602,open,Tawan Chaisawat,false
CL001288,P006189,2024-04-18,2024-04-19,2024-07-08,water_damage,2726573,paid,Malee Sangthong,true
CL001289,P001123,2025-02-05,2025-02-06,2025-02-24,fire,887196,paid,Toon Boonmee,false
CL001290,P008195,2025-11-18,2025-11-28,2025-12-06,third_party_liability,230599,paid,Toon Boonmee,false
CL001291,P006131,2025-05-31,2025-06-07,2025-06-22,theft,89642,paid,Anong Srisuk,false
CL001292,P000132,2023-05-18,2023-05-29,2023-07-27,flood,495755,paid,Suda Boonmee,false
CL001293,P004559,2025-02-02,2025-02-05,,third_party_liability,99272,pending,Chai Sangthong,false
CL001294,P003471,2024-08-28,2024-08-31,,theft,476942,pending,Nan Watcharaphon,false
CL001295,P001645,2023-01-20,2023-01-25,2023-04-05,fire,258869,paid,Anong Chaisawat,false
CL001296,P002251,2025-09-03,2025-09-07,2025-10-10,fire,57876,paid,Somchai Phromsiri,false
CL001297,P009729,2025-06-02,2025-06-08,2025-08-22,burglary,758872,paid,Earth Sukhumvit,false
CL001298,P001907,2023-09-23,2023-10-02,2023-12-23,storm,4709478,paid,Wichai Rattanapan,false
CL001299,P009119,2025-02-15,2025-02-28,2025-04-06,storm,3689409,paid,Chai Watcharaphon,false
CL001300,P009837,2023-08-11,2023-08-14,2023-10-05,collision,71345,paid,Tawan Saetang,false
CL001301,P003570,2026-01-21,2026-01-22,2026-04-02,fire,51857,paid,Praew Chaiyaporn,false
CL001302,P000109,2025-07-25,2025-08-01,2025-10-02,water_damage,2242901,paid,Bua Rattanapan,false
CL001303,P003773,2026-05-08,2026-05-17,2026-07-22,storm,4009755,paid,Boss Chaiyaporn,false
CL001304,P003938,2024-11-24,2024-11-25,2025-01-08,third_party_liability,221557,paid,Malee Saetang,false
CL001305,P009901,2024-05-10,2024-05-10,2024-05-19,collision,668648,paid,Tawan Srisuk,false
CL001306,P009959,2025-01-02,2025-01-08,2025-01-26,fire,1305706,paid,Boss Boonmee,false
CL001307,P002302,2023-04-01,2023-04-15,2023-06-27,fire,685300,paid,Mai Watcharaphon,false
CL001308,P009742,2023-09-14,2023-09-23,2023-10-03,third_party_liability,145631,paid,Kanya Sukhumvit,false
CL001309,P000005,2025-10-17,2025-10-20,,burglary,3213723,pending,Mai Thongdee,false
CL001310,P005140,2024-01-18,2024-01-18,2024-03-31,theft,143913,paid,Apinya Saetang,false
CL001311,P005474,2025-02-23,2025-02-27,2025-03-21,collision,50718,paid,Beam Charoensuk,false
CL001312,P009002,2024-12-11,2024-12-12,2025-03-04,third_party_liability,230855,paid,View Wongchai,false
CL001313,P001975,2026-03-04,2026-03-05,2026-05-19,water_damage,4780422,paid,Beam Chaiyaporn,false
CL001314,P007650,2024-03-22,2024-04-04,2024-05-11,theft,146013,paid,Boss Rattanapan,false
CL001315,P005282,2025-02-01,2025-02-04,2025-04-05,theft,325907,paid,Beam Inthanon,false
CL001316,P005219,2026-05-01,2026-05-06,2026-05-19,flood,264296,paid,Mint Thongdee,false
CL001317,P006618,2026-03-14,2026-03-27,,fire,471177,open,Niran Phongphan,false
CL001318,P006173,2026-02-18,2026-03-03,,flood,235516,pending,Chai Kittikun,false
CL001319,P008018,2026-05-14,2026-05-19,2026-07-04,collision,197195,paid,Mint Suwanphon,false
CL001320,P007013,2026-02-04,2026-02-18,2026-03-04,theft,338323,paid,Niran Kittikun,false
CL001321,P002316,2026-04-03,2026-04-12,2026-07-01,fire,103148,paid,Apinya Chaiyaporn,false
CL001322,P005922,2025-04-08,2025-04-19,2025-06-23,fire,67915,paid,Mint Thongdee,false
CL001323,P007722,2025-06-19,2025-07-03,2025-09-16,burglary,2140904,paid,Apinya Phutthichai,false
CL001324,P001352,2026-04-03,2026-04-03,2026-05-07,third_party_liability,321612,paid,Earth Sangthong,false
CL001325,P001571,2024-07-14,2024-07-25,2024-09-23,third_party_liability,159362,paid,Chai Kittikun,false
CL001326,P000101,2024-10-31,2024-11-02,,burglary,1006210,pending,Bua Thongdee,false
CL001327,P009601,2026-04-17,2026-04-23,,fire,161766,pending,Bua Chaiyaporn,false
CL001328,P006534,2024-03-08,2024-03-17,,flood,440242,open,Chai Suwanphon,false
CL001329,P001361,2025-01-12,2025-01-18,2025-02-07,theft,278708,paid,Praew Limthongkul,false
CL001330,P000374,2024-09-23,2024-09-27,2024-11-20,fire,778484,paid,Tee Watcharaphon,false
CL001331,P009590,2025-08-11,2025-08-15,2025-11-10,third_party_liability,98653,paid,Daeng Limthongkul,false
CL001332,P008672,2022-06-24,2022-07-07,2022-09-23,fire,554861,paid,Mint Phongphan,false
CL001333,P000647,2023-03-21,2023-03-28,,water_damage,889317,pending,Suda Suwanphon,false
CL001334,P005524,2023-07-28,2023-08-06,,third_party_liability,55776,pending,Anong Kanchanaburi,false
CL001335,P001211,2025-04-19,2025-04-24,2025-07-08,storm,2224187,paid,Mint Charoensuk,false
CL001336,P009972,2026-01-03,2026-01-04,2026-03-06,theft,85771,paid,Nok Srisuk,false
CL001337,P004006,2024-09-17,2024-09-24,2024-11-26,water_damage,4744906,paid,Mint Kanchanaburi,false
CL001338,P004589,2024-11-01,2024-11-10,2025-01-24,burglary,338181,paid,Fern Inthanon,false
CL001339,P006170,2026-04-17,2026-04-25,2026-05-05,flood,137002,paid,Apinya Charoensuk,false
CL001340,P001784,2024-04-05,2024-04-10,2024-04-18,flood,3601598,paid,Mint Kanchanaburi,false
CL001341,P006527,2026-05-08,2026-05-16,2026-07-14,flood,2268339,paid,Tawan Suwanphon,false
CL001342,P009525,2026-04-28,2026-05-09,2026-07-15,fire,533664,paid,Bua Suwanphon,false
CL001343,P001408,2026-02-08,2026-02-22,2026-04-14,theft,121144,paid,Mild Inthanon,false
CL001344,P008453,2023-02-11,2023-02-20,2023-03-28,collision,184713,denied,Mai Thongdee,false
CL001345,P005118,2022-12-20,2022-12-25,2023-02-24,flood,722395,denied,Tawan Sukhumvit,false
CL001346,P000982,2024-01-25,2024-02-01,2024-02-09,theft,56454,paid,Kanya Sukhumvit,false
CL001347,P008044,2023-11-13,2023-11-27,2024-01-30,burglary,1005265,paid,Mai Saetang,false
CL001348,P008523,2025-12-27,2026-01-02,,theft,71242,open,Bua Rattanapan,false
CL001349,P009401,2022-11-11,2022-11-25,2023-01-16,burglary,1054491,paid,Anong Chaiyaporn,false
CL001350,P001182,2025-06-28,2025-06-29,2025-09-09,fire,479509,paid,Beam Inthanon,false
CL001351,P004181,2022-12-21,2022-12-28,2023-02-09,theft,252698,paid,Bank Charoensuk,false
CL001352,P007134,2026-03-20,2026-03-27,2026-05-15,flood,454249,paid,Wichai Chaisawat,false
CL001353,P002515,2026-04-25,2026-05-03,,fire,65116,pending,Tawan Chaiyaporn,false
CL001354,P005088,2023-08-26,2023-08-31,,water_damage,1926776,pending,Malee Saetang,false
CL001355,P000028,2025-09-09,2025-09-13,2025-10-01,flood,479583,paid,Suda Phongphan,false
CL001356,P003289,2024-03-15,2024-03-29,,fire,286685,open,Anong Kittikun,false
CL001357,P005787,2026-03-02,2026-03-09,,theft,149299,pending,Daeng Watcharaphon,false
CL001358,P008796,2025-10-18,2025-10-20,2025-12-10,third_party_liability,313192,denied,Suda Phutthichai,false
CL001359,P001950,2024-04-01,2024-04-02,2024-06-08,burglary,2641331,paid,Kanya Sukhumvit,false
CL001360,P008842,2024-02-01,2024-02-06,2024-04-06,storm,553230,paid,Bank Charoensuk,false
CL001361,P009251,2023-11-12,2023-11-15,2023-12-22,flood,99923,denied,Toon Srisuk,false
CL001362,P004779,2024-08-12,2024-08-20,2024-10-27,burglary,926108,paid,Toon Sangthong,false
CL001363,P005328,2024-04-02,2024-04-16,2024-06-30,flood,4940758,paid,Boss Watcharaphon,false
CL001364,P009540,2024-04-23,2024-04-25,2024-07-08,burglary,2057404,paid,Anong Thongdee,false
CL001365,P008037,2024-06-01,2024-06-08,,flood,1323681,open,Bank Chaiyaporn,false
CL001366,P002968,2025-01-25,2025-01-26,2025-04-19,theft,267805,paid,Praew Charoensuk,false
CL001367,P007114,2022-07-05,2022-07-05,2022-07-16,theft,419302,paid,Kanya Chaiyaporn,false
CL001368,P008873,2024-03-11,2024-03-25,,storm,4933805,open,Nan Phongphan,false
CL001369,P007878,2025-03-28,2025-04-06,2025-04-23,fire,3362201,paid,Chai Inthanon,false
CL001370,P000974,2026-04-05,2026-04-13,2026-05-13,storm,336138,paid,Pat Saetang,false
CL001371,P007562,2025-05-31,2025-06-05,,fire,74480,open,Suda Watcharaphon,false
CL001372,P003090,2024-03-08,2024-03-18,2024-04-10,fire,345419,paid,Tee Charoensuk,false
CL001373,P009561,2026-01-29,2026-02-10,2026-04-28,third_party_liability,202075,paid,Niran Charoensuk,false
CL001374,P001782,2025-11-04,2025-11-10,,flood,279795,pending,Ploy Inthanon,false
CL001375,P006750,2022-08-15,2022-08-23,2022-11-09,flood,116939,paid,Eak Chaiyaporn,false
CL001376,P006909,2024-09-12,2024-09-26,2024-11-24,fire,22905,paid,Boss Sukhumvit,false
CL001377,P000530,2022-01-25,2022-02-08,,third_party_liability,98766,open,Tawan Inthanon,false
CL001378,P007212,2026-03-22,2026-03-25,,fire,266107,open,Fern Kittikun,false
CL001379,P009624,2022-07-07,2022-07-21,,storm,1344982,open,Kanya Kittikun,false
CL001380,P001206,2026-01-07,2026-01-19,2026-02-27,flood,490086,paid,Beam Chaiyaporn,false
CL001381,P007373,2024-03-27,2024-04-05,2024-05-17,third_party_liability,56892,denied,Eak Suwanphon,false
CL001382,P000149,2026-02-10,2026-02-14,2026-05-11,flood,107725,paid,Malee Sangthong,false
CL001383,P007450,2026-04-08,2026-04-17,,third_party_liability,433611,open,Mild Inthanon,false
CL001384,P001775,2025-05-02,2025-05-06,,flood,123407,open,Mai Srisuk,false
CL001385,P003778,2025-12-29,2026-01-09,,burglary,1056546,pending,Ploy Suwanphon,false
CL001386,P008089,2026-01-11,2026-01-11,,third_party_liability,293164,pending,Kanya Suwanphon,false
CL001387,P003845,2024-08-20,2024-08-22,2024-11-18,water_damage,3498600,paid,Beam Phromsiri,false
CL001388,P003073,2024-09-04,2024-09-05,2024-11-25,theft,450864,paid,Mild Rattanapan,false
CL001389,P006456,2025-12-13,2025-12-18,2026-03-12,fire,83847,paid,Ploy Limthongkul,false
CL001390,P007166,2024-01-06,2024-01-18,,third_party_liability,673014,pending,Suda Limthongkul,false
CL001391,P002154,2023-02-12,2023-02-18,,collision,122571,open,Daeng Wongchai,false
CL001392,P002512,2024-10-12,2024-10-23,,fire,583462,pending,Mint Phutthichai,false
CL001393,P007589,2023-07-30,2023-08-06,,collision,275597,pending,Daeng Inthanon,false
CL001394,P008084,2025-09-15,2025-09-25,2025-10-22,fire,53323,paid,Pim Srisuk,false
CL001395,P007487,2024-03-28,2024-04-10,2024-05-22,flood,363865,paid,Toon Phromsiri,false
CL001396,P004213,2026-01-27,2026-02-06,2026-03-10,flood,421911,paid,Pat Kittikun,false
CL001397,P005607,2026-04-02,2026-04-02,2026-04-29,fire,2841163,denied,Anong Srisuk,true
CL001398,P004356,2024-12-10,2024-12-16,2025-03-07,theft,313327,paid,Bua Inthanon,false
CL001399,P006135,2026-01-11,2026-01-16,,third_party_liability,124035,pending,Pat Thongdee,false
CL001400,P001435,2023-06-22,2023-06-25,2023-09-08,theft,472286,paid,Malee Srisuk,false
CL001401,P001008,2022-10-03,2022-10-10,2022-11-08,fire,425945,paid,Kanya Kanchanaburi,false
CL001402,P005574,2024-09-07,2024-09-10,,storm,1859262,pending,Tee Kanchanaburi,false
CL001403,P008210,2026-04-21,2026-04-27,2026-05-23,third_party_liability,441098,paid,Somchai Sangthong,false
CL001404,P007925,2023-07-01,2023-07-08,,water_damage,2185170,pending,Mild Chaisawat,false
CL001405,P000611,2024-02-19,2024-02-28,,fire,155315,pending,Mint Phromsiri,false
CL001406,P003626,2026-02-04,2026-02-04,2026-04-17,third_party_liability,375176,paid,Wichai Phutthichai,false
CL001407,P004269,2024-11-24,2024-11-28,2024-12-12,flood,291270,paid,View Charoensuk,false
CL001408,P005464,2025-06-08,2025-06-22,,water_damage,5460794,pending,Toon Limthongkul,false
CL001409,P003581,2023-01-16,2023-01-16,,collision,45858,pending,Niran Kittikun,false
CL001410,P009984,2026-05-12,2026-05-23,2026-08-12,theft,279202,paid,Niran Wongchai,false
CL001411,P002741,2024-02-28,2024-03-13,,fire,519663,open,Apinya Phutthichai,false
CL001412,P003902,2026-01-18,2026-01-23,2026-03-14,collision,213468,paid,Nan Phromsiri,false
CL001413,P006942,2025-09-15,2025-09-17,2025-12-01,fire,879922,paid,Wichai Kittikun,false
CL001414,P008922,2024-07-05,2024-07-19,2024-10-10,fire,72950,paid,Suda Suwanphon,false
CL001415,P006987,2024-12-14,2024-12-14,,burglary,532121,open,Bua Suwanphon,false
CL001416,P006409,2022-09-02,2022-09-05,2022-10-26,fire,547344,paid,Praew Phutthichai,false
CL001417,P003530,2025-06-08,2025-06-09,2025-06-17,flood,488862,paid,Pat Inthanon,false
CL001418,P000606,2024-07-17,2024-07-24,2024-09-03,flood,71248,denied,Ploy Phutthichai,false
CL001419,P007046,2026-01-24,2026-01-30,2026-04-04,flood,787596,paid,Kanya Chaisawat,false
CL001420,P006639,2024-04-04,2024-04-04,,third_party_liability,914054,pending,Fern Limthongkul,false
CL001421,P006263,2025-05-27,2025-05-29,2025-06-29,third_party_liability,448732,paid,Niran Suwanphon,false
CL001422,P005828,2024-05-25,2024-05-29,2024-07-14,burglary,2056546,paid,Somchai Saetang,false
CL001423,P003929,2023-11-09,2023-11-22,2024-01-25,water_damage,1975670,paid,Praew Limthongkul,false
CL001424,P002021,2023-12-24,2023-12-30,2024-01-09,third_party_liability,48949,paid,Mai Wongchai,false
CL001425,P004227,2026-04-14,2026-04-20,,theft,606932,open,Bua Limthongkul,false
CL001426,P002345,2023-09-08,2023-09-18,2023-09-29,water_damage,302126,denied,Toon Chaiyaporn,false
CL001427,P000112,2025-02-23,2025-03-01,2025-03-22,theft,88188,paid,Praew Phongphan,false
CL001428,P000784,2025-06-25,2025-07-05,,burglary,591124,pending,Bua Watcharaphon,false
CL001429,P005606,2026-04-16,2026-04-17,2026-07-12,flood,317754,paid,Pat Phromsiri,false
CL001430,P005448,2026-01-18,2026-01-19,2026-04-08,third_party_liability,301996,denied,Nan Sukhumvit,false
CL001431,P005183,2025-04-23,2025-05-06,2025-07-17,theft,319177,paid,Anong Suwanphon,false
CL001432,P002488,2025-09-21,2025-09-22,2025-11-02,third_party_liability,51639,denied,Boss Thongdee,false
CL001433,P007183,2025-05-31,2025-06-11,2025-07-05,flood,873545,paid,Earth Limthongkul,false
CL001434,P008064,2022-03-15,2022-03-16,,fire,399796,open,View Srisuk,false
CL001435,P009708,2026-01-10,2026-01-23,2026-01-31,theft,821668,paid,Tawan Charoensuk,false
CL001436,P002424,2024-02-12,2024-02-13,2024-04-06,theft,231514,paid,View Inthanon,false
CL001437,P007628,2026-01-06,2026-01-14,2026-02-17,flood,4010796,denied,Bank Saetang,false
CL001438,P008510,2024-11-07,2024-11-20,2024-12-11,third_party_liability,240701,paid,Niran Wongchai,false
CL001439,P007521,2026-04-04,2026-04-06,2026-06-28,third_party_liability,779958,paid,View Wongchai,false
CL001440,P003830,2024-03-28,2024-04-08,2024-06-15,fire,671219,denied,View Thongdee,false
CL001441,P000584,2024-06-10,2024-06-13,,fire,578879,open,Anong Sukhumvit,false
CL001442,P002605,2024-08-16,2024-08-27,2024-10-10,collision,643985,paid,Earth Chaisawat,false
CL001443,P002937,2023-11-02,2023-11-03,2024-01-30,fire,186012,paid,Somchai Charoensuk,false
CL001444,P001185,2023-07-26,2023-08-06,,fire,6249093,pending,Apinya Wongchai,false
CL001445,P006703,2023-10-25,2023-10-25,,storm,1664871,pending,Eak Phongphan,false
CL001446,P008331,2023-01-15,2023-01-16,,collision,572328,pending,Nok Chaisawat,false
CL001447,P004655,2023-07-31,2023-08-12,2023-09-01,collision,7327,paid,Nan Phutthichai,false
CL001448,P004898,2024-05-20,2024-05-20,2024-07-01,theft,51364,paid,Nan Inthanon,false
CL001449,P008555,2026-04-02,2026-04-03,,collision,243963,open,Somchai Saetang,false
CL001450,P000085,2023-06-30,2023-07-01,,theft,46477,pending,Mai Suwanphon,false
CL001451,P003067,2025-04-28,2025-04-30,2025-07-28,fire,348141,denied,Malee Sukhumvit,false
CL001452,P002790,2025-01-15,2025-01-18,2025-03-07,collision,523677,paid,Praew Suwanphon,false
CL001453,P001070,2026-02-18,2026-03-02,2026-05-09,fire,473866,paid,Mai Limthongkul,false
CL001454,P003237,2025-01-12,2025-01-25,2025-03-20,collision,201219,denied,Mai Wongchai,false
CL001455,P000100,2022-09-10,2022-09-18,2022-10-29,fire,35885,paid,Wichai Inthanon,false
CL001456,P007118,2025-05-21,2025-06-03,2025-06-12,third_party_liability,632163,denied,Beam Sangthong,false
CL001457,P006930,2026-02-19,2026-03-04,,collision,103358,pending,Wichai Chaisawat,false
CL001458,P001480,2023-11-17,2023-11-23,,flood,488705,open,Suda Sangthong,false
CL001459,P008148,2024-04-09,2024-04-18,,third_party_liability,122901,pending,Anong Wongchai,false
CL001460,P006782,2025-03-21,2025-04-03,2025-04-18,burglary,279425,paid,Malee Chaisawat,false
CL001461,P003449,2026-02-18,2026-03-03,2026-03-27,collision,60193,paid,Mai Wongchai,false
CL001462,P007192,2024-08-09,2024-08-21,2024-09-19,fire,5585836,paid,Bank Srisuk,false
CL001463,P007534,2024-07-25,2024-07-26,2024-10-15,flood,99980,paid,Mai Suwanphon,false
CL001464,P009763,2022-04-18,2022-04-18,2022-05-09,fire,95343,paid,View Chaiyaporn,false
CL001465,P005986,2023-03-01,2023-03-15,2023-04-25,burglary,3126304,denied,Somchai Charoensuk,false
CL001466,P004607,2025-07-28,2025-07-30,2025-10-12,water_damage,1012342,paid,Praew Charoensuk,false
CL001467,P008099,2024-06-16,2024-06-24,2024-09-01,theft,163736,paid,Earth Kittikun,false
CL001468,P009322,2025-01-29,2025-02-06,,collision,87272,pending,Tee Chaisawat,false
CL001469,P000819,2023-11-27,2023-12-01,2024-01-25,water_damage,578405,paid,Somchai Sukhumvit,false
CL001470,P004844,2023-11-19,2023-11-30,,third_party_liability,282240,open,Ploy Kittikun,false
CL001471,P003781,2024-02-08,2024-02-20,2024-03-02,theft,38471,paid,Fern Phongphan,false
CL001472,P008367,2026-05-02,2026-05-10,2026-06-23,collision,130839,paid,Malee Inthanon,false
CL001473,P006916,2026-03-03,2026-03-16,,water_damage,1019267,open,Mai Boonmee,false
CL001474,P001081,2023-10-26,2023-10-30,,water_damage,1849452,open,Suda Chaisawat,false
CL001475,P002861,2024-07-10,2024-07-20,2024-08-13,collision,654850,paid,Mild Sangthong,false
CL001476,P006722,2024-08-25,2024-08-25,2024-11-03,flood,133169,paid,Wichai Kittikun,false
CL001477,P007885,2026-03-16,2026-03-29,2026-05-10,fire,126387,paid,Toon Phongphan,false
CL001478,P007240,2024-12-20,2024-12-31,2025-02-19,collision,351338,paid,Mint Sukhumvit,false
CL001479,P000248,2026-05-02,2026-05-06,,fire,242600,pending,View Phutthichai,false
CL001480,P007148,2024-09-01,2024-09-03,2024-11-24,burglary,2554565,paid,Tawan Srisuk,false
CL001481,P004065,2024-12-15,2024-12-26,2025-01-19,third_party_liability,231757,paid,Nok Sangthong,false
CL001482,P000263,2024-05-10,2024-05-13,,storm,2468689,open,Bua Suwanphon,false
CL001483,P000159,2025-06-13,2025-06-26,2025-07-11,water_damage,895286,paid,Boss Rattanapan,false
CL001484,P003815,2024-09-20,2024-09-23,,collision,94958,open,Beam Watcharaphon,false
CL001485,P001993,2025-06-16,2025-06-30,,theft,619349,open,Niran Phongphan,false
CL001486,P008280,2023-09-16,2023-09-30,2023-11-18,storm,926603,paid,Pat Boonmee,false
CL001487,P005290,2026-05-08,2026-05-19,,collision,95146,pending,Suda Phromsiri,false
CL001488,P000472,2023-11-15,2023-11-22,2023-12-02,fire,61466,paid,Daeng Sangthong,false
CL001489,P008310,2023-04-17,2023-04-26,2023-05-20,fire,3242264,paid,Pim Phromsiri,false
CL001490,P004828,2023-08-20,2023-09-01,2023-11-06,fire,113246,paid,Tee Inthanon,false
CL001491,P001147,2026-02-17,2026-03-03,,third_party_liability,21631,pending,View Sukhumvit,false
CL001492,P007819,2024-02-21,2024-02-29,,third_party_liability,68068,pending,Kanya Boonmee,false
CL001493,P008446,2025-05-04,2025-05-14,2025-06-19,theft,135192,paid,Beam Sukhumvit,false
CL001494,P008569,2025-06-08,2025-06-19,,water_damage,3969792,open,Bua Wongchai,false
CL001495,P003878,2023-09-25,2023-10-07,2023-12-19,flood,516604,paid,Niran Inthanon,false
CL001496,P003915,2024-05-29,2024-05-31,2024-07-11,theft,687611,paid,Somchai Limthongkul,false
CL001497,P009575,2023-03-08,2023-03-20,,flood,2421174,pending,Niran Sukhumvit,false
CL001498,P000221,2023-12-26,2024-01-06,2024-02-07,flood,555035,paid,Earth Phromsiri,false
CL001499,P001865,2026-04-25,2026-04-28,2026-05-21,fire,831962,paid,View Suwanphon,false
CL001500,P009185,2025-11-14,2025-11-18,,flood,78649,open,Tee Limthongkul,false
CL001501,P001684,2022-08-23,2022-09-04,2022-11-14,flood,67976,paid,Malee Chaiyaporn,false
CL001502,P009816,2024-11-30,2024-12-04,2025-02-16,third_party_liability,83606,paid,Praew Kittikun,false
CL001503,P007328,2025-02-14,2025-02-16,2025-02-25,third_party_liability,313980,paid,Praew Rattanapan,false
CL001504,P004920,2023-11-27,2023-12-11,,fire,461187,open,Kanya Watcharaphon,false
CL001505,P008275,2024-10-15,2024-10-20,,fire,48781,pending,Bank Charoensuk,false
CL001506,P009338,2025-10-20,2025-11-03,,flood,317607,open,Mai Phongphan,false
CL001507,P007096,2025-07-09,2025-07-09,2025-08-18,theft,402805,paid,Fern Thongdee,false
CL001508,P003052,2025-02-10,2025-02-19,,collision,258860,open,Nok Rattanapan,false
CL001509,P008279,2023-07-11,2023-07-19,2023-08-05,collision,117465,paid,Suda Sangthong,false
CL001510,P009414,2024-01-28,2024-02-10,2024-03-13,third_party_liability,592782,paid,Malee Kittikun,true
CL001511,P003523,2024-12-22,2025-01-02,2025-03-27,collision,24805,paid,Kanya Watcharaphon,false
CL001512,P004480,2023-09-26,2023-10-04,,fire,556048,open,Malee Saetang,false
CL001513,P005905,2025-05-28,2025-05-28,,storm,1274667,pending,Mild Inthanon,false
CL001514,P006574,2026-03-13,2026-03-16,2026-06-08,collision,123250,paid,Pim Phutthichai,false
CL001515,P002944,2024-03-10,2024-03-10,2024-04-12,burglary,2335787,paid,View Thongdee,false
CL001516,P004418,2025-02-27,2025-02-28,2025-05-29,flood,52387,paid,Fern Sangthong,false
CL001517,P007324,2025-10-24,2025-10-27,2025-12-27,flood,946772,paid,Suda Inthanon,false
CL001518,P001979,2023-02-11,2023-02-14,,flood,33957,pending,Earth Saetang,false
CL001519,P004471,2023-04-25,2023-05-09,,collision,33820,open,Bua Kittikun,false
CL001520,P003686,2025-05-30,2025-06-02,2025-07-07,fire,379750,paid,Ploy Charoensuk,false
CL001521,P003643,2025-07-17,2025-07-30,2025-09-19,storm,154865,paid,Nok Phongphan,false
CL001522,P005002,2023-12-20,2024-01-03,2024-03-10,fire,589508,paid,Eak Charoensuk,true
CL001523,P005297,2024-08-03,2024-08-14,2024-09-30,collision,229619,paid,Beam Wongchai,false
CL001524,P005702,2023-12-08,2023-12-18,2024-02-15,flood,458499,denied,Boss Rattanapan,false
CL001525,P003658,2023-05-15,2023-05-21,2023-06-05,fire,36026,paid,Malee Chaisawat,false
CL001526,P002356,2024-03-28,2024-04-03,,burglary,4790492,open,Tawan Rattanapan,false
CL001527,P006939,2023-11-07,2023-11-09,,collision,230442,pending,Boss Saetang,false
CL001528,P000814,2024-01-09,2024-01-10,2024-02-17,flood,522704,paid,Anong Inthanon,false
CL001529,P008199,2024-12-05,2024-12-12,,fire,89062,pending,Anong Saetang,false
CL001530,P008441,2025-06-22,2025-06-22,,third_party_liability,86976,pending,Nok Saetang,false
CL001531,P007074,2024-06-11,2024-06-11,,fire,663203,open,Kanya Inthanon,false
CL001532,P009105,2022-06-27,2022-07-09,,collision,132167,pending,Wichai Phongphan,false
CL001533,P007295,2023-08-03,2023-08-12,2023-11-09,theft,408768,paid,Chai Srisuk,false
CL001534,P003188,2025-12-06,2025-12-13,2026-03-01,burglary,5133415,paid,Tee Boonmee,false
CL001535,P001685,2023-06-26,2023-07-09,,flood,215152,pending,Fern Phongphan,false
CL001536,P002099,2023-12-29,2023-12-31,2024-03-10,theft,152215,paid,Mai Inthanon,false
CL001537,P002143,2025-02-02,2025-02-02,,fire,151501,open,Anong Phutthichai,false
CL001538,P004959,2022-04-21,2022-04-23,2022-07-18,collision,697570,denied,Suda Phongphan,false
CL001539,P000357,2022-12-03,2022-12-06,2022-12-13,fire,1936560,denied,Fern Rattanapan,false
CL001540,P008352,2024-06-07,2024-06-15,2024-07-16,flood,342921,paid,Apinya Phongphan,false
CL001541,P009135,2026-02-24,2026-03-01,2026-05-07,collision,510357,paid,Apinya Boonmee,false
CL001542,P001963,2024-06-26,2024-06-29,,collision,712759,pending,Tawan Srisuk,false
CL001543,P004467,2025-08-21,2025-09-01,2025-11-24,burglary,556237,denied,Malee Thongdee,false
CL001544,P000238,2023-09-06,2023-09-12,2023-10-11,fire,189214,denied,View Suwanphon,false
CL001545,P009049,2026-04-08,2026-04-12,2026-05-06,fire,3815826,paid,Ploy Thongdee,false
CL001546,P003627,2024-03-08,2024-03-08,2024-04-28,third_party_liability,489029,paid,Nok Sukhumvit,false
CL001547,P008928,2023-09-27,2023-10-01,,flood,6969095,open,Niran Srisuk,false
CL001548,P005702,2024-07-13,2024-07-19,2024-10-15,flood,460789,denied,Pim Thongdee,false
CL001549,P009786,2024-08-18,2024-08-18,2024-09-25,fire,761696,paid,Eak Suwanphon,false
CL001550,P005938,2024-09-17,2024-09-27,2024-10-14,third_party_liability,200000,denied,Wichai Saetang,false
CL001551,P009661,2024-09-16,2024-09-30,2024-12-11,storm,154898,paid,Mild Sukhumvit,false
CL001552,P004817,2023-07-23,2023-07-31,,theft,214371,pending,Toon Inthanon,false
CL001553,P005420,2025-10-09,2025-10-13,,collision,110842,open,Nok Rattanapan,false
CL001554,P000813,2023-01-30,2023-02-02,2023-05-03,theft,337271,denied,Apinya Watcharaphon,false
CL001555,P009987,2024-07-21,2024-07-30,2024-09-18,third_party_liability,671478,paid,Bua Chaisawat,false
CL001556,P004222,2026-03-31,2026-04-08,,burglary,7227520,open,Bank Watcharaphon,false
CL001557,P000014,2024-06-17,2024-06-17,2024-08-14,collision,56813,paid,Tawan Thongdee,false
CL001558,P004253,2025-02-21,2025-02-22,2025-04-18,theft,16838,paid,Fern Saetang,false
CL001559,P003715,2026-02-22,2026-03-08,2026-03-25,third_party_liability,232774,paid,Beam Wongchai,false
CL001560,P007125,2025-05-13,2025-05-19,,theft,64659,pending,Ploy Rattanapan,false
CL001561,P004626,2023-09-12,2023-09-14,2023-11-11,flood,4608124,paid,Earth Watcharaphon,false
CL001562,P000432,2026-03-03,2026-03-08,2026-04-17,third_party_liability,418843,paid,Praew Suwanphon,false
CL001563,P008728,2024-11-08,2024-11-21,2024-12-19,fire,95141,paid,Tawan Charoensuk,false
CL001564,P003786,2024-10-08,2024-10-22,2024-12-24,fire,172223,paid,Daeng Inthanon,false
CL001565,P000631,2024-02-03,2024-02-14,2024-04-26,third_party_liability,381658,paid,Boss Charoensuk,false
CL001566,P009769,2026-04-28,2026-05-12,2026-06-21,theft,356926,paid,Nan Suwanphon,false
CL001567,P008643,2023-10-28,2023-11-04,2024-01-12,theft,31217,paid,Somchai Rattanapan,false
CL001568,P009005,2024-10-14,2024-10-14,2024-11-06,fire,3638181,paid,Beam Sukhumvit,false
CL001569,P005447,2025-11-21,2025-11-21,2026-02-17,theft,480302,paid,Mint Thongdee,false
CL001570,P009502,2025-09-11,2025-09-21,2025-10-18,theft,112763,paid,Pat Kanchanaburi,false
CL001571,P002119,2025-03-02,2025-03-08,,third_party_liability,85395,pending,Fern Srisuk,false
CL001572,P008881,2025-09-20,2025-09-29,2025-12-23,flood,1494258,paid,Bank Inthanon,false
CL001573,P002439,2024-04-24,2024-05-07,2024-06-11,flood,576922,paid,Tawan Kittikun,false
CL001574,P001297,2026-03-03,2026-03-17,2026-05-16,fire,899746,paid,Nan Limthongkul,false
CL001575,P001346,2024-06-18,2024-06-23,,fire,4421156,open,Niran Kanchanaburi,false
CL001576,P007961,2025-09-22,2025-10-01,2025-10-23,collision,90977,paid,Ploy Boonmee,false
CL001577,P008319,2026-04-17,2026-04-24,,flood,254037,open,Pim Srisuk,false
CL001578,P008937,2024-03-24,2024-03-25,,third_party_liability,637577,pending,Somchai Wongchai,false
CL001579,P006073,2025-07-20,2025-08-01,2025-09-21,flood,4940057,paid,Anong Boonmee,false
CL001580,P000170,2022-10-01,2022-10-08,,flood,432792,open,Mint Kanchanaburi,false
CL001581,P003049,2024-02-09,2024-02-18,,water_damage,1704126,pending,Mai Rattanapan,false
CL001582,P005743,2026-05-01,2026-05-02,2026-07-06,flood,431234,paid,Tee Phongphan,false
CL001583,P004998,2026-04-26,2026-04-28,2026-07-04,collision,515711,paid,Kanya Sukhumvit,false
CL001584,P009824,2025-12-02,2025-12-05,2026-03-04,flood,78243,paid,Bua Boonmee,false
CL001585,P008776,2025-12-16,2025-12-24,2026-03-17,fire,21483,paid,Niran Limthongkul,true
CL001586,P001651,2025-04-12,2025-04-16,2025-05-27,fire,346687,paid,Tawan Charoensuk,false
CL001587,P003945,2023-12-31,2024-01-02,2024-03-23,third_party_liability,88062,paid,Anong Kanchanaburi,false
CL001588,P005220,2025-01-25,2025-02-01,2025-03-08,third_party_liability,172663,paid,Toon Boonmee,false
CL001589,P009156,2023-12-04,2023-12-18,2024-03-16,storm,4324731,paid,Suda Thongdee,false
CL001590,P001963,2024-02-02,2024-02-14,2024-03-08,third_party_liability,496601,paid,View Watcharaphon,false
CL001591,P004688,2025-07-20,2025-07-31,2025-08-13,fire,3606154,paid,Nan Kanchanaburi,false
CL001592,P002044,2025-10-09,2025-10-23,2025-11-28,third_party_liability,174297,paid,Tawan Saetang,false
CL001593,P005129,2023-12-20,2023-12-29,2024-01-14,fire,5648196,paid,Nan Charoensuk,false
CL001594,P001138,2024-02-13,2024-02-17,2024-04-07,third_party_liability,113710,paid,Mint Boonmee,false
CL001595,P008586,2024-10-30,2024-11-12,2025-01-24,flood,343572,paid,Bua Srisuk,false
CL001596,P002571,2023-06-19,2023-06-20,,collision,474136,open,Mai Rattanapan,false
CL001597,P002202,2023-12-23,2024-01-06,2024-01-18,third_party_liability,319175,paid,Niran Inthanon,false
CL001598,P000604,2024-09-19,2024-09-23,,flood,6587262,pending,Bank Chaiyaporn,false
CL001599,P005213,2023-06-01,2023-06-15,2023-09-06,flood,30444,paid,Pim Sukhumvit,false
CL001600,P008089,2026-02-23,2026-02-27,,theft,181872,pending,Kanya Watcharaphon,false
CL001601,P000861,2025-10-12,2025-10-19,2025-11-16,storm,516671,paid,Fern Saetang,false
CL001602,P004303,2026-05-06,2026-05-07,2026-06-11,third_party_liability,198490,paid,Pat Limthongkul,false
CL001603,P004310,2023-08-18,2023-08-20,2023-09-22,third_party_liability,911458,paid,Anong Rattanapan,false
CL001604,P004936,2024-09-18,2024-09-21,2024-12-09,flood,99550,paid,Malee Kanchanaburi,false
CL001605,P003812,2024-07-02,2024-07-05,,fire,391685,pending,Nok Phutthichai,false
CL001606,P007507,2025-02-03,2025-02-10,2025-02-24,theft,446383,paid,Nok Wongchai,false
CL001607,P009006,2023-09-16,2023-09-30,2023-10-28,fire,5129830,paid,View Chaisawat,false
CL001608,P000493,2026-04-16,2026-04-29,,flood,4907994,pending,Eak Wongchai,false
CL001609,P005064,2026-04-10,2026-04-15,,flood,420002,open,Boss Saetang,false
CL001610,P001954,2024-11-06,2024-11-18,2025-01-20,fire,176308,paid,Malee Chaiyaporn,false
CL001611,P007974,2026-02-07,2026-02-13,2026-04-10,flood,549116,paid,Eak Charoensuk,false
CL001612,P006119,2026-04-26,2026-05-06,2026-06-10,theft,248921,paid,Malee Kanchanaburi,false
CL001613,P002274,2025-03-21,2025-03-30,2025-05-04,flood,7491509,paid,Mint Phromsiri,false
CL001614,P003916,2026-02-10,2026-02-10,2026-05-09,flood,156905,paid,Pim Phutthichai,false
CL001615,P005050,2023-06-18,2023-06-30,,fire,47313,open,Kanya Inthanon,false
CL001616,P004184,2025-03-01,2025-03-06,2025-05-25,collision,299663,paid,Somchai Kittikun,false
CL001617,P003416,2025-07-10,2025-07-24,,flood,372743,pending,Chai Srisuk,false
CL001618,P004133,2026-01-02,2026-01-04,,flood,127142,pending,Ploy Phutthichai,false
CL001619,P000216,2024-03-12,2024-03-13,,flood,113946,open,Nan Suwanphon,false
CL001620,P005924,2024-02-21,2024-02-24,2024-03-02,collision,247618,paid,Tee Rattanapan,false
CL001621,P006916,2026-04-14,2026-04-24,2026-07-03,water_damage,916024,paid,Chai Inthanon,false
CL001622,P004191,2025-11-05,2025-11-11,2025-11-21,storm,507603,paid,Mai Thongdee,false
CL001623,P000099,2024-01-02,2024-01-13,2024-03-29,fire,699570,paid,Pat Wongchai,false
CL001624,P001404,2023-05-13,2023-05-19,2023-07-09,flood,3969206,paid,Eak Chaiyaporn,false
CL001625,P002825,2024-08-13,2024-08-22,2024-10-24,fire,77823,paid,Bank Suwanphon,false
CL001626,P009742,2023-05-12,2023-05-22,,flood,42919,pending,Niran Kittikun,false
CL001627,P003062,2026-04-23,2026-05-02,2026-05-21,fire,51131,paid,Suda Wongchai,false
CL001628,P006287,2024-08-22,2024-08-26,,flood,3889048,open,Malee Suwanphon,false
CL001629,P008005,2025-07-13,2025-07-25,2025-08-29,flood,83056,paid,Fern Chaisawat,false
CL001630,P003546,2025-08-10,2025-08-13,2025-08-24,collision,321129,paid,Tee Saetang,false
CL001631,P004384,2024-03-18,2024-03-29,2024-05-09,collision,107100,paid,Somchai Charoensuk,false
CL001632,P009485,2023-09-24,2023-10-04,2023-11-02,burglary,3653822,paid,Somchai Phongphan,false
CL001633,P001172,2023-12-09,2023-12-16,2024-01-30,fire,2847417,paid,Fern Wongchai,false
CL001634,P000660,2025-11-19,2025-11-25,2026-02-09,flood,435177,paid,Eak Sangthong,false
CL001635,P004484,2025-12-16,2025-12-19,2026-01-22,fire,90457,paid,Daeng Chaisawat,false
CL001636,P005298,2023-03-20,2023-03-29,2023-05-09,storm,1243326,paid,Bank Inthanon,false
CL001637,P001583,2026-02-22,2026-03-05,2026-05-02,flood,494948,paid,Apinya Suwanphon,false
CL001638,P005461,2024-12-15,2024-12-21,2025-02-21,collision,218518,paid,Bua Boonmee,true
CL001639,P008179,2024-11-03,2024-11-16,,flood,207501,pending,Niran Chaiyaporn,false
CL001640,P006621,2024-09-30,2024-10-10,2024-10-21,flood,790124,paid,Somchai Kanchanaburi,false
CL001641,P001308,2025-09-09,2025-09-17,,burglary,1933263,pending,Toon Boonmee,false
CL001642,P005045,2025-12-31,2026-01-07,,third_party_liability,91248,open,Bua Sangthong,false
CL001643,P006225,2026-01-24,2026-02-06,2026-03-11,fire,98589,paid,Apinya Srisuk,false
CL001644,P009428,2023-06-08,2023-06-20,2023-07-25,water_damage,69034,paid,Wichai Limthongkul,false
CL001645,P003265,2023-06-26,2023-06-30,2023-08-03,flood,127416,denied,Mild Limthongkul,false
CL001646,P003052,2025-02-23,2025-02-25,2025-04-22,fire,372972,paid,Boss Watcharaphon,false
CL001647,P007522,2024-11-14,2024-11-16,2024-12-12,fire,137915,paid,Suda Sukhumvit,false
CL001648,P009278,2024-01-01,2024-01-05,2024-02-15,collision,41497,paid,Mai Charoensuk,true
CL001649,P001173,2023-11-23,2023-11-30,,fire,2996490,open,Nan Saetang,false
CL001650,P002262,2023-03-19,2023-03-27,2023-06-05,third_party_liability,851361,paid,View Kanchanaburi,false
CL001651,P008795,2024-11-06,2024-11-18,2024-12-06,theft,166307,paid,Wichai Srisuk,false
CL001652,P002842,2025-10-21,2025-11-01,2025-11-08,flood,863910,paid,Nok Watcharaphon,false
CL001653,P005944,2024-01-13,2024-01-20,,third_party_liability,96794,pending,Somchai Suwanphon,false
CL001654,P007580,2024-08-29,2024-09-05,2024-11-01,flood,309812,paid,Toon Sukhumvit,false
CL001655,P002982,2026-02-22,2026-03-07,2026-05-22,third_party_liability,25901,paid,Bank Saetang,false
CL001656,P003353,2026-03-04,2026-03-16,2026-04-02,third_party_liability,615037,paid,Boss Chaiyaporn,false
CL001657,P004346,2024-07-13,2024-07-21,2024-09-28,flood,2060668,paid,Tee Chaiyaporn,false
CL001658,P001436,2023-05-26,2023-06-08,2023-07-21,theft,43521,paid,Tawan Phromsiri,false
CL001659,P005138,2025-08-06,2025-08-20,2025-10-31,fire,1151322,paid,View Chaiyaporn,false
CL001660,P009306,2023-03-10,2023-03-24,2023-04-18,third_party_liability,158881,paid,Ploy Suwanphon,false
CL001661,P000568,2022-06-18,2022-06-24,,third_party_liability,36702,pending,Bank Boonmee,false
CL001662,P006429,2024-11-06,2024-11-14,2024-12-25,collision,213318,paid,Niran Rattanapan,false
CL001663,P008675,2024-01-26,2024-02-01,2024-04-08,collision,136620,paid,Somchai Phongphan,false
CL001664,P006900,2026-03-18,2026-03-18,2026-06-01,fire,176135,paid,Nok Phongphan,false
CL001665,P003054,2025-06-10,2025-06-16,2025-06-24,fire,394816,paid,Toon Watcharaphon,false
CL001666,P001654,2024-09-22,2024-09-24,,flood,2690050,pending,Wichai Wongchai,false
CL001667,P000665,2022-07-09,2022-07-12,2022-08-25,flood,25021,paid,Toon Saetang,false
CL001668,P006881,2024-05-11,2024-05-13,2024-07-20,theft,367803,paid,Nok Charoensuk,false
CL001669,P009712,2022-10-14,2022-10-17,,storm,3672232,pending,Mai Inthanon,false
CL001670,P000489,2023-12-10,2023-12-15,2024-02-29,collision,512000,paid,Daeng Phromsiri,false
CL001671,P008374,2026-03-05,2026-03-08,2026-05-29,fire,205826,paid,Toon Phromsiri,false
CL001672,P003298,2026-02-03,2026-02-07,,third_party_liability,980968,open,Beam Kittikun,false
CL001673,P007543,2025-12-22,2025-12-24,2026-02-10,collision,656675,paid,Tawan Phutthichai,false
CL001674,P001790,2023-04-19,2023-04-26,2023-06-30,fire,35789,paid,Wichai Chaisawat,false
CL001675,P009642,2025-02-28,2025-03-13,2025-04-02,burglary,2509030,paid,Niran Phutthichai,false
CL001676,P003868,2024-05-20,2024-05-27,2024-07-13,theft,587022,paid,Tee Chaiyaporn,false
CL001677,P002733,2023-10-17,2023-10-30,,flood,109056,pending,Beam Sukhumvit,false
CL001678,P006030,2022-11-14,2022-11-19,2022-11-30,burglary,810937,paid,Daeng Phongphan,true
CL001679,P001776,2026-03-22,2026-03-23,,collision,31183,pending,Pat Chaisawat,false
CL001680,P008709,2024-06-07,2024-06-20,2024-07-22,flood,271000,paid,Chai Sukhumvit,false
CL001681,P003558,2024-05-17,2024-05-20,2024-07-18,collision,229944,paid,Wichai Inthanon,false
CL001682,P003067,2025-05-18,2025-05-23,,water_damage,455080,open,Somchai Chaiyaporn,false
CL001683,P007576,2024-11-18,2024-11-30,2025-01-08,burglary,3615322,paid,Nan Sangthong,false
CL001684,P001414,2026-05-03,2026-05-04,2026-07-20,flood,159649,paid,Chai Watcharaphon,false
CL001685,P003487,2025-10-24,2025-11-02,2026-01-21,third_party_liability,489352,denied,View Charoensuk,false
CL001686,P003404,2023-03-03,2023-03-11,2023-03-21,fire,650755,paid,Mint Saetang,false
CL001687,P000237,2024-01-02,2024-01-13,2024-01-27,flood,452761,paid,Pim Srisuk,false
CL001688,P009240,2023-09-03,2023-09-03,2023-11-16,flood,662407,paid,Somchai Phutthichai,false
CL001689,P003646,2026-01-15,2026-01-27,2026-03-07,third_party_liability,192793,paid,Apinya Kittikun,false
CL001690,P005607,2026-04-22,2026-04-24,2026-06-17,flood,4259880,paid,Bua Kittikun,false
CL001691,P004614,2023-11-08,2023-11-08,,storm,2875815,pending,Apinya Watcharaphon,false
CL001692,P008677,2024-08-04,2024-08-05,2024-08-30,theft,376282,paid,Nan Suwanphon,true
CL001693,P009205,2024-02-15,2024-02-16,2024-03-01,collision,312072,denied,Nan Boonmee,false
CL001694,P004998,2026-04-14,2026-04-24,2026-06-18,collision,650125,paid,Fern Limthongkul,false
CL001695,P005079,2023-08-11,2023-08-16,2023-10-02,collision,457710,paid,Earth Thongdee,true
CL001696,P006399,2024-09-25,2024-10-09,2024-12-18,water_damage,763917,denied,Mint Rattanapan,false
CL001697,P004935,2023-02-25,2023-03-04,,theft,717230,pending,Toon Wongchai,false
CL001698,P008283,2026-04-22,2026-04-22,2026-07-17,burglary,1158693,paid,Wichai Saetang,false
CL001699,P009754,2026-02-10,2026-02-18,2026-03-16,collision,366941,paid,Wichai Wongchai,false
CL001700,P002029,2023-06-13,2023-06-22,2023-08-24,theft,284450,paid,Beam Phutthichai,false
CL001701,P007288,2025-03-17,2025-03-27,2025-04-22,third_party_liability,580179,paid,Praew Phongphan,false
CL001702,P002038,2024-06-01,2024-06-08,,theft,59563,pending,Anong Inthanon,false
CL001703,P002536,2025-12-20,2025-12-20,2026-03-19,third_party_liability,280936,denied,Earth Phromsiri,false
CL001704,P000183,2026-04-25,2026-05-04,2026-06-08,flood,350515,denied,Tawan Phutthichai,false
CL001705,P006554,2025-03-23,2025-04-03,,flood,2026101,open,Daeng Charoensuk,false
CL001706,P003304,2024-09-02,2024-09-02,2024-10-10,flood,164009,paid,Daeng Inthanon,false
CL001707,P004279,2026-01-01,2026-01-07,,fire,915505,open,Beam Inthanon,false
CL001708,P002313,2024-07-13,2024-07-18,2024-08-15,third_party_liability,258038,paid,Toon Watcharaphon,false
CL001709,P000732,2023-08-18,2023-08-30,2023-11-28,theft,291955,paid,Earth Charoensuk,false
CL001710,P008831,2025-09-13,2025-09-24,2025-12-17,theft,637123,paid,Nok Inthanon,false
CL001711,P003056,2025-07-11,2025-07-14,2025-09-26,fire,573701,paid,Toon Limthongkul,false
CL001712,P002159,2025-12-21,2025-12-26,2026-01-03,theft,421265,denied,Niran Wongchai,false
CL001713,P009729,2024-11-15,2024-11-23,2025-01-18,storm,2538167,paid,Praew Charoensuk,false
CL001714,P009228,2023-07-01,2023-07-13,,theft,201605,open,Mild Phutthichai,false
CL001715,P000591,2023-09-12,2023-09-19,2023-10-26,theft,335238,paid,Mai Sangthong,false
CL001716,P008776,2025-12-11,2025-12-21,2026-02-06,theft,94357,paid,Ploy Rattanapan,false
CL001717,P000815,2024-11-19,2024-11-23,2024-12-21,theft,74765,denied,Chai Kanchanaburi,false
CL001718,P007614,2025-10-17,2025-10-22,,water_damage,1063571,open,Nan Chaisawat,false
CL001719,P009361,2026-02-22,2026-02-26,,theft,87498,pending,Anong Wongchai,false
CL001720,P004137,2022-03-21,2022-03-25,,theft,30570,open,Ploy Phromsiri,false
CL001721,P003764,2024-08-25,2024-08-30,2024-09-23,theft,58746,denied,Tawan Kanchanaburi,false
CL001722,P007642,2024-10-26,2024-11-09,2025-01-01,burglary,1597005,paid,Fern Kittikun,false
CL001723,P003019,2022-03-31,2022-04-11,2022-04-20,theft,350774,paid,Somchai Srisuk,false
CL001724,P004929,2026-03-29,2026-03-31,2026-04-18,flood,1205555,paid,Boss Chaiyaporn,false
CL001725,P000507,2026-05-14,2026-05-15,2026-07-09,theft,220247,denied,Suda Saetang,false
CL001726,P008687,2022-12-13,2022-12-24,2023-01-25,theft,551214,paid,Boss Chaisawat,false
CL001727,P003510,2024-06-12,2024-06-19,,third_party_liability,35671,open,Boss Limthongkul,false
CL001728,P000467,2024-12-06,2024-12-08,2024-12-30,flood,254771,paid,Daeng Chaiyaporn,false
CL001729,P006403,2026-01-13,2026-01-16,,theft,44466,open,Wichai Kanchanaburi,false
CL001730,P008552,2024-05-08,2024-05-08,2024-07-17,burglary,3247262,paid,Mai Phongphan,false
CL001731,P003441,2025-09-29,2025-10-12,,flood,1371250,pending,Somchai Kanchanaburi,false
CL001732,P001173,2024-01-13,2024-01-17,,water_damage,2087780,pending,Toon Watcharaphon,false
CL001733,P003175,2025-04-14,2025-04-14,2025-05-12,storm,2197347,paid,Mai Watcharaphon,false
CL001734,P001889,2023-09-17,2023-09-30,,third_party_liability,167314,open,Mild Wongchai,false
CL001735,P000664,2025-12-15,2025-12-22,2026-01-31,theft,206348,paid,Earth Sukhumvit,false
CL001736,P002560,2024-06-15,2024-06-22,,collision,617526,pending,Mint Inthanon,false
CL001737,P006631,2024-01-06,2024-01-08,2024-01-30,storm,2757300,paid,Ploy Charoensuk,false
CL001738,P004713,2023-07-10,2023-07-20,2023-08-06,water_damage,6166558,paid,Mai Inthanon,false
CL001739,P006726,2025-03-02,2025-03-05,2025-04-07,theft,253533,paid,View Phromsiri,false
CL001740,P005767,2023-07-16,2023-07-16,2023-08-14,storm,4321891,paid,Suda Charoensuk,false
CL001741,P004671,2022-09-27,2022-10-11,2022-10-28,fire,710139,paid,Bank Charoensuk,false
CL001742,P009284,2022-11-03,2022-11-11,2023-01-29,collision,407815,paid,Ploy Srisuk,false
CL001743,P006580,2025-04-23,2025-04-27,2025-07-26,flood,56876,paid,Anong Sangthong,false
CL001744,P003183,2024-05-09,2024-05-09,2024-07-18,fire,222357,paid,Tee Watcharaphon,false
CL001745,P006792,2025-08-12,2025-08-24,2025-09-04,third_party_liability,342787,paid,Earth Wongchai,false
CL001746,P009875,2026-01-20,2026-01-30,2026-04-17,fire,226943,paid,Niran Phutthichai,false
CL001747,P002636,2024-03-28,2024-04-09,2024-06-23,collision,429534,paid,Bank Thongdee,false
CL001748,P007898,2023-12-29,2024-01-04,2024-02-27,third_party_liability,39275,paid,Fern Thongdee,false
CL001749,P004019,2026-04-26,2026-04-27,2026-05-08,water_damage,635314,paid,Kanya Rattanapan,false
CL001750,P007704,2024-09-18,2024-09-22,2024-12-19,flood,1121594,paid,Chai Watcharaphon,false
CL001751,P003258,2024-07-03,2024-07-09,2024-07-16,theft,289761,paid,Mint Kittikun,false
CL001752,P004957,2023-10-27,2023-10-31,2023-12-28,burglary,1062004,denied,Daeng Srisuk,false
CL001753,P001561,2022-12-17,2022-12-19,,theft,364381,open,Mai Sukhumvit,false
CL001754,P007936,2023-12-03,2023-12-13,,collision,154122,pending,Apinya Rattanapan,false
CL001755,P007737,2025-05-01,2025-05-12,,fire,425950,pending,Tee Sangthong,false
CL001756,P007961,2025-12-21,2026-01-03,2026-02-21,collision,42950,paid,Fern Phromsiri,false
CL001757,P000347,2023-07-27,2023-07-27,,collision,14582,pending,Toon Suwanphon,false
CL001758,P004574,2025-06-15,2025-06-25,2025-08-10,flood,1284953,paid,Wichai Phromsiri,false
CL001759,P005340,2024-01-06,2024-01-16,2024-03-24,collision,41726,paid,Mint Saetang,false
CL001760,P008578,2025-12-03,2025-12-15,,burglary,703586,open,Boss Rattanapan,false
CL001761,P009350,2023-12-21,2023-12-22,2024-02-02,water_damage,2879624,paid,Bua Phongphan,false
CL001762,P001191,2023-11-12,2023-11-13,2023-12-20,water_damage,3232782,paid,Mint Chaisawat,false
CL001763,P001161,2023-08-28,2023-09-11,2023-10-21,theft,601354,paid,Kanya Sukhumvit,false
CL001764,P003993,2025-08-29,2025-09-06,2025-10-03,storm,2740285,paid,Malee Sangthong,false
CL001765,P000865,2025-07-15,2025-07-28,2025-10-15,fire,2659101,paid,Chai Sukhumvit,false
CL001766,P003253,2025-03-30,2025-04-11,2025-05-10,flood,69029,paid,Anong Boonmee,false
CL001767,P003957,2025-01-08,2025-01-22,2025-03-20,fire,53635,paid,Beam Limthongkul,false
CL001768,P002983,2024-07-11,2024-07-23,2024-10-12,storm,697376,paid,Mint Sukhumvit,false
CL001769,P007880,2024-02-19,2024-03-02,,fire,4896317,open,Apinya Kittikun,false
CL001770,P002733,2022-12-21,2022-12-26,,fire,409896,pending,Boss Phutthichai,false
CL001771,P000920,2023-04-02,2023-04-12,,fire,647925,open,Eak Sangthong,false
CL001772,P007417,2024-09-07,2024-09-17,,theft,33001,open,Toon Chaiyaporn,false
CL001773,P003085,2023-02-05,2023-02-17,2023-04-29,fire,966500,paid,Daeng Boonmee,false
CL001774,P005043,2026-02-09,2026-02-18,2026-04-27,theft,79933,denied,Tawan Suwanphon,false
CL001775,P007840,2025-09-26,2025-10-08,2025-10-19,storm,2666171,paid,Tawan Srisuk,false
CL001776,P005107,2024-10-29,2024-11-04,2024-12-27,collision,390180,paid,Praew Suwanphon,false
CL001777,P001975,2026-04-01,2026-04-04,2026-05-24,water_damage,6440904,denied,Kanya Sangthong,false
CL001778,P000586,2023-05-20,2023-06-03,,theft,446214,pending,Mai Boonmee,false
CL001779,P006451,2025-09-22,2025-09-25,2025-12-06,water_damage,1190475,paid,Fern Saetang,false
CL001780,P000276,2023-07-28,2023-08-10,2023-08-30,fire,4268702,paid,Tawan Chaiyaporn,false
CL001781,P005623,2023-10-28,2023-11-01,,water_damage,509406,pending,Somchai Phromsiri,false
CL001782,P003427,2025-10-04,2025-10-18,2025-12-15,fire,249028,paid,Pat Inthanon,false
CL001783,P005942,2024-10-24,2024-11-01,2025-01-25,burglary,2927554,paid,Eak Phongphan,false
CL001784,P006744,2022-10-05,2022-10-18,,water_damage,256506,pending,Bank Phromsiri,false
CL001785,P008583,2024-07-10,2024-07-22,2024-10-08,storm,5876490,paid,Eak Boonmee,false
CL001786,P001840,2025-10-21,2025-10-27,,burglary,4308553,open,Suda Phutthichai,false
CL001787,P002201,2023-08-04,2023-08-17,2023-10-02,fire,1147447,denied,Boss Phutthichai,false
CL001788,P001100,2023-06-24,2023-07-03,,flood,384463,pending,Nok Charoensuk,false
CL001789,P005517,2024-01-01,2024-01-01,,fire,85525,open,Bua Saetang,true
CL001790,P005576,2024-05-17,2024-05-30,2024-07-05,burglary,524211,paid,Suda Wongchai,false
CL001791,P000015,2022-06-07,2022-06-12,2022-07-02,theft,319813,denied,Bank Sangthong,false
CL001792,P006293,2026-05-12,2026-05-23,2026-08-16,fire,316620,paid,Boss Watcharaphon,false
CL001793,P009580,2023-10-10,2023-10-18,,flood,430425,pending,Somchai Phromsiri,false
CL001794,P006695,2026-03-27,2026-04-07,2026-05-03,fire,4101054,denied,Kanya Kanchanaburi,false
CL001795,P000837,2026-04-11,2026-04-15,2026-05-12,theft,429059,paid,Malee Limthongkul,false
CL001796,P003216,2026-03-01,2026-03-01,2026-05-18,fire,433054,paid,Malee Chaisawat,false
CL001797,P003514,2025-11-13,2025-11-26,2026-02-10,theft,52279,paid,Pat Rattanapan,false
CL001798,P003662,2024-02-27,2024-03-09,,fire,78792,pending,Nan Chaisawat,false
CL001799,P000359,2025-06-21,2025-07-02,,fire,64234,pending,Kanya Suwanphon,false
CL001800,P004682,2024-06-03,2024-06-05,2024-08-16,fire,48333,paid,Fern Saetang,false
CL001801,P009626,2023-02-12,2023-02-14,2023-03-04,theft,195089,denied,Beam Phromsiri,false
CL001802,P001556,2024-02-17,2024-03-01,2024-05-23,fire,428335,denied,Malee Chaisawat,false
CL001803,P004011,2026-03-05,2026-03-16,,flood,17219,open,View Saetang,false
CL001804,P003912,2024-06-29,2024-07-02,2024-08-01,fire,193930,paid,Anong Saetang,false
CL001805,P002698,2024-02-06,2024-02-20,2024-04-24,flood,171426,paid,Wichai Charoensuk,false
CL001806,P004919,2026-02-12,2026-02-19,,fire,525543,pending,Apinya Phutthichai,false
CL001807,P009835,2024-07-20,2024-08-02,2024-08-15,fire,1764621,paid,Toon Thongdee,false
CL001808,P000980,2024-05-11,2024-05-18,,theft,172692,pending,Ploy Chaiyaporn,false
CL001809,P001576,2025-03-03,2025-03-09,2025-05-23,flood,180226,paid,Mint Sukhumvit,false
CL001810,P003816,2025-12-11,2025-12-18,,third_party_liability,341596,open,Nok Limthongkul,false
CL001811,P006161,2025-01-14,2025-01-14,2025-03-04,flood,861916,paid,Boss Wongchai,false
CL001812,P001799,2026-03-22,2026-03-29,,third_party_liability,42221,open,Nok Wongchai,false
CL001813,P008675,2023-08-01,2023-08-09,2023-09-09,fire,208883,paid,Eak Chaisawat,false
CL001814,P007597,2023-12-25,2024-01-05,2024-03-09,burglary,688518,paid,Praew Wongchai,false
CL001815,P006114,2022-09-30,2022-10-03,2022-10-17,fire,734038,paid,Pim Rattanapan,false
CL001816,P007520,2025-08-23,2025-09-05,2025-11-25,fire,547037,paid,Tee Thongdee,false
CL001817,P009886,2025-09-21,2025-10-05,,collision,523411,open,Suda Kanchanaburi,false
CL001818,P005817,2024-07-11,2024-07-13,,third_party_liability,118807,open,Mai Chaiyaporn,false
CL001819,P004601,2025-02-20,2025-02-22,,fire,228080,pending,Daeng Kanchanaburi,false
CL001820,P003703,2023-07-29,2023-08-03,2023-10-19,collision,727774,paid,View Phromsiri,false
CL001821,P009011,2024-08-18,2024-08-22,,flood,115828,pending,Bua Saetang,false
CL001822,P007749,2023-10-22,2023-10-25,2023-12-01,flood,48309,paid,Nok Sukhumvit,false
CL001823,P005258,2025-09-18,2025-09-27,2025-12-06,flood,51630,paid,Nok Sukhumvit,false
CL001824,P007363,2022-07-09,2022-07-11,2022-08-16,third_party_liability,46513,paid,Apinya Inthanon,false
CL001825,P005627,2025-09-10,2025-09-13,,fire,36375,pending,Nok Phutthichai,false
CL001826,P003319,2025-01-17,2025-01-31,2025-03-27,theft,103750,paid,Bank Phutthichai,false
CL001827,P009619,2023-06-24,2023-07-02,,flood,201302,pending,Apinya Phutthichai,false
CL001828,P002408,2025-12-06,2025-12-15,,fire,129443,pending,Mild Charoensuk,false
CL001829,P008666,2025-12-24,2026-01-05,,burglary,788435,pending,Mai Phongphan,false
CL001830,P006233,2025-07-22,2025-07-25,,third_party_liability,871904,open,Tawan Phutthichai,false
CL001831,P000252,2024-07-26,2024-08-08,2024-09-26,collision,38336,denied,Nan Phutthichai,false
CL001832,P009255,2024-12-24,2024-12-30,2025-03-08,water_damage,1530482,paid,Daeng Limthongkul,false
CL001833,P004981,2024-01-20,2024-02-03,2024-02-21,fire,547163,paid,Mint Phromsiri,false
CL001834,P007828,2026-04-27,2026-04-30,2026-07-15,flood,5440526,paid,Apinya Boonmee,false
CL001835,P005112,2024-11-08,2024-11-10,2024-12-14,fire,73053,paid,Pat Sukhumvit,false
CL001836,P008315,2026-05-03,2026-05-15,2026-05-24,collision,79806,paid,Toon Phromsiri,false
CL001837,P003127,2024-04-21,2024-04-22,,fire,100412,pending,Bank Kanchanaburi,false
CL001838,P001259,2023-11-01,2023-11-02,2023-12-19,water_damage,1875966,paid,Apinya Inthanon,false
CL001839,P003788,2023-05-05,2023-05-14,2023-08-11,fire,1739804,paid,Anong Rattanapan,false
CL001840,P000186,2024-10-16,2024-10-21,2024-11-20,storm,1742605,denied,Chai Chaisawat,false
CL001841,P008769,2024-08-01,2024-08-10,,fire,15635,pending,Chai Phutthichai,false
CL001842,P002991,2022-09-10,2022-09-14,2022-10-28,water_damage,2173676,denied,Pim Sangthong,false
CL001843,P006320,2023-11-26,2023-12-06,2024-01-17,flood,2169234,denied,Niran Limthongkul,false
CL001844,P006030,2023-05-09,2023-05-18,2023-08-12,storm,4408659,paid,Bank Sangthong,false
CL001845,P003037,2026-01-16,2026-01-22,,third_party_liability,110112,open,Tee Saetang,false
CL001846,P000719,2025-08-14,2025-08-20,2025-11-01,third_party_liability,545023,paid,Wichai Sangthong,false
CL001847,P009204,2023-12-08,2023-12-21,,burglary,2519218,open,Suda Chaiyaporn,false
CL001848,P003575,2023-02-12,2023-02-12,2023-04-25,flood,92812,paid,Beam Rattanapan,false
CL001849,P003968,2024-09-15,2024-09-26,2024-10-27,third_party_liability,143192,paid,Mai Chaisawat,false
CL001850,P000690,2023-06-29,2023-06-29,,flood,38551,open,Tee Sangthong,false
CL001851,P004422,2026-05-06,2026-05-17,2026-06-06,theft,707235,paid,Nan Rattanapan,false
CL001852,P006768,2026-04-18,2026-04-19,2026-07-04,flood,163908,denied,Bua Srisuk,false
CL001853,P000887,2023-12-14,2023-12-18,2024-03-07,collision,742956,denied,Niran Watcharaphon,false
CL001854,P007802,2023-10-30,2023-11-05,,collision,671909,pending,Praew Sukhumvit,false
CL001855,P003089,2025-12-09,2025-12-15,2026-01-05,fire,671524,paid,Pat Rattanapan,false
CL001856,P002889,2023-05-18,2023-05-22,2023-07-24,flood,895601,paid,Wichai Phromsiri,false
CL001857,P005441,2024-06-10,2024-06-21,,fire,152027,pending,Nok Sangthong,false
CL001858,P005439,2024-12-22,2024-12-30,,third_party_liability,482771,pending,Bank Saetang,false
CL001859,P003007,2025-06-27,2025-07-07,,fire,307904,open,Pim Srisuk,false
CL001860,P003516,2023-12-31,2024-01-02,2024-01-19,water_damage,2620586,paid,Pim Phongphan,false
CL001861,P006848,2024-04-19,2024-05-02,2024-05-30,third_party_liability,91440,paid,Niran Srisuk,false
CL001862,P009415,2026-03-02,2026-03-07,,storm,332858,open,Apinya Thongdee,false
CL001863,P003103,2023-12-05,2023-12-18,2024-02-09,theft,924170,paid,Suda Sukhumvit,false
CL001864,P001533,2024-07-22,2024-07-23,,collision,539951,open,Somchai Watcharaphon,false
CL001865,P004527,2023-07-07,2023-07-19,,burglary,430578,pending,View Chaiyaporn,false
CL001866,P002033,2024-03-27,2024-04-09,2024-06-14,fire,284844,paid,Toon Thongdee,false
CL001867,P007731,2025-11-29,2025-11-30,,flood,256009,pending,Kanya Chaiyaporn,false
CL001868,P005485,2025-07-13,2025-07-24,2025-08-09,flood,549056,paid,Tawan Sukhumvit,false
CL001869,P001020,2023-06-02,2023-06-07,2023-07-18,third_party_liability,193074,paid,Pim Kanchanaburi,false
CL001870,P004012,2025-10-25,2025-11-06,2025-11-15,theft,125064,paid,Tawan Inthanon,false
CL001871,P009859,2026-05-01,2026-05-10,2026-06-26,flood,673229,paid,Mint Wongchai,false
CL001872,P000050,2025-08-07,2025-08-18,2025-09-03,storm,353493,denied,Apinya Phromsiri,false
CL001873,P003548,2023-08-24,2023-09-07,2023-12-01,storm,2477271,paid,Mint Thongdee,false
CL001874,P000987,2026-03-02,2026-03-04,,fire,266434,open,Daeng Kittikun,false
CL001875,P009874,2024-12-04,2024-12-17,,collision,362494,pending,Fern Charoensuk,false
CL001876,P001187,2026-02-11,2026-02-18,2026-05-07,theft,154052,paid,Fern Phromsiri,false
CL001877,P004407,2023-07-19,2023-07-26,2023-08-24,fire,649428,paid,Bua Boonmee,false
CL001878,P003786,2025-01-11,2025-01-23,2025-02-28,fire,253700,paid,Pat Rattanapan,false
CL001879,P007709,2024-07-19,2024-07-19,,third_party_liability,92551,open,Mai Saetang,false
CL001880,P000585,2024-10-02,2024-10-16,2024-11-11,flood,62806,paid,Mild Wongchai,false
CL001881,P008763,2025-07-04,2025-07-11,2025-07-31,water_damage,2406397,paid,Ploy Watcharaphon,false
CL001882,P001445,2023-02-21,2023-02-25,2023-03-31,third_party_liability,360029,denied,Beam Limthongkul,false
CL001883,P003733,2026-03-28,2026-04-09,,fire,926854,open,Niran Kittikun,false
CL001884,P009056,2023-07-23,2023-07-25,,third_party_liability,5801,open,Bank Phromsiri,false
CL001885,P007472,2026-05-08,2026-05-20,2026-06-02,storm,3988307,paid,Kanya Kittikun,false
CL001886,P005838,2023-07-12,2023-07-12,2023-09-20,storm,528650,paid,Nok Sangthong,false
CL001887,P006679,2024-08-30,2024-09-06,2024-11-14,flood,156820,denied,Anong Rattanapan,false
CL001888,P004604,2023-08-01,2023-08-02,,third_party_liability,120044,pending,Pim Phongphan,false
CL001889,P002589,2026-03-29,2026-04-07,,fire,176457,pending,Suda Sukhumvit,false
CL001890,P001116,2026-05-14,2026-05-19,2026-06-16,flood,4037385,paid,Apinya Thongdee,false
CL001891,P008554,2024-11-12,2024-11-15,2025-01-23,flood,3509124,paid,Bua Sangthong,false
CL001892,P006763,2025-10-10,2025-10-14,2025-11-18,water_damage,352205,paid,Ploy Phongphan,false
CL001893,P001776,2025-12-31,2026-01-04,2026-03-19,third_party_liability,376124,paid,Mild Sukhumvit,false
CL001894,P000564,2025-11-13,2025-11-27,2026-01-18,collision,69155,paid,Ploy Srisuk,false
CL001895,P005295,2024-03-05,2024-03-17,2024-04-09,third_party_liability,163551,paid,Pim Sangthong,false
CL001896,P001586,2024-04-18,2024-04-26,2024-05-04,fire,79149,paid,Praew Rattanapan,false
CL001897,P007258,2022-11-24,2022-11-28,2023-01-02,collision,46470,paid,Mai Sukhumvit,false
CL001898,P000570,2025-03-01,2025-03-07,2025-03-29,flood,76268,paid,Toon Charoensuk,false
CL001899,P008732,2024-01-30,2024-02-01,2024-04-14,water_damage,1979004,paid,Tee Sangthong,false
CL001900,P009427,2026-04-25,2026-04-25,2026-07-01,third_party_liability,218747,paid,Beam Charoensuk,false
CL001901,P008962,2023-11-29,2023-11-30,2023-12-18,third_party_liability,160909,paid,Mint Phutthichai,false
CL001902,P000089,2026-04-28,2026-04-28,,flood,110557,pending,Mai Saetang,false
CL001903,P005176,2026-04-20,2026-05-03,2026-05-11,collision,459678,paid,Bua Phutthichai,false
CL001904,P005514,2023-06-05,2023-06-11,,water_damage,1355046,open,View Boonmee,false
CL001905,P000123,2025-06-09,2025-06-15,,third_party_liability,307087,open,Anong Phutthichai,false
CL001906,P008569,2024-12-17,2024-12-23,2025-02-18,burglary,886819,paid,Chai Inthanon,false
CL001907,P005414,2023-10-05,2023-10-14,,fire,582478,open,Beam Wongchai,false
CL001908,P007511,2024-07-22,2024-07-28,2024-08-30,theft,476347,paid,Anong Phromsiri,false
CL001909,P000119,2026-04-19,2026-04-21,2026-07-06,storm,2383559,paid,Mint Inthanon,false
CL001910,P006677,2024-07-04,2024-07-12,2024-09-13,third_party_liability,461754,paid,Pat Srisuk,false
CL001911,P002743,2025-10-31,2025-11-09,2025-12-05,flood,95876,paid,Pim Inthanon,false
CL001912,P002786,2023-08-07,2023-08-14,2023-10-13,fire,905282,denied,Mint Phongphan,false
CL001913,P001753,2026-05-07,2026-05-12,,flood,435102,open,Apinya Thongdee,false
CL001914,P005672,2024-05-01,2024-05-14,,collision,434113,pending,Bank Rattanapan,false
CL001915,P001507,2023-07-18,2023-07-25,2023-08-22,burglary,2095106,paid,Mild Chaisawat,false
CL001916,P004989,2026-03-14,2026-03-19,,fire,312685,open,Earth Rattanapan,false
CL001917,P003732,2026-01-17,2026-01-17,,fire,122361,pending,Mai Phutthichai,false
CL001918,P001369,2026-01-09,2026-01-09,2026-02-28,fire,75270,paid,Kanya Saetang,false
CL001919,P009944,2024-03-10,2024-03-10,2024-04-08,third_party_liability,262650,paid,Tee Wongchai,false
CL001920,P008115,2026-01-21,2026-01-23,,fire,64228,open,Daeng Watcharaphon,false
CL001921,P007883,2025-01-06,2025-01-17,,flood,496527,open,Nan Chaiyaporn,false
CL001922,P009528,2026-03-02,2026-03-08,2026-05-12,fire,162606,paid,Malee Phongphan,false
CL001923,P000987,2026-03-19,2026-03-21,2026-05-01,fire,397464,paid,Boss Phutthichai,false
CL001924,P000024,2023-08-11,2023-08-24,2023-10-29,flood,82257,paid,Anong Sukhumvit,false
CL001925,P009531,2024-03-05,2024-03-06,,collision,36486,open,Chai Srisuk,false
CL001926,P000840,2026-01-18,2026-01-24,2026-02-22,water_damage,705098,paid,Mint Phongphan,true
CL001927,P007851,2023-12-13,2023-12-21,,third_party_liability,120078,open,Boss Rattanapan,false
CL001928,P003423,2025-02-27,2025-02-28,2025-03-20,storm,3021851,paid,Nok Srisuk,false
CL001929,P009738,2023-10-27,2023-10-27,2023-12-28,fire,858670,paid,Chai Watcharaphon,false
CL001930,P008104,2025-08-22,2025-08-31,2025-11-27,flood,2210885,paid,Mint Inthanon,false
CL001931,P009442,2024-07-11,2024-07-21,2024-09-24,storm,2105983,paid,Tee Sukhumvit,false
CL001932,P002629,2024-09-11,2024-09-17,2024-11-09,collision,114644,paid,Beam Suwanphon,false
CL001933,P003124,2023-07-20,2023-07-31,2023-09-13,collision,360006,paid,Boss Inthanon,false
CL001934,P007878,2024-08-23,2024-08-26,,water_damage,2711611,pending,Praew Saetang,false
CL001935,P002581,2025-07-13,2025-07-21,,third_party_liability,337947,pending,Earth Suwanphon,false
CL001936,P004822,2025-06-02,2025-06-05,2025-08-25,collision,711970,paid,Fern Srisuk,false
CL001937,P009778,2024-07-02,2024-07-12,2024-09-18,storm,535255,paid,Mint Thongdee,false
CL001938,P002703,2026-04-19,2026-04-19,,fire,333900,open,Mint Sukhumvit,false
CL001939,P006265,2026-03-24,2026-04-03,,fire,64363,pending,Apinya Sangthong,false
CL001940,P009422,2024-05-14,2024-05-26,2024-08-18,fire,1133531,denied,Malee Watcharaphon,false
CL001941,P006879,2024-08-01,2024-08-04,2024-08-15,collision,291365,paid,Nan Phromsiri,false
CL001942,P002923,2026-02-13,2026-02-22,2026-04-26,storm,1172030,paid,Somchai Boonmee,false
CL001943,P009128,2024-05-23,2024-05-27,2024-08-21,collision,154357,paid,Fern Phromsiri,false
CL001944,P009573,2025-04-16,2025-04-26,,third_party_liability,296872,open,Nok Phromsiri,false
CL001945,P004109,2026-02-04,2026-02-16,2026-04-14,third_party_liability,249729,paid,Beam Limthongkul,false
CL001946,P006942,2025-07-17,2025-07-28,,collision,194154,pending,Bua Suwanphon,false
CL001947,P008699,2024-01-31,2024-02-07,2024-03-20,fire,746368,paid,Wichai Chaisawat,false
CL001948,P000050,2025-03-18,2025-03-25,,water_damage,128950,pending,Bank Phongphan,false
CL001949,P006890,2025-02-12,2025-02-13,2025-03-06,theft,86612,paid,Praew Chaisawat,false
CL001950,P004523,2025-09-19,2025-09-27,,third_party_liability,128447,open,Malee Inthanon,false
CL001951,P000555,2024-06-30,2024-07-14,2024-09-06,theft,112716,paid,Toon Suwanphon,false
CL001952,P008144,2023-06-17,2023-06-26,2023-08-23,theft,40565,paid,Niran Kittikun,false
CL001953,P009453,2023-01-26,2023-02-05,2023-02-13,storm,7137770,paid,Mild Phutthichai,false
CL001954,P000450,2023-12-27,2024-01-09,,burglary,4173693,pending,Mai Suwanphon,false
CL001955,P004450,2024-04-16,2024-04-30,2024-06-07,burglary,1063623,denied,Suda Boonmee,false
CL001956,P009121,2024-12-30,2025-01-03,2025-02-19,flood,902226,paid,Nan Charoensuk,false
CL001957,P008214,2024-12-23,2025-01-04,2025-02-15,burglary,1415123,paid,Boss Saetang,false
CL001958,P008259,2025-12-01,2025-12-13,,fire,232906,pending,Tawan Phromsiri,false
CL001959,P004051,2023-08-17,2023-08-28,,storm,1823001,open,Suda Boonmee,false
CL001960,P003348,2025-01-19,2025-01-21,2025-03-13,theft,162387,paid,Eak Saetang,false
CL001961,P000802,2023-08-24,2023-09-05,2023-09-25,theft,268668,paid,Niran Phongphan,false
CL001962,P007353,2025-08-04,2025-08-12,2025-10-31,burglary,2139862,paid,Kanya Suwanphon,false
CL001963,P005896,2025-12-22,2025-12-29,2026-02-22,burglary,485414,paid,Mild Phromsiri,false
CL001964,P002485,2024-11-24,2024-11-25,2024-12-09,flood,626469,paid,Tee Kittikun,false
CL001965,P007535,2026-01-29,2026-02-10,2026-04-28,collision,166966,denied,Bank Suwanphon,false
CL001966,P001395,2026-04-03,2026-04-10,2026-05-11,collision,496727,paid,Kanya Chaisawat,false
CL001967,P002881,2024-05-06,2024-05-16,2024-06-06,fire,1598838,paid,Nok Thongdee,true
CL001968,P002422,2025-09-19,2025-09-28,,flood,2031285,pending,Mild Boonmee,false
CL001969,P006276,2024-03-29,2024-03-31,2024-04-19,third_party_liability,422352,paid,Boss Inthanon,false
CL001970,P007105,2026-05-05,2026-05-14,2026-05-28,flood,267302,paid,Kanya Limthongkul,true
CL001971,P002707,2024-05-03,2024-05-15,2024-06-12,flood,718435,paid,Apinya Charoensuk,false
CL001972,P000420,2024-07-12,2024-07-22,2024-10-10,flood,352599,paid,Boss Chaisawat,false
CL001973,P008427,2024-05-12,2024-05-15,2024-06-09,third_party_liability,232722,paid,Wichai Phongphan,false
CL001974,P003562,2023-06-09,2023-06-14,2023-09-01,flood,425521,paid,Mai Thongdee,false
CL001975,P002184,2024-08-25,2024-09-05,,flood,341534,open,Suda Suwanphon,false
CL001976,P007882,2024-01-13,2024-01-22,,fire,104276,pending,Toon Sukhumvit,false
CL001977,P008969,2024-03-11,2024-03-21,2024-04-28,third_party_liability,138191,paid,Eak Thongdee,false
CL001978,P002229,2023-07-30,2023-08-03,2023-10-30,flood,36110,paid,Chai Phongphan,false
CL001979,P007328,2025-01-18,2025-01-29,2025-04-27,fire,75987,denied,Pim Chaiyaporn,true
CL001980,P004855,2023-07-02,2023-07-11,2023-09-19,burglary,2903713,denied,Fern Chaiyaporn,false
CL001981,P005867,2024-01-04,2024-01-08,2024-01-25,collision,854847,denied,Praew Rattanapan,false
CL001982,P006780,2024-01-12,2024-01-20,2024-02-10,flood,191218,paid,Niran Srisuk,false
CL001983,P007889,2023-12-01,2023-12-07,2024-01-27,flood,461197,paid,Tee Thongdee,false
CL001984,P004737,2024-03-14,2024-03-14,2024-05-15,storm,479857,paid,Somchai Chaisawat,false
CL001985,P002323,2025-11-04,2025-11-09,2025-12-01,burglary,4200892,paid,Mai Rattanapan,false
CL001986,P008242,2024-08-11,2024-08-25,2024-09-03,collision,55232,paid,Daeng Rattanapan,false
CL001987,P004231,2025-04-10,2025-04-18,2025-06-27,theft,150340,paid,Mai Kanchanaburi,false
CL001988,P009545,2023-06-21,2023-06-26,2023-07-31,storm,3697985,paid,Beam Charoensuk,false
CL001989,P009955,2023-07-10,2023-07-12,2023-08-05,fire,410442,paid,Apinya Sukhumvit,false
CL001990,P009784,2023-10-19,2023-10-29,2024-01-22,third_party_liability,418793,paid,Suda Watcharaphon,false
CL001991,P005246,2023-10-04,2023-10-12,,theft,141311,open,Tawan Boonmee,false
CL001992,P007301,2026-02-09,2026-02-09,2026-03-10,fire,94276,denied,Earth Phromsiri,false
CL001993,P001150,2026-04-20,2026-04-22,2026-06-11,third_party_liability,164558,paid,View Limthongkul,false
CL001994,P002909,2024-01-09,2024-01-21,2024-03-29,collision,793378,paid,Pim Boonmee,false
CL001995,P006287,2024-07-26,2024-07-28,,water_damage,5215317,pending,Mild Rattanapan,false
CL001996,P008322,2023-02-25,2023-02-27,2023-03-26,collision,341642,paid,Anong Chaiyaporn,false
CL001997,P009409,2026-01-03,2026-01-14,2026-02-23,water_damage,6290660,denied,Mai Wongchai,false
CL001998,P004741,2024-07-25,2024-08-01,2024-09-15,collision,324659,denied,Malee Kittikun,false
CL001999,P005367,2024-04-13,2024-04-13,,collision,189617,pending,Tee Inthanon,false
CL002000,P009544,2026-04-22,2026-04-30,,collision,384675,pending,Wichai Kittikun,false
CL002001,P007920,2025-06-11,2025-06-21,,fire,1108798,open,Toon Suwanphon,false
CL002002,P000968,2023-11-20,2023-11-28,2024-01-01,burglary,1795816,paid,Earth Rattanapan,false
CL002003,P006682,2026-05-04,2026-05-18,2026-07-13,flood,284895,paid,Kanya Boonmee,false
CL002004,P005220,2025-03-22,2025-04-01,,theft,192789,pending,Beam Kittikun,false
CL002005,P006986,2025-04-27,2025-05-06,,fire,423667,pending,Boss Sangthong,false
CL002006,P006856,2023-02-16,2023-02-25,2023-03-19,fire,336625,paid,Suda Sangthong,false
CL002007,P002730,2025-11-06,2025-11-19,,theft,48530,open,Anong Kanchanaburi,false
CL002008,P005578,2023-01-16,2023-01-29,2023-03-13,fire,575610,paid,Fern Rattanapan,false
CL002009,P001695,2025-05-01,2025-05-09,2025-06-04,burglary,344765,paid,Praew Chaiyaporn,false
CL002010,P002921,2023-03-30,2023-04-13,2023-05-13,storm,3540486,paid,Tawan Kittikun,false
CL002011,P007013,2026-01-12,2026-01-17,,third_party_liability,396157,open,Pat Suwanphon,false
CL002012,P004152,2022-07-11,2022-07-21,2022-09-04,flood,40024,paid,Chai Thongdee,false
CL002013,P000277,2026-04-14,2026-04-15,2026-04-30,theft,31061,paid,Eak Kittikun,false
CL002014,P003196,2023-09-18,2023-09-18,2023-11-27,flood,380540,paid,Ploy Charoensuk,false
CL002015,P008381,2023-12-07,2023-12-08,,burglary,892603,pending,View Chaisawat,false
CL002016,P007768,2022-09-13,2022-09-24,,collision,301295,open,Apinya Inthanon,false
CL002017,P001336,2024-01-22,2024-02-01,2024-03-20,fire,406445,paid,Earth Suwanphon,false
CL002018,P002766,2023-12-12,2023-12-17,2024-01-17,third_party_liability,78549,paid,Suda Saetang,false
CL002019,P004402,2024-11-04,2024-11-15,2025-01-17,fire,532365,paid,Eak Phutthichai,true
CL002020,P001997,2026-02-28,2026-03-05,2026-05-21,third_party_liability,21946,paid,Praew Wongchai,false
CL002021,P004973,2022-12-01,2022-12-06,,third_party_liability,550927,open,Kanya Limthongkul,false
CL002022,P004111,2025-09-01,2025-09-08,2025-09-26,flood,300285,paid,Suda Wongchai,false
CL002023,P003605,2026-03-22,2026-03-26,2026-05-31,theft,229118,denied,Anong Charoensuk,false
CL002024,P004254,2022-07-14,2022-07-26,2022-08-21,fire,1739258,paid,Mint Watcharaphon,false
CL002025,P002567,2023-12-09,2023-12-23,2024-01-26,collision,94473,paid,Beam Phutthichai,false
CL002026,P002849,2022-10-06,2022-10-11,2022-11-22,theft,200613,paid,Suda Chaiyaporn,false
CL002027,P003487,2026-02-16,2026-02-27,,fire,518734,pending,Pat Kanchanaburi,false
CL002028,P006834,2023-11-23,2023-12-07,2024-02-08,fire,4735573,paid,Tee Suwanphon,false
CL002029,P006626,2024-04-30,2024-05-02,2024-07-07,storm,1773523,denied,Beam Limthongkul,false
CL002030,P005378,2026-04-24,2026-04-24,2026-05-01,storm,1438014,paid,Kanya Phromsiri,false
CL002031,P005758,2024-11-23,2024-11-28,2024-12-07,theft,28803,paid,Pat Thongdee,false
CL002032,P001600,2025-05-02,2025-05-03,2025-06-11,storm,2849274,paid,Wichai Phromsiri,false
CL002033,P005038,2026-05-02,2026-05-06,,third_party_liability,98364,pending,Mild Limthongkul,false
CL002034,P007821,2025-07-18,2025-07-30,,flood,76848,open,Pat Chaiyaporn,false
CL002035,P005828,2024-02-15,2024-02-28,,water_damage,6160291,open,View Phutthichai,false
CL002036,P001190,2023-07-31,2023-08-10,,storm,49645,pending,Boss Sukhumvit,false
CL002037,P004854,2022-08-15,2022-08-26,2022-10-10,theft,160593,paid,Anong Watcharaphon,false
CL002038,P009979,2025-05-13,2025-05-24,2025-06-21,third_party_liability,141234,paid,Earth Saetang,false
CL002039,P002180,2023-09-07,2023-09-09,2023-11-26,collision,39631,paid,Earth Chaiyaporn,false
CL002040,P008364,2025-02-17,2025-02-24,2025-05-24,flood,223518,paid,Eak Sangthong,false
CL002041,P000981,2024-04-08,2024-04-15,2024-06-16,storm,3786275,paid,View Watcharaphon,false
CL002042,P002874,2025-03-22,2025-03-30,,third_party_liability,92534,open,Bank Sangthong,false
CL002043,P000504,2023-04-07,2023-04-11,2023-04-30,collision,37146,paid,Mint Kittikun,false
CL002044,P001267,2024-04-21,2024-04-28,2024-07-09,collision,482587,paid,Nan Chaiyaporn,false
CL002045,P009218,2025-09-23,2025-09-25,2025-10-26,fire,274145,paid,Tawan Boonmee,false
CL002046,P007631,2024-02-12,2024-02-12,,burglary,1202315,open,Nok Kanchanaburi,false
CL002047,P002617,2022-09-09,2022-09-15,2022-09-23,flood,603366,paid,Pat Sangthong,false
CL002048,P007931,2023-07-30,2023-08-12,2023-09-24,flood,71457,paid,Nan Suwanphon,false
CL002049,P009217,2025-08-22,2025-09-02,2025-09-22,flood,148611,paid,View Chaiyaporn,false
CL002050,P003673,2025-02-03,2025-02-06,2025-04-03,flood,426495,paid,Wichai Chaisawat,false
CL002051,P002265,2025-06-19,2025-06-27,2025-08-29,fire,835143,paid,Kanya Sangthong,false
CL002052,P007792,2026-02-25,2026-03-08,2026-03-24,fire,648958,denied,Mint Chaisawat,false
CL002053,P004037,2024-05-23,2024-05-23,2024-07-17,third_party_liability,281622,paid,Somchai Phutthichai,false
CL002054,P004552,2024-12-02,2024-12-11,2025-03-08,flood,2164038,paid,Fern Rattanapan,false
CL002055,P006591,2025-04-16,2025-04-17,2025-05-01,water_damage,1984859,paid,Bank Kanchanaburi,false
CL002056,P003854,2024-04-15,2024-04-25,2024-05-07,storm,140882,paid,Daeng Chaisawat,false
CL002057,P009832,2026-01-18,2026-01-26,,fire,337815,pending,Malee Thongdee,false
CL002058,P004777,2025-07-17,2025-07-26,2025-09-06,third_party_liability,207403,paid,Somchai Sangthong,false
CL002059,P009765,2023-11-28,2023-12-12,,fire,342301,open,Niran Chaisawat,false
CL002060,P002384,2024-05-19,2024-05-22,2024-08-08,burglary,4013741,denied,Bank Kanchanaburi,false
CL002061,P002760,2025-01-31,2025-02-06,2025-04-10,flood,99591,denied,Suda Wongchai,true
CL002062,P001208,2024-05-14,2024-05-25,2024-07-04,collision,636857,denied,Niran Kanchanaburi,false
CL002063,P004594,2026-05-02,2026-05-08,,flood,1332407,pending,Anong Phutthichai,false
CL002064,P003201,2024-10-27,2024-11-06,,fire,258201,pending,Eak Inthanon,false
CL002065,P001257,2026-05-02,2026-05-10,2026-08-02,water_damage,1403248,paid,Pim Boonmee,false
CL002066,P008078,2022-08-21,2022-08-27,2022-10-23,third_party_liability,583184,paid,Suda Kanchanaburi,false
CL002067,P004769,2026-04-19,2026-04-27,2026-07-05,fire,3634569,paid,Daeng Inthanon,true
CL002068,P006519,2024-05-08,2024-05-22,,water_damage,2712665,pending,Earth Wongchai,false
CL002069,P002753,2023-05-29,2023-06-04,2023-06-26,third_party_liability,301004,paid,Suda Kanchanaburi,false
CL002070,P007788,2026-04-24,2026-05-01,2026-05-09,flood,950783,paid,Praew Wongchai,false
CL002071,P004956,2024-01-06,2024-01-09,2024-03-31,third_party_liability,466122,paid,Pim Charoensuk,false
CL002072,P008632,2024-05-27,2024-06-05,,storm,6328279,pending,Ploy Chaiyaporn,false
CL002073,P004225,2026-05-02,2026-05-08,2026-07-20,flood,553588,paid,Suda Srisuk,false
CL002074,P007571,2025-07-22,2025-08-03,,theft,298843,open,Tee Inthanon,false
CL002075,P000061,2024-12-10,2024-12-23,,storm,873158,pending,Toon Sukhumvit,false
CL002076,P004425,2025-02-21,2025-02-25,2025-04-10,fire,2672766,paid,Mai Kanchanaburi,false
CL002077,P009479,2024-01-31,2024-02-07,2024-04-17,theft,62242,paid,Mai Sukhumvit,false
CL002078,P003608,2024-11-14,2024-11-15,2025-02-06,fire,627573,paid,Fern Watcharaphon,true
CL002079,P002008,2023-09-03,2023-09-17,2023-10-21,collision,281602,paid,Daeng Sangthong,false
CL002080,P003332,2025-02-25,2025-03-09,2025-04-09,flood,2271062,paid,Earth Rattanapan,false
CL002081,P006883,2024-05-15,2024-05-26,2024-08-18,fire,1292944,paid,Mild Srisuk,true
CL002082,P007065,2026-02-09,2026-02-18,,flood,1502703,pending,Suda Chaisawat,false
CL002083,P001557,2023-12-09,2023-12-10,,theft,184896,open,Somchai Saetang,true
CL002084,P008188,2025-03-04,2025-03-15,2025-06-07,collision,487654,denied,Nan Rattanapan,false
CL002085,P003623,2024-01-30,2024-02-12,2024-03-24,storm,2101037,paid,Mint Sangthong,false
CL002086,P004425,2024-06-25,2024-07-06,2024-09-22,water_damage,963951,paid,Praew Rattanapan,false
CL002087,P005780,2023-08-02,2023-08-08,2023-09-24,flood,30530,paid,Beam Charoensuk,false
CL002088,P001576,2025-04-11,2025-04-17,,fire,245204,open,Fern Charoensuk,false
CL002089,P009714,2024-01-15,2024-01-15,2024-02-15,flood,260678,paid,Malee Kittikun,false
CL002090,P009896,2025-02-07,2025-02-19,2025-03-29,flood,872275,paid,Chai Rattanapan,false
CL002091,P002445,2023-12-13,2023-12-23,2024-02-09,third_party_liability,138894,paid,Praew Sangthong,false
CL002092,P008675,2023-10-08,2023-10-15,2023-10-29,third_party_liability,76368,paid,Anong Phongphan,false
CL002093,P003406,2024-08-25,2024-09-03,2024-11-07,third_party_liability,50861,paid,View Limthongkul,false
CL002094,P003685,2023-11-06,2023-11-20,2024-01-19,third_party_liability,203659,paid,Ploy Charoensuk,false
CL002095,P008069,2025-01-31,2025-02-06,2025-03-17,third_party_liability,222860,paid,Tee Rattanapan,false
CL002096,P005668,2024-12-02,2024-12-09,2025-01-23,flood,259832,paid,Mai Rattanapan,false
CL002097,P008636,2024-01-29,2024-02-05,2024-03-23,collision,576051,paid,Kanya Sukhumvit,false
CL002098,P004793,2024-03-02,2024-03-08,2024-04-12,fire,27841,paid,Earth Saetang,false
CL002099,P001107,2023-01-09,2023-01-16,2023-03-03,collision,376500,paid,Toon Thongdee,false
CL002100,P004023,2023-05-20,2023-06-02,2023-08-15,theft,465460,paid,Mild Chaiyaporn,false
CL002101,P005382,2026-03-12,2026-03-24,2026-04-18,burglary,1282747,denied,Anong Saetang,false
CL002102,P006200,2026-04-24,2026-05-04,,flood,138411,open,Pim Suwanphon,false
CL002103,P002396,2024-04-17,2024-04-26,2024-07-11,collision,27971,paid,Praew Phongphan,false
CL002104,P005473,2023-09-20,2023-09-29,2023-11-26,theft,512031,paid,Praew Rattanapan,false
CL002105,P001508,2024-03-03,2024-03-17,2024-05-24,burglary,2414119,paid,Bua Charoensuk,false
CL002106,P001246,2025-06-15,2025-06-29,,collision,31983,pending,View Saetang,false
CL002107,P004993,2023-08-17,2023-08-21,,fire,102085,pending,Ploy Watcharaphon,false
CL002108,P001679,2025-01-19,2025-01-27,2025-02-22,collision,73149,paid,Somchai Wongchai,false
CL002109,P002057,2026-03-09,2026-03-20,,collision,213299,open,Mint Inthanon,false
CL002110,P005275,2025-09-08,2025-09-18,,collision,71808,open,Nan Saetang,false
CL002111,P004693,2025-10-11,2025-10-16,2025-12-29,third_party_liability,157969,paid,Mai Rattanapan,false
CL002112,P009354,2024-01-15,2024-01-25,,theft,202855,pending,Mai Limthongkul,false
CL002113,P004452,2023-07-12,2023-07-17,2023-08-30,fire,1718285,paid,Wichai Charoensuk,false
CL002114,P007586,2022-05-02,2022-05-12,2022-08-07,third_party_liability,668603,denied,Eak Limthongkul,false
CL002115,P009385,2026-01-04,2026-01-10,2026-03-26,fire,343364,paid,Pim Sukhumvit,false
CL002116,P000204,2025-08-28,2025-08-28,2025-09-09,third_party_liability,172104,paid,Nan Limthongkul,false
CL002117,P008229,2023-11-13,2023-11-18,,fire,701212,open,View Boonmee,false
CL002118,P008264,2024-10-08,2024-10-13,2024-10-28,theft,650023,paid,Somchai Watcharaphon,false
CL002119,P003902,2025-12-10,2025-12-24,2026-02-08,third_party_liability,647605,paid,View Thongdee,false
CL002120,P005897,2024-09-16,2024-09-26,2024-10-26,fire,265458,denied,Tawan Sukhumvit,false
CL002121,P002165,2026-05-01,2026-05-07,,flood,81782,pending,Daeng Limthongkul,false
CL002122,P004469,2023-05-03,2023-05-10,2023-06-17,collision,60994,paid,Mai Kittikun,false
CL002123,P005187,2023-10-08,2023-10-22,2023-12-02,flood,98144,denied,Chai Watcharaphon,false
CL002124,P000404,2026-04-28,2026-05-03,,theft,20889,open,Praew Sangthong,false
CL002125,P009394,2025-04-12,2025-04-20,2025-07-10,fire,188272,paid,Ploy Kittikun,false
CL002126,P003449,2025-12-31,2025-12-31,2026-02-25,flood,198363,paid,Beam Watcharaphon,false
CL002127,P006747,2024-05-23,2024-06-06,,fire,86380,open,Malee Thongdee,false
CL002128,P000271,2023-07-23,2023-07-28,2023-08-29,fire,534130,paid,View Wongchai,false
CL002129,P004647,2023-04-13,2023-04-27,2023-06-04,theft,459495,denied,Anong Thongdee,false
CL002130,P004725,2024-08-18,2024-09-01,,fire,256116,open,Fern Limthongkul,false
CL002131,P001317,2025-02-19,2025-03-03,2025-05-21,fire,500160,denied,Mai Inthanon,true
CL002132,P006737,2025-09-11,2025-09-14,2025-10-20,collision,602134,paid,Apinya Kittikun,false
CL002133,P007682,2022-11-18,2022-11-30,2023-02-17,fire,152625,paid,Wichai Chaiyaporn,false
CL002134,P005350,2024-09-16,2024-09-28,,theft,60525,pending,Daeng Chaisawat,false
CL002135,P005728,2024-06-15,2024-06-16,2024-07-11,water_damage,3973990,paid,Boss Kanchanaburi,false
CL002136,P002910,2024-07-12,2024-07-22,2024-10-15,collision,43469,paid,Chai Chaisawat,false
CL002137,P004781,2024-01-25,2024-02-06,,fire,429794,open,Niran Boonmee,false
CL002138,P003050,2025-02-17,2025-03-02,2025-05-20,flood,25621,paid,Bank Chaisawat,false
CL002139,P004325,2024-12-20,2024-12-29,,fire,365905,pending,Toon Sukhumvit,false
CL002140,P000140,2025-03-13,2025-03-24,2025-05-01,flood,1299195,paid,Kanya Rattanapan,false
CL002141,P004791,2024-02-04,2024-02-09,2024-04-26,water_damage,831924,paid,Bank Sukhumvit,false
CL002142,P002560,2024-06-30,2024-07-01,,third_party_liability,433320,open,Niran Phromsiri,false
CL002143,P006617,2024-10-10,2024-10-14,,theft,656757,pending,View Phutthichai,false
CL002144,P001418,2023-06-11,2023-06-23,2023-09-21,fire,340743,denied,Ploy Rattanapan,false
CL002145,P002979,2023-11-14,2023-11-21,2023-12-23,storm,512030,paid,Nok Chaisawat,false
CL002146,P005585,2023-09-01,2023-09-05,,collision,222202,pending,Eak Suwanphon,false
CL002147,P009216,2023-11-26,2023-12-04,,collision,139685,open,Mai Chaiyaporn,false
CL002148,P005485,2025-07-24,2025-07-24,,flood,457675,pending,Toon Sukhumvit,false
CL002149,P009568,2023-12-10,2023-12-10,2024-03-04,theft,472004,denied,Pim Phongphan,false
CL002150,P003170,2024-12-05,2024-12-18,,fire,289052,pending,Ploy Watcharaphon,false
CL002151,P002646,2023-11-21,2023-12-02,2024-02-24,fire,6351843,paid,Daeng Phutthichai,false
CL002152,P007853,2025-09-20,2025-09-22,2025-11-24,theft,72583,paid,Boss Inthanon,false
CL002153,P002222,2023-11-19,2023-11-30,2024-02-13,fire,163262,paid,Tee Boonmee,false
CL002154,P004880,2023-09-24,2023-09-24,2023-10-07,third_party_liability,227862,paid,Boss Rattanapan,false
CL002155,P009853,2023-08-17,2023-08-26,2023-09-03,third_party_liability,18698,denied,Mint Kanchanaburi,false
CL002156,P008322,2023-04-21,2023-04-28,,fire,914989,open,Beam Thongdee,false
CL002157,P009583,2026-03-21,2026-03-30,2026-04-15,fire,62709,denied,Anong Wongchai,false
CL002158,P005121,2024-02-17,2024-02-22,2024-05-12,third_party_liability,309686,paid,Eak Limthongkul,false
CL002159,P001016,2023-12-08,2023-12-12,2024-01-20,fire,5172971,paid,Suda Chaiyaporn,false
CL002160,P000895,2023-12-08,2023-12-21,2024-02-11,fire,100910,paid,Tawan Thongdee,false
CL002161,P004882,2024-04-05,2024-04-08,2024-04-25,fire,157985,paid,Fern Charoensuk,false
CL002162,P005502,2024-01-03,2024-01-05,2024-03-09,third_party_liability,69637,paid,Fern Kittikun,false
CL002163,P006453,2024-02-23,2024-02-28,2024-04-08,third_party_liability,41786,paid,Nan Phromsiri,false
CL002164,P009152,2025-11-29,2025-12-03,,flood,3206110,pending,Nan Charoensuk,false
CL002165,P002034,2024-01-13,2024-01-25,2024-02-17,flood,8031,paid,Mai Thongdee,false
CL002166,P005590,2026-04-24,2026-05-06,,flood,117660,pending,Bank Chaisawat,false
CL002167,P001110,2023-06-19,2023-06-23,,storm,432743,pending,Kanya Watcharaphon,false
CL002168,P001978,2025-02-09,2025-02-09,2025-04-17,flood,599944,paid,Beam Wongchai,false
CL002169,P004246,2024-01-18,2024-01-28,2024-02-14,fire,422725,paid,Fern Sangthong,false
CL002170,P000911,2025-02-09,2025-02-09,2025-02-17,third_party_liability,47111,paid,Somchai Chaisawat,false
CL002171,P001429,2024-09-23,2024-09-25,2024-12-04,storm,1471371,paid,Kanya Limthongkul,false
CL002172,P001384,2023-02-21,2023-02-23,2023-03-03,third_party_liability,382946,paid,Somchai Limthongkul,false
CL002173,P009436,2024-06-02,2024-06-05,2024-07-18,fire,1976953,paid,Tawan Kittikun,false
CL002174,P007302,2025-09-12,2025-09-25,,third_party_liability,99650,pending,Mint Boonmee,false
CL002175,P000962,2024-07-23,2024-07-29,2024-10-07,theft,53103,paid,Niran Kanchanaburi,false
CL002176,P004224,2023-01-29,2023-02-08,2023-04-12,burglary,5927906,paid,Tee Inthanon,false
CL002177,P007355,2024-11-08,2024-11-14,2025-01-09,fire,161337,paid,Tawan Chaiyaporn,false
CL002178,P000270,2023-07-19,2023-08-01,2023-10-03,fire,402736,paid,Malee Phongphan,false
CL002179,P002745,2026-03-20,2026-03-22,,flood,327162,open,Niran Inthanon,false
CL002180,P005245,2024-07-23,2024-07-29,2024-10-24,fire,449570,paid,Somchai Srisuk,false
CL002181,P007261,2023-07-25,2023-07-28,2023-08-08,burglary,2242408,paid,Earth Kanchanaburi,false
CL002182,P004212,2023-12-18,2024-01-01,,flood,300208,open,Wichai Inthanon,false
CL002183,P009142,2023-02-03,2023-02-14,,flood,98505,pending,Toon Phromsiri,false
CL002184,P008012,2023-08-30,2023-08-31,2023-10-05,third_party_liability,413039,paid,Fern Chaiyaporn,false
CL002185,P005073,2023-10-13,2023-10-23,,water_damage,4559355,open,Kanya Phongphan,false
CL002186,P000688,2024-05-05,2024-05-17,2024-05-31,third_party_liability,400720,paid,Ploy Suwanphon,false
CL002187,P005482,2025-01-17,2025-01-30,2025-03-13,theft,186522,paid,Daeng Watcharaphon,false
CL002188,P002921,2023-04-14,2023-04-16,2023-05-14,storm,1465469,paid,Pim Thongdee,false
CL002189,P001855,2023-03-13,2023-03-13,2023-06-11,storm,1838187,denied,Apinya Thongdee,false
CL002190,P008360,2024-12-30,2025-01-10,2025-02-01,fire,786489,denied,View Sangthong,true
CL002191,P002430,2026-04-03,2026-04-17,2026-05-09,theft,50977,paid,Nan Phutthichai,false
CL002192,P009836,2026-03-16,2026-03-17,,storm,218836,pending,Mint Inthanon,false
CL002193,P005530,2024-05-07,2024-05-18,2024-07-04,burglary,1717458,paid,Praew Charoensuk,false
CL002194,P003266,2024-08-13,2024-08-26,2024-09-26,fire,536955,denied,Malee Phongphan,false
CL002195,P008378,2026-01-04,2026-01-11,2026-04-02,fire,3374059,paid,Praew Sangthong,false
CL002196,P001346,2024-10-13,2024-10-16,2024-12-19,water_damage,6792985,paid,Mai Srisuk,false
CL002197,P007316,2024-06-16,2024-06-28,2024-07-25,water_damage,1998801,paid,Pim Thongdee,false
CL002198,P001553,2025-04-29,2025-05-02,,fire,2152923,pending,Boss Kittikun,false
CL002199,P009841,2025-01-22,2025-01-30,,flood,680374,pending,Somchai Phutthichai,false
CL002200,P007744,2025-06-29,2025-07-04,,burglary,4992010,open,Wichai Thongdee,false
CL002201,P006665,2026-03-20,2026-04-03,,flood,778784,pending,Suda Limthongkul,false
CL002202,P003384,2025-02-05,2025-02-19,2025-04-30,third_party_liability,40278,paid,Mai Srisuk,false
CL002203,P000140,2024-08-11,2024-08-11,2024-08-29,storm,206908,paid,Bua Saetang,false
CL002204,P002501,2026-01-28,2026-02-09,,collision,226038,pending,Mild Thongdee,false
CL002205,P009811,2025-12-06,2025-12-06,2026-01-26,fire,2016432,paid,Kanya Watcharaphon,false
CL002206,P002375,2025-03-12,2025-03-14,2025-05-13,burglary,2161149,paid,Nan Rattanapan,false
CL002207,P009102,2024-02-28,2024-03-12,2024-04-28,burglary,1590220,paid,Tee Kittikun,false
CL002208,P005092,2024-12-23,2025-01-03,2025-02-14,fire,220511,paid,Nan Thongdee,false
CL002209,P004145,2026-04-01,2026-04-13,,third_party_liability,582975,open,Pat Phutthichai,false
CL002210,P004072,2023-07-20,2023-07-25,2023-09-18,collision,131946,paid,Pat Chaiyaporn,false
CL002211,P006352,2024-07-20,2024-07-21,2024-08-13,storm,4155265,paid,Beam Chaiyaporn,false
CL002212,P001066,2023-08-08,2023-08-16,,fire,492365,pending,Suda Phongphan,false
CL002213,P003829,2025-05-20,2025-05-31,,collision,27549,open,Niran Sukhumvit,false
CL002214,P002978,2023-09-08,2023-09-08,2023-11-12,fire,218602,paid,Bua Sukhumvit,false
CL002215,P007984,2024-02-07,2024-02-07,2024-04-17,third_party_liability,359347,paid,View Kittikun,false
CL002216,P003227,2023-09-21,2023-09-30,,storm,1947053,open,Bank Limthongkul,false
CL002217,P000248,2026-04-23,2026-05-04,2026-07-27,collision,65670,paid,Niran Charoensuk,false
CL002218,P001583,2025-10-11,2025-10-14,2025-12-16,fire,166737,denied,Chai Kanchanaburi,false
CL002219,P007870,2024-11-03,2024-11-13,2025-01-19,flood,76902,denied,Somchai Thongdee,false
CL002220,P009412,2022-06-21,2022-06-21,2022-08-10,flood,445955,paid,Bank Wongchai,false
CL002221,P007363,2022-07-28,2022-08-07,,fire,630643,pending,Pat Wongchai,false
CL002222,P007050,2023-07-02,2023-07-14,,flood,1596161,pending,Suda Phongphan,false
CL002223,P008080,2025-03-15,2025-03-25,2025-05-10,flood,29100,denied,Malee Phutthichai,false
CL002224,P008977,2023-11-29,2023-12-01,2023-12-15,collision,492994,paid,Praew Sukhumvit,false
CL002225,P002834,2026-05-14,2026-05-23,2026-07-04,flood,592886,paid,Fern Charoensuk,false
CL002226,P001178,2024-08-29,2024-09-06,2024-11-08,theft,120361,paid,Kanya Kanchanaburi,false
CL002227,P001492,2023-06-24,2023-07-01,2023-07-23,fire,530746,paid,Wichai Kanchanaburi,false
CL002228,P005244,2025-10-07,2025-10-21,2025-11-09,fire,318791,paid,Earth Limthongkul,false
CL002229,P000829,2025-12-05,2025-12-13,2026-03-11,theft,314287,paid,Praew Wongchai,false
CL002230,P007927,2023-04-15,2023-04-20,2023-05-23,water_damage,6154391,paid,Nan Boonmee,false
CL002231,P002481,2023-07-17,2023-07-18,2023-09-16,flood,223400,paid,Pim Charoensuk,false
CL002232,P002326,2026-04-17,2026-04-23,,flood,237507,pending,Pim Phongphan,false
CL002233,P009107,2023-07-31,2023-08-03,2023-08-13,collision,560108,paid,View Watcharaphon,false
CL002234,P006257,2026-04-26,2026-04-28,,flood,455976,open,Eak Phutthichai,false
CL002235,P008154,2022-02-25,2022-03-06,2022-04-26,fire,282808,paid,Earth Rattanapan,false
CL002236,P005647,2022-11-28,2022-12-04,,fire,153184,pending,Wichai Boonmee,false
CL002237,P009656,2023-09-15,2023-09-19,2023-10-10,third_party_liability,591921,paid,Toon Inthanon,false
CL002238,P001161,2023-12-17,2023-12-22,2024-02-09,third_party_liability,484239,paid,Fern Phromsiri,false
CL002239,P001584,2026-02-13,2026-02-24,2026-03-23,flood,51031,paid,Bua Kanchanaburi,false
CL002240,P005416,2023-06-20,2023-07-02,,burglary,2022495,open,Fern Charoensuk,false
CL002241,P005894,2024-08-01,2024-08-08,2024-08-31,burglary,133305,paid,Ploy Phromsiri,false
CL002242,P005893,2024-11-28,2024-12-11,,flood,209532,open,Pim Kittikun,false
CL002243,P007742,2026-02-12,2026-02-23,2026-04-30,storm,1686039,paid,Pat Chaisawat,false
CL002244,P004495,2025-01-30,2025-02-01,2025-03-15,storm,1356519,denied,Chai Chaiyaporn,false
CL002245,P001895,2025-10-04,2025-10-18,2025-11-20,burglary,2468136,paid,Mai Suwanphon,false
CL002246,P009168,2026-01-31,2026-02-06,2026-05-03,water_damage,921230,paid,Wichai Phutthichai,false
CL002247,P001574,2025-09-13,2025-09-27,2025-11-13,fire,228448,paid,Ploy Rattanapan,false
CL002248,P008940,2025-04-11,2025-04-14,2025-05-14,water_damage,900778,paid,Beam Chaisawat,false
CL002249,P006793,2026-04-10,2026-04-17,2026-06-25,third_party_liability,566297,paid,Nok Rattanapan,false
CL002250,P001828,2023-07-12,2023-07-25,2023-09-01,theft,83542,paid,Apinya Phromsiri,false
CL002251,P004656,2026-04-01,2026-04-01,2026-04-29,fire,181424,paid,Anong Boonmee,false
CL002252,P001390,2024-02-13,2024-02-18,2024-03-25,water_damage,1318824,paid,Kanya Limthongkul,false
CL002253,P005998,2025-10-13,2025-10-18,2025-12-30,fire,331648,denied,Mild Sangthong,false
CL002254,P009116,2024-09-01,2024-09-10,2024-11-17,water_damage,157373,paid,Wichai Srisuk,false
CL002255,P007875,2026-04-02,2026-04-15,2026-06-02,collision,216520,paid,Pim Kanchanaburi,false
CL002256,P005611,2024-12-03,2024-12-16,,flood,241758,open,Earth Wongchai,false
CL002257,P000657,2024-08-21,2024-08-30,,fire,4163082,open,Apinya Wongchai,false
CL002258,P002669,2026-04-29,2026-05-08,2026-07-17,burglary,2877174,paid,Nan Srisuk,false
CL002259,P002732,2026-01-07,2026-01-13,2026-03-18,burglary,6043600,paid,Suda Inthanon,false
CL002260,P002075,2025-01-12,2025-01-16,,theft,231751,pending,Mild Charoensuk,false
CL002261,P000635,2023-03-02,2023-03-12,2023-04-14,burglary,1067225,paid,Eak Limthongkul,false
CL002262,P007916,2024-09-10,2024-09-14,2024-10-21,third_party_liability,329884,paid,Apinya Srisuk,false
CL002263,P006950,2023-12-31,2024-01-12,,fire,138917,pending,Mild Phongphan,false
CL002264,P001458,2024-04-01,2024-04-15,2024-05-03,burglary,3654110,paid,Suda Saetang,false
CL002265,P002700,2024-09-18,2024-09-29,2024-11-21,flood,1832461,paid,Praew Rattanapan,false
CL002266,P006720,2023-01-24,2023-01-31,2023-03-16,water_damage,1849841,denied,Mai Thongdee,false
CL002267,P009110,2024-05-05,2024-05-06,2024-05-13,burglary,1395596,paid,Eak Charoensuk,false
CL002268,P004120,2025-07-28,2025-08-08,2025-10-04,fire,1109568,paid,Wichai Watcharaphon,false
CL002269,P001059,2024-08-22,2024-08-22,2024-11-17,burglary,4430900,paid,Niran Thongdee,false
CL002270,P002332,2022-03-19,2022-03-27,2022-06-13,flood,179468,paid,Mai Boonmee,false
CL002271,P008906,2023-07-15,2023-07-16,2023-08-17,water_damage,532631,paid,Nan Rattanapan,false
CL002272,P007926,2023-06-10,2023-06-11,2023-08-26,third_party_liability,136356,paid,View Chaisawat,false
CL002273,P009372,2023-08-28,2023-09-07,2023-10-01,storm,689848,paid,Bank Saetang,false
CL002274,P003640,2025-05-06,2025-05-12,2025-07-06,water_damage,3764222,paid,Tawan Sangthong,false
CL002275,P002516,2023-12-06,2023-12-10,2024-02-10,burglary,852161,paid,Ploy Rattanapan,false
CL002276,P000945,2026-04-30,2026-05-04,2026-06-15,flood,181772,paid,Ploy Chaisawat,false
CL002277,P004048,2023-04-16,2023-04-23,2023-07-16,theft,206700,paid,Niran Chaiyaporn,false
CL002278,P003316,2023-03-05,2023-03-11,,burglary,1166000,pending,Daeng Phromsiri,false
CL002279,P005922,2025-04-20,2025-04-21,,flood,53409,pending,View Charoensuk,false
CL002280,P006830,2023-06-12,2023-06-25,2023-08-08,flood,613347,paid,Tawan Phromsiri,false
CL002281,P008465,2026-02-24,2026-03-06,,collision,789579,open,Fern Kittikun,false
CL002282,P000986,2025-07-05,2025-07-06,,theft,126653,pending,Apinya Kanchanaburi,false
CL002283,P008460,2024-07-12,2024-07-15,2024-08-17,water_damage,3831636,paid,Nok Boonmee,false
CL002284,P006567,2026-01-20,2026-01-20,,burglary,572684,pending,Eak Chaisawat,false
CL002285,P001183,2024-03-28,2024-03-29,,flood,87245,open,Kanya Charoensuk,false
CL002286,P002353,2023-10-29,2023-11-07,2023-12-21,collision,269925,denied,Bank Phongphan,false
CL002287,P004098,2026-05-06,2026-05-18,,flood,780601,open,Fern Chaisawat,false
CL002288,P004364,2025-07-21,2025-07-28,2025-09-06,collision,559780,paid,Bua Kanchanaburi,false
CL002289,P003338,2024-01-13,2024-01-25,2024-04-17,third_party_liability,45896,paid,Wichai Thongdee,false
CL002290,P002868,2023-05-29,2023-06-09,2023-06-27,fire,123541,paid,Daeng Chaiyaporn,false
CL002291,P008444,2023-11-13,2023-11-15,,third_party_liability,671154,open,Nan Saetang,false
CL002292,P005420,2025-06-09,2025-06-20,2025-08-17,fire,73300,paid,Tee Thongdee,false
CL002293,P004766,2024-04-08,2024-04-10,2024-06-03,flood,1402813,paid,View Kanchanaburi,false
CL002294,P009795,2026-04-06,2026-04-11,,third_party_liability,30288,pending,Earth Wongchai,false
CL002295,P005581,2024-03-25,2024-04-06,2024-05-30,third_party_liability,40358,denied,Bank Boonmee,false
CL002296,P000587,2023-02-21,2023-02-25,,storm,3222201,pending,Beam Saetang,false
CL002297,P008908,2025-10-18,2025-10-25,2026-01-10,collision,354040,paid,Boss Srisuk,false
CL002298,P008287,2024-02-07,2024-02-07,2024-03-16,flood,26552,paid,Bua Thongdee,false
CL002299,P000568,2023-02-04,2023-02-15,,flood,278136,pending,View Wongchai,false
CL002300,P002887,2024-11-26,2024-11-30,,theft,252163,open,Mild Chaisawat,false
CL002301,P009174,2025-03-01,2025-03-08,2025-04-29,fire,25104,paid,Daeng Kanchanaburi,false
CL002302,P008150,2024-05-30,2024-06-03,2024-08-18,third_party_liability,107729,paid,Suda Phromsiri,false
CL002303,P009326,2025-12-18,2025-12-23,2026-03-13,fire,596564,paid,Boss Phongphan,false
CL002304,P001317,2025-06-01,2025-06-08,2025-07-13,flood,440358,denied,Niran Wongchai,false
CL002305,P003917,2025-04-07,2025-04-07,2025-06-05,theft,637980,paid,Fern Kittikun,false
CL002306,P005037,2024-03-08,2024-03-13,2024-05-15,water_damage,6959225,paid,Mint Phongphan,false
CL002307,P003808,2023-05-29,2023-06-09,2023-08-17,third_party_liability,66091,paid,Fern Watcharaphon,false
CL002308,P002597,2024-12-01,2024-12-08,2025-03-07,collision,217968,paid,Chai Srisuk,false
CL002309,P001877,2025-01-28,2025-02-02,2025-02-10,third_party_liability,39659,denied,Tee Srisuk,false
CL002310,P003379,2024-04-17,2024-04-28,,third_party_liability,90643,open,Bua Phromsiri,false
CL002311,P004528,2024-03-28,2024-03-28,2024-05-08,collision,138042,denied,Pat Inthanon,false
CL002312,P005956,2024-01-16,2024-01-16,,fire,195493,pending,Nok Suwanphon,false
CL002313,P003299,2025-09-15,2025-09-21,,burglary,3637093,pending,Earth Rattanapan,false
CL002314,P007502,2025-04-17,2025-05-01,,theft,266550,open,Daeng Charoensuk,false
CL002315,P006560,2023-04-04,2023-04-18,2023-05-12,theft,122882,paid,Suda Kittikun,false
CL002316,P006068,2024-04-18,2024-05-01,2024-07-02,collision,447533,paid,Pim Phongphan,false
CL002317,P003055,2024-03-20,2024-03-27,2024-04-29,third_party_liability,276246,denied,Suda Boonmee,false
CL002318,P000777,2026-04-06,2026-04-06,,theft,511041,pending,Apinya Boonmee,false
CL002319,P002716,2024-04-02,2024-04-09,2024-06-06,third_party_liability,47790,paid,Boss Sukhumvit,false
CL002320,P002537,2023-11-14,2023-11-22,,fire,609489,pending,Pat Wongchai,false
CL002321,P007844,2025-12-20,2025-12-20,,fire,485042,pending,Bua Srisuk,false
CL002322,P007743,2026-01-02,2026-01-06,2026-01-22,storm,967491,paid,Eak Inthanon,false
CL002323,P006971,2023-07-21,2023-08-01,2023-09-28,third_party_liability,37915,paid,Pim Saetang,false
CL002324,P003447,2024-03-19,2024-03-30,2024-06-04,fire,631865,paid,Kanya Wongchai,false
CL002325,P007909,2024-02-05,2024-02-06,2024-04-30,fire,187837,paid,Pim Srisuk,false
CL002326,P001117,2025-01-04,2025-01-10,2025-01-24,fire,52664,paid,Tee Charoensuk,false
CL002327,P005932,2023-09-25,2023-09-26,,theft,7871,open,Suda Kanchanaburi,false
CL002328,P004242,2026-01-17,2026-01-20,,theft,46820,pending,Toon Inthanon,false
CL002329,P001967,2023-10-29,2023-11-07,2023-12-09,third_party_liability,121511,paid,Anong Wongchai,false
CL002330,P000658,2025-12-25,2026-01-06,2026-02-01,third_party_liability,284934,paid,Daeng Rattanapan,false
CL002331,P006135,2026-02-19,2026-03-04,2026-03-11,theft,300347,paid,Toon Sukhumvit,false
CL002332,P006998,2024-08-10,2024-08-13,,flood,787780,open,Toon Wongchai,false
CL002333,P003364,2023-12-12,2023-12-24,2024-03-18,flood,3635371,paid,Anong Inthanon,false
CL002334,P000185,2023-03-30,2023-04-10,,third_party_liability,166782,pending,Mai Srisuk,false
CL002335,P007512,2026-01-30,2026-02-01,2026-03-21,third_party_liability,131541,paid,Bua Watcharaphon,false
CL002336,P008564,2023-02-05,2023-02-11,2023-04-25,fire,973604,paid,Tee Chaiyaporn,false
CL002337,P009944,2024-04-01,2024-04-04,2024-04-12,flood,260395,paid,Wichai Saetang,false
CL002338,P005607,2026-03-15,2026-03-15,2026-04-12,water_damage,1874537,paid,Daeng Chaisawat,false
CL002339,P001696,2024-08-11,2024-08-17,2024-11-09,third_party_liability,575994,denied,Mild Chaisawat,false
CL002340,P005459,2025-02-12,2025-02-12,,theft,805243,open,Fern Chaisawat,false
CL002341,P008948,2023-12-21,2023-12-21,2024-03-12,fire,250908,denied,Suda Watcharaphon,true
CL002342,P001889,2024-03-08,2024-03-08,2024-05-13,theft,287946,paid,Praew Phongphan,false
CL002343,P000670,2023-10-31,2023-10-31,,burglary,1084876,pending,Eak Wongchai,false
CL002344,P007488,2024-03-19,2024-03-28,2024-04-04,theft,242052,denied,Mild Chaisawat,true
CL002345,P003063,2022-10-06,2022-10-18,2022-11-22,third_party_liability,126736,paid,Malee Suwanphon,false
CL002346,P008946,2023-11-24,2023-12-07,,flood,233371,pending,Mai Thongdee,false
CL002347,P005959,2025-12-10,2025-12-10,2026-03-10,collision,213694,paid,Earth Kittikun,false
CL002348,P005181,2024-01-11,2024-01-20,2024-03-30,theft,19410,paid,Apinya Inthanon,false
CL002349,P001859,2026-02-15,2026-02-17,2026-04-04,theft,185906,paid,Nan Wongchai,false
CL002350,P003261,2023-05-22,2023-05-22,,collision,399227,pending,Daeng Srisuk,false
CL002351,P007407,2026-05-11,2026-05-16,2026-08-11,third_party_liability,18743,denied,Anong Chaisawat,false
CL002352,P001665,2025-09-15,2025-09-20,2025-12-12,collision,60239,paid,Pat Thongdee,false
CL002353,P005475,2024-12-15,2024-12-22,,storm,410323,open,Nok Phutthichai,false
CL002354,P008175,2025-12-13,2025-12-19,,fire,1412019,open,Wichai Charoensuk,false
CL002355,P007968,2025-02-04,2025-02-18,2025-03-15,flood,113031,paid,Daeng Saetang,false
CL002356,P000629,2023-01-18,2023-01-30,2023-04-30,water_damage,498209,paid,Anong Suwanphon,false
CL002357,P003047,2026-02-28,2026-03-05,,theft,124131,pending,Daeng Wongchai,false
CL002358,P000774,2023-11-15,2023-11-21,2024-01-16,water_damage,492097,denied,Earth Watcharaphon,false
CL002359,P008774,2026-04-29,2026-04-30,2026-06-11,theft,380178,paid,Anong Phutthichai,false
CL002360,P005640,2022-04-30,2022-05-02,2022-05-12,storm,125167,paid,Bua Inthanon,false
CL002361,P006941,2026-03-19,2026-03-24,2026-05-20,fire,50625,denied,Chai Chaiyaporn,false
CL002362,P009763,2022-07-05,2022-07-05,2022-09-13,theft,123070,paid,Nok Phromsiri,false
CL002363,P003558,2024-08-03,2024-08-04,,third_party_liability,123503,open,Earth Wongchai,false
CL002364,P000898,2024-03-31,2024-03-31,2024-06-24,water_damage,288991,paid,Nok Boonmee,false
CL002365,P007456,2026-02-23,2026-03-07,2026-05-27,theft,72644,paid,Kanya Limthongkul,false
CL002366,P004026,2025-12-31,2026-01-09,2026-02-02,third_party_liability,56656,paid,Toon Boonmee,false
CL002367,P004667,2023-10-19,2023-10-31,2024-01-24,flood,110604,paid,Mai Limthongkul,false
CL002368,P001247,2023-10-26,2023-11-06,2023-11-24,theft,75445,denied,Praew Kittikun,false
CL002369,P000842,2025-01-27,2025-02-08,2025-04-23,storm,615497,paid,Fern Phutthichai,false
CL002370,P000568,2022-10-07,2022-10-18,2022-10-26,flood,131861,paid,Fern Chaisawat,false
CL002371,P001320,2023-04-09,2023-04-12,2023-07-08,theft,19074,paid,Tawan Watcharaphon,false
CL002372,P008763,2025-01-04,2025-01-10,,water_damage,3142952,pending,Pim Boonmee,false
CL002373,P002943,2023-02-24,2023-02-24,2023-04-04,third_party_liability,137897,paid,Eak Rattanapan,false
CL002374,P005854,2024-02-23,2024-02-27,2024-05-21,flood,2050851,paid,Somchai Phutthichai,false
CL002375,P003988,2024-02-27,2024-03-08,,fire,345640,pending,Anong Watcharaphon,false
CL002376,P000420,2024-08-25,2024-09-02,2024-10-30,flood,168233,denied,Fern Suwanphon,false
CL002377,P007131,2025-04-15,2025-04-21,2025-05-16,theft,708098,paid,Malee Inthanon,false
CL002378,P000836,2025-12-08,2025-12-10,2026-01-17,flood,232394,paid,Mild Kittikun,false
CL002379,P009825,2025-10-04,2025-10-05,2025-10-25,flood,5279467,paid,Mint Kanchanaburi,false
CL002380,P009530,2025-04-05,2025-04-17,,storm,1576755,pending,Mai Srisuk,false
CL002381,P005250,2023-08-21,2023-09-01,2023-10-09,fire,140722,paid,Malee Saetang,false
CL002382,P000512,2023-06-19,2023-06-26,2023-08-20,flood,935225,paid,Pat Kittikun,false
CL002383,P008396,2024-08-17,2024-08-29,,flood,470188,open,Toon Kanchanaburi,false
CL002384,P003251,2025-09-29,2025-10-07,2025-11-08,fire,336466,paid,Pim Chaiyaporn,false
CL002385,P005878,2023-07-05,2023-07-09,,fire,592347,pending,Praew Kanchanaburi,false
CL002386,P002945,2025-11-11,2025-11-18,2025-12-19,flood,366644,denied,Apinya Suwanphon,false
CL002387,P007956,2026-03-27,2026-04-03,2026-05-05,theft,308696,paid,Eak Sangthong,false
CL002388,P008025,2024-07-14,2024-07-20,,water_damage,3662342,open,Mint Sangthong,false
CL002389,P006407,2024-03-30,2024-04-12,2024-05-17,third_party_liability,31249,paid,Eak Chaiyaporn,false
CL002390,P008539,2026-03-19,2026-04-01,2026-05-01,fire,47209,paid,Wichai Sukhumvit,false
CL002391,P008721,2026-03-14,2026-03-14,2026-05-13,third_party_liability,62603,paid,Anong Sukhumvit,false
CL002392,P000587,2022-07-28,2022-08-02,2022-09-21,water_damage,743327,denied,Mint Thongdee,false
CL002393,P002631,2025-08-28,2025-08-29,2025-10-21,theft,37940,paid,Fern Kanchanaburi,false
CL002394,P003278,2024-12-22,2024-12-22,2025-01-29,storm,1215960,paid,Niran Rattanapan,false
CL002395,P008190,2025-03-16,2025-03-29,,water_damage,6410904,pending,Nan Saetang,false
CL002396,P007661,2024-02-24,2024-03-06,2024-03-31,theft,118316,paid,Ploy Phutthichai,false
CL002397,P006709,2023-11-12,2023-11-26,,theft,197272,open,Malee Chaiyaporn,false
CL002398,P002711,2023-01-13,2023-01-23,2023-03-15,theft,35895,paid,Kanya Kanchanaburi,false
CL002399,P003111,2024-06-15,2024-06-29,2024-08-25,theft,364300,denied,Suda Sangthong,false
CL002400,P008869,2026-04-04,2026-04-17,2026-04-25,third_party_liability,201091,paid,Tee Kanchanaburi,false
CL002401,P007915,2025-04-20,2025-04-30,,third_party_liability,289800,open,Anong Phutthichai,false
CL002402,P002978,2023-06-29,2023-07-03,2023-09-24,fire,817491,paid,Niran Srisuk,false
CL002403,P007567,2022-03-26,2022-03-27,,flood,670713,pending,Bank Chaiyaporn,false
CL002404,P000935,2024-04-04,2024-04-13,2024-07-11,water_damage,6914669,paid,Niran Sangthong,false
CL002405,P000731,2026-03-16,2026-03-28,2026-04-08,fire,154602,denied,Beam Charoensuk,false
CL002406,P002392,2023-06-10,2023-06-13,2023-08-20,theft,262755,paid,Ploy Kittikun,false
CL002407,P004395,2023-03-07,2023-03-21,2023-04-28,flood,497796,paid,Mild Wongchai,false
CL002408,P002673,2025-10-31,2025-11-08,2025-11-30,water_damage,1147003,paid,Pim Phongphan,false
CL002409,P009255,2024-03-12,2024-03-17,,water_damage,1874233,open,Mild Inthanon,false
CL002410,P000453,2025-07-19,2025-07-30,2025-10-20,collision,180406,paid,Chai Watcharaphon,false
CL002411,P006193,2024-04-30,2024-05-04,2024-05-26,flood,2041242,paid,Somchai Phutthichai,false
CL002412,P001794,2026-03-31,2026-04-14,2026-06-19,theft,541730,paid,Niran Phutthichai,false
CL002413,P007952,2025-06-30,2025-07-09,2025-08-04,fire,305706,paid,Mild Sukhumvit,false
CL002414,P000243,2024-01-22,2024-01-31,2024-04-03,third_party_liability,408035,paid,Tawan Suwanphon,false
CL002415,P005789,2025-08-26,2025-08-31,2025-09-15,third_party_liability,352005,paid,Niran Charoensuk,false
CL002416,P002069,2024-08-24,2024-09-07,2024-11-04,burglary,2165085,paid,Praew Phromsiri,false
CL002417,P002076,2023-08-15,2023-08-26,,theft,212657,open,Chai Charoensuk,false
CL002418,P006530,2024-11-13,2024-11-19,,collision,249175,pending,Bank Saetang,false
CL002419,P004307,2023-05-08,2023-05-17,,flood,27221,pending,Pat Chaiyaporn,false
CL002420,P009949,2025-08-29,2025-09-06,2025-09-19,fire,165135,paid,Toon Rattanapan,true
CL002421,P006166,2024-07-16,2024-07-23,,collision,419847,pending,Suda Inthanon,false
CL002422,P001773,2023-06-01,2023-06-03,2023-07-12,theft,619914,paid,Pim Saetang,false
CL002423,P009285,2024-03-02,2024-03-10,2024-04-10,burglary,146365,paid,Somchai Rattanapan,false
CL002424,P003995,2025-03-17,2025-03-20,2025-05-01,theft,286395,paid,Eak Wongchai,false
CL002425,P002313,2024-01-25,2024-02-05,2024-03-10,fire,426292,denied,Wichai Charoensuk,false
CL002426,P001721,2023-07-22,2023-08-05,2023-09-28,collision,387643,denied,Chai Sukhumvit,false
CL002427,P000515,2026-02-05,2026-02-07,2026-04-06,flood,54127,paid,Toon Watcharaphon,false
CL002428,P005884,2024-12-10,2024-12-11,2024-12-28,theft,147250,paid,Tee Limthongkul,false
CL002429,P007194,2022-06-20,2022-06-21,,third_party_liability,166702,open,Toon Srisuk,false
CL002430,P005030,2023-02-27,2023-03-01,,third_party_liability,320517,pending,Mint Phongphan,false
CL002431,P005969,2024-09-16,2024-09-30,2024-10-18,flood,823756,denied,Earth Chaisawat,false
CL002432,P008082,2023-02-09,2023-02-19,,storm,3955753,open,Somchai Srisuk,false
CL002433,P001438,2024-02-06,2024-02-11,2024-02-23,flood,2906435,paid,Somchai Sangthong,false
CL002434,P005681,2023-01-25,2023-01-31,2023-03-24,collision,5673,paid,Pim Saetang,false
CL002435,P002074,2022-10-15,2022-10-23,2022-11-05,fire,210157,paid,Mint Watcharaphon,false
CL002436,P002085,2023-08-20,2023-08-25,2023-11-05,fire,324079,paid,Ploy Srisuk,false
CL002437,P003068,2024-12-16,2024-12-25,2025-03-15,flood,353109,paid,Mild Wongchai,false
CL002438,P003317,2024-05-09,2024-05-13,2024-07-23,third_party_liability,203724,paid,Mild Kanchanaburi,false
CL002439,P007322,2024-02-10,2024-02-17,2024-05-09,flood,749345,paid,Tee Chaiyaporn,false
CL002440,P006357,2025-09-13,2025-09-19,2025-12-10,collision,94191,denied,Boss Phongphan,false
CL002441,P009070,2025-02-25,2025-03-08,2025-04-05,theft,285542,paid,Fern Kanchanaburi,false
CL002442,P003400,2024-08-04,2024-08-07,,flood,180396,pending,Daeng Phromsiri,false
CL002443,P000077,2023-09-24,2023-09-27,,fire,317686,pending,Malee Saetang,false
CL002444,P005274,2023-07-08,2023-07-21,2023-10-16,third_party_liability,299340,paid,Pim Sukhumvit,false
CL002445,P003129,2023-04-20,2023-04-20,2023-07-13,collision,220719,paid,Earth Charoensuk,false
CL002446,P007947,2023-10-31,2023-11-12,,theft,421480,open,Chai Charoensuk,false
CL002447,P000616,2025-05-14,2025-05-26,2025-08-15,flood,243663,paid,Praew Kittikun,false
CL002448,P005237,2024-03-15,2024-03-23,,third_party_liability,89548,pending,Eak Suwanphon,true
CL002449,P008261,2026-03-23,2026-04-05,2026-06-06,flood,1117244,paid,Fern Boonmee,false
CL002450,P006860,2023-07-08,2023-07-14,2023-10-01,flood,673121,paid,Pat Chaiyaporn,false
CL002451,P004292,2025-03-15,2025-03-16,,third_party_liability,248182,open,Anong Kittikun,false
CL002452,P009621,2025-07-09,2025-07-14,,theft,87855,pending,Malee Sangthong,false
CL002453,P005137,2023-11-24,2023-12-03,2024-01-18,storm,4544097,paid,Daeng Phromsiri,false
CL002454,P007754,2026-02-18,2026-03-04,2026-06-01,fire,164639,paid,Mint Watcharaphon,false
CL002455,P004840,2026-03-09,2026-03-23,2026-06-14,flood,216661,paid,Mai Kittikun,false
CL002456,P003914,2023-11-02,2023-11-13,2023-12-21,third_party_liability,197482,paid,Boss Wongchai,false
CL002457,P003587,2025-08-23,2025-09-01,,storm,726992,open,Fern Wongchai,false
CL002458,P009214,2024-12-31,2025-01-03,,water_damage,929938,open,Eak Boonmee,false
CL002459,P001136,2026-02-07,2026-02-15,,collision,360860,pending,Bank Sukhumvit,false
CL002460,P007261,2023-11-28,2023-11-28,2024-02-22,fire,3881055,paid,Niran Sukhumvit,false
CL002461,P000971,2026-03-02,2026-03-16,2026-06-14,fire,2183279,paid,Mild Rattanapan,false
CL002462,P002594,2023-03-07,2023-03-14,,fire,407516,open,Toon Limthongkul,false
CL002463,P009965,2026-02-05,2026-02-06,2026-04-15,flood,991369,paid,Fern Watcharaphon,false
CL002464,P007825,2025-02-26,2025-03-07,2025-03-14,theft,35356,paid,Praew Sangthong,false
CL002465,P002966,2023-10-27,2023-11-10,2024-01-07,flood,98272,paid,Fern Sangthong,false
CL002466,P003565,2025-01-04,2025-01-09,,flood,732937,open,Malee Charoensuk,false
CL002467,P001938,2024-12-15,2024-12-21,2025-02-24,collision,232977,denied,View Sangthong,false
CL002468,P009857,2026-04-15,2026-04-17,2026-07-02,fire,86372,paid,Anong Limthongkul,false
CL002469,P005799,2026-04-07,2026-04-20,2026-07-16,fire,105802,paid,Chai Rattanapan,false
CL002470,P001036,2023-02-01,2023-02-06,2023-03-20,third_party_liability,576613,denied,Toon Thongdee,false
CL002471,P006944,2022-11-04,2022-11-11,2023-02-07,third_party_liability,638290,paid,Daeng Watcharaphon,false
CL002472,P005318,2023-10-30,2023-10-31,2023-11-17,fire,333346,paid,Tee Srisuk,false
CL002473,P009908,2024-05-17,2024-05-18,2024-06-11,flood,145363,paid,Eak Kittikun,false
CL002474,P009419,2025-03-15,2025-03-15,2025-06-01,fire,57603,denied,Mild Boonmee,false
CL002475,P001392,2024-12-28,2025-01-05,2025-04-03,third_party_liability,63957,paid,Nok Rattanapan,false
CL002476,P007493,2025-04-04,2025-04-13,2025-06-09,fire,1146202,paid,Daeng Saetang,false
CL002477,P004064,2023-05-22,2023-06-01,2023-08-27,theft,138085,paid,Eak Thongdee,false
CL002478,P006388,2024-09-17,2024-09-30,2024-12-23,storm,2676324,paid,Mild Sukhumvit,false
CL002479,P001681,2022-10-05,2022-10-14,,collision,324914,pending,Nan Watcharaphon,true
CL002480,P009225,2023-03-02,2023-03-13,2023-04-06,water_damage,756710,paid,Tawan Kanchanaburi,false
CL002481,P003928,2025-12-01,2025-12-03,,flood,477098,open,Pat Sangthong,false
CL002482,P006983,2026-05-05,2026-05-14,2026-07-28,water_damage,2683755,paid,Mint Phongphan,false
CL002483,P005884,2025-04-29,2025-05-04,,flood,315237,open,Nan Charoensuk,false
CL002484,P004809,2026-03-15,2026-03-28,2026-05-24,storm,1680548,paid,Ploy Limthongkul,false
CL002485,P001904,2024-02-20,2024-03-03,,flood,245358,pending,Mild Charoensuk,false
CL002486,P004489,2025-11-23,2025-11-29,2026-02-24,theft,12981,paid,Toon Boonmee,false
CL002487,P001898,2024-07-08,2024-07-11,,flood,182417,open,View Wongchai,false
CL002488,P002802,2024-01-25,2024-02-01,2024-04-10,flood,68850,paid,Kanya Suwanphon,false
CL002489,P009512,2023-05-05,2023-05-13,,third_party_liability,51172,open,Anong Srisuk,false
CL002490,P009454,2023-12-10,2023-12-12,2024-02-09,theft,392527,paid,Somchai Phutthichai,false
CL002491,P006435,2026-04-20,2026-04-21,,fire,59742,open,Praew Kittikun,false
CL002492,P001894,2023-11-24,2023-12-05,2024-01-15,burglary,853313,paid,Beam Saetang,false
CL002493,P003565,2025-04-06,2025-04-18,2025-05-05,third_party_liability,255032,paid,Wichai Chaiyaporn,false
CL002494,P003580,2024-07-20,2024-07-24,2024-10-21,fire,124972,paid,Mai Suwanphon,false
CL002495,P005455,2026-01-04,2026-01-12,2026-03-14,collision,230025,paid,Toon Watcharaphon,false
CL002496,P006334,2024-08-23,2024-08-25,2024-09-28,water_damage,2535461,paid,Bank Boonmee,false
CL002497,P001277,2026-05-09,2026-05-19,2026-06-03,fire,35337,paid,Daeng Kanchanaburi,false
CL002498,P000349,2023-12-13,2023-12-14,2024-01-06,third_party_liability,121327,paid,Bua Limthongkul,false
CL002499,P005541,2023-10-11,2023-10-20,2023-12-08,flood,426630,paid,Nok Saetang,false
CL002500,P000093,2024-12-23,2024-12-30,2025-01-15,burglary,995323,paid,Nok Wongchai,false
CL002501,P005096,2026-04-30,2026-05-11,2026-05-23,collision,307894,denied,Toon Chaiyaporn,false
CL002502,P001843,2025-02-02,2025-02-07,,flood,175525,pending,Mai Sangthong,false
CL002503,P006394,2023-05-25,2023-05-28,,fire,5133260,open,Somchai Limthongkul,false
CL002504,P009372,2023-06-17,2023-06-27,2023-09-21,fire,2581991,paid,View Charoensuk,false
CL002505,P007806,2024-11-25,2024-12-07,2024-12-15,fire,431305,paid,Anong Thongdee,false
CL002506,P006542,2022-06-21,2022-06-23,,third_party_liability,19962,open,Praew Srisuk,false
CL002507,P001167,2024-06-12,2024-06-26,2024-07-11,collision,360607,denied,Suda Thongdee,false
CL002508,P009133,2026-03-18,2026-03-29,,theft,284573,open,Tee Chaiyaporn,false
CL002509,P008399,2022-05-09,2022-05-23,,flood,44297,open,Mai Rattanapan,false
CL002510,P005925,2024-04-24,2024-05-01,,third_party_liability,191514,pending,Somchai Kittikun,false
CL002511,P004437,2022-07-19,2022-07-27,2022-09-09,theft,192796,paid,Ploy Inthanon,false
CL002512,P004871,2023-05-21,2023-05-23,2023-06-30,fire,364264,paid,Suda Kittikun,false
CL002513,P000844,2026-03-24,2026-04-02,2026-06-07,fire,240631,paid,Praew Srisuk,false
CL002514,P005249,2023-12-29,2024-01-10,2024-03-08,storm,1306380,paid,Nan Boonmee,false
CL002515,P005181,2023-03-09,2023-03-18,2023-04-04,third_party_liability,284599,paid,Anong Chaiyaporn,false
CL002516,P009819,2022-12-19,2023-01-01,,theft,407246,pending,Ploy Kittikun,false
CL002517,P009245,2024-02-09,2024-02-16,,collision,907827,pending,Tawan Chaisawat,false
CL002518,P008204,2024-08-07,2024-08-18,2024-10-13,third_party_liability,295596,paid,Nan Phromsiri,false
CL002519,P007930,2023-09-30,2023-10-13,2023-12-27,storm,3502940,paid,Apinya Phromsiri,false
CL002520,P008249,2024-03-23,2024-03-23,,theft,206584,open,Malee Kanchanaburi,false
CL002521,P001599,2024-01-29,2024-01-30,,fire,545163,pending,Bank Kittikun,false
CL002522,P008399,2022-09-10,2022-09-22,2022-11-03,fire,77869,paid,Mint Kittikun,false
CL002523,P003828,2023-05-06,2023-05-14,2023-06-13,flood,10253,paid,Eak Rattanapan,false
CL002524,P004899,2022-04-26,2022-05-06,,fire,286608,pending,Malee Saetang,false
CL002525,P006543,2023-02-04,2023-02-13,2023-04-20,third_party_liability,214870,paid,Chai Sukhumvit,false
CL002526,P000455,2025-03-29,2025-04-03,2025-06-05,water_damage,1692959,denied,Chai Limthongkul,false
CL002527,P000142,2024-02-09,2024-02-10,,water_damage,4509196,open,Praew Chaiyaporn,false
CL002528,P001975,2026-03-09,2026-03-13,,burglary,1314181,open,Nan Thongdee,false
CL002529,P008461,2024-08-11,2024-08-25,2024-09-24,third_party_liability,389245,paid,Chai Kanchanaburi,false
CL002530,P001982,2026-04-15,2026-04-17,2026-07-01,flood,105483,paid,Chai Charoensuk,false
CL002531,P006109,2024-02-02,2024-02-04,2024-02-13,flood,2809272,paid,Daeng Chaiyaporn,false
CL002532,P007694,2023-08-18,2023-08-25,2023-11-12,collision,125757,denied,Nan Wongchai,false
CL002533,P005474,2024-08-23,2024-08-27,2024-10-16,flood,563476,paid,Wichai Chaisawat,false
CL002534,P004170,2025-11-12,2025-11-21,2026-01-10,fire,231268,paid,Chai Kanchanaburi,false
CL002535,P000443,2022-12-30,2023-01-12,2023-04-08,third_party_liability,727745,paid,Beam Kittikun,false
CL002536,P000614,2025-07-11,2025-07-13,2025-08-20,theft,67259,paid,Eak Srisuk,false
CL002537,P004953,2022-10-03,2022-10-12,,burglary,3673276,open,Nan Srisuk,false
CL002538,P004425,2025-01-22,2025-02-01,,fire,1248845,open,Wichai Rattanapan,false
CL002539,P000800,2025-08-19,2025-08-29,2025-10-05,collision,33646,paid,Wichai Limthongkul,false
CL002540,P001651,2025-09-19,2025-10-03,2025-12-18,flood,602483,paid,Eak Limthongkul,false
CL002541,P001513,2026-02-10,2026-02-11,,third_party_liability,6399,pending,Bua Sukhumvit,false
CL002542,P003320,2024-07-28,2024-08-04,2024-10-02,flood,159028,denied,Kanya Thongdee,false
CL002543,P000905,2024-10-27,2024-10-28,2024-11-29,fire,119243,paid,Ploy Phutthichai,false
CL002544,P000781,2024-07-21,2024-07-28,2024-09-06,third_party_liability,377196,paid,Niran Thongdee,false
CL002545,P008986,2023-11-09,2023-11-16,2024-02-14,theft,645525,paid,Daeng Thongdee,false
CL002546,P009049,2026-04-14,2026-04-22,2026-07-19,fire,1153139,denied,Apinya Suwanphon,false
CL002547,P000551,2024-03-21,2024-04-03,,fire,242585,open,Toon Thongdee,false
CL002548,P004747,2023-05-27,2023-06-08,2023-07-12,burglary,189708,paid,Tee Boonmee,false
CL002549,P008511,2024-09-08,2024-09-15,2024-12-03,fire,63548,denied,Praew Saetang,false
CL002550,P004510,2023-07-12,2023-07-25,2023-09-03,flood,447893,paid,Ploy Chaiyaporn,false
CL002551,P002409,2024-09-19,2024-09-29,2024-11-20,fire,298407,paid,Pat Phongphan,false
CL002552,P005188,2026-01-07,2026-01-07,,flood,323721,open,Anong Phutthichai,false
CL002553,P003632,2025-10-18,2025-10-22,,third_party_liability,768940,open,Apinya Sukhumvit,false
CL002554,P008867,2023-07-15,2023-07-19,2023-08-29,flood,488424,paid,Praew Phromsiri,false
CL002555,P003933,2024-01-05,2024-01-19,2024-04-13,fire,728233,denied,Nan Sukhumvit,false
CL002556,P004336,2026-02-02,2026-02-15,,collision,110071,open,Toon Rattanapan,false
CL002557,P007904,2023-08-14,2023-08-15,2023-08-25,fire,69846,paid,Anong Boonmee,false
CL002558,P009995,2023-05-24,2023-05-31,2023-07-23,burglary,101288,paid,Niran Inthanon,false
CL002559,P005477,2024-01-03,2024-01-08,,collision,509499,pending,Eak Chaisawat,false
CL002560,P000077,2023-07-08,2023-07-21,2023-08-07,theft,97469,denied,Anong Phongphan,false
CL002561,P008528,2025-05-10,2025-05-22,2025-06-17,water_damage,1675186,paid,Boss Sangthong,false
CL002562,P008997,2024-07-30,2024-08-11,2024-10-04,flood,6877773,paid,Earth Rattanapan,false
CL002563,P000455,2024-11-21,2024-11-26,2025-01-11,fire,1746344,paid,Niran Phongphan,false
CL002564,P006458,2024-04-05,2024-04-16,,third_party_liability,48604,open,Beam Kittikun,false
CL002565,P003896,2026-05-02,2026-05-15,,collision,42210,open,Mint Sangthong,false
CL002566,P002564,2024-03-03,2024-03-09,2024-05-14,third_party_liability,88134,denied,Tee Watcharaphon,false
CL002567,P000720,2024-09-17,2024-09-17,2024-11-05,third_party_liability,77977,paid,Tee Kittikun,false
CL002568,P001021,2024-02-12,2024-02-12,2024-03-26,flood,126768,paid,Somchai Suwanphon,false
CL002569,P009000,2025-03-13,2025-03-20,2025-05-29,flood,198070,paid,Eak Phutthichai,false
CL002570,P008176,2025-06-10,2025-06-12,2025-08-03,theft,61286,denied,Nok Suwanphon,false
CL002571,P007564,2023-12-04,2023-12-13,2023-12-24,collision,403417,paid,Tee Wongchai,false
CL002572,P004309,2025-12-03,2025-12-11,2026-03-03,theft,372415,paid,Wichai Saetang,false
CL002573,P006499,2025-06-01,2025-06-05,,fire,576739,pending,Daeng Rattanapan,false
CL002574,P008722,2026-02-18,2026-02-26,,third_party_liability,131620,pending,Tee Charoensuk,false
CL002575,P005943,2025-03-19,2025-03-31,,theft,322913,pending,Pat Srisuk,false
CL002576,P001428,2024-04-15,2024-04-26,,flood,557475,open,Suda Sukhumvit,false
CL002577,P008647,2023-04-01,2023-04-14,2023-06-19,theft,11409,paid,Kanya Phromsiri,false
CL002578,P007694,2023-07-07,2023-07-18,2023-08-17,fire,543138,paid,Chai Sangthong,false
CL002579,P009003,2024-06-01,2024-06-10,2024-06-28,flood,250292,paid,Anong Sukhumvit,false
CL002580,P003835,2024-11-24,2024-11-26,2025-02-09,fire,54925,paid,Somchai Suwanphon,false
CL002581,P002197,2023-03-20,2023-04-03,2023-06-27,water_damage,5905828,paid,Earth Phongphan,false
CL002582,P004544,2023-08-05,2023-08-17,2023-10-06,third_party_liability,232906,paid,Nan Phongphan,false
CL002583,P005389,2023-11-17,2023-11-22,2024-02-08,flood,474168,paid,Anong Boonmee,false
CL002584,P005900,2022-10-30,2022-11-03,2023-01-03,collision,461538,paid,Mild Suwanphon,false
CL002585,P005860,2024-07-12,2024-07-21,,flood,31732,pending,Pim Thongdee,false
CL002586,P005687,2025-10-08,2025-10-10,2025-11-05,theft,378583,paid,Boss Rattanapan,false
CL002587,P004945,2025-05-27,2025-06-03,2025-07-05,fire,1436384,paid,Bank Charoensuk,false
CL002588,P001529,2025-09-12,2025-09-26,,collision,184312,open,Toon Phutthichai,false
CL002589,P008294,2024-04-10,2024-04-10,2024-05-06,collision,17511,paid,View Chaiyaporn,false
CL002590,P007093,2026-03-26,2026-03-30,2026-05-15,flood,238209,paid,Apinya Phutthichai,false
CL002591,P005256,2026-05-08,2026-05-12,,third_party_liability,402251,open,Mild Sangthong,false
CL002592,P008905,2025-03-23,2025-03-28,,burglary,2657462,open,Somchai Phutthichai,false
CL002593,P006619,2024-11-19,2024-11-28,,storm,3385938,pending,Mint Saetang,false
CL002594,P002640,2026-04-07,2026-04-12,2026-04-29,fire,102885,paid,Bank Limthongkul,false
CL002595,P005275,2025-05-17,2025-05-25,,flood,64728,pending,Suda Suwanphon,false
CL002596,P001956,2026-02-10,2026-02-18,2026-05-04,flood,92365,paid,Mai Kanchanaburi,false
CL002597,P007134,2026-03-02,2026-03-14,2026-04-20,fire,474716,paid,Tawan Phongphan,false
CL002598,P007955,2024-12-23,2024-12-24,,theft,100577,open,Anong Rattanapan,false
CL002599,P009955,2022-12-12,2022-12-12,2023-01-06,collision,140652,paid,Malee Saetang,false
CL002600,P004162,2026-04-26,2026-05-08,2026-07-18,fire,822573,paid,Malee Charoensuk,false
CL002601,P002676,2025-06-11,2025-06-14,2025-09-08,fire,119043,denied,Bua Srisuk,true
CL002602,P005483,2026-02-14,2026-02-19,2026-05-17,third_party_liability,544039,paid,Apinya Saetang,false
CL002603,P007164,2024-02-18,2024-03-01,2024-05-01,flood,167294,paid,Pim Wongchai,false
CL002604,P007114,2023-01-27,2023-01-27,2023-03-23,flood,131742,paid,Bank Limthongkul,false
CL002605,P001167,2024-06-09,2024-06-10,2024-07-08,fire,420605,paid,Pim Phromsiri,false
CL002606,P007811,2022-09-18,2022-09-25,,theft,54434,pending,Wichai Phutthichai,false
CL002607,P006335,2024-01-05,2024-01-06,2024-03-04,theft,345769,paid,Nan Thongdee,false
CL002608,P004201,2023-09-04,2023-09-11,2023-10-24,flood,3237834,paid,Kanya Phongphan,false
CL002609,P003315,2026-04-03,2026-04-10,,collision,317733,open,Mint Rattanapan,false
CL002610,P006252,2023-01-30,2023-02-10,2023-05-03,fire,167402,paid,View Saetang,false
CL002611,P003929,2024-01-27,2024-01-27,2024-02-04,fire,588934,paid,Praew Saetang,false
CL002612,P003956,2024-11-21,2024-11-21,2024-12-22,theft,75854,denied,Malee Sukhumvit,false
CL002613,P005524,2023-06-07,2023-06-16,2023-08-12,third_party_liability,75354,paid,Eak Kanchanaburi,false
CL002614,P009213,2025-10-06,2025-10-19,2025-12-28,theft,266204,paid,Suda Limthongkul,false
CL002615,P003328,2024-10-31,2024-11-02,2025-01-25,third_party_liability,527859,paid,Pat Kanchanaburi,false
CL002616,P000072,2025-01-01,2025-01-12,,flood,436838,open,Toon Chaiyaporn,false
CL002617,P007673,2022-07-11,2022-07-13,,flood,160271,pending,Toon Suwanphon,false
CL002618,P005675,2024-11-30,2024-12-01,2025-01-05,fire,104676,paid,Nan Boonmee,false
CL002619,P004122,2024-06-18,2024-06-23,2024-07-21,flood,188594,paid,Apinya Limthongkul,false
CL002620,P008069,2025-05-16,2025-05-27,2025-07-08,theft,215740,paid,Malee Sukhumvit,false
CL002621,P008759,2022-09-05,2022-09-17,2022-10-01,third_party_liability,177432,paid,Somchai Charoensuk,false
CL002622,P009627,2024-06-12,2024-06-21,2024-07-11,flood,4813413,paid,Beam Kittikun,false
CL002623,P001690,2024-06-03,2024-06-08,,theft,547346,pending,Anong Phromsiri,false
CL002624,P005388,2024-07-26,2024-08-04,,collision,119439,pending,Tee Phongphan,false
CL002625,P009024,2023-07-05,2023-07-15,2023-09-17,collision,732571,paid,Daeng Saetang,false
CL002626,P004201,2023-12-27,2024-01-10,2024-03-06,flood,2686145,denied,Apinya Sukhumvit,true
CL002627,P000705,2024-03-14,2024-03-21,2024-06-12,third_party_liability,494871,paid,Niran Thongdee,false
CL002628,P009174,2025-06-15,2025-06-21,2025-08-28,theft,113772,paid,Eak Srisuk,false
CL002629,P003937,2024-11-05,2024-11-06,2024-12-19,storm,281555,paid,Mint Watcharaphon,false
CL002630,P007430,2025-01-31,2025-02-09,,theft,472401,open,Pat Chaiyaporn,false
CL002631,P003568,2024-10-27,2024-11-10,,third_party_liability,54913,pending,Mild Kittikun,false
CL002632,P004388,2025-08-02,2025-08-10,,theft,507895,open,Toon Phromsiri,false
CL002633,P005110,2024-02-04,2024-02-08,2024-03-15,flood,215147,paid,Ploy Phutthichai,false
CL002634,P005902,2026-03-16,2026-03-21,2026-04-06,collision,81984,paid,Somchai Srisuk,false
CL002635,P007143,2025-03-11,2025-03-19,,theft,88527,pending,Bua Phutthichai,false
CL002636,P008995,2023-10-26,2023-11-08,,storm,2020131,open,Pat Charoensuk,false
CL002637,P007547,2025-05-15,2025-05-28,2025-06-10,storm,2252443,paid,Pim Sangthong,false
CL002638,P002107,2024-07-06,2024-07-06,2024-08-22,theft,208756,paid,Boss Phutthichai,false
CL002639,P002798,2025-12-28,2026-01-07,2026-02-11,collision,272543,paid,Mint Suwanphon,false
CL002640,P006157,2022-10-25,2022-10-25,,theft,144273,open,Mild Boonmee,false
CL002641,P001567,2024-08-04,2024-08-10,2024-10-03,fire,606212,paid,Fern Suwanphon,false
CL002642,P009413,2024-08-31,2024-09-13,,flood,34965,open,Boss Chaiyaporn,false
CL002643,P005777,2025-01-25,2025-02-04,2025-03-28,collision,284368,paid,Apinya Chaiyaporn,false
CL002644,P009595,2024-05-21,2024-05-23,2024-07-14,third_party_liability,154878,paid,Tawan Wongchai,false
CL002645,P000108,2024-12-18,2024-12-26,2025-03-16,third_party_liability,334162,paid,Bank Charoensuk,false
CL002646,P001261,2026-03-25,2026-03-25,2026-05-19,flood,397040,paid,Bank Chaiyaporn,false
CL002647,P001219,2025-10-09,2025-10-19,2025-11-22,fire,3653255,paid,Beam Boonmee,false
CL002648,P004442,2024-09-21,2024-09-30,2024-12-18,third_party_liability,19058,paid,View Watcharaphon,false
CL002649,P007384,2023-09-22,2023-09-29,,fire,285058,pending,Fern Phongphan,true
CL002650,P003708,2026-05-14,2026-05-25,2026-08-10,collision,269237,denied,Kanya Phutthichai,false
CL002651,P006360,2025-02-26,2025-03-07,,third_party_liability,609038,pending,Toon Phromsiri,false
CL002652,P007332,2023-05-02,2023-05-04,2023-07-05,theft,672947,denied,Wichai Kanchanaburi,false
CL002653,P002163,2023-09-25,2023-09-27,2023-12-12,collision,652222,paid,Tee Thongdee,false
CL002654,P005139,2023-06-14,2023-06-28,2023-08-18,theft,434578,paid,Fern Kanchanaburi,false
CL002655,P006219,2024-05-07,2024-05-14,,flood,308934,pending,Mai Charoensuk,false
CL002656,P005963,2026-04-23,2026-04-29,2026-05-19,third_party_liability,145247,paid,Bank Phromsiri,false
CL002657,P007102,2022-08-16,2022-08-19,2022-09-25,theft,409474,paid,Bank Limthongkul,false
CL002658,P006086,2024-09-02,2024-09-07,2024-10-19,fire,420027,paid,Eak Rattanapan,false
CL002659,P004749,2023-10-24,2023-10-31,2024-01-23,third_party_liability,908199,paid,Eak Inthanon,false
CL002660,P003159,2025-06-15,2025-06-17,2025-08-31,third_party_liability,78564,paid,Fern Phongphan,false
CL002661,P009445,2024-10-03,2024-10-04,,collision,343607,pending,Ploy Limthongkul,false
CL002662,P003531,2024-02-17,2024-02-28,2024-05-12,theft,230482,paid,Nan Saetang,false
CL002663,P002099,2023-08-27,2023-09-07,2023-10-08,theft,278980,denied,Mai Phutthichai,false
CL002664,P005315,2024-05-11,2024-05-20,2024-07-22,flood,826135,paid,Nok Phromsiri,false
CL002665,P001442,2023-11-04,2023-11-18,,collision,632932,open,Earth Charoensuk,true
CL002666,P008343,2025-11-10,2025-11-21,,flood,86305,pending,Tee Phutthichai,false
CL002667,P003050,2025-09-21,2025-09-27,2025-11-16,flood,18119,paid,Mint Limthongkul,false
CL002668,P006508,2025-06-23,2025-07-05,2025-08-24,flood,562624,paid,Mild Inthanon,false
CL002669,P003753,2025-02-02,2025-02-04,2025-03-26,water_damage,153524,denied,Bua Saetang,false
CL002670,P004289,2023-11-20,2023-12-02,2024-02-26,fire,29398,paid,Nan Sukhumvit,false
CL002671,P007291,2024-04-09,2024-04-21,2024-06-16,burglary,2866652,paid,Wichai Rattanapan,false
CL002672,P006276,2024-11-12,2024-11-24,,theft,251060,open,Niran Charoensuk,true
CL002673,P002970,2025-06-19,2025-06-26,,third_party_liability,53131,open,Anong Watcharaphon,false
CL002674,P008916,2024-10-21,2024-10-23,2024-12-22,theft,315331,paid,Bua Chaisawat,false
CL002675,P003567,2024-11-18,2024-12-02,,third_party_liability,189331,open,Daeng Sukhumvit,false
CL002676,P006702,2025-11-21,2025-12-02,2026-01-24,flood,275793,paid,Suda Boonmee,false
CL002677,P004901,2025-05-10,2025-05-17,2025-05-26,flood,513985,paid,Nok Srisuk,false
CL002678,P000519,2023-11-13,2023-11-13,2024-02-01,collision,82412,paid,Niran Watcharaphon,false
CL002679,P007231,2026-05-09,2026-05-21,2026-06-21,third_party_liability,174795,paid,Eak Kanchanaburi,false
CL002680,P007996,2026-05-05,2026-05-05,2026-07-15,third_party_liability,183703,paid,Bua Saetang,true
CL002681,P003591,2022-12-13,2022-12-19,,water_damage,738638,pending,Bua Chaisawat,false
CL002682,P007201,2025-06-02,2025-06-02,2025-08-06,burglary,6787210,paid,Mai Limthongkul,false
CL002683,P000155,2023-07-30,2023-08-12,2023-10-14,theft,215599,paid,Nok Sukhumvit,false
CL002684,P003023,2023-11-21,2023-12-05,2023-12-27,third_party_liability,197886,paid,Mild Srisuk,false
CL002685,P003428,2026-01-09,2026-01-09,2026-03-24,flood,286630,paid,Niran Srisuk,false
CL002686,P002844,2023-04-10,2023-04-18,2023-06-05,collision,111965,denied,Toon Phongphan,false
CL002687,P007109,2024-03-28,2024-03-30,2024-04-30,third_party_liability,401995,paid,Anong Sukhumvit,false
CL002688,P006126,2026-01-02,2026-01-15,2026-01-29,theft,88808,paid,View Boonmee,false
CL002689,P004272,2023-03-15,2023-03-20,,collision,618755,pending,Anong Rattanapan,false
CL002690,P006059,2024-09-27,2024-10-02,,storm,1658641,open,Wichai Inthanon,false
CL002691,P000076,2026-05-04,2026-05-05,2026-07-31,flood,371224,paid,Anong Inthanon,false
CL002692,P006763,2026-02-27,2026-03-11,2026-04-03,storm,836395,paid,Beam Sukhumvit,false
CL002693,P000494,2024-11-24,2024-11-29,2024-12-12,third_party_liability,172798,paid,Bank Charoensuk,false
CL002694,P008983,2026-04-12,2026-04-12,2026-05-20,third_party_liability,254894,paid,Nok Phutthichai,false
CL002695,P000364,2025-04-28,2025-05-10,2025-06-01,storm,206895,denied,Nan Boonmee,false
CL002696,P003928,2025-08-16,2025-08-21,2025-11-16,flood,38524,paid,Kanya Sukhumvit,false
CL002697,P005925,2023-11-20,2023-11-20,2023-12-17,theft,96604,paid,Tee Phongphan,false
CL002698,P008415,2024-05-19,2024-05-27,2024-07-02,third_party_liability,254017,paid,Nok Watcharaphon,false
CL002699,P001834,2023-08-05,2023-08-09,2023-08-25,theft,670052,paid,Nok Chaiyaporn,false
CL002700,P001298,2023-09-28,2023-10-10,2024-01-08,collision,120353,paid,Bua Suwanphon,false
CL002701,P008298,2026-03-07,2026-03-11,2026-03-21,theft,31958,paid,Kanya Chaisawat,false
CL002702,P001051,2025-05-25,2025-05-29,2025-07-12,flood,186224,paid,Niran Phutthichai,false
CL002703,P005897,2025-04-01,2025-04-05,2025-04-14,third_party_liability,209174,denied,Praew Chaiyaporn,false
CL002704,P003862,2024-06-02,2024-06-14,2024-07-19,fire,78743,paid,Niran Kittikun,false
CL002705,P005930,2024-12-02,2024-12-13,2025-01-28,flood,251214,paid,Mild Thongdee,false
CL002706,P009580,2023-11-17,2023-11-20,2023-12-21,theft,109278,paid,Tee Charoensuk,false
CL002707,P002275,2023-08-23,2023-08-26,2023-11-01,third_party_liability,164610,paid,Praew Sangthong,false
CL002708,P008662,2024-12-13,2024-12-22,,third_party_liability,273243,pending,Mint Chaisawat,false
CL002709,P004845,2024-06-07,2024-06-18,2024-08-30,fire,231725,paid,Mild Chaiyaporn,false
CL002710,P002017,2023-10-04,2023-10-04,2023-11-25,flood,190349,denied,Nok Boonmee,false
CL002711,P008320,2025-12-16,2025-12-30,2026-01-27,theft,7818,paid,Anong Phutthichai,true
CL002712,P003996,2025-06-27,2025-06-29,,third_party_liability,287715,pending,View Chaiyaporn,false
CL002713,P008666,2025-12-13,2025-12-27,2026-02-03,fire,2540466,denied,Fern Rattanapan,false
CL002714,P000096,2024-05-11,2024-05-22,2024-06-27,fire,168825,paid,Pim Wongchai,false
CL002715,P001923,2022-06-05,2022-06-07,2022-07-26,fire,159702,paid,Nok Thongdee,false
CL002716,P003396,2025-10-04,2025-10-12,2025-12-23,collision,127227,denied,Nok Kittikun,true
CL002717,P007311,2025-10-19,2025-10-30,2025-11-26,burglary,435544,paid,Fern Kanchanaburi,false
CL002718,P007064,2023-04-11,2023-04-13,,fire,166300,open,Praew Inthanon,false
CL002719,P006756,2024-08-17,2024-08-20,2024-09-04,fire,909885,paid,Malee Sukhumvit,false
CL002720,P002287,2024-07-14,2024-07-18,2024-08-24,flood,635641,paid,Mild Chaisawat,false
CL002721,P008022,2025-07-28,2025-08-01,,flood,214762,open,Boss Inthanon,false
CL002722,P002754,2024-04-21,2024-04-29,2024-06-13,fire,774956,paid,Niran Watcharaphon,false
CL002723,P008528,2025-05-18,2025-05-18,2025-06-24,water_damage,1338695,paid,Praew Thongdee,false
CL002724,P001261,2025-11-24,2025-12-04,2026-02-22,fire,32289,denied,Mild Limthongkul,false
CL002725,P008358,2025-09-12,2025-09-21,,third_party_liability,74371,open,Mai Inthanon,false
CL002726,P002503,2025-04-28,2025-05-09,2025-07-28,collision,137503,paid,Toon Wongchai,false
CL002727,P004957,2023-04-10,2023-04-23,2023-05-02,storm,4987990,paid,Mai Limthongkul,false
CL002728,P004974,2023-04-19,2023-04-25,,fire,658098,open,Niran Suwanphon,false
CL002729,P001617,2025-11-07,2025-11-09,2026-01-06,theft,842153,paid,Toon Sukhumvit,false
CL002730,P009473,2022-09-12,2022-09-15,2022-10-25,collision,408263,paid,Tawan Phutthichai,false
CL002731,P000034,2024-01-24,2024-02-05,2024-03-05,storm,2466012,paid,Pat Charoensuk,false
CL002732,P001501,2025-02-24,2025-02-24,2025-04-19,flood,179195,paid,Eak Thongdee,false
CL002733,P004202,2023-12-09,2023-12-10,2024-02-29,fire,194893,paid,Tawan Wongchai,false
CL002734,P008588,2024-05-31,2024-06-05,,collision,21816,pending,Apinya Kanchanaburi,false
CL002735,P009285,2024-08-18,2024-08-30,2024-09-30,storm,329325,paid,Nok Charoensuk,false
CL002736,P004223,2022-10-15,2022-10-28,,theft,390632,open,Boss Saetang,false
CL002737,P008838,2023-01-22,2023-01-30,2023-03-02,flood,2206437,paid,Mild Sukhumvit,false
CL002738,P005450,2026-02-11,2026-02-13,2026-03-20,flood,968314,paid,Mai Thongdee,false
CL002739,P003812,2024-07-11,2024-07-14,2024-07-21,fire,375826,denied,Boss Limthongkul,false
CL002740,P006965,2024-04-19,2024-05-02,2024-06-21,collision,295875,paid,Pim Saetang,false
CL002741,P006517,2024-12-19,2024-12-19,,third_party_liability,683500,open,Bua Chaiyaporn,false
CL002742,P000545,2025-01-14,2025-01-17,,flood,256783,pending,Beam Phromsiri,false
CL002743,P004695,2026-03-10,2026-03-10,2026-04-13,flood,61077,paid,Nan Kanchanaburi,false
CL002744,P005397,2023-06-04,2023-06-09,2023-07-16,fire,3102074,paid,Mint Limthongkul,true
CL002745,P003556,2024-12-14,2024-12-26,2025-02-10,storm,1635997,paid,Earth Kanchanaburi,true
CL002746,P005043,2025-12-19,2025-12-29,,collision,70344,open,Chai Phromsiri,false
CL002747,P003439,2025-08-12,2025-08-26,,burglary,640483,pending,Daeng Wongchai,false
CL002748,P001151,2023-06-21,2023-06-24,,fire,80456,pending,Nok Sukhumvit,false
CL002749,P003551,2025-08-03,2025-08-16,,fire,1628783,open,Earth Rattanapan,false
CL002750,P004573,2023-04-11,2023-04-18,,storm,1431593,pending,Daeng Watcharaphon,false
CL002751,P009044,2025-08-12,2025-08-25,2025-11-14,theft,152043,paid,Bua Watcharaphon,false
CL002752,P006955,2022-11-17,2022-11-20,2022-12-06,collision,113904,paid,Somchai Kittikun,false
CL002753,P007577,2024-03-21,2024-04-04,2024-06-06,collision,510893,paid,Boss Chaisawat,false
CL002754,P002942,2022-12-13,2022-12-21,2023-01-25,theft,335523,paid,Nok Phromsiri,false
CL002755,P004757,2026-04-18,2026-04-30,2026-05-30,fire,3761582,paid,Tawan Wongchai,false
CL002756,P007583,2024-05-22,2024-06-04,2024-06-16,burglary,3797158,paid,Suda Phutthichai,false
CL002757,P001771,2023-08-10,2023-08-13,,third_party_liability,109113,open,Somchai Limthongkul,false
CL002758,P006398,2024-05-26,2024-05-30,2024-08-13,burglary,4792136,denied,Eak Wongchai,false
CL002759,P002803,2026-02-19,2026-03-03,2026-03-23,flood,1832415,paid,Chai Limthongkul,false
CL002760,P001264,2024-02-27,2024-03-02,2024-05-16,flood,62904,paid,Bank Boonmee,false
CL002761,P003244,2022-12-29,2023-01-03,2023-02-20,collision,529413,paid,Fern Sangthong,false
CL002762,P000055,2025-10-28,2025-11-05,,third_party_liability,80841,pending,Bua Chaisawat,false
CL002763,P005349,2024-04-19,2024-04-24,2024-07-06,burglary,1817014,paid,Anong Kanchanaburi,false
CL002764,P008332,2024-02-09,2024-02-21,2024-04-19,collision,342973,paid,Mai Phutthichai,false
CL002765,P006438,2025-02-07,2025-02-18,2025-03-03,storm,690146,paid,Somchai Inthanon,false
CL002766,P008520,2022-10-23,2022-10-31,2022-12-09,theft,109450,paid,Earth Phromsiri,false
CL002767,P003151,2025-06-06,2025-06-16,2025-08-18,water_damage,1165640,paid,Mint Phongphan,false
CL002768,P004659,2022-05-24,2022-06-03,2022-08-31,third_party_liability,793493,paid,Toon Chaiyaporn,false
CL002769,P003956,2024-12-12,2024-12-12,2025-02-04,collision,111368,paid,Ploy Charoensuk,false
CL002770,P008026,2023-10-21,2023-10-29,,storm,2626033,pending,Pim Boonmee,false
CL002771,P007852,2022-11-29,2022-12-03,,flood,492741,open,Bua Phongphan,false
CL002772,P005380,2023-09-17,2023-09-26,2023-11-09,theft,186954,denied,Daeng Kanchanaburi,false
CL002773,P008205,2024-03-28,2024-04-05,,fire,21107,pending,Bank Boonmee,false
CL002774,P002342,2025-07-07,2025-07-18,,collision,232038,open,Chai Chaiyaporn,false
CL002775,P009616,2023-03-04,2023-03-14,2023-05-23,fire,2230546,paid,Mint Limthongkul,false
CL002776,P008124,2024-01-19,2024-01-27,2024-04-03,theft,62581,denied,Ploy Charoensuk,false
CL002777,P003877,2023-11-08,2023-11-22,2024-01-18,third_party_liability,463952,paid,Bua Phongphan,false
CL002778,P008675,2023-03-11,2023-03-11,2023-05-22,fire,141729,paid,Mild Thongdee,false
CL002779,P002684,2025-06-10,2025-06-21,2025-08-11,collision,385290,paid,Anong Limthongkul,false
CL002780,P003853,2024-01-12,2024-01-15,2024-02-15,fire,85919,denied,Tawan Chaisawat,false
CL002781,P005957,2023-07-31,2023-08-14,2023-10-08,storm,2156892,paid,Wichai Charoensuk,false
CL002782,P002014,2024-08-21,2024-08-21,2024-10-04,fire,502474,paid,Earth Inthanon,false
CL002783,P000196,2026-04-25,2026-05-05,2026-05-21,flood,1662229,paid,Chai Suwanphon,false
CL002784,P006121,2024-09-12,2024-09-22,2024-11-14,collision,209971,paid,Nok Kanchanaburi,false
CL002785,P007741,2025-08-08,2025-08-18,2025-09-12,collision,611856,paid,Tawan Watcharaphon,false
CL002786,P005094,2025-01-13,2025-01-18,2025-03-20,theft,335084,denied,Bank Sangthong,false
CL002787,P009339,2026-04-06,2026-04-12,2026-05-13,flood,5338717,denied,Niran Watcharaphon,false
CL002788,P002542,2024-03-29,2024-04-03,2024-06-06,fire,347818,paid,Daeng Inthanon,false
CL002789,P009540,2024-08-10,2024-08-21,,flood,1015677,pending,Toon Thongdee,false
CL002790,P002146,2024-06-21,2024-06-28,2024-09-16,fire,350770,paid,Somchai Wongchai,false
CL002791,P002389,2026-03-22,2026-03-24,2026-04-22,storm,5879850,paid,Somchai Inthanon,false
CL002792,P008057,2023-09-30,2023-10-01,,collision,118082,open,Suda Chaisawat,false
CL002793,P003289,2024-05-26,2024-06-07,2024-06-16,flood,414312,paid,Mai Phromsiri,false
CL002794,P002103,2025-09-12,2025-09-20,2025-11-19,third_party_liability,76306,paid,Tawan Limthongkul,false
CL002795,P008028,2024-04-15,2024-04-27,2024-06-30,collision,394225,paid,Fern Saetang,true
CL002796,P005407,2023-07-16,2023-07-24,2023-08-08,fire,184423,paid,Fern Wongchai,false
CL002797,P002160,2023-11-08,2023-11-17,,flood,49740,pending,Pat Boonmee,false
CL002798,P006568,2024-06-08,2024-06-16,2024-07-12,fire,852239,paid,Bua Sukhumvit,false
CL002799,P005138,2025-06-27,2025-06-30,,burglary,283674,open,Tawan Boonmee,false
CL002800,P001404,2023-12-20,2023-12-29,2024-01-13,water_damage,4194840,paid,Mint Sangthong,false
CL002801,P006480,2025-04-28,2025-05-03,2025-07-12,water_damage,3203388,paid,Anong Watcharaphon,false
CL002802,P003616,2024-11-03,2024-11-16,2024-11-23,burglary,999329,paid,Eak Charoensuk,false
CL002803,P007409,2024-05-11,2024-05-18,,fire,217890,pending,Earth Limthongkul,false
CL002804,P001181,2024-06-16,2024-06-27,,fire,363562,pending,Ploy Chaisawat,false
CL002805,P005415,2023-07-04,2023-07-17,2023-10-07,collision,654420,paid,Somchai Chaiyaporn,false
CL002806,P007386,2025-09-26,2025-10-06,,third_party_liability,245896,pending,Mint Limthongkul,false
CL002807,P001472,2022-09-01,2022-09-05,,theft,269579,pending,Kanya Phongphan,false
CL002808,P002331,2025-11-26,2025-12-01,2025-12-23,flood,480506,paid,Toon Limthongkul,false
CL002809,P000080,2022-09-27,2022-10-09,,collision,218732,open,Nan Rattanapan,false
CL002810,P000881,2026-03-21,2026-04-02,2026-06-10,flood,1170037,paid,Boss Saetang,false
CL002811,P008292,2024-02-24,2024-02-29,2024-03-19,fire,2449908,denied,Somchai Phutthichai,false
CL002812,P009310,2024-09-21,2024-09-26,,burglary,4770428,pending,Pim Thongdee,false
CL002813,P008210,2026-03-29,2026-04-09,,third_party_liability,781742,pending,Bua Suwanphon,false
CL002814,P003733,2026-03-26,2026-04-09,2026-07-06,third_party_liability,134851,paid,Ploy Limthongkul,false
CL002815,P004002,2025-12-08,2025-12-10,,storm,3912936,open,Mint Phromsiri,false
CL002816,P009047,2024-08-21,2024-08-26,2024-09-16,flood,3700734,denied,Malee Srisuk,true
CL002817,P003834,2023-11-13,2023-11-13,,fire,473023,pending,Pat Wongchai,false
CL002818,P002612,2026-02-22,2026-03-02,2026-05-29,flood,2244768,paid,Anong Limthongkul,false
CL002819,P005572,2024-02-01,2024-02-07,2024-03-16,burglary,1638614,paid,Nan Kittikun,false
CL002820,P002544,2023-06-30,2023-07-14,2023-08-04,fire,149946,denied,Eak Thongdee,false
CL002821,P009014,2024-03-08,2024-03-08,2024-05-18,fire,1127910,paid,Ploy Kanchanaburi,false
CL002822,P000207,2026-04-08,2026-04-10,2026-05-13,theft,278011,paid,Tawan Rattanapan,false
CL002823,P003402,2025-04-12,2025-04-20,2025-05-07,water_damage,717605,paid,Bank Chaiyaporn,false
CL002824,P008284,2024-02-23,2024-03-01,2024-03-16,flood,1572590,paid,View Phutthichai,false
CL002825,P004849,2025-03-18,2025-03-27,2025-04-09,theft,110449,paid,Tee Rattanapan,false
CL002826,P006995,2023-12-02,2023-12-16,2024-01-22,water_damage,5221807,paid,Wichai Rattanapan,false
CL002827,P004838,2023-06-18,2023-06-20,2023-09-05,water_damage,883850,paid,Malee Chaisawat,false
CL002828,P005824,2023-07-25,2023-08-01,,fire,109493,pending,Bank Thongdee,false
CL002829,P008240,2023-03-08,2023-03-14,,water_damage,2899564,pending,Mild Limthongkul,false
CL002830,P004418,2025-02-09,2025-02-14,2025-03-30,third_party_liability,35847,paid,Toon Saetang,true
CL002831,P001198,2024-07-06,2024-07-07,2024-08-18,flood,885656,paid,Anong Srisuk,false
CL002832,P003977,2022-11-03,2022-11-10,,collision,52812,pending,Boss Kanchanaburi,false
CL002833,P005895,2025-03-26,2025-04-05,2025-05-07,fire,943776,paid,Praew Watcharaphon,false
CL002834,P001515,2026-05-12,2026-05-12,2026-05-27,collision,184237,denied,Boss Phromsiri,false
CL002835,P007971,2024-10-28,2024-11-01,,flood,581127,pending,Pim Boonmee,false
CL002836,P008476,2024-07-26,2024-08-09,2024-09-21,collision,299335,denied,Mai Wongchai,false
CL002837,P009145,2025-03-16,2025-03-23,2025-04-03,third_party_liability,225129,paid,Praew Phromsiri,false
CL002838,P008887,2025-11-05,2025-11-19,,flood,425071,open,Nok Sangthong,false
CL002839,P003828,2023-10-28,2023-11-04,2023-12-01,fire,19400,paid,Nan Kanchanaburi,false
CL002840,P005743,2026-02-10,2026-02-16,,third_party_liability,380097,open,Kanya Phutthichai,false
CL002841,P001136,2026-04-16,2026-04-18,2026-06-01,collision,154003,paid,Somchai Chaiyaporn,false
CL002842,P004109,2026-04-08,2026-04-19,2026-05-05,third_party_liability,383091,paid,Ploy Rattanapan,false
CL002843,P002934,2023-11-24,2023-11-25,2024-01-21,theft,96162,paid,Nok Suwanphon,false
CL002844,P002096,2024-10-20,2024-10-29,2024-11-19,fire,5923362,paid,Nan Sukhumvit,false
CL002845,P000356,2023-09-03,2023-09-10,,flood,86644,pending,Anong Limthongkul,false
CL002846,P005329,2026-02-10,2026-02-18,2026-02-28,burglary,1140324,paid,Mai Chaisawat,false
CL002847,P006267,2023-10-28,2023-11-01,2024-01-24,storm,3640611,paid,Kanya Watcharaphon,false
CL002848,P003518,2024-01-26,2024-02-03,2024-02-22,fire,341051,denied,Tawan Sukhumvit,false
CL002849,P008139,2023-11-01,2023-11-10,2024-01-09,fire,163855,denied,Eak Phromsiri,false
CL002850,P005805,2024-04-09,2024-04-20,2024-07-04,third_party_liability,292400,paid,Nok Sukhumvit,false
CL002851,P004221,2026-02-21,2026-03-01,2026-04-23,burglary,1989507,paid,Mai Phongphan,false
CL002852,P006035,2023-08-03,2023-08-13,2023-08-23,third_party_liability,393421,paid,Daeng Sangthong,false
CL002853,P009018,2024-01-15,2024-01-21,2024-02-29,storm,761538,paid,Anong Sangthong,false
CL002854,P009488,2024-08-25,2024-08-30,,flood,436334,pending,Chai Kanchanaburi,false
CL002855,P004429,2026-04-14,2026-04-22,,collision,493800,pending,Suda Boonmee,false
CL002856,P003138,2023-10-08,2023-10-20,2023-12-08,flood,325117,paid,Nok Srisuk,true
CL002857,P005854,2024-10-06,2024-10-17,2024-12-22,water_damage,1304717,paid,Fern Thongdee,false
CL002858,P009428,2023-04-01,2023-04-02,,fire,411018,open,Nan Phongphan,false
CL002859,P005050,2023-05-27,2023-06-06,2023-07-22,fire,341478,paid,Boss Sukhumvit,false
CL002860,P007516,2023-12-04,2023-12-06,2024-02-20,fire,350442,denied,Eak Sangthong,false
CL002861,P002860,2024-11-29,2024-12-06,,theft,283491,pending,Pim Kanchanaburi,false
CL002862,P004481,2023-07-30,2023-08-07,2023-08-20,fire,417813,denied,Pat Wongchai,false
CL002863,P008293,2023-02-10,2023-02-14,2023-03-23,theft,559527,paid,Suda Limthongkul,false
CL002864,P007180,2026-03-02,2026-03-14,2026-04-06,theft,176683,paid,Suda Saetang,false
CL002865,P001169,2023-06-11,2023-06-18,2023-08-28,fire,796391,paid,Apinya Chaisawat,false
CL002866,P007554,2022-10-20,2022-10-21,2022-11-12,water_damage,1194734,paid,Suda Thongdee,false
CL002867,P002583,2024-07-05,2024-07-16,2024-08-02,fire,348525,paid,Tawan Chaiyaporn,false
CL002868,P007213,2024-06-29,2024-07-04,2024-09-26,water_damage,2168256,paid,Eak Inthanon,false
CL002869,P007261,2024-04-28,2024-05-07,2024-06-05,water_damage,294738,paid,Apinya Rattanapan,false
CL002870,P002587,2023-07-02,2023-07-05,2023-07-18,water_damage,887545,paid,Mai Rattanapan,false
CL002871,P005988,2022-11-28,2022-11-30,2023-02-02,fire,801395,paid,Apinya Limthongkul,false
CL002872,P008686,2023-06-20,2023-07-02,2023-07-14,theft,341045,paid,Pat Sangthong,false
CL002873,P002651,2023-12-14,2023-12-19,2024-02-01,third_party_liability,300891,paid,Pim Saetang,false
CL002874,P004531,2025-07-21,2025-08-02,2025-09-11,flood,550430,paid,Kanya Rattanapan,false
CL002875,P009575,2023-03-13,2023-03-24,2023-04-17,storm,2442299,denied,Tawan Thongdee,false
CL002876,P002743,2025-08-23,2025-08-24,2025-09-24,third_party_liability,93019,paid,Somchai Phongphan,false
CL002877,P006892,2024-03-09,2024-03-17,2024-04-22,collision,35530,denied,Chai Phongphan,false
CL002878,P006917,2025-11-22,2025-12-02,2025-12-24,theft,362033,paid,Bua Phromsiri,false
CL002879,P007210,2025-10-03,2025-10-07,2025-10-23,collision,608899,paid,Kanya Watcharaphon,false
CL002880,P009136,2024-05-07,2024-05-08,,water_damage,2706815,pending,Wichai Phongphan,false
CL002881,P000454,2024-11-03,2024-11-17,,flood,344808,pending,Pim Limthongkul,false
CL002882,P007137,2026-05-03,2026-05-17,,flood,198883,pending,Toon Chaiyaporn,false
CL002883,P000107,2025-12-25,2026-01-06,2026-01-13,fire,557531,paid,Malee Phromsiri,false
CL002884,P005616,2026-01-31,2026-02-01,2026-04-22,collision,78222,denied,View Kittikun,false
CL002885,P009572,2023-11-16,2023-11-20,,theft,312410,pending,Mild Thongdee,false
CL002886,P002945,2025-10-23,2025-11-04,,theft,384492,pending,Earth Inthanon,false
CL002887,P004307,2023-07-12,2023-07-14,,third_party_liability,8826,pending,Mild Kittikun,false
CL002888,P007363,2022-08-27,2022-08-30,2022-09-13,collision,477016,denied,Somchai Limthongkul,false
CL002889,P000279,2023-06-10,2023-06-22,2023-07-22,storm,170217,denied,Beam Chaisawat,false
CL002890,P003397,2022-12-29,2023-01-03,2023-02-11,third_party_liability,151307,denied,Apinya Inthanon,false
CL002891,P006420,2025-09-14,2025-09-18,,third_party_liability,360498,open,Boss Boonmee,false
CL002892,P006023,2024-01-31,2024-02-13,2024-04-21,flood,360869,denied,Apinya Watcharaphon,false
CL002893,P008066,2024-07-19,2024-07-22,2024-08-19,fire,516593,paid,Tee Suwanphon,false
CL002894,P000638,2025-12-19,2025-12-19,2026-03-08,third_party_liability,748020,paid,Wichai Charoensuk,false
CL002895,P007145,2026-05-02,2026-05-04,2026-06-04,collision,496708,paid,Tee Sangthong,false
CL002896,P002285,2023-11-09,2023-11-10,2023-12-20,flood,348166,paid,Ploy Srisuk,false
CL002897,P008523,2025-12-16,2025-12-29,2026-01-13,theft,103706,paid,Nan Phromsiri,false
CL002898,P009866,2024-10-27,2024-11-10,2024-12-25,water_damage,4200390,paid,Mild Phutthichai,false
CL002899,P007252,2024-03-13,2024-03-26,,fire,591854,open,Wichai Inthanon,false
CL002900,P008482,2025-07-08,2025-07-18,2025-09-07,theft,79079,denied,Nok Inthanon,false
CL002901,P007475,2024-03-25,2024-04-01,2024-05-26,flood,188189,paid,Somchai Boonmee,false
CL002902,P000086,2023-08-10,2023-08-20,2023-09-22,water_damage,5167286,paid,Mild Chaiyaporn,false
CL002903,P004972,2024-03-27,2024-04-01,,flood,261208,open,Kanya Kittikun,false
CL002904,P004878,2025-10-25,2025-10-30,2025-12-28,storm,2434780,paid,Tawan Rattanapan,false
CL002905,P003430,2026-04-15,2026-04-19,,flood,266068,open,View Saetang,false
CL002906,P009450,2023-07-28,2023-08-01,2023-09-21,collision,179834,paid,Somchai Chaisawat,false
CL002907,P002383,2025-10-18,2025-10-22,2026-01-13,theft,244967,paid,View Thongdee,false
CL002908,P005261,2026-05-02,2026-05-05,2026-05-26,third_party_liability,562127,paid,Mild Thongdee,false
CL002909,P007190,2023-11-06,2023-11-20,2024-01-02,fire,6202393,paid,Ploy Limthongkul,false
CL002910,P004811,2023-08-10,2023-08-10,2023-09-08,flood,326892,paid,View Chaiyaporn,false
CL002911,P008647,2023-08-03,2023-08-08,2023-08-30,collision,132943,paid,Somchai Thongdee,false
CL002912,P008647,2023-04-24,2023-05-08,,theft,141472,open,Somchai Phutthichai,false
CL002913,P003194,2026-04-23,2026-05-03,2026-07-04,fire,3480998,paid,Beam Kittikun,false
CL002914,P001208,2024-05-25,2024-05-28,2024-07-24,fire,202964,paid,Toon Wongchai,false
CL002915,P009328,2022-09-14,2022-09-21,,water_damage,576865,open,Boss Kanchanaburi,false
CL002916,P006654,2023-08-11,2023-08-18,2023-09-03,third_party_liability,8614,paid,Suda Boonmee,false
CL002917,P007618,2024-06-20,2024-06-26,,theft,200176,pending,Malee Chaisawat,false
CL002918,P004458,2024-02-27,2024-03-03,2024-05-22,collision,179162,paid,Kanya Sangthong,false
CL002919,P008356,2025-11-04,2025-11-07,,third_party_liability,584777,open,Niran Rattanapan,false
CL002920,P007557,2026-05-09,2026-05-23,,third_party_liability,325963,open,Chai Suwanphon,false
CL002921,P003596,2025-05-28,2025-06-05,,third_party_liability,300746,pending,Mint Phromsiri,false
CL002922,P003621,2024-04-08,2024-04-18,2024-05-15,collision,62006,denied,Mint Inthanon,false
CL002923,P003242,2024-08-13,2024-08-17,2024-09-19,third_party_liability,148467,paid,Ploy Phongphan,false
CL002924,P009481,2023-05-07,2023-05-14,,flood,1925968,pending,Ploy Kanchanaburi,false
CL002925,P007748,2024-05-27,2024-06-09,2024-08-04,fire,2440243,paid,Toon Phromsiri,false
CL002926,P009225,2023-04-13,2023-04-18,2023-06-11,fire,901524,paid,Wichai Charoensuk,true
CL002927,P006398,2024-05-26,2024-06-08,,fire,1463374,open,Nok Kittikun,false
CL002928,P009577,2025-09-11,2025-09-21,2025-12-01,flood,213133,paid,Beam Phutthichai,false
CL002929,P005155,2023-03-01,2023-03-11,2023-05-21,flood,4694580,paid,Anong Sangthong,false
CL002930,P005622,2023-10-08,2023-10-18,2023-12-31,flood,1418230,paid,Beam Phromsiri,false
CL002931,P003102,2024-09-21,2024-10-03,2024-11-13,third_party_liability,124273,paid,Wichai Inthanon,true
CL002932,P008088,2024-12-22,2024-12-23,2025-01-14,fire,317308,paid,Apinya Phongphan,false
CL002933,P002259,2024-10-21,2024-10-26,2024-11-28,fire,858726,paid,Bank Watcharaphon,false
CL002934,P008166,2026-05-09,2026-05-11,2026-06-23,flood,147292,paid,Nok Kittikun,false
CL002935,P003457,2023-10-16,2023-10-19,,collision,159107,pending,Earth Phongphan,false
CL002936,P004751,2025-08-31,2025-09-11,,theft,105641,open,Fern Phutthichai,false
CL002937,P001058,2023-07-31,2023-08-09,,collision,195305,pending,Anong Wongchai,false
CL002938,P004070,2025-01-03,2025-01-07,2025-03-05,collision,552212,paid,Praew Suwanphon,false
CL002939,P001351,2026-04-08,2026-04-14,2026-07-10,fire,207744,denied,Pim Kanchanaburi,false
CL002940,P004584,2022-10-06,2022-10-16,,flood,133109,open,Ploy Sangthong,false
CL002941,P002063,2024-12-17,2024-12-29,,theft,284406,open,Mild Phongphan,false
CL002942,P008425,2025-03-18,2025-03-19,2025-04-13,flood,451781,paid,Wichai Saetang,false
CL002943,P008908,2025-06-14,2025-06-23,,collision,381908,pending,Boss Inthanon,false
CL002944,P009473,2022-04-30,2022-05-05,2022-06-02,collision,387130,paid,Mild Boonmee,false
CL002945,P005194,2024-01-10,2024-01-22,2024-04-07,third_party_liability,203340,paid,Kanya Chaiyaporn,false
CL002946,P006861,2025-03-22,2025-03-23,2025-06-14,fire,551374,paid,Wichai Srisuk,false
CL002947,P003663,2024-03-04,2024-03-09,2024-03-29,burglary,1394488,paid,Nok Phongphan,false
CL002948,P003345,2025-05-14,2025-05-15,,fire,343475,open,Pim Charoensuk,false
CL002949,P003788,2023-03-28,2023-03-31,,flood,3106430,pending,Mild Suwanphon,false
CL002950,P003273,2025-04-08,2025-04-20,,third_party_liability,259349,open,Apinya Srisuk,false
CL002951,P008873,2024-03-05,2024-03-06,2024-03-30,flood,5249404,paid,Bua Suwanphon,false
CL002952,P000689,2026-03-29,2026-04-01,2026-06-08,fire,123780,paid,Praew Kittikun,false
CL002953,P007492,2025-08-02,2025-08-04,,fire,3673935,open,Niran Boonmee,false
CL002954,P001267,2023-07-12,2023-07-21,2023-08-26,theft,316586,paid,Daeng Srisuk,false
CL002955,P005185,2023-06-05,2023-06-05,2023-08-10,theft,74932,paid,Mint Watcharaphon,false
CL002956,P004829,2023-06-01,2023-06-07,,collision,127397,pending,View Thongdee,false
CL002957,P008717,2024-08-17,2024-08-25,2024-09-09,fire,406455,paid,View Sangthong,false
CL002958,P003270,2024-01-20,2024-01-25,,water_damage,893237,pending,Anong Saetang,false
CL002959,P002634,2025-03-31,2025-04-08,2025-05-04,flood,570975,paid,Praew Kanchanaburi,false
CL002960,P003874,2025-07-07,2025-07-21,,flood,158019,open,Beam Limthongkul,false
CL002961,P009346,2025-09-28,2025-10-09,2025-10-17,burglary,1381703,paid,Eak Phutthichai,false
CL002962,P004020,2023-10-19,2023-10-21,2023-11-13,water_damage,2609430,paid,Somchai Sukhumvit,false
CL002963,P002613,2024-05-08,2024-05-17,2024-07-30,flood,77010,paid,Daeng Sukhumvit,false
CL002964,P008348,2023-05-19,2023-05-28,2023-07-19,collision,25952,paid,Apinya Inthanon,false
CL002965,P007355,2025-04-01,2025-04-06,,third_party_liability,601104,pending,Kanya Sangthong,false
CL002966,P004690,2026-01-15,2026-01-21,2026-04-15,third_party_liability,703236,paid,Mild Charoensuk,false
CL002967,P001727,2022-10-13,2022-10-15,2022-11-09,storm,3727343,paid,Ploy Phromsiri,false
CL002968,P000632,2025-02-01,2025-02-02,,theft,317827,open,View Boonmee,false
CL002969,P009794,2023-09-19,2023-09-19,,third_party_liability,215139,open,Fern Inthanon,false
CL002970,P001062,2024-08-18,2024-08-27,2024-10-28,flood,1751489,paid,Anong Watcharaphon,false
CL002971,P001233,2024-08-16,2024-08-28,2024-09-20,fire,4207883,paid,Beam Inthanon,false
CL002972,P007074,2024-08-23,2024-08-31,2024-10-26,fire,444664,paid,Tawan Kittikun,false
CL002973,P006468,2026-03-09,2026-03-17,,fire,648772,pending,Boss Rattanapan,false
CL002974,P009658,2026-02-18,2026-02-22,2026-04-22,fire,534346,paid,Bank Inthanon,false
CL002975,P008838,2022-11-01,2022-11-13,2023-01-08,water_damage,306220,paid,Mint Kanchanaburi,false
CL002976,P009059,2026-04-11,2026-04-24,,third_party_liability,551452,pending,View Charoensuk,false
CL002977,P006051,2026-05-07,2026-05-08,2026-07-26,third_party_liability,200156,paid,Tawan Suwanphon,false
CL002978,P009631,2024-07-14,2024-07-21,,fire,134698,open,Eak Thongdee,false
CL002979,P005125,2023-06-02,2023-06-05,2023-07-25,flood,638545,paid,Malee Chaiyaporn,false
CL002980,P001357,2022-08-06,2022-08-13,2022-10-27,collision,704879,paid,Bua Phromsiri,false
CL002981,P004771,2025-11-01,2025-11-15,2025-12-13,third_party_liability,440373,paid,Praew Chaisawat,false
CL002982,P000722,2025-06-01,2025-06-09,2025-08-03,storm,4773188,denied,Apinya Inthanon,false
CL002983,P003853,2024-04-01,2024-04-12,,collision,143799,pending,Toon Srisuk,false
CL002984,P001898,2024-03-01,2024-03-07,,third_party_liability,335693,pending,Nan Chaiyaporn,false
CL002985,P000044,2024-05-24,2024-06-03,2024-08-31,fire,510253,paid,Daeng Chaisawat,false
CL002986,P008645,2024-04-06,2024-04-10,2024-04-25,flood,475322,paid,Mai Srisuk,false
CL002987,P003983,2025-10-10,2025-10-11,2025-11-11,fire,62185,paid,Ploy Rattanapan,false
CL002988,P001381,2024-03-17,2024-03-23,2024-05-03,collision,574156,paid,Apinya Phongphan,false
CL002989,P007595,2023-09-17,2023-09-17,2023-10-26,collision,242919,paid,Tawan Rattanapan,false
CL002990,P008791,2023-12-20,2023-12-25,2024-02-25,burglary,643504,paid,Malee Limthongkul,false
CL002991,P004543,2024-09-27,2024-10-02,,collision,347473,pending,Daeng Charoensuk,false
CL002992,P008572,2023-08-15,2023-08-19,2023-10-19,flood,1552739,paid,Nok Watcharaphon,false
CL002993,P008076,2025-11-08,2025-11-14,2025-12-28,collision,53973,paid,Eak Phutthichai,false
CL002994,P005987,2026-04-29,2026-04-30,2026-06-28,flood,2552381,paid,Apinya Charoensuk,false
CL002995,P009131,2025-05-15,2025-05-24,2025-07-10,fire,155027,paid,Beam Limthongkul,false
CL002996,P009333,2024-04-02,2024-04-08,,burglary,1384398,open,Bua Chaiyaporn,false
CL002997,P005431,2024-06-27,2024-07-05,2024-09-22,fire,584560,paid,Ploy Kanchanaburi,false
CL002998,P009438,2024-09-14,2024-09-24,,theft,40423,open,Tawan Kanchanaburi,false
CL002999,P007802,2023-06-07,2023-06-13,2023-08-04,flood,540875,paid,Bua Thongdee,false
CL003000,P007345,2026-05-12,2026-05-13,,storm,1398304,open,Ploy Kittikun,false
CL003001,P008313,2023-10-02,2023-10-14,2023-11-02,water_damage,3452990,paid,Eak Wongchai,false
CL003002,P009720,2023-11-18,2023-11-24,,fire,1214305,open,Toon Suwanphon,false
CL003003,P005440,2023-09-20,2023-09-23,,fire,2242692,pending,Mild Limthongkul,false
CL003004,P008825,2026-03-10,2026-03-24,,third_party_liability,73302,open,Ploy Watcharaphon,false
CL003005,P008433,2025-04-30,2025-05-07,2025-05-24,flood,6333033,paid,Anong Wongchai,false
CL003006,P004155,2024-05-18,2024-05-23,2024-06-07,flood,695301,paid,View Sangthong,false
CL003007,P000025,2025-08-04,2025-08-17,2025-09-04,third_party_liability,25786,paid,Pat Limthongkul,false
CL003008,P002849,2023-02-24,2023-02-24,2023-04-14,theft,287026,paid,Kanya Srisuk,false
CL003009,P002834,2026-04-26,2026-04-30,2026-07-22,fire,63173,paid,Tee Wongchai,false
CL003010,P001932,2026-03-15,2026-03-29,2026-05-02,flood,506989,paid,Daeng Rattanapan,false
CL003011,P002813,2022-06-24,2022-07-02,2022-09-21,flood,85062,paid,Earth Kanchanaburi,false
CL003012,P009337,2025-12-25,2025-12-27,2026-01-26,third_party_liability,154950,paid,Nok Boonmee,false
CL003013,P000523,2026-04-28,2026-05-08,2026-07-06,third_party_liability,98286,paid,Kanya Srisuk,false
CL003014,P004117,2024-10-07,2024-10-10,,flood,15868,pending,Pim Boonmee,false
CL003015,P002895,2024-03-07,2024-03-12,,collision,749718,open,Tee Kanchanaburi,false
CL003016,P003959,2023-10-26,2023-10-27,2023-11-03,fire,334990,paid,Pat Phromsiri,false
CL003017,P003305,2025-01-10,2025-01-10,2025-02-21,theft,84940,paid,Pim Rattanapan,false
CL003018,P003102,2024-10-01,2024-10-09,2024-11-16,theft,114434,paid,Mai Kittikun,false
CL003019,P007439,2025-08-10,2025-08-21,2025-09-14,collision,72762,paid,Somchai Limthongkul,false
CL003020,P002466,2023-11-16,2023-11-19,2024-01-01,water_damage,3657037,denied,Suda Chaisawat,false
CL003021,P007496,2023-06-08,2023-06-20,2023-07-22,collision,857951,denied,Kanya Thongdee,false
CL003022,P003359,2024-12-19,2024-12-22,,third_party_liability,59365,open,Malee Sangthong,false
CL003023,P005917,2022-05-16,2022-05-26,,collision,390986,pending,Fern Phromsiri,false
CL003024,P009445,2024-08-05,2024-08-08,2024-10-18,third_party_liability,109989,paid,Somchai Kanchanaburi,false
CL003025,P007701,2025-09-17,2025-09-22,2025-10-21,flood,118955,paid,Toon Chaiyaporn,false
CL003026,P004502,2024-07-20,2024-08-01,,third_party_liability,15096,open,Tee Boonmee,false
CL003027,P000073,2022-11-03,2022-11-05,2022-12-23,third_party_liability,184026,paid,Apinya Thongdee,false
CL003028,P009769,2026-03-31,2026-04-02,,flood,434141,pending,Chai Phutthichai,false
CL003029,P009683,2023-09-30,2023-10-12,2023-11-20,flood,116742,paid,Suda Phongphan,false
CL003030,P009934,2025-10-17,2025-10-21,2026-01-14,flood,3623918,paid,Ploy Boonmee,false
CL003031,P002180,2023-11-03,2023-11-03,,theft,324230,pending,Mai Kittikun,false
CL003032,P000822,2024-01-11,2024-01-21,2024-02-19,fire,434387,paid,Earth Charoensuk,false
CL003033,P003319,2025-07-09,2025-07-09,2025-07-16,flood,83838,paid,Tee Phongphan,false
CL003034,P008842,2024-04-29,2024-04-30,,flood,695910,open,Mild Watcharaphon,false
CL003035,P008061,2026-03-23,2026-03-31,2026-06-16,theft,606401,paid,Pim Charoensuk,false
CL003036,P003259,2024-11-24,2024-12-06,,flood,660781,open,Daeng Phromsiri,false
CL003037,P006821,2023-08-31,2023-09-05,2023-09-24,flood,425731,paid,Anong Inthanon,false
CL003038,P000021,2023-06-25,2023-07-01,,flood,660414,open,Ploy Chaiyaporn,false
CL003039,P006684,2025-11-01,2025-11-13,2026-01-30,collision,283571,paid,Tawan Wongchai,false
CL003040,P001115,2024-01-19,2024-01-26,,burglary,3490768,pending,Bua Rattanapan,false
CL003041,P003837,2022-06-12,2022-06-19,2022-09-17,theft,85951,denied,Malee Saetang,false
CL003042,P001698,2024-03-18,2024-03-26,2024-04-13,theft,86953,paid,Beam Kittikun,false
CL003043,P007186,2026-04-13,2026-04-14,2026-06-07,third_party_liability,206297,paid,Praew Wongchai,false
CL003044,P000064,2023-01-09,2023-01-10,2023-01-17,theft,120891,paid,Boss Phongphan,false
CL003045,P003442,2024-04-11,2024-04-16,2024-06-23,flood,24840,paid,Kanya Inthanon,false
CL003046,P003592,2024-05-24,2024-05-25,2024-08-04,burglary,5225696,denied,Bank Inthanon,false
CL003047,P003463,2024-12-04,2024-12-18,2025-03-02,storm,3666855,paid,Suda Chaisawat,false
CL003048,P000656,2025-10-27,2025-11-01,2026-01-10,theft,113594,denied,Boss Saetang,false
CL003049,P007867,2026-01-18,2026-01-28,,collision,469904,pending,Wichai Chaiyaporn,true
CL003050,P001858,2023-05-18,2023-05-19,2023-07-06,theft,213929,denied,Bank Sukhumvit,false
CL003051,P009642,2024-12-17,2024-12-22,,fire,4395473,pending,Bank Kanchanaburi,false
CL003052,P006614,2024-03-23,2024-04-06,,flood,849222,pending,Apinya Boonmee,false
CL003053,P004770,2023-01-02,2023-01-08,,storm,1717547,pending,Suda Sangthong,false
CL003054,P000383,2024-04-25,2024-05-09,2024-07-15,flood,380308,paid,Bank Rattanapan,false
CL003055,P002092,2025-08-14,2025-08-26,,collision,671956,pending,Apinya Watcharaphon,false
CL003056,P001736,2023-09-22,2023-09-30,2023-12-04,theft,134186,paid,Beam Saetang,false
CL003057,P004809,2025-10-12,2025-10-24,2025-11-18,water_damage,2448418,paid,Pat Wongchai,false
CL003058,P000259,2026-01-02,2026-01-11,,fire,103609,pending,Bua Phromsiri,false
CL003059,P000616,2025-10-30,2025-10-31,2026-01-07,theft,228992,paid,Daeng Kittikun,false
CL003060,P009433,2024-10-03,2024-10-04,2024-10-28,burglary,5659319,paid,Tawan Limthongkul,false
CL003061,P000138,2022-01-24,2022-02-02,,fire,1253499,open,Suda Kanchanaburi,false
CL003062,P009563,2023-01-28,2023-02-06,2023-02-16,collision,184637,paid,Somchai Sangthong,false
CL003063,P006584,2024-04-20,2024-04-20,2024-05-31,flood,837461,paid,Toon Rattanapan,false
CL003064,P000301,2024-09-18,2024-09-25,,third_party_liability,526385,open,Somchai Inthanon,false
CL003065,P007611,2025-12-19,2025-12-24,2026-01-02,theft,32855,paid,Bua Thongdee,false
CL003066,P004315,2025-06-26,2025-07-02,2025-08-09,fire,6019677,paid,Boss Sukhumvit,false
CL003067,P000727,2025-08-31,2025-09-08,2025-11-18,third_party_liability,295324,paid,Mai Boonmee,false
CL003068,P001799,2026-05-10,2026-05-18,2026-06-09,flood,583573,paid,Mint Saetang,false
CL003069,P006450,2026-01-10,2026-01-10,,theft,122740,pending,Wichai Kanchanaburi,false
CL003070,P004494,2026-04-23,2026-05-06,2026-07-13,flood,58417,paid,Tawan Suwanphon,false
CL003071,P002105,2024-01-02,2024-01-12,2024-03-30,theft,797148,paid,Toon Srisuk,false
CL003072,P000782,2025-05-02,2025-05-04,2025-06-21,collision,78541,paid,Beam Inthanon,false
CL003073,P008894,2024-03-01,2024-03-07,2024-03-29,collision,321056,paid,Tawan Kanchanaburi,false
CL003074,P008699,2024-02-22,2024-02-26,2024-05-14,flood,782596,paid,Ploy Limthongkul,false
CL003075,P001092,2024-07-14,2024-07-14,2024-08-27,third_party_liability,19619,paid,View Kittikun,false
CL003076,P000943,2024-04-16,2024-04-29,,fire,694124,pending,Kanya Watcharaphon,false
CL003077,P006562,2025-07-02,2025-07-10,2025-07-24,flood,919084,paid,Bua Chaiyaporn,false
CL003078,P008196,2023-09-03,2023-09-16,,theft,468484,pending,Earth Srisuk,false
CL003079,P000640,2025-07-29,2025-08-02,2025-08-31,theft,39202,paid,Bank Saetang,false
CL003080,P005200,2024-08-15,2024-08-19,2024-11-11,collision,577368,paid,Pim Kanchanaburi,false
CL003081,P003559,2025-12-07,2025-12-08,,third_party_liability,229416,open,Somchai Inthanon,false
CL003082,P001759,2025-10-28,2025-10-28,2025-11-21,flood,879478,paid,Eak Boonmee,false
CL003083,P003720,2026-01-10,2026-01-14,,burglary,4396870,open,Mint Phongphan,false
CL003084,P009338,2026-01-12,2026-01-19,2026-02-15,fire,257562,paid,Pat Chaiyaporn,false
CL003085,P001781,2022-07-17,2022-07-31,2022-10-22,storm,1140392,paid,Tawan Phutthichai,false
CL003086,P000848,2024-02-17,2024-02-28,2024-03-25,theft,316852,paid,Boss Sukhumvit,false
CL003087,P008088,2025-06-19,2025-06-23,2025-08-17,flood,355884,paid,Nok Limthongkul,false
CL003088,P001205,2023-12-08,2023-12-13,2024-01-01,flood,343327,denied,Suda Phromsiri,false
CL003089,P001974,2024-12-05,2024-12-10,2025-01-20,theft,338340,paid,Bua Suwanphon,false
CL003090,P004883,2026-02-17,2026-02-23,,flood,908840,open,Ploy Srisuk,false
CL003091,P003960,2023-09-23,2023-09-26,2023-12-07,flood,27517,paid,Bank Rattanapan,false
CL003092,P008875,2025-01-24,2025-02-02,2025-03-02,fire,610447,paid,Mint Phromsiri,false
CL003093,P001974,2025-03-10,2025-03-19,2025-06-12,collision,246534,paid,Mai Watcharaphon,false
CL003094,P004440,2026-01-17,2026-01-21,,theft,312678,pending,Malee Saetang,false
CL003095,P000834,2026-01-10,2026-01-17,2026-04-08,water_damage,1615246,paid,Daeng Wongchai,true
CL003096,P001558,2025-10-19,2025-10-30,2025-12-30,collision,433655,paid,Malee Kittikun,false
CL003097,P004971,2023-12-20,2023-12-23,2024-02-13,flood,289373,paid,Tee Sangthong,false
CL003098,P003479,2024-11-20,2024-11-23,2025-01-30,theft,315229,denied,Anong Thongdee,false
CL003099,P007284,2025-07-07,2025-07-19,,collision,233543,pending,View Phutthichai,false
CL003100,P002460,2026-01-03,2026-01-06,,flood,648557,open,Toon Watcharaphon,false
CL003101,P004266,2026-01-23,2026-01-24,2026-03-01,third_party_liability,133860,paid,Ploy Phromsiri,false
CL003102,P002290,2023-11-24,2023-12-03,,collision,445868,pending,Anong Wongchai,false
CL003103,P004743,2026-01-31,2026-01-31,2026-03-12,water_damage,444726,paid,Pat Inthanon,false
CL003104,P003106,2023-06-13,2023-06-16,,flood,90296,pending,Earth Thongdee,false
CL003105,P007419,2025-11-13,2025-11-27,2026-01-31,fire,821403,paid,Nok Inthanon,false
CL003106,P000113,2023-07-10,2023-07-18,,collision,448095,open,Praew Wongchai,false
CL003107,P004325,2024-11-26,2024-12-10,2025-01-22,flood,509572,paid,Wichai Watcharaphon,false
CL003108,P003817,2025-03-16,2025-03-28,,third_party_liability,103574,pending,Wichai Charoensuk,false
CL003109,P002518,2024-12-12,2024-12-19,2025-01-23,theft,488448,paid,Suda Phongphan,false
CL003110,P002186,2024-06-15,2024-06-24,2024-09-13,third_party_liability,200281,paid,Chai Phongphan,false
CL003111,P001137,2023-09-03,2023-09-06,,flood,448511,open,Chai Limthongkul,false
CL003112,P005292,2025-02-24,2025-03-05,2025-03-30,flood,444289,paid,Bank Saetang,false
CL003113,P007191,2024-05-06,2024-05-19,2024-07-24,theft,115960,paid,Chai Suwanphon,false
CL003114,P004492,2025-08-27,2025-08-28,,fire,161363,open,Mild Wongchai,false
CL003115,P006080,2026-04-07,2026-04-13,,fire,871076,pending,Ploy Saetang,false
CL003116,P002747,2023-09-13,2023-09-20,2023-12-01,third_party_liability,244469,denied,Mint Inthanon,false
CL003117,P008303,2024-08-30,2024-09-09,,theft,703102,pending,Mint Sukhumvit,false
CL003118,P008939,2025-01-23,2025-02-05,,theft,57771,pending,Malee Srisuk,false
CL003119,P002919,2025-11-13,2025-11-13,2025-11-20,third_party_liability,443295,paid,Suda Sangthong,false
CL003120,P007090,2026-04-06,2026-04-11,2026-05-28,theft,222294,paid,Kanya Wongchai,false
CL003121,P009728,2024-07-21,2024-07-30,2024-09-17,burglary,3859599,paid,Somchai Limthongkul,false
CL003122,P001129,2024-04-25,2024-05-08,,collision,403293,open,Ploy Saetang,false
CL003123,P008562,2026-02-27,2026-03-04,2026-03-21,third_party_liability,383794,paid,Nan Thongdee,false
CL003124,P004005,2023-12-24,2023-12-26,2024-03-16,theft,60367,paid,Nan Saetang,false
CL003125,P001121,2024-06-02,2024-06-02,,fire,216858,pending,Mild Limthongkul,false
CL003126,P005666,2025-06-11,2025-06-24,2025-07-05,fire,1577509,denied,Kanya Inthanon,false
CL003127,P006072,2023-09-20,2023-10-04,2023-12-06,burglary,1375087,paid,Eak Chaisawat,false
CL003128,P006177,2026-04-28,2026-05-01,2026-06-10,collision,272931,denied,Daeng Kittikun,false
CL003129,P001806,2023-12-22,2023-12-24,2024-03-05,collision,352628,denied,Nok Chaisawat,false
CL003130,P000889,2024-08-14,2024-08-24,2024-11-22,flood,564459,paid,Pat Watcharaphon,false
CL003131,P006751,2025-07-23,2025-07-26,2025-10-01,flood,423922,denied,Mint Limthongkul,false
CL003132,P001611,2025-03-13,2025-03-22,2025-04-11,fire,648190,paid,Bank Phutthichai,false
CL003133,P001892,2026-04-07,2026-04-14,,burglary,932935,pending,Earth Thongdee,false
CL003134,P003401,2023-01-25,2023-02-07,2023-02-22,theft,746509,paid,Fern Phutthichai,false
CL003135,P003602,2024-05-27,2024-05-28,,collision,161026,pending,Bua Rattanapan,false
CL003136,P004480,2023-08-28,2023-09-07,2023-10-27,flood,657062,paid,Praew Wongchai,false
CL003137,P005997,2024-09-12,2024-09-14,,collision,387497,open,Bank Phromsiri,false
CL003138,P003031,2025-10-26,2025-11-04,2025-11-17,water_damage,1512713,denied,Eak Suwanphon,false
CL003139,P000952,2023-11-27,2023-12-08,2024-02-19,flood,3609186,paid,Anong Phromsiri,false
CL003140,P001928,2025-07-12,2025-07-21,2025-10-16,fire,119102,paid,Boss Watcharaphon,false
CL003141,P006329,2025-12-14,2025-12-19,,theft,334521,pending,Kanya Chaiyaporn,false
CL003142,P005889,2025-06-25,2025-07-09,,flood,261094,pending,Eak Chaisawat,false
CL003143,P005980,2026-05-07,2026-05-09,2026-06-08,flood,798422,paid,Beam Saetang,false
CL003144,P001614,2023-09-15,2023-09-28,,collision,327517,pending,Eak Sukhumvit,false
CL003145,P009192,2025-09-14,2025-09-24,2025-10-09,collision,429905,paid,Fern Wongchai,false
CL003146,P001543,2026-01-16,2026-01-29,,flood,231369,pending,Tawan Srisuk,false
CL003147,P008280,2024-07-21,2024-07-27,2024-08-27,water_damage,853073,paid,Earth Sangthong,false
CL003148,P000267,2022-11-23,2022-12-02,2023-02-27,collision,135255,paid,Earth Phutthichai,false
CL003149,P001553,2025-12-03,2025-12-13,2026-02-27,water_damage,328135,paid,Ploy Kittikun,false
CL003150,P001228,2023-09-10,2023-09-18,2023-12-08,fire,30831,paid,Anong Phromsiri,false
CL003151,P009074,2025-02-17,2025-02-25,2025-04-04,third_party_liability,27117,paid,Boss Phutthichai,false
CL003152,P005760,2025-05-26,2025-06-02,2025-07-15,fire,359671,paid,Niran Phutthichai,false
CL003153,P003397,2023-02-19,2023-03-04,,third_party_liability,274483,pending,Tawan Boonmee,false
CL003154,P000161,2025-07-18,2025-07-26,,collision,182907,open,Pim Sukhumvit,false
CL003155,P003654,2024-04-25,2024-05-05,2024-06-09,theft,421493,paid,View Limthongkul,false
CL003156,P006902,2025-10-11,2025-10-17,2026-01-10,collision,475466,paid,Bank Phutthichai,false
CL003157,P006036,2023-11-09,2023-11-17,2023-12-18,flood,1331157,paid,Toon Kanchanaburi,false
CL003158,P003947,2024-09-06,2024-09-13,,theft,20819,open,Mai Suwanphon,false
CL003159,P000998,2023-11-30,2023-12-13,,third_party_liability,34725,pending,Wichai Charoensuk,false
CL003160,P007016,2023-06-01,2023-06-02,2023-07-12,third_party_liability,268374,paid,Bua Inthanon,false
CL003161,P008924,2023-07-02,2023-07-12,2023-10-07,fire,589803,paid,Malee Kanchanaburi,false
CL003162,P005676,2025-12-05,2025-12-08,2026-02-24,water_damage,2017761,paid,Boss Kanchanaburi,false
CL003163,P004628,2023-10-31,2023-11-12,2024-01-05,fire,437901,paid,Mint Charoensuk,false
CL003164,P000559,2024-12-05,2024-12-14,,fire,260331,open,Wichai Sangthong,false
CL003165,P008561,2024-06-03,2024-06-16,2024-08-17,fire,118247,paid,Tawan Rattanapan,false
CL003166,P008562,2025-12-31,2026-01-13,2026-02-23,theft,289661,paid,Daeng Kittikun,false
CL003167,P005721,2025-02-25,2025-03-09,2025-05-23,fire,3125691,paid,Malee Boonmee,false
CL003168,P002292,2025-08-14,2025-08-25,,fire,394159,pending,Kanya Chaisawat,false
CL003169,P007483,2025-12-09,2025-12-16,2026-03-01,third_party_liability,180055,paid,Mint Charoensuk,false
CL003170,P003590,2022-10-17,2022-10-30,,burglary,4684158,open,Praew Limthongkul,false
CL003171,P008869,2026-04-03,2026-04-04,2026-05-12,third_party_liability,216609,paid,Beam Inthanon,false
CL003172,P009628,2023-05-10,2023-05-12,2023-08-01,third_party_liability,68473,denied,Anong Srisuk,false
CL003173,P006146,2024-03-17,2024-03-24,2024-06-13,flood,3605906,paid,Bua Chaiyaporn,false
CL003174,P003045,2024-08-04,2024-08-16,2024-10-31,water_damage,1893250,paid,Praew Inthanon,false
CL003175,P000854,2025-10-12,2025-10-16,,flood,725622,open,Bua Boonmee,false
CL003176,P002594,2023-03-14,2023-03-22,2023-04-02,theft,406555,paid,Suda Kittikun,false
CL003177,P001451,2025-09-28,2025-10-04,,collision,638253,open,Earth Kittikun,false
CL003178,P003339,2026-04-13,2026-04-22,2026-07-19,fire,205353,paid,View Wongchai,false
CL003179,P009617,2023-08-31,2023-09-08,2023-10-27,storm,4406692,paid,Daeng Sangthong,false
CL003180,P001428,2023-05-23,2023-06-06,2023-06-14,fire,498830,paid,Toon Phongphan,false
CL003181,P002290,2023-07-12,2023-07-21,2023-09-19,collision,732773,paid,Ploy Phutthichai,true
CL003182,P004260,2024-11-09,2024-11-16,2024-11-29,fire,122396,paid,Kanya Suwanphon,false
CL003183,P005045,2026-05-12,2026-05-25,,flood,103064,pending,Praew Watcharaphon,false
CL003184,P006487,2025-08-12,2025-08-20,2025-11-08,fire,114611,paid,Mint Suwanphon,false
CL003185,P003243,2024-11-23,2024-12-07,2025-02-06,collision,164982,paid,Niran Kittikun,false
CL003186,P002774,2024-02-19,2024-02-22,,flood,219677,pending,Pat Charoensuk,false
CL003187,P002452,2023-11-17,2023-11-29,2024-01-22,burglary,2236629,denied,Pim Chaisawat,false
CL003188,P009782,2024-08-01,2024-08-09,2024-08-27,flood,151287,paid,Tawan Srisuk,false
CL003189,P002268,2022-08-19,2022-08-31,2022-11-09,third_party_liability,113093,paid,Kanya Suwanphon,false
CL003190,P005735,2025-01-07,2025-01-13,2025-01-29,flood,93975,paid,Suda Kittikun,false
CL003191,P004013,2025-03-30,2025-04-13,2025-04-30,theft,56239,paid,Somchai Sangthong,false
CL003192,P004412,2023-02-14,2023-02-17,2023-05-07,fire,3134060,paid,View Watcharaphon,false
CL003193,P009146,2024-06-13,2024-06-14,2024-08-29,third_party_liability,489776,paid,Tee Inthanon,false
CL003194,P003545,2024-10-15,2024-10-25,2025-01-12,water_damage,3546653,paid,Tee Sangthong,false
CL003195,P003949,2026-04-20,2026-04-23,,third_party_liability,272693,open,Tawan Suwanphon,false
CL003196,P000053,2024-07-09,2024-07-15,,fire,1715256,pending,Malee Sukhumvit,false
CL003197,P003207,2025-02-24,2025-03-04,,fire,725411,pending,Somchai Inthanon,false
CL003198,P004015,2024-06-05,2024-06-17,2024-07-22,flood,4357223,paid,Somchai Kittikun,false
CL003199,P000688,2023-11-15,2023-11-21,,flood,211490,open,Beam Suwanphon,false
CL003200,P005913,2023-07-05,2023-07-13,,collision,95299,pending,Daeng Phromsiri,false
CL003201,P007703,2025-05-06,2025-05-14,2025-06-26,collision,225986,paid,Tawan Rattanapan,true
CL003202,P004794,2026-04-24,2026-04-25,2026-06-30,flood,220793,denied,Boss Limthongkul,false
CL003203,P006756,2024-09-05,2024-09-15,,fire,684084,pending,Wichai Sangthong,false
CL003204,P003690,2026-02-05,2026-02-07,2026-03-03,flood,1063761,paid,Bua Boonmee,false
CL003205,P003655,2023-08-28,2023-08-29,,theft,596205,pending,Mild Sangthong,false
CL003206,P002908,2024-03-17,2024-03-18,,flood,4412623,open,Boss Rattanapan,true
CL003207,P009290,2024-01-28,2024-02-07,2024-03-20,flood,763261,denied,Nok Sangthong,false
CL003208,P005589,2026-05-14,2026-05-21,2026-07-29,theft,199656,paid,Boss Phongphan,false
CL003209,P002753,2023-09-11,2023-09-23,2023-12-01,flood,592189,paid,Somchai Kanchanaburi,false
CL003210,P002649,2025-11-13,2025-11-18,2026-01-27,theft,578578,denied,Bank Inthanon,false
CL003211,P003966,2023-10-20,2023-10-30,2024-01-20,fire,455872,paid,Eak Chaisawat,false
CL003212,P004629,2026-04-16,2026-04-25,,water_damage,258692,pending,Mai Kanchanaburi,false
CL003213,P001281,2024-07-09,2024-07-13,,theft,91832,pending,Tawan Sukhumvit,false
CL003214,P004995,2026-02-26,2026-03-03,2026-05-05,fire,47288,paid,Bua Phongphan,false
CL003215,P006993,2025-01-25,2025-02-07,2025-02-17,collision,419753,paid,Bank Saetang,false
CL003216,P008216,2024-06-12,2024-06-13,2024-07-28,flood,199680,paid,Eak Sukhumvit,false
CL003217,P005432,2023-02-23,2023-02-25,2023-05-26,storm,136210,denied,Nan Inthanon,false
CL003218,P006558,2025-01-21,2025-01-31,,collision,398784,pending,Bank Srisuk,false
CL003219,P000929,2025-12-10,2025-12-10,2026-01-08,flood,4540138,paid,Tee Kanchanaburi,false
CL003220,P009571,2025-07-29,2025-08-06,2025-08-31,flood,1362370,paid,Apinya Inthanon,false
CL003221,P006275,2024-12-09,2024-12-19,2025-02-22,flood,35619,paid,Bank Saetang,false
CL003222,P006971,2023-11-08,2023-11-13,2023-12-05,fire,501435,paid,Tee Phutthichai,false
CL003223,P003283,2026-03-31,2026-04-13,2026-05-22,third_party_liability,267617,paid,Beam Boonmee,false
CL003224,P009592,2026-03-06,2026-03-09,2026-03-17,burglary,5306478,paid,Beam Rattanapan,false
CL003225,P000499,2022-10-27,2022-10-27,2022-11-25,burglary,3789137,paid,Mai Thongdee,false
CL003226,P002699,2025-03-13,2025-03-16,,collision,147079,open,Praew Sukhumvit,false
CL003227,P007543,2025-11-18,2025-11-18,,flood,50261,open,Nan Thongdee,false
CL003228,P006358,2026-04-29,2026-05-05,,flood,1844517,open,Tawan Chaisawat,false
CL003229,P005986,2023-09-13,2023-09-26,2023-12-23,storm,1480746,paid,View Rattanapan,false
CL003230,P001255,2025-03-08,2025-03-09,2025-05-28,third_party_liability,25740,paid,Fern Sukhumvit,false
CL003231,P007660,2025-06-28,2025-06-30,,fire,395598,open,Fern Wongchai,false
CL003232,P000282,2025-09-20,2025-09-29,2025-10-16,theft,55317,paid,Toon Saetang,false
CL003233,P000817,2026-03-23,2026-03-23,2026-06-21,burglary,5690053,paid,Daeng Rattanapan,false
CL003234,P009740,2025-09-17,2025-09-21,2025-12-14,fire,167881,paid,Chai Chaiyaporn,false
CL003235,P003456,2025-08-23,2025-09-02,,collision,213979,pending,Mint Inthanon,false
CL003236,P007671,2024-01-24,2024-02-04,2024-03-17,burglary,5143779,paid,Tawan Phutthichai,false
CL003237,P003755,2025-04-05,2025-04-06,,fire,50922,pending,Kanya Watcharaphon,false
CL003238,P007606,2023-12-10,2023-12-12,2024-02-13,flood,2821949,paid,Apinya Srisuk,false
CL003239,P008863,2026-05-05,2026-05-19,2026-06-13,flood,39258,denied,View Kanchanaburi,false
CL003240,P008722,2026-03-02,2026-03-11,2026-04-14,collision,35619,paid,Tawan Sangthong,false
CL003241,P006922,2025-01-07,2025-01-16,2025-03-08,theft,225081,paid,Bua Watcharaphon,false
CL003242,P002978,2023-10-23,2023-11-05,,flood,793316,pending,Fern Thongdee,false
CL003243,P000841,2025-10-25,2025-10-27,2025-11-26,storm,3577740,paid,Ploy Watcharaphon,false
CL003244,P006178,2024-01-27,2024-02-05,2024-05-01,burglary,2561601,paid,Kanya Wongchai,false
CL003245,P006542,2022-05-25,2022-06-08,2022-06-17,third_party_liability,72545,paid,Tawan Watcharaphon,false
CL003246,P005829,2023-10-09,2023-10-13,,collision,295230,open,Nan Kittikun,false
CL003247,P004405,2024-11-14,2024-11-16,,fire,5103078,open,Mai Thongdee,false
CL003248,P004921,2024-11-30,2024-12-07,2025-02-10,water_damage,1877027,paid,Chai Limthongkul,false
CL003249,P009183,2026-04-30,2026-05-13,,flood,159223,pending,Mai Sangthong,false
CL003250,P001275,2024-05-10,2024-05-18,2024-07-18,third_party_liability,55435,denied,Somchai Chaiyaporn,false
CL003251,P002546,2025-05-17,2025-05-25,2025-06-25,storm,5489848,paid,Wichai Boonmee,false
CL003252,P007104,2025-08-01,2025-08-01,2025-09-26,fire,320594,denied,Bank Charoensuk,false
CL003253,P003644,2023-09-14,2023-09-23,2023-11-10,collision,155025,paid,Wichai Thongdee,false
CL003254,P002306,2026-03-28,2026-04-05,,fire,445641,pending,Malee Chaiyaporn,false
CL003255,P005090,2024-04-30,2024-05-06,,theft,192008,pending,Daeng Sangthong,false
CL003256,P002271,2024-02-28,2024-03-10,2024-05-14,water_damage,1575473,paid,Malee Kittikun,false
CL003257,P002132,2024-01-30,2024-02-02,2024-02-26,flood,741899,paid,Pim Inthanon,false
CL003258,P000839,2025-05-17,2025-05-17,2025-05-26,flood,176538,denied,Nan Kanchanaburi,false
CL003259,P002298,2025-10-29,2025-10-31,2026-01-20,third_party_liability,373536,paid,Kanya Chaisawat,false
CL003260,P004179,2024-01-22,2024-02-04,,theft,810434,pending,Earth Sangthong,false
CL003261,P007772,2024-06-15,2024-06-28,2024-07-23,theft,148299,paid,Ploy Watcharaphon,false
CL003262,P009212,2023-12-27,2024-01-02,2024-02-25,flood,1165754,paid,Boss Kanchanaburi,false
CL003263,P007005,2023-03-19,2023-03-25,,third_party_liability,220037,open,Nok Thongdee,false
CL003264,P002968,2025-05-18,2025-06-01,2025-06-13,collision,158195,paid,Daeng Chaiyaporn,false
CL003265,P005630,2026-01-13,2026-01-19,2026-04-18,water_damage,690426,paid,Apinya Phongphan,false
CL003266,P009827,2024-05-04,2024-05-13,2024-06-09,flood,207292,paid,Ploy Phutthichai,false
CL003267,P006771,2024-07-14,2024-07-18,2024-10-08,third_party_liability,206122,paid,Chai Charoensuk,false
CL003268,P007668,2026-05-05,2026-05-12,2026-06-01,flood,135417,paid,Nok Saetang,false
CL003269,P000380,2025-05-08,2025-05-13,,collision,162292,pending,Mai Sangthong,false
CL003270,P009643,2025-04-24,2025-05-07,2025-06-18,flood,2495150,paid,Daeng Suwanphon,false
CL003271,P007130,2023-12-19,2023-12-29,,theft,227164,pending,Praew Boonmee,false
CL003272,P008212,2026-03-27,2026-04-04,2026-04-13,third_party_liability,135328,paid,Somchai Chaiyaporn,false
CL003273,P005336,2024-02-10,2024-02-19,2024-03-15,flood,261969,paid,Toon Phongphan,false
CL003274,P001327,2023-07-18,2023-07-29,,theft,75940,open,Earth Boonmee,false
CL003275,P004104,2023-05-17,2023-05-21,,collision,62831,pending,Toon Phromsiri,false
CL003276,P003245,2026-02-03,2026-02-14,2026-04-24,flood,65430,paid,Praew Charoensuk,false
CL003277,P001856,2023-10-11,2023-10-12,2023-12-07,third_party_liability,55361,paid,Suda Kanchanaburi,false
CL003278,P001432,2024-07-06,2024-07-08,2024-09-20,third_party_liability,168932,paid,Nok Chaiyaporn,false
CL003279,P007854,2023-08-14,2023-08-21,,flood,3085023,pending,Bua Kanchanaburi,false
CL003280,P003330,2025-08-19,2025-08-25,2025-11-11,flood,725634,paid,Malee Charoensuk,false
CL003281,P001257,2026-05-08,2026-05-13,2026-08-05,fire,3683927,paid,Pat Rattanapan,false
CL003282,P000874,2025-12-05,2025-12-18,2026-02-23,storm,436716,denied,Mild Thongdee,false
CL003283,P002053,2025-06-23,2025-07-07,2025-09-22,storm,692284,paid,Bank Watcharaphon,false
CL003284,P007887,2025-02-25,2025-03-02,,third_party_liability,109063,open,Bank Srisuk,false
CL003285,P002645,2024-11-18,2024-11-21,2024-12-18,theft,372329,denied,Toon Phromsiri,false
CL003286,P004661,2025-08-21,2025-09-03,2025-10-02,storm,1709141,denied,Ploy Rattanapan,false
CL003287,P000049,2025-08-23,2025-09-04,2025-09-24,burglary,809188,paid,Beam Kanchanaburi,false
CL003288,P001991,2024-07-03,2024-07-06,2024-07-16,theft,420851,paid,Wichai Phromsiri,false
CL003289,P007282,2025-12-03,2025-12-14,,theft,249101,open,Apinya Phutthichai,false
CL003290,P005353,2025-01-20,2025-01-26,2025-02-13,collision,83481,paid,Anong Thongdee,false
CL003291,P005434,2024-02-01,2024-02-08,,storm,4951947,open,Pim Chaiyaporn,true
CL003292,P009701,2026-04-20,2026-04-27,,burglary,164041,open,Chai Sangthong,false
CL003293,P009103,2024-06-01,2024-06-01,2024-08-02,theft,516547,paid,Nok Kittikun,true
CL003294,P000287,2026-04-24,2026-05-03,,collision,86814,open,Beam Chaiyaporn,false
CL003295,P005473,2023-10-22,2023-11-01,2023-12-30,fire,316167,paid,Somchai Boonmee,false
CL003296,P002949,2024-12-16,2024-12-17,,burglary,4276466,pending,Toon Boonmee,false
CL003297,P006350,2025-09-26,2025-09-29,2025-10-18,water_damage,2783890,paid,Nok Phromsiri,false
CL003298,P000192,2022-08-16,2022-08-26,2022-11-22,third_party_liability,422607,paid,Apinya Srisuk,false
CL003299,P001653,2023-10-12,2023-10-19,2023-11-24,storm,1406566,paid,Chai Boonmee,false
CL003300,P003114,2024-11-18,2024-11-19,2024-12-08,third_party_liability,214237,paid,Nan Phromsiri,false
CL003301,P007768,2022-02-11,2022-02-11,2022-04-21,fire,328888,paid,Pim Limthongkul,true
CL003302,P006594,2024-07-19,2024-07-26,2024-10-17,flood,185872,paid,Pat Phutthichai,false
CL003303,P008065,2026-05-12,2026-05-21,2026-07-24,fire,28228,paid,Suda Wongchai,false
CL003304,P005318,2023-07-20,2023-07-30,2023-09-30,fire,446878,paid,Suda Thongdee,false
CL003305,P005679,2025-11-09,2025-11-12,2026-01-01,water_damage,49006,paid,Mild Saetang,false
CL003306,P001954,2024-07-21,2024-07-26,2024-08-18,collision,19806,paid,Tawan Saetang,false
CL003307,P005083,2024-02-03,2024-02-08,2024-04-08,flood,5843777,denied,Tee Sangthong,false
CL003308,P000257,2024-03-08,2024-03-20,2024-04-05,theft,116506,paid,Eak Charoensuk,false
CL003309,P001969,2024-01-18,2024-01-24,2024-02-18,flood,3299814,paid,Pat Inthanon,false
CL003310,P007898,2024-01-19,2024-01-28,2024-02-18,third_party_liability,483905,paid,Tee Phutthichai,false
CL003311,P008228,2024-08-06,2024-08-12,,theft,803952,pending,Apinya Boonmee,false
CL003312,P009994,2022-11-17,2022-11-25,2023-01-11,storm,706604,paid,Mai Kanchanaburi,false
CL003313,P006751,2025-01-22,2025-01-29,2025-03-08,third_party_liability,33001,paid,Malee Saetang,false
CL003314,P007902,2026-02-19,2026-03-02,2026-05-19,third_party_liability,51182,paid,Ploy Sangthong,false
CL003315,P002168,2023-02-05,2023-02-09,,flood,873595,pending,Bank Boonmee,false
CL003316,P003891,2022-06-15,2022-06-25,2022-08-01,water_damage,4277282,paid,Daeng Srisuk,false
CL003317,P007753,2023-10-23,2023-10-28,,fire,53606,pending,Pim Phutthichai,false
CL003318,P000290,2024-12-16,2024-12-17,,fire,142741,pending,Apinya Charoensuk,false
CL003319,P001920,2023-10-05,2023-10-17,2023-12-17,flood,401798,paid,Tawan Sukhumvit,false
CL003320,P007023,2024-04-13,2024-04-19,2024-05-27,third_party_liability,228898,paid,Bua Phromsiri,false
CL003321,P002471,2025-12-20,2026-01-02,2026-03-17,flood,642662,paid,Fern Phongphan,false
CL003322,P001860,2024-01-25,2024-01-28,2024-02-25,third_party_liability,83297,paid,Pim Phongphan,false
CL003323,P004297,2024-04-07,2024-04-10,2024-06-21,fire,744121,paid,Wichai Rattanapan,false
CL003324,P009189,2023-06-15,2023-06-29,2023-08-26,flood,483536,paid,Mild Limthongkul,false
CL003325,P008672,2022-09-20,2022-09-26,2022-12-15,third_party_liability,361595,paid,Kanya Kittikun,false
CL003326,P000140,2025-04-19,2025-04-28,,fire,320520,open,Anong Boonmee,false
CL003327,P008493,2022-08-28,2022-09-05,,third_party_liability,39202,open,Praew Chaiyaporn,false
CL003328,P008357,2024-09-25,2024-10-01,2024-11-23,fire,4055306,paid,Fern Suwanphon,false
CL003329,P002746,2023-11-25,2023-12-04,2023-12-17,burglary,404833,paid,Earth Phutthichai,false
CL003330,P000984,2026-05-11,2026-05-12,2026-06-28,fire,28743,paid,Ploy Limthongkul,false
CL003331,P008540,2023-05-18,2023-05-24,,storm,4672150,pending,Mild Chaiyaporn,false
CL003332,P005630,2026-01-11,2026-01-21,2026-02-18,water_damage,1757598,denied,Bank Phongphan,false
CL003333,P008595,2024-09-23,2024-09-25,,collision,506855,pending,Earth Thongdee,false
CL003334,P009854,2026-02-08,2026-02-17,2026-02-25,collision,61932,paid,Bank Rattanapan,false
CL003335,P000383,2023-07-25,2023-08-05,2023-09-10,fire,387039,paid,Mint Sangthong,false
CL003336,P004755,2025-07-06,2025-07-15,2025-10-03,theft,366975,paid,Bank Phutthichai,false
CL003337,P004924,2022-04-08,2022-04-21,,flood,129188,pending,Nan Sukhumvit,false
CL003338,P005377,2023-10-02,2023-10-07,2023-11-09,collision,640794,paid,Tee Suwanphon,false
CL003339,P002559,2024-10-17,2024-10-23,2024-12-19,flood,1896416,paid,Nok Thongdee,false
CL003340,P004977,2023-12-22,2024-01-01,2024-01-20,burglary,6115790,paid,Chai Kittikun,false
CL003341,P002972,2023-07-08,2023-07-13,,water_damage,1136649,pending,Suda Phromsiri,false
CL003342,P005917,2022-07-10,2022-07-13,,flood,465277,pending,Nok Thongdee,false
CL003343,P002570,2023-06-18,2023-06-26,2023-09-24,third_party_liability,109947,paid,Nan Suwanphon,false
CL003344,P008947,2026-02-02,2026-02-05,2026-03-07,fire,4317782,paid,Bua Suwanphon,false
CL003345,P007636,2022-10-09,2022-10-12,,collision,62273,pending,Earth Sukhumvit,false
CL003346,P002565,2025-10-11,2025-10-19,,theft,210048,open,Apinya Suwanphon,false
CL003347,P001136,2025-12-20,2025-12-20,2026-02-16,flood,32312,paid,Anong Watcharaphon,false
CL003348,P003796,2023-01-27,2023-02-06,2023-03-02,fire,144047,paid,Niran Rattanapan,false
CL003349,P001911,2025-02-02,2025-02-12,2025-04-27,theft,71729,paid,Bank Wongchai,false
CL003350,P004962,2026-05-07,2026-05-17,2026-07-19,water_damage,5250955,paid,Bua Kittikun,false
CL003351,P006778,2023-07-09,2023-07-23,2023-10-03,flood,41229,paid,Pim Rattanapan,false
CL003352,P005726,2023-09-17,2023-09-20,,flood,57754,open,Mai Limthongkul,false
CL003353,P002033,2023-09-05,2023-09-16,2023-11-08,third_party_liability,581668,paid,Kanya Sukhumvit,false
CL003354,P007109,2024-10-09,2024-10-12,2024-12-19,third_party_liability,732427,denied,Earth Chaisawat,true
CL003355,P005190,2023-04-07,2023-04-07,2023-05-04,theft,361306,paid,Praew Phutthichai,false
CL003356,P002073,2024-10-28,2024-11-05,2024-12-27,third_party_liability,653960,paid,Tawan Rattanapan,false
CL003357,P005147,2023-05-26,2023-05-27,,collision,115481,open,Bua Thongdee,false
CL003358,P007929,2023-06-24,2023-07-01,,burglary,913092,open,Somchai Phromsiri,false
CL003359,P008377,2025-08-10,2025-08-21,2025-11-04,collision,255446,paid,Earth Charoensuk,false
CL003360,P008865,2024-08-11,2024-08-20,2024-10-21,fire,58512,denied,Praew Sukhumvit,false
CL003361,P006894,2026-03-01,2026-03-15,2026-04-18,water_damage,1054901,paid,Tee Phutthichai,false
CL003362,P006373,2025-06-13,2025-06-16,2025-07-08,third_party_liability,101508,paid,Mild Sukhumvit,false
CL003363,P003017,2023-11-07,2023-11-16,,collision,402995,pending,Praew Limthongkul,false
CL003364,P002249,2025-10-18,2025-10-20,2025-12-08,flood,63508,paid,Malee Rattanapan,false
CL003365,P005165,2024-11-29,2024-12-05,,water_damage,2294299,open,Mai Watcharaphon,false
CL003366,P006556,2026-04-28,2026-05-12,2026-05-30,flood,87640,paid,Malee Limthongkul,false
CL003367,P007018,2025-02-09,2025-02-19,2025-02-27,third_party_liability,522288,paid,Wichai Phongphan,false
CL003368,P004891,2024-03-10,2024-03-17,2024-06-03,collision,391891,paid,Kanya Kittikun,false
CL003369,P003743,2024-03-15,2024-03-17,2024-05-23,water_damage,537441,paid,Suda Srisuk,false
CL003370,P001036,2022-07-06,2022-07-11,2022-07-31,third_party_liability,156353,paid,Chai Kanchanaburi,false
CL003371,P008199,2024-11-16,2024-11-17,2024-11-24,fire,370409,denied,Malee Boonmee,false
CL003372,P000623,2025-01-13,2025-01-14,2025-02-20,storm,4206697,paid,Earth Limthongkul,false
CL003373,P009241,2022-02-05,2022-02-18,,flood,871244,pending,Nok Srisuk,false
CL003374,P000821,2023-03-23,2023-04-04,2023-05-18,theft,618837,paid,Bua Phromsiri,false
CL003375,P006135,2026-04-29,2026-05-12,,flood,319111,open,Eak Boonmee,false
CL003376,P004905,2023-09-10,2023-09-18,,collision,358438,open,Anong Saetang,false
CL003377,P000483,2026-03-13,2026-03-23,,fire,374240,pending,Pat Phutthichai,false
CL003378,P005384,2026-04-03,2026-04-04,2026-06-16,burglary,1703849,paid,Toon Phutthichai,false
CL003379,P001106,2024-10-04,2024-10-11,2025-01-02,flood,5666913,paid,Ploy Watcharaphon,false
CL003380,P000906,2026-04-25,2026-04-25,2026-06-02,collision,32471,paid,Beam Srisuk,false
CL003381,P003495,2026-05-09,2026-05-21,2026-06-16,burglary,2868895,paid,Nan Thongdee,false
CL003382,P003650,2022-08-14,2022-08-25,,theft,281946,open,Malee Limthongkul,false
CL003383,P000814,2023-07-22,2023-07-27,2023-10-01,flood,319374,paid,Pim Chaisawat,false
CL003384,P009676,2023-03-07,2023-03-09,2023-05-26,flood,341202,paid,Bank Sangthong,false
CL003385,P004312,2023-02-24,2023-02-28,2023-05-14,flood,437290,paid,Daeng Chaiyaporn,false
CL003386,P001904,2023-12-20,2023-12-27,,theft,261801,open,Kanya Phongphan,false
CL003387,P005446,2025-02-26,2025-03-02,2025-05-22,storm,714707,denied,Boss Sukhumvit,false
CL003388,P001571,2025-04-15,2025-04-18,,flood,129770,open,Nan Thongdee,false
CL003389,P006989,2025-01-27,2025-02-02,2025-04-23,theft,388992,paid,Somchai Suwanphon,false
CL003390,P003827,2025-09-07,2025-09-20,2025-11-09,burglary,445525,paid,Anong Chaisawat,false
CL003391,P004004,2024-10-16,2024-10-16,2024-12-15,flood,201327,paid,Boss Watcharaphon,false
CL003392,P001426,2024-08-07,2024-08-09,2024-08-16,flood,87081,paid,Malee Phromsiri,false
CL003393,P008049,2026-04-03,2026-04-03,2026-06-27,burglary,415090,paid,Daeng Phutthichai,false
CL003394,P005935,2023-02-23,2023-03-08,,fire,1130340,open,Bua Phutthichai,false
CL003395,P001492,2023-08-22,2023-08-27,2023-09-06,fire,476833,paid,Ploy Wongchai,false
CL003396,P008637,2025-05-08,2025-05-10,,fire,2691079,pending,Tee Srisuk,false
CL003397,P007006,2025-02-16,2025-02-28,,storm,5968044,pending,Chai Kittikun,false
CL003398,P007885,2026-02-23,2026-03-08,2026-05-09,third_party_liability,717567,paid,Nan Wongchai,false
CL003399,P004195,2022-03-05,2022-03-05,2022-05-31,fire,71218,paid,Nan Phongphan,true
CL003400,P005118,2023-03-09,2023-03-20,2023-05-09,fire,133229,denied,Mint Chaiyaporn,false
CL003401,P007796,2024-12-10,2024-12-16,2025-01-12,third_party_liability,294634,paid,Tee Sukhumvit,false
CL003402,P006094,2022-12-31,2022-12-31,2023-02-04,flood,453902,paid,Ploy Chaiyaporn,false
CL003403,P001063,2026-05-09,2026-05-14,2026-05-24,theft,152024,paid,Eak Sukhumvit,false
CL003404,P006231,2023-03-19,2023-03-31,2023-04-08,flood,566709,paid,Tawan Srisuk,false
CL003405,P005411,2023-07-06,2023-07-17,,flood,710838,pending,Nok Phutthichai,false
CL003406,P002798,2026-04-23,2026-04-30,2026-07-15,theft,283804,paid,Bank Kanchanaburi,true
CL003407,P003608,2024-09-11,2024-09-15,2024-10-10,theft,245720,paid,Nok Rattanapan,false
CL003408,P005441,2023-11-16,2023-11-27,2024-01-01,flood,211185,paid,Suda Rattanapan,false
CL003409,P001821,2023-09-18,2023-09-21,2023-12-05,flood,57491,paid,Boss Srisuk,false
CL003410,P000420,2024-07-02,2024-07-05,,flood,272055,open,Mint Saetang,false
CL003411,P004147,2023-05-01,2023-05-12,2023-07-22,flood,116033,paid,Pat Limthongkul,false
CL003412,P007465,2024-11-04,2024-11-09,2025-01-01,water_damage,2502912,paid,Anong Wongchai,false
CL003413,P000086,2023-12-11,2023-12-21,,flood,4813060,pending,Ploy Wongchai,false
CL003414,P007894,2024-03-08,2024-03-18,2024-05-05,theft,95354,paid,Toon Phutthichai,false
CL003415,P001577,2026-03-03,2026-03-16,2026-03-25,water_damage,1813737,denied,Wichai Saetang,false
CL003416,P004760,2025-11-16,2025-11-18,2025-12-16,third_party_liability,572687,paid,Ploy Kanchanaburi,false
CL003417,P001678,2023-06-07,2023-06-16,2023-09-03,flood,299093,paid,Bua Suwanphon,false
CL003418,P006095,2022-09-03,2022-09-12,2022-10-28,water_damage,3112981,paid,Nok Watcharaphon,false
CL003419,P006760,2024-11-10,2024-11-18,2024-12-05,fire,83612,denied,Wichai Srisuk,false
CL003420,P007853,2026-02-11,2026-02-18,2026-05-14,theft,80204,paid,Pat Kanchanaburi,false
CL003421,P006298,2023-07-28,2023-08-04,2023-09-12,collision,38586,paid,Malee Kanchanaburi,false
CL003422,P000450,2023-04-18,2023-04-26,2023-05-23,fire,2675656,paid,Bank Sukhumvit,false
CL003423,P006209,2025-10-16,2025-10-29,2026-01-14,third_party_liability,895347,paid,Chai Chaiyaporn,false
CL003424,P009756,2023-09-08,2023-09-18,,collision,80320,open,Wichai Wongchai,false
CL003425,P006838,2024-07-02,2024-07-16,2024-09-11,theft,255305,paid,Niran Chaiyaporn,false
CL003426,P008368,2024-12-19,2024-12-28,2025-03-06,collision,777159,denied,Tawan Suwanphon,false
CL003427,P005384,2026-05-12,2026-05-15,2026-05-23,water_damage,1092280,paid,Suda Thongdee,false
CL003428,P004712,2026-04-05,2026-04-05,2026-05-18,theft,189956,paid,Apinya Boonmee,false
CL003429,P004573,2023-01-24,2023-02-06,,fire,289438,open,Bua Phongphan,false
CL003430,P002917,2026-05-02,2026-05-06,2026-07-08,water_damage,2773534,denied,Fern Watcharaphon,false
CL003431,P003666,2026-03-25,2026-04-08,,flood,4016630,pending,Pat Rattanapan,false
CL003432,P002082,2024-01-31,2024-02-10,,flood,6710519,pending,Tawan Limthongkul,false
CL003433,P001976,2024-03-18,2024-03-18,2024-04-08,third_party_liability,476698,paid,Tee Sangthong,false
CL003434,P006174,2024-04-12,2024-04-12,2024-06-04,storm,1257517,paid,View Suwanphon,false
CL003435,P002767,2024-05-10,2024-05-19,,third_party_liability,378316,open,Praew Kanchanaburi,false
CL003436,P004480,2023-09-26,2023-10-08,2023-10-15,fire,171474,denied,Apinya Chaiyaporn,false
CL003437,P000119,2026-05-14,2026-05-24,,flood,4492729,open,Bua Boonmee,false
CL003438,P006515,2023-05-07,2023-05-09,2023-05-28,third_party_liability,35655,paid,Toon Watcharaphon,false
CL003439,P009413,2024-05-09,2024-05-17,2024-06-06,flood,197748,paid,Eak Chaiyaporn,false
CL003440,P006680,2025-04-09,2025-04-22,2025-06-27,third_party_liability,322912,paid,Toon Wongchai,false
CL003441,P005175,2026-02-23,2026-03-07,2026-03-31,theft,44772,paid,Bua Thongdee,false
CL003442,P009955,2023-10-07,2023-10-13,2024-01-06,collision,236217,paid,View Chaisawat,false
CL003443,P006080,2026-05-04,2026-05-18,2026-06-13,storm,725171,paid,Anong Phromsiri,false
CL003444,P002950,2023-01-22,2023-02-01,2023-05-01,theft,222748,paid,Nan Sangthong,true
CL003445,P005805,2024-11-07,2024-11-19,2025-02-03,flood,262230,paid,Praew Sangthong,false
CL003446,P001581,2025-04-19,2025-04-23,2025-06-21,flood,376209,paid,Mint Boonmee,false
CL003447,P005397,2023-04-17,2023-04-18,2023-07-07,fire,834547,paid,Anong Boonmee,false
CL003448,P000517,2022-09-14,2022-09-22,,third_party_liability,175727,open,Earth Sangthong,false
CL003449,P002660,2025-08-13,2025-08-19,2025-08-30,fire,190001,denied,Mai Srisuk,false
CL003450,P009938,2024-05-14,2024-05-23,2024-07-23,fire,613566,paid,Kanya Watcharaphon,false
CL003451,P003285,2025-09-21,2025-09-30,2025-12-22,theft,118118,paid,View Inthanon,false
CL003452,P007362,2026-03-08,2026-03-14,2026-03-24,fire,374470,paid,Suda Srisuk,false
CL003453,P004238,2022-12-27,2023-01-02,2023-03-18,water_damage,823518,paid,Boss Chaiyaporn,false
CL003454,P006218,2024-08-09,2024-08-17,,theft,81393,open,Mild Saetang,false
CL003455,P000545,2025-01-04,2025-01-06,2025-03-16,collision,252310,paid,Boss Rattanapan,false
CL003456,P002651,2023-09-18,2023-09-30,,collision,48092,pending,Bua Limthongkul,false
CL003457,P005097,2024-12-19,2024-12-24,2025-01-17,fire,229427,denied,Tawan Suwanphon,false
CL003458,P004794,2026-04-23,2026-04-25,,third_party_liability,514245,pending,Somchai Boonmee,false
CL003459,P000495,2025-04-03,2025-04-12,,third_party_liability,374977,pending,Beam Limthongkul,false
CL003460,P009310,2024-06-11,2024-06-23,2024-09-02,flood,5916276,paid,Mai Kanchanaburi,false
CL003461,P008927,2025-04-09,2025-04-18,2025-06-18,theft,82691,paid,Ploy Chaiyaporn,false
CL003462,P000687,2024-06-04,2024-06-07,2024-08-12,fire,154655,paid,Boss Sukhumvit,true
CL003463,P005578,2022-12-03,2022-12-03,2022-12-16,storm,170086,denied,Malee Charoensuk,false
CL003464,P003005,2025-07-25,2025-07-31,,water_damage,1250247,pending,Apinya Wongchai,false
CL003465,P008253,2024-05-18,2024-05-31,2024-08-23,water_damage,5512922,denied,Somchai Kittikun,true
CL003466,P002144,2024-04-14,2024-04-18,,third_party_liability,68310,pending,Fern Phromsiri,false
CL003467,P003122,2024-05-26,2024-05-30,2024-07-31,flood,546784,paid,Beam Phutthichai,false
CL003468,P008697,2026-03-03,2026-03-12,2026-04-14,burglary,1443845,paid,Fern Phromsiri,false
CL003469,P000606,2024-12-15,2024-12-28,2025-02-15,theft,61113,paid,Bua Phongphan,false
CL003470,P009482,2023-05-14,2023-05-21,2023-06-17,burglary,498506,paid,Toon Thongdee,false
CL003471,P008015,2023-06-23,2023-06-25,2023-08-28,fire,321611,denied,Earth Limthongkul,false
CL003472,P006610,2024-12-18,2024-12-21,2025-02-05,flood,301248,paid,Pim Rattanapan,false
CL003473,P009308,2024-08-20,2024-08-30,2024-11-25,burglary,635685,paid,View Kanchanaburi,false
CL003474,P008774,2026-04-12,2026-04-23,,collision,330335,open,Nan Phutthichai,false
CL003475,P007053,2025-06-08,2025-06-19,2025-08-05,theft,492305,paid,Praew Phromsiri,false
CL003476,P002573,2026-01-01,2026-01-12,,third_party_liability,76701,pending,Malee Limthongkul,false
CL003477,P005678,2025-03-27,2025-04-01,2025-05-17,theft,67830,paid,Apinya Suwanphon,false
CL003478,P000652,2024-01-01,2024-01-01,,theft,55831,open,Wichai Kittikun,false
CL003479,P004828,2023-12-18,2023-12-30,,third_party_liability,235294,open,Eak Suwanphon,false
CL003480,P002995,2024-07-16,2024-07-17,2024-08-27,burglary,2972409,paid,Kanya Srisuk,false
CL003481,P007342,2026-04-27,2026-04-28,,flood,3805965,open,Mild Chaiyaporn,false
CL003482,P004046,2023-04-29,2023-05-13,2023-05-25,fire,288873,paid,Ploy Kittikun,false
CL003483,P003973,2025-12-22,2025-12-31,,collision,123194,open,Toon Thongdee,false
CL003484,P009537,2026-05-07,2026-05-19,2026-07-28,third_party_liability,195137,paid,Tee Watcharaphon,false
CL003485,P004049,2023-03-04,2023-03-04,,theft,461877,pending,Tee Phongphan,false
CL003486,P001210,2024-09-27,2024-10-11,2024-11-30,fire,5344280,denied,Kanya Limthongkul,false
CL003487,P006931,2024-04-22,2024-05-06,2024-06-07,collision,80571,denied,Fern Phromsiri,false
CL003488,P000779,2025-09-24,2025-09-27,,water_damage,330050,pending,Mint Watcharaphon,false
CL003489,P003530,2025-06-29,2025-07-06,2025-09-28,third_party_liability,167919,paid,Niran Limthongkul,false
CL003490,P007985,2024-11-26,2024-11-30,,third_party_liability,327684,open,Chai Charoensuk,false
CL003491,P008513,2025-09-14,2025-09-15,2025-10-23,theft,241693,paid,Somchai Inthanon,false
CL003492,P004572,2024-02-14,2024-02-25,,flood,242505,pending,Bank Wongchai,false
CL003493,P009494,2023-11-19,2023-11-19,2024-01-22,flood,169022,paid,Boss Kittikun,false
CL003494,P002014,2024-07-30,2024-08-04,,collision,396008,open,Eak Sangthong,true
CL003495,P000608,2023-07-22,2023-07-23,2023-08-24,fire,474051,paid,Pim Kanchanaburi,false
CL003496,P008540,2023-07-06,2023-07-20,,flood,2121523,open,Ploy Chaisawat,false
CL003497,P006402,2022-10-13,2022-10-16,2022-12-05,fire,555961,paid,Somchai Sangthong,false
CL003498,P000981,2024-06-18,2024-06-22,,water_damage,989220,pending,Mai Charoensuk,true
CL003499,P004991,2024-06-14,2024-06-16,,burglary,1527191,pending,Malee Phongphan,false
CL003500,P008648,2025-08-23,2025-08-30,2025-11-14,flood,39686,paid,Boss Kanchanaburi,false
CL003501,P006947,2025-04-15,2025-04-15,,theft,275930,pending,Earth Rattanapan,false
CL003502,P005964,2025-11-05,2025-11-15,,burglary,1377880,open,Ploy Wongchai,false
CL003503,P004124,2022-06-30,2022-07-06,2022-07-28,third_party_liability,372010,paid,Pim Suwanphon,false
CL003504,P009040,2024-01-31,2024-02-07,2024-03-22,fire,280571,paid,Nok Kittikun,false
CL003505,P003557,2025-01-07,2025-01-10,2025-03-19,fire,31695,denied,Pat Limthongkul,false
CL003506,P005544,2024-07-18,2024-07-22,2024-09-28,fire,4857769,paid,Suda Rattanapan,false
CL003507,P007472,2025-06-05,2025-06-18,,water_damage,709433,open,Toon Sangthong,false
CL003508,P005508,2026-05-05,2026-05-13,,third_party_liability,81202,open,Pim Inthanon,false
CL003509,P002876,2024-03-21,2024-04-03,,fire,525234,open,Niran Boonmee,false
CL003510,P003945,2024-11-04,2024-11-11,,collision,345792,open,Pim Kanchanaburi,false
CL003511,P005687,2025-08-09,2025-08-11,2025-09-19,flood,358306,paid,Ploy Chaiyaporn,false
CL003512,P007811,2023-01-08,2023-01-11,2023-03-15,collision,61118,denied,Bua Sangthong,false
CL003513,P007248,2025-10-22,2025-10-30,,theft,281034,open,Mai Kanchanaburi,false
CL003514,P000467,2024-08-30,2024-09-04,,fire,124580,open,Daeng Sangthong,false
CL003515,P001485,2023-02-10,2023-02-23,2023-03-07,fire,55489,paid,Wichai Saetang,false
CL003516,P005561,2024-09-19,2024-09-21,2024-12-17,collision,277580,paid,Fern Suwanphon,false
CL003517,P009805,2024-07-22,2024-07-29,2024-09-29,flood,253106,paid,Mild Sangthong,false
CL003518,P006284,2026-01-11,2026-01-15,2026-03-06,water_damage,1250603,paid,View Saetang,false
CL003519,P006108,2024-01-30,2024-01-30,2024-02-12,burglary,2071728,paid,Earth Phongphan,false
CL003520,P004826,2023-08-10,2023-08-10,2023-10-12,theft,27374,paid,Mint Sangthong,false
CL003521,P003781,2024-02-17,2024-02-25,,third_party_liability,423963,pending,Mild Phutthichai,false
CL003522,P001092,2023-09-28,2023-10-08,2023-11-28,flood,97942,paid,Bua Phromsiri,false
CL003523,P008305,2023-10-02,2023-10-14,,theft,275616,pending,Praew Phromsiri,false
CL003524,P007571,2025-11-04,2025-11-06,,collision,38292,pending,Somchai Limthongkul,false
CL003525,P003159,2025-10-17,2025-10-28,2025-12-07,collision,393311,paid,Niran Chaiyaporn,false
CL003526,P007440,2025-03-02,2025-03-04,2025-05-05,water_damage,5866625,paid,Malee Srisuk,false
CL003527,P005392,2026-02-10,2026-02-12,2026-05-10,collision,342250,paid,Eak Chaisawat,false
CL003528,P002595,2024-03-10,2024-03-14,2024-04-12,flood,1278043,paid,Tawan Thongdee,false
CL003529,P001919,2025-11-17,2025-11-23,2025-12-18,water_damage,776836,paid,Wichai Phutthichai,false
CL003530,P003711,2022-11-11,2022-11-17,,fire,359932,pending,Suda Saetang,false
CL003531,P008138,2026-01-30,2026-02-09,2026-04-05,flood,433541,paid,Suda Inthanon,false
CL003532,P008660,2023-11-04,2023-11-14,,collision,61701,pending,Tawan Limthongkul,false
CL003533,P004988,2023-05-11,2023-05-20,2023-08-01,theft,775976,paid,Apinya Phromsiri,false
CL003534,P005700,2023-01-08,2023-01-10,2023-03-24,burglary,552222,paid,Apinya Chaisawat,false
CL003535,P007766,2026-04-15,2026-04-27,2026-07-20,flood,421848,paid,Malee Suwanphon,false
CL003536,P008594,2023-12-21,2023-12-23,2024-01-03,third_party_liability,467385,denied,Tee Phutthichai,false
CL003537,P000518,2026-05-11,2026-05-13,2026-05-29,theft,136077,paid,Nan Suwanphon,false
CL003538,P003929,2023-06-05,2023-06-13,2023-08-28,water_damage,850836,paid,Bua Srisuk,false
CL003539,P004033,2026-03-26,2026-03-29,2026-04-11,burglary,2188503,paid,Wichai Chaiyaporn,false
CL003540,P003180,2025-12-13,2025-12-26,2026-02-12,flood,424596,paid,View Limthongkul,false
CL003541,P008671,2024-04-27,2024-05-02,2024-05-30,fire,3587526,paid,Praew Kittikun,false
CL003542,P008910,2025-03-04,2025-03-13,2025-04-05,flood,941700,paid,Mint Thongdee,false
CL003543,P006625,2024-12-05,2024-12-17,2025-03-06,theft,102345,paid,Somchai Sukhumvit,false
CL003544,P008418,2025-03-05,2025-03-10,2025-04-27,third_party_liability,298121,paid,Kanya Phutthichai,false
CL003545,P005215,2023-04-11,2023-04-24,2023-05-18,collision,144023,paid,Chai Kanchanaburi,false
CL003546,P008461,2024-12-01,2024-12-05,,theft,345835,pending,Apinya Phongphan,false
CL003547,P003902,2025-12-13,2025-12-27,,third_party_liability,350543,open,Earth Limthongkul,false
CL003548,P001701,2025-03-10,2025-03-16,2025-04-12,third_party_liability,647634,paid,View Srisuk,false
CL003549,P000689,2026-03-08,2026-03-08,2026-05-04,storm,112150,paid,Daeng Suwanphon,false
CL003550,P008614,2024-11-28,2024-11-28,2025-02-07,theft,211925,paid,Tawan Limthongkul,false
CL003551,P003022,2026-01-19,2026-01-30,2026-03-05,fire,720877,paid,Earth Limthongkul,false
CL003552,P009675,2023-09-05,2023-09-18,2023-10-24,fire,404051,paid,Kanya Phutthichai,false
CL003553,P001980,2025-11-03,2025-11-09,2025-12-01,theft,523379,paid,Mai Phromsiri,false
CL003554,P000017,2023-10-07,2023-10-12,2023-12-10,flood,170576,paid,Nan Phutthichai,false
CL003555,P006369,2023-11-18,2023-11-19,2023-12-28,theft,146863,paid,Bank Rattanapan,false
CL003556,P001955,2022-08-21,2022-08-27,2022-10-24,water_damage,216019,paid,Earth Limthongkul,false
CL003557,P001949,2025-04-24,2025-05-07,,burglary,2488772,pending,Anong Wongchai,false
CL003558,P005161,2024-04-05,2024-04-09,2024-06-23,theft,160945,paid,Mint Sukhumvit,false
CL003559,P005129,2023-01-27,2023-02-02,2023-04-03,water_damage,3858858,paid,Suda Inthanon,false
CL003560,P005345,2024-03-23,2024-03-30,2024-05-16,burglary,892220,paid,Toon Saetang,false
CL003561,P006772,2024-08-03,2024-08-14,2024-09-28,fire,4202450,paid,Bua Sukhumvit,false
CL003562,P003635,2026-03-15,2026-03-19,2026-04-25,fire,62102,paid,Malee Phongphan,false
CL003563,P005277,2022-11-25,2022-11-27,2022-12-04,water_damage,282446,denied,Suda Chaisawat,false
CL003564,P009350,2024-06-23,2024-06-27,2024-08-26,water_damage,3124713,denied,Mai Charoensuk,false
CL003565,P002576,2024-08-03,2024-08-05,2024-09-28,flood,687386,paid,View Sukhumvit,false
CL003566,P007219,2026-05-03,2026-05-09,,theft,142096,pending,Earth Watcharaphon,false
CL003567,P000851,2023-06-29,2023-07-09,2023-07-30,flood,2905051,paid,Earth Sukhumvit,false
CL003568,P001299,2025-01-07,2025-01-10,2025-02-07,flood,283193,paid,Earth Phongphan,false
CL003569,P004189,2023-07-02,2023-07-03,2023-09-09,flood,1504484,paid,Toon Saetang,false
CL003570,P003057,2026-03-14,2026-03-17,2026-06-13,flood,661062,paid,Daeng Kittikun,false
CL003571,P006862,2025-10-04,2025-10-14,,collision,75812,pending,Anong Srisuk,false
CL003572,P002368,2024-02-08,2024-02-11,2024-03-09,collision,638234,paid,Boss Watcharaphon,false
CL003573,P003149,2025-07-16,2025-07-25,2025-09-04,fire,617933,paid,Mint Charoensuk,false
CL003574,P007261,2023-12-30,2023-12-31,2024-01-13,storm,2362381,paid,Mai Inthanon,false
CL003575,P000914,2026-05-07,2026-05-18,2026-06-05,third_party_liability,123640,paid,Nan Kittikun,false
CL003576,P006493,2024-05-26,2024-05-28,,fire,1216798,open,Wichai Charoensuk,false
CL003577,P005787,2026-05-11,2026-05-14,,collision,145742,open,Mint Sukhumvit,false
CL003578,P006316,2025-06-01,2025-06-03,,fire,5876258,open,Bua Kanchanaburi,false
CL003579,P009516,2023-10-02,2023-10-12,2023-11-22,flood,974862,denied,Niran Limthongkul,false
CL003580,P007298,2025-02-18,2025-03-03,2025-04-01,fire,270033,paid,Tawan Watcharaphon,false
CL003581,P007100,2025-01-18,2025-01-27,,fire,647459,open,Mai Kittikun,false
CL003582,P000313,2024-01-19,2024-01-22,2024-03-17,flood,2832002,denied,Bank Sukhumvit,false
CL003583,P005896,2025-05-15,2025-05-15,,fire,373103,pending,Nok Limthongkul,false
CL003584,P005648,2025-12-20,2025-12-22,2026-03-12,collision,367528,paid,Eak Saetang,false
CL003585,P008677,2025-05-05,2025-05-11,2025-07-04,theft,696708,paid,Apinya Suwanphon,true
CL003586,P007080,2023-06-28,2023-07-11,2023-09-13,storm,897353,paid,Bank Boonmee,false
CL003587,P006471,2026-05-11,2026-05-11,2026-06-06,collision,183026,paid,Praew Chaisawat,false
CL003588,P009066,2023-10-23,2023-10-30,2023-11-18,third_party_liability,57340,paid,Boss Thongdee,false
CL003589,P001725,2023-03-23,2023-04-01,,fire,2522724,pending,Daeng Chaiyaporn,false
CL003590,P005269,2025-09-29,2025-09-30,2025-10-10,third_party_liability,203146,paid,Pat Chaiyaporn,false
CL003591,P009813,2024-10-07,2024-10-20,,third_party_liability,177324,pending,Chai Sangthong,false
CL003592,P005705,2025-02-02,2025-02-09,2025-03-07,theft,443878,paid,Tawan Chaiyaporn,false
CL003593,P002115,2024-07-17,2024-07-24,2024-09-27,theft,44600,denied,Tee Watcharaphon,false
CL003594,P006437,2024-12-29,2025-01-05,,fire,54512,pending,Malee Thongdee,false
CL003595,P006730,2025-01-26,2025-02-04,2025-02-17,third_party_liability,54765,paid,Niran Limthongkul,false
CL003596,P001115,2024-03-04,2024-03-07,2024-05-07,fire,4180952,denied,Niran Srisuk,false
CL003597,P004606,2024-03-17,2024-03-19,2024-05-29,fire,868544,paid,Tee Sukhumvit,false
CL003598,P007646,2024-03-21,2024-03-27,2024-04-04,water_damage,1473422,paid,Chai Rattanapan,false
CL003599,P005443,2023-05-11,2023-05-14,2023-07-13,third_party_liability,254545,paid,Praew Phromsiri,false
CL003600,P000243,2024-06-14,2024-06-16,2024-07-08,collision,426023,paid,Mint Phromsiri,false
CL003601,P001217,2024-07-09,2024-07-23,2024-08-28,fire,130606,denied,Ploy Chaisawat,false
CL003602,P005236,2024-01-07,2024-01-19,2024-01-30,burglary,1158109,paid,Nan Rattanapan,false
CL003603,P006042,2023-02-22,2023-02-28,2023-04-05,flood,55112,paid,Anong Rattanapan,false
CL003604,P006989,2025-02-04,2025-02-08,2025-03-21,collision,631828,paid,Tee Saetang,false
CL003605,P002153,2026-02-19,2026-02-26,2026-04-11,fire,1008225,paid,Daeng Chaisawat,false
CL003606,P002133,2022-11-26,2022-12-10,2023-03-09,flood,178941,paid,Toon Saetang,false
CL003607,P004517,2022-10-09,2022-10-11,,flood,328321,open,Earth Limthongkul,false
CL003608,P001680,2022-11-21,2022-11-29,,fire,815814,pending,Nan Kanchanaburi,false
CL003609,P009172,2024-06-18,2024-06-22,2024-08-16,flood,132145,paid,Chai Kanchanaburi,false
CL003610,P009364,2023-12-07,2023-12-09,2024-02-05,flood,190652,paid,View Chaisawat,false
CL003611,P005982,2024-05-03,2024-05-15,2024-05-23,fire,131238,paid,Kanya Phutthichai,false
CL003612,P001715,2026-03-18,2026-03-30,2026-05-17,collision,64626,paid,Kanya Wongchai,false
CL003613,P005171,2023-11-13,2023-11-18,,fire,1682112,open,Boss Sukhumvit,false
CL003614,P003795,2025-05-24,2025-06-04,,water_damage,2704519,open,Anong Boonmee,false
CL003615,P008780,2025-05-28,2025-06-07,,collision,186966,open,Malee Saetang,false
CL003616,P002735,2023-09-07,2023-09-21,2023-11-08,fire,6134255,paid,Malee Suwanphon,false
CL003617,P007935,2025-10-23,2025-10-30,2025-11-25,collision,69979,denied,Daeng Inthanon,false
CL003618,P000834,2026-03-02,2026-03-02,2026-04-08,fire,4061249,paid,Kanya Sangthong,false
CL003619,P006746,2026-04-20,2026-04-24,2026-07-16,flood,439629,paid,Ploy Phutthichai,false
CL003620,P000516,2025-11-03,2025-11-14,2026-01-15,third_party_liability,197310,paid,Anong Srisuk,true
CL003621,P001783,2023-09-21,2023-10-04,2023-12-30,fire,130108,paid,Beam Chaisawat,false
CL003622,P006494,2023-01-12,2023-01-15,2023-02-07,storm,5834353,paid,Tee Inthanon,false
CL003623,P009882,2026-04-22,2026-04-24,2026-06-12,burglary,4411846,paid,View Phongphan,false
CL003624,P009203,2022-10-01,2022-10-13,2022-11-05,fire,2555807,denied,Ploy Phongphan,false
CL003625,P001260,2025-06-06,2025-06-10,2025-08-10,fire,760789,paid,Chai Watcharaphon,false
CL003626,P004573,2023-11-08,2023-11-08,2024-01-20,fire,2962822,paid,Bua Saetang,false
CL003627,P007078,2023-06-24,2023-07-06,,flood,299246,open,Malee Rattanapan,false
CL003628,P000376,2025-08-07,2025-08-14,,flood,359251,pending,Fern Phutthichai,false
CL003629,P000552,2024-12-27,2025-01-06,2025-02-13,flood,2131952,paid,Anong Sangthong,false
CL003630,P001752,2025-12-11,2025-12-19,2026-01-18,collision,486340,paid,Pat Phromsiri,false
CL003631,P009494,2024-02-03,2024-02-09,,fire,1261029,open,Fern Rattanapan,false
CL003632,P003560,2026-02-09,2026-02-10,,storm,494810,open,Toon Chaisawat,false
CL003633,P004960,2023-08-03,2023-08-09,2023-08-27,collision,40435,paid,Earth Kittikun,false
CL003634,P001608,2026-04-08,2026-04-14,,flood,310581,open,Suda Limthongkul,true
CL003635,P008223,2024-10-16,2024-10-25,2025-01-05,theft,463917,paid,Nok Kanchanaburi,false
CL003636,P003622,2024-03-12,2024-03-24,,fire,47729,open,Kanya Kittikun,false
CL003637,P008576,2024-05-16,2024-05-28,2024-06-05,theft,116487,paid,Wichai Watcharaphon,false
CL003638,P005718,2026-04-27,2026-04-28,2026-05-19,storm,104526,denied,Wichai Phutthichai,false
CL003639,P003804,2026-04-19,2026-04-20,2026-07-08,theft,366358,paid,Tee Suwanphon,false
CL003640,P009508,2025-11-19,2025-11-22,2025-12-25,water_damage,635527,paid,Kanya Kanchanaburi,false
CL003641,P001282,2022-07-11,2022-07-24,2022-09-20,flood,445814,paid,Bua Thongdee,false
CL003642,P000700,2023-02-28,2023-03-10,2023-04-26,fire,189004,paid,Mai Rattanapan,false
CL003643,P002371,2024-07-23,2024-07-27,,theft,98827,pending,Mai Saetang,true
CL003644,P005145,2023-03-24,2023-03-28,2023-04-09,storm,642824,paid,Toon Limthongkul,false
CL003645,P005342,2026-02-25,2026-02-28,,fire,765852,pending,Eak Charoensuk,false
CL003646,P004930,2022-12-15,2022-12-26,2023-02-24,flood,94253,paid,Malee Saetang,false
CL003647,P000544,2024-02-29,2024-03-01,2024-05-29,storm,2765911,paid,Eak Kanchanaburi,false
CL003648,P004581,2023-08-27,2023-09-06,2023-10-26,third_party_liability,608089,paid,Ploy Phongphan,false
CL003649,P002007,2026-04-26,2026-04-28,2026-07-05,fire,270801,paid,Mai Kittikun,false
CL003650,P009364,2023-10-05,2023-10-07,,collision,197225,open,Mild Charoensuk,false
CL003651,P003414,2025-06-20,2025-07-02,,fire,359528,open,Mai Kanchanaburi,false
CL003652,P008397,2025-05-17,2025-05-22,2025-06-16,third_party_liability,192063,paid,Nok Phutthichai,false
CL003653,P002979,2024-02-13,2024-02-27,2024-05-19,water_damage,148764,paid,Mai Sangthong,false
CL003654,P003140,2025-03-10,2025-03-16,2025-04-21,third_party_liability,38617,paid,Ploy Chaisawat,false
CL003655,P001012,2023-05-11,2023-05-21,2023-08-07,flood,267142,paid,Praew Sukhumvit,false
CL003656,P009080,2025-03-23,2025-03-24,2025-06-17,fire,5499066,denied,Chai Phutthichai,false
CL003657,P002388,2023-06-29,2023-07-11,2023-09-01,fire,1337252,paid,Kanya Phongphan,false
CL003658,P005966,2022-11-07,2022-11-13,,third_party_liability,189634,open,Beam Chaisawat,false
CL003659,P009098,2024-03-26,2024-04-02,2024-05-20,flood,122882,denied,Tawan Sukhumvit,false
CL003660,P002888,2026-01-29,2026-02-04,2026-05-03,theft,192102,paid,Nan Charoensuk,false
CL003661,P005853,2024-01-26,2024-01-29,2024-04-01,fire,483979,paid,Bank Inthanon,false
CL003662,P007797,2024-06-30,2024-07-14,,collision,273881,pending,Kanya Suwanphon,false
CL003663,P001225,2025-06-20,2025-06-25,,collision,455000,open,Bank Kittikun,false
CL003664,P006790,2024-09-17,2024-09-28,,fire,2535584,pending,Fern Charoensuk,false
CL003665,P007768,2023-01-21,2023-01-25,2023-04-18,third_party_liability,249485,paid,Beam Suwanphon,false
CL003666,P001908,2024-05-24,2024-05-26,,theft,755840,pending,Suda Watcharaphon,false
CL003667,P007830,2024-01-21,2024-01-23,2024-03-17,flood,370693,paid,Eak Saetang,false
CL003668,P007963,2023-05-26,2023-06-03,,fire,218376,pending,Beam Sangthong,false
CL003669,P001005,2025-06-16,2025-06-20,2025-07-26,third_party_liability,292927,paid,View Kanchanaburi,false
CL003670,P007040,2023-11-26,2023-12-05,2024-02-24,fire,209417,paid,Chai Kittikun,false
CL003671,P000096,2025-01-13,2025-01-22,2025-02-11,theft,288025,paid,Pim Rattanapan,false
CL003672,P003915,2024-10-16,2024-10-24,2024-12-05,collision,163350,denied,Anong Sangthong,false
CL003673,P001772,2026-05-02,2026-05-02,2026-06-03,collision,248377,paid,Bua Kanchanaburi,false
CL003674,P008184,2026-05-14,2026-05-27,2026-07-25,collision,182263,paid,Earth Kanchanaburi,false
CL003675,P004525,2023-06-18,2023-06-23,2023-09-10,third_party_liability,121575,paid,Boss Chaiyaporn,false
CL003676,P005594,2024-12-07,2024-12-17,,collision,15377,open,Mint Phongphan,false
CL003677,P000292,2024-08-04,2024-08-06,2024-08-23,theft,138500,paid,Nan Srisuk,false
CL003678,P001135,2026-01-31,2026-02-10,2026-04-10,third_party_liability,159941,paid,Niran Srisuk,false
CL003679,P007025,2023-05-04,2023-05-08,,collision,330066,pending,Ploy Inthanon,false
CL003680,P001201,2023-03-19,2023-03-25,2023-04-01,third_party_liability,79651,denied,Fern Srisuk,false
CL003681,P003917,2025-01-18,2025-02-01,,fire,269029,pending,Wichai Sukhumvit,false
CL003682,P006880,2024-05-09,2024-05-13,2024-08-01,theft,44493,paid,Nan Sukhumvit,false
CL003683,P009082,2025-12-18,2025-12-23,,flood,68994,pending,Tee Rattanapan,false
CL003684,P005867,2024-02-08,2024-02-11,2024-03-26,third_party_liability,299863,paid,Suda Watcharaphon,false
CL003685,P006015,2025-07-22,2025-08-04,2025-09-05,theft,877868,denied,Fern Phromsiri,false
CL003686,P002126,2022-08-05,2022-08-13,2022-08-23,flood,480605,paid,Beam Boonmee,false
CL003687,P004229,2023-01-10,2023-01-14,2023-03-09,third_party_liability,23182,paid,Tee Boonmee,false
CL003688,P002681,2023-07-30,2023-08-03,2023-10-31,flood,240891,paid,Eak Saetang,false
CL003689,P005758,2024-07-17,2024-07-26,,third_party_liability,53592,pending,Tee Chaisawat,false
CL003690,P004209,2023-09-28,2023-10-09,2023-12-31,flood,715455,paid,Boss Thongdee,false
CL003691,P005640,2022-12-27,2023-01-03,2023-02-17,flood,527840,paid,Daeng Boonmee,false
CL003692,P007903,2026-01-19,2026-01-31,2026-02-26,water_damage,1522560,denied,Mint Thongdee,false
CL003693,P005991,2024-09-18,2024-09-22,2024-11-16,water_damage,3342960,paid,Beam Boonmee,false
CL003694,P003170,2024-07-19,2024-07-25,,fire,262815,open,Wichai Rattanapan,false
CL003695,P006889,2024-03-04,2024-03-10,,fire,135060,pending,Chai Suwanphon,false
CL003696,P003646,2025-06-05,2025-06-18,2025-08-10,third_party_liability,253288,paid,Nan Kanchanaburi,false
CL003697,P007168,2024-04-08,2024-04-21,2024-07-10,fire,217811,denied,Pim Wongchai,false
CL003698,P009670,2023-05-12,2023-05-21,2023-08-05,fire,2210742,paid,Eak Charoensuk,false
CL003699,P007240,2025-08-30,2025-09-11,,flood,444089,pending,Anong Phutthichai,false
CL003700,P000483,2025-10-06,2025-10-12,2026-01-05,collision,404912,paid,Niran Kanchanaburi,false
CL003701,P009465,2025-06-16,2025-06-21,,water_damage,3139322,open,Nan Charoensuk,false
CL003702,P008735,2022-07-29,2022-08-01,,water_damage,863059,open,Bank Kanchanaburi,false
CL003703,P007301,2026-04-26,2026-05-09,2026-07-14,flood,30517,denied,Boss Phromsiri,false
CL003704,P009164,2026-01-25,2026-02-07,2026-04-23,collision,90966,paid,Bua Saetang,false
CL003705,P009504,2023-08-08,2023-08-15,2023-09-10,fire,5872009,paid,View Chaisawat,false
CL003706,P006462,2025-11-30,2025-12-07,,burglary,610457,open,Anong Inthanon,false
CL003707,P002690,2025-04-25,2025-04-29,2025-06-25,third_party_liability,546602,paid,Eak Limthongkul,false
CL003708,P004041,2025-09-10,2025-09-11,2025-11-14,flood,333488,paid,Kanya Srisuk,false
CL003709,P006781,2026-02-15,2026-02-19,,flood,374596,open,Bank Boonmee,false
CL003710,P007980,2022-10-31,2022-11-07,,theft,167854,pending,Kanya Sukhumvit,false
CL003711,P009531,2023-12-19,2023-12-22,2024-01-08,third_party_liability,14492,paid,Mild Phutthichai,false
CL003712,P006287,2024-03-04,2024-03-18,,storm,6616697,pending,Somchai Rattanapan,false
CL003713,P000134,2024-02-24,2024-03-07,2024-04-18,flood,213700,paid,Beam Limthongkul,false
CL003714,P002846,2024-03-09,2024-03-23,,third_party_liability,386089,open,Toon Charoensuk,false
CL003715,P000328,2023-06-20,2023-06-28,2023-09-13,third_party_liability,124846,paid,Wichai Chaiyaporn,false
CL003716,P006533,2026-04-20,2026-05-04,2026-07-15,fire,3228003,paid,Somchai Watcharaphon,false
CL003717,P004596,2024-11-08,2024-11-18,2024-12-15,theft,323153,denied,Malee Chaisawat,false
CL003718,P009936,2025-05-24,2025-05-24,2025-07-11,flood,596880,paid,Eak Rattanapan,false
CL003719,P002288,2024-07-06,2024-07-06,2024-07-24,flood,178364,paid,Fern Inthanon,false
CL003720,P006524,2025-06-29,2025-06-30,2025-08-11,third_party_liability,627672,paid,Suda Chaiyaporn,false
CL003721,P005014,2023-05-24,2023-06-03,2023-07-29,flood,280366,paid,Toon Inthanon,false
CL003722,P002907,2023-09-03,2023-09-12,2023-11-15,water_damage,1069140,paid,Nok Phutthichai,false
CL003723,P002866,2025-12-17,2025-12-31,2026-03-06,water_damage,890336,paid,Bank Charoensuk,false
CL003724,P002018,2025-10-27,2025-11-08,2026-01-24,water_damage,5578338,paid,Earth Inthanon,false
CL003725,P000619,2023-04-30,2023-05-03,2023-07-22,collision,144059,denied,Chai Phromsiri,false
CL003726,P006419,2025-08-14,2025-08-16,2025-10-19,flood,436662,denied,Tawan Boonmee,false
CL003727,P001277,2026-05-02,2026-05-14,2026-06-20,fire,80491,paid,Suda Srisuk,false
CL003728,P005088,2023-03-01,2023-03-14,2023-06-12,fire,1839677,paid,Niran Wongchai,false
CL003729,P004623,2025-04-06,2025-04-20,2025-06-18,burglary,1577615,paid,Boss Thongdee,false
CL003730,P009314,2024-03-31,2024-04-01,,water_damage,156334,open,Suda Srisuk,false
CL003731,P002732,2025-11-23,2025-11-28,2026-02-24,burglary,3781539,paid,Earth Sangthong,false
CL003732,P003645,2024-12-13,2024-12-25,,fire,37899,open,Earth Saetang,false
CL003733,P005409,2026-03-10,2026-03-16,,third_party_liability,586545,pending,Kanya Boonmee,false
CL003734,P008081,2024-05-07,2024-05-17,2024-05-24,flood,106474,paid,Bank Saetang,false
CL003735,P009356,2024-11-07,2024-11-21,2024-12-10,collision,209992,denied,Wichai Limthongkul,false
CL003736,P001815,2026-04-15,2026-04-16,,third_party_liability,113793,pending,Mint Sukhumvit,false
CL003737,P003226,2023-02-03,2023-02-14,,flood,441598,open,Kanya Suwanphon,false
CL003738,P002654,2024-05-13,2024-05-14,2024-07-11,fire,393942,paid,Earth Kanchanaburi,false
CL003739,P000467,2024-05-11,2024-05-15,2024-07-15,burglary,377912,paid,Pat Sangthong,false
CL003740,P008853,2025-12-03,2025-12-16,2025-12-27,water_damage,403173,paid,Nan Thongdee,false
CL003741,P007058,2024-08-07,2024-08-13,2024-10-12,fire,546574,paid,Tawan Suwanphon,false
CL003742,P005767,2024-03-19,2024-03-28,2024-04-14,burglary,2347566,paid,Fern Chaiyaporn,false
CL003743,P004170,2026-01-23,2026-01-24,,fire,294665,pending,Tee Phutthichai,false
CL003744,P000740,2025-03-19,2025-03-24,2025-05-03,collision,165183,paid,Beam Saetang,false
CL003745,P003435,2026-05-14,2026-05-25,2026-08-14,fire,434299,paid,Boss Phutthichai,false
CL003746,P001312,2025-12-08,2025-12-10,2026-02-24,flood,143969,paid,Chai Rattanapan,false
CL003747,P002631,2025-08-25,2025-08-28,,flood,126528,open,Apinya Srisuk,false
CL003748,P006212,2024-05-12,2024-05-21,2024-06-16,third_party_liability,280685,paid,Kanya Chaisawat,false
CL003749,P001066,2023-06-15,2023-06-15,2023-09-02,flood,458715,paid,Kanya Rattanapan,false
CL003750,P004668,2024-10-11,2024-10-17,2024-10-29,fire,742351,paid,Bank Phongphan,true
CL003751,P009217,2025-10-05,2025-10-12,,flood,333427,open,Tee Boonmee,false
CL003752,P006608,2025-01-05,2025-01-15,,third_party_liability,405660,open,Fern Watcharaphon,false
CL003753,P000806,2024-07-19,2024-07-21,2024-09-21,burglary,4513924,paid,Praew Chaiyaporn,false
CL003754,P009728,2024-04-23,2024-05-03,,burglary,2750322,pending,Anong Saetang,false
CL003755,P009218,2025-09-27,2025-10-03,2025-11-21,collision,61766,paid,Pat Phutthichai,false
CL003756,P008239,2024-07-24,2024-07-27,2024-09-22,burglary,823307,paid,Chai Watcharaphon,false
CL003757,P007413,2024-03-02,2024-03-05,2024-03-13,theft,310405,paid,Beam Wongchai,false
CL003758,P005921,2024-04-03,2024-04-14,,flood,573388,pending,Beam Rattanapan,false
CL003759,P008631,2024-02-22,2024-02-24,,fire,266856,pending,Anong Phromsiri,false
CL003760,P005279,2024-05-08,2024-05-13,,fire,331711,open,Bank Rattanapan,false
CL003761,P005852,2023-11-19,2023-11-30,2024-01-19,water_damage,1701477,paid,Tee Charoensuk,false
CL003762,P007660,2025-09-22,2025-09-30,,flood,505686,open,Nan Boonmee,false
CL003763,P007718,2026-01-03,2026-01-17,2026-03-14,flood,251256,paid,Malee Thongdee,false
CL003764,P005248,2024-11-12,2024-11-24,2025-01-03,collision,208590,paid,Nan Phromsiri,false
CL003765,P008411,2024-11-05,2024-11-14,,third_party_liability,47868,pending,Pim Saetang,false
CL003766,P006023,2023-08-01,2023-08-04,2023-09-13,burglary,2516014,denied,Boss Wongchai,false
CL003767,P009664,2026-02-21,2026-02-26,2026-03-25,fire,207315,denied,Mild Srisuk,false
CL003768,P009877,2023-04-20,2023-05-02,2023-07-08,theft,367867,paid,Anong Rattanapan,false
CL003769,P004114,2023-07-31,2023-07-31,2023-10-08,flood,243288,paid,Earth Rattanapan,false
CL003770,P007245,2025-02-23,2025-03-06,2025-04-24,theft,82141,paid,Ploy Rattanapan,false
CL003771,P001935,2024-04-06,2024-04-11,2024-06-09,flood,1436498,paid,Nok Rattanapan,false
CL003772,P008008,2024-01-30,2024-02-08,2024-03-06,flood,488590,paid,Bua Srisuk,false
CL003773,P005449,2024-01-09,2024-01-19,2024-02-14,flood,379683,paid,Tawan Inthanon,false
CL003774,P000238,2023-10-08,2023-10-10,2023-12-29,flood,540153,denied,Kanya Watcharaphon,false
CL003775,P006239,2025-08-26,2025-09-05,2025-09-14,collision,70678,paid,Pim Chaisawat,false
CL003776,P007462,2022-12-16,2022-12-26,2023-02-06,flood,4270263,paid,View Inthanon,false
CL003777,P000610,2024-03-23,2024-03-23,,water_damage,2564565,open,Nan Charoensuk,false
CL003778,P003387,2024-04-23,2024-05-01,2024-07-27,water_damage,4937865,denied,Tawan Srisuk,false
CL003779,P004039,2024-07-15,2024-07-21,,theft,466479,open,Pat Boonmee,false
CL003780,P002924,2026-02-14,2026-02-21,,fire,283519,open,Eak Charoensuk,false
CL003781,P007953,2025-12-01,2025-12-04,2026-02-15,fire,414994,paid,Chai Chaisawat,false
CL003782,P001449,2023-10-22,2023-10-22,2023-11-01,fire,123466,paid,Mint Kittikun,false
CL003783,P006234,2024-08-05,2024-08-16,2024-09-03,theft,74500,denied,Niran Watcharaphon,false
CL003784,P006714,2023-05-20,2023-06-03,2023-08-09,storm,455990,paid,Chai Saetang,false
CL003785,P001518,2023-08-23,2023-08-24,2023-09-10,theft,65872,paid,Ploy Saetang,false
CL003786,P003769,2023-08-22,2023-08-29,,collision,613741,open,Earth Thongdee,false
CL003787,P003063,2022-08-05,2022-08-06,2022-10-18,collision,17580,paid,Niran Sukhumvit,false
CL003788,P007060,2025-01-26,2025-01-31,,flood,46948,open,Nok Phongphan,false
CL003789,P004685,2022-11-29,2022-12-05,2023-01-13,theft,292910,denied,Earth Suwanphon,false
CL003790,P001125,2024-07-04,2024-07-04,2024-09-16,theft,351897,paid,Fern Chaiyaporn,false
CL003791,P008546,2025-03-25,2025-04-08,,collision,557238,pending,Anong Chaiyaporn,false
CL003792,P005524,2023-11-23,2023-11-25,2023-12-11,collision,25303,paid,Chai Charoensuk,false
CL003793,P001258,2025-09-09,2025-09-18,2025-11-27,fire,1610008,paid,Somchai Kanchanaburi,false
CL003794,P002597,2024-11-30,2024-12-10,2025-02-27,collision,42686,paid,Eak Thongdee,false
CL003795,P000728,2025-06-10,2025-06-14,,flood,159477,pending,Fern Thongdee,false
CL003796,P008432,2024-10-27,2024-11-06,,flood,158978,open,Suda Phutthichai,false
CL003797,P006548,2024-11-24,2024-12-03,,flood,248283,pending,Daeng Phromsiri,false
CL003798,P006109,2023-12-24,2024-01-04,,burglary,4092568,pending,Bua Watcharaphon,false
CL003799,P002953,2026-02-11,2026-02-25,2026-05-14,fire,352263,denied,View Limthongkul,false
CL003800,P006126,2025-06-02,2025-06-10,2025-06-22,flood,19303,denied,Mai Sukhumvit,true
CL003801,P006220,2022-11-12,2022-11-25,2023-02-15,theft,141047,paid,Pat Phongphan,false
CL003802,P007068,2025-02-06,2025-02-13,,collision,176856,open,Pim Saetang,false
CL003803,P008604,2025-02-06,2025-02-17,2025-05-13,fire,56343,paid,Chai Phongphan,false
CL003804,P009561,2026-01-26,2026-01-26,2026-04-16,collision,47790,paid,Suda Phongphan,false
CL003805,P006021,2024-02-20,2024-02-27,2024-05-22,fire,63251,paid,Malee Phromsiri,false
CL003806,P003506,2024-02-26,2024-02-29,,collision,95356,open,Malee Kanchanaburi,false
CL003807,P008185,2025-08-08,2025-08-16,,fire,228352,open,Earth Boonmee,false
CL003808,P009822,2025-05-25,2025-06-04,2025-06-22,fire,5424494,paid,Wichai Phromsiri,false
CL003809,P007275,2024-07-16,2024-07-25,,flood,272470,open,Tawan Thongdee,false
CL003810,P004963,2023-12-26,2024-01-03,2024-02-05,flood,2759778,paid,Fern Sukhumvit,false
CL003811,P003132,2024-01-09,2024-01-09,2024-02-15,theft,149426,paid,Wichai Sangthong,false
CL003812,P008543,2023-12-27,2024-01-04,2024-02-23,third_party_liability,223881,paid,Boss Srisuk,false
CL003813,P008755,2024-04-11,2024-04-11,2024-06-23,flood,453954,paid,Bua Srisuk,false
CL003814,P008732,2024-10-20,2024-10-30,2024-12-25,flood,2858860,paid,Anong Charoensuk,true
CL003815,P000052,2025-01-28,2025-01-29,,fire,491111,open,Nan Limthongkul,false
CL003816,P003067,2025-08-12,2025-08-20,2025-09-04,flood,470417,paid,Mild Rattanapan,false
CL003817,P000265,2024-07-11,2024-07-25,2024-08-07,theft,18533,denied,Wichai Sangthong,false
CL003818,P004491,2022-12-21,2022-12-24,2023-02-22,fire,651896,paid,Kanya Limthongkul,false
CL003819,P006417,2026-02-23,2026-03-07,2026-05-19,collision,143882,paid,Fern Phutthichai,false
CL003820,P002014,2024-06-25,2024-07-09,2024-08-09,flood,444358,paid,Tawan Charoensuk,false
CL003821,P003158,2025-11-17,2025-11-21,,third_party_liability,589671,open,Boss Rattanapan,false
CL003822,P005786,2025-09-24,2025-10-06,,third_party_liability,114165,pending,Nok Sangthong,false
CL003823,P002621,2024-01-05,2024-01-17,2024-03-24,collision,213710,paid,Bua Sukhumvit,false
CL003824,P005384,2026-04-27,2026-05-07,2026-06-12,burglary,2115840,paid,Tawan Boonmee,false
CL003825,P009582,2026-05-02,2026-05-14,,collision,120962,pending,Pat Srisuk,false
CL003826,P003494,2023-01-04,2023-01-15,2023-04-12,third_party_liability,128574,paid,Beam Limthongkul,false
CL003827,P006809,2025-04-02,2025-04-03,2025-04-25,flood,713493,paid,Niran Wongchai,false
CL003828,P001804,2024-08-17,2024-08-27,2024-10-27,collision,496976,paid,Mild Limthongkul,false
CL003829,P007828,2026-04-22,2026-05-04,,storm,1365645,open,Tawan Chaiyaporn,false
CL003830,P007020,2025-02-01,2025-02-04,,third_party_liability,868759,pending,Toon Boonmee,false
CL003831,P005400,2022-02-11,2022-02-15,2022-05-11,third_party_liability,466939,paid,Eak Sukhumvit,false
CL003832,P005240,2025-02-23,2025-03-08,2025-04-16,fire,36424,paid,Ploy Kanchanaburi,false
CL003833,P008036,2026-05-02,2026-05-15,,burglary,1021904,open,Anong Sukhumvit,false
CL003834,P003052,2024-03-26,2024-04-05,2024-05-25,third_party_liability,561531,paid,Bua Kanchanaburi,false
CL003835,P002165,2026-05-14,2026-05-15,2026-08-03,third_party_liability,98576,paid,Bank Saetang,false
CL003836,P006432,2023-12-26,2023-12-31,,flood,6321,open,Wichai Phongphan,false
CL003837,P009932,2025-03-26,2025-04-03,,collision,658131,pending,Boss Phutthichai,false
CL003838,P007584,2025-06-14,2025-06-28,2025-09-19,water_damage,6160109,denied,Bua Chaiyaporn,false
CL003839,P000493,2026-02-12,2026-02-23,2026-03-03,flood,917754,paid,Malee Chaisawat,false
CL003840,P004111,2024-12-16,2024-12-16,2025-03-13,flood,88530,paid,Mint Kittikun,true
CL003841,P005728,2024-08-22,2024-08-24,,fire,3990105,open,Kanya Kanchanaburi,true
CL003842,P009852,2024-05-25,2024-05-25,2024-06-14,flood,1345903,paid,Mint Thongdee,false
CL003843,P008594,2023-06-14,2023-06-20,2023-09-10,theft,796688,paid,Praew Sukhumvit,false
CL003844,P005426,2023-07-29,2023-08-08,2023-08-19,theft,62154,paid,Mint Boonmee,true
CL003845,P008374,2026-03-04,2026-03-07,2026-05-29,third_party_liability,870526,paid,Mild Thongdee,false
CL003846,P007788,2026-03-28,2026-04-08,2026-06-22,fire,108946,paid,Bua Suwanphon,false
CL003847,P001818,2024-08-30,2024-08-30,,collision,124089,open,Wichai Charoensuk,false
CL003848,P000414,2024-02-01,2024-02-15,2024-04-19,theft,109456,paid,View Chaiyaporn,false
CL003849,P005853,2024-06-05,2024-06-10,2024-07-12,collision,94037,paid,Nan Phutthichai,false
CL003850,P005793,2024-01-19,2024-01-30,2024-03-09,theft,366000,paid,Bua Phutthichai,false
CL003851,P009399,2025-07-12,2025-07-15,2025-08-21,third_party_liability,369254,paid,Kanya Suwanphon,false
CL003852,P007401,2026-05-01,2026-05-05,2026-05-14,flood,379781,paid,Pat Wongchai,false
CL003853,P009885,2026-05-08,2026-05-20,2026-07-13,third_party_liability,109736,paid,Praew Boonmee,false
CL003854,P008442,2025-02-02,2025-02-09,2025-04-30,theft,408247,paid,Pat Sukhumvit,false
CL003855,P005195,2024-01-17,2024-01-21,,collision,159048,pending,Niran Phromsiri,false
CL003856,P008342,2022-05-20,2022-06-03,2022-07-18,flood,603534,paid,Pim Chaiyaporn,false
CL003857,P002724,2025-08-26,2025-09-01,2025-10-02,burglary,3346807,paid,Bank Boonmee,false
CL003858,P001272,2026-03-20,2026-03-23,2026-03-30,flood,134120,denied,Mild Kanchanaburi,false
CL003859,P005638,2025-11-30,2025-12-12,2025-12-22,third_party_liability,78308,paid,View Thongdee,false
CL003860,P000567,2026-02-08,2026-02-19,2026-04-02,fire,80391,paid,Fern Thongdee,false
CL003861,P005475,2025-04-19,2025-04-20,2025-07-05,fire,1815333,paid,Mild Kanchanaburi,false
CL003862,P003109,2024-04-25,2024-04-25,2024-07-13,theft,293885,paid,Daeng Chaisawat,false
CL003863,P005631,2026-04-26,2026-05-03,2026-07-06,fire,52964,paid,Pim Suwanphon,false
CL003864,P004638,2026-04-27,2026-05-05,2026-07-23,flood,187955,paid,Earth Watcharaphon,false
CL003865,P003660,2024-03-17,2024-03-31,,flood,751868,open,Suda Sukhumvit,false
CL003866,P000751,2024-11-12,2024-11-26,,burglary,6749493,pending,Ploy Chaiyaporn,false
CL003867,P002715,2024-01-31,2024-02-13,2024-04-02,theft,261792,paid,Beam Thongdee,false
CL003868,P006626,2023-09-08,2023-09-13,,fire,2116781,open,Chai Rattanapan,false
CL003869,P007554,2023-02-12,2023-02-26,2023-05-04,burglary,590214,paid,Mint Watcharaphon,false
CL003870,P005866,2024-11-27,2024-12-08,2025-01-09,collision,457906,paid,Praew Boonmee,false
CL003871,P003195,2024-12-15,2024-12-18,2025-03-01,theft,50868,paid,Wichai Rattanapan,true
CL003872,P002629,2024-10-20,2024-10-30,,third_party_liability,105282,open,Somchai Boonmee,false
CL003873,P009880,2023-09-23,2023-10-05,2023-10-22,water_damage,171554,paid,Toon Charoensuk,false
CL003874,P002219,2023-03-19,2023-03-21,2023-05-31,storm,3441025,paid,Nan Boonmee,false
CL003875,P000608,2024-03-28,2024-04-02,,flood,52456,pending,Mai Kittikun,false
CL003876,P002165,2026-03-29,2026-04-06,2026-05-24,theft,12744,paid,Mai Rattanapan,false
CL003877,P001561,2022-10-16,2022-10-17,2022-12-13,third_party_liability,442850,denied,Somchai Sukhumvit,false
CL003878,P000125,2023-11-16,2023-11-17,2023-12-25,collision,307023,paid,Boss Kittikun,false
CL003879,P009227,2024-10-20,2024-10-26,2024-12-04,fire,487091,paid,Ploy Inthanon,false
CL003880,P002153,2025-12-31,2026-01-03,2026-03-11,storm,3877679,paid,Earth Boonmee,false
CL003881,P009534,2025-11-15,2025-11-17,,fire,87278,open,Kanya Watcharaphon,false
CL003882,P009148,2024-09-05,2024-09-10,2024-09-29,third_party_liability,133901,paid,Fern Chaisawat,false
CL003883,P002883,2024-12-23,2025-01-03,2025-03-17,flood,480967,paid,Nok Rattanapan,false
CL003884,P004442,2024-06-06,2024-06-17,,flood,87115,open,Mild Rattanapan,false
CL003885,P002000,2025-04-16,2025-04-30,,collision,396867,pending,Ploy Kanchanaburi,true
CL003886,P008532,2026-02-13,2026-02-18,2026-04-01,burglary,990780,paid,Anong Inthanon,false
CL003887,P001654,2025-03-01,2025-03-01,,fire,2038683,open,Chai Kittikun,false
CL003888,P007406,2025-08-02,2025-08-11,2025-10-03,flood,274274,paid,Mild Thongdee,false
CL003889,P004823,2026-05-09,2026-05-17,2026-05-24,flood,455697,paid,Wichai Kittikun,false
CL003890,P000273,2023-10-29,2023-10-30,,storm,3395292,pending,Beam Watcharaphon,false
CL003891,P008740,2024-04-21,2024-04-21,2024-05-01,third_party_liability,62813,paid,Eak Sangthong,false
CL003892,P004294,2025-03-09,2025-03-21,2025-04-02,flood,191853,paid,Wichai Inthanon,false
CL003893,P000138,2022-12-09,2022-12-14,,flood,2302132,pending,Ploy Inthanon,false
CL003894,P007589,2023-10-20,2023-10-20,2023-11-26,theft,401725,paid,Toon Phongphan,false
CL003895,P006522,2023-11-19,2023-11-29,2024-01-09,third_party_liability,115064,paid,Niran Sukhumvit,false
CL003896,P005819,2025-02-09,2025-02-09,2025-03-03,flood,272942,paid,Malee Kittikun,false
CL003897,P003548,2024-02-27,2024-02-27,,burglary,6024815,pending,Tee Sukhumvit,false
CL003898,P000349,2024-09-26,2024-10-06,2024-12-12,theft,450187,paid,Mint Sukhumvit,true
CL003899,P005079,2023-07-15,2023-07-21,2023-08-07,theft,465141,denied,Kanya Phromsiri,false
CL003900,P001671,2024-09-12,2024-09-23,,third_party_liability,92150,open,Praew Inthanon,false
CL003901,P009246,2024-07-01,2024-07-08,2024-08-02,water_damage,127498,paid,Bua Thongdee,false
CL003902,P009154,2026-05-06,2026-05-06,2026-05-21,fire,101300,paid,Toon Phongphan,false
CL003903,P007097,2023-02-14,2023-02-22,2023-03-19,burglary,791919,paid,Wichai Srisuk,false
CL003904,P003384,2025-02-08,2025-02-15,2025-05-04,third_party_liability,109425,paid,Mint Rattanapan,false
CL003905,P008528,2025-10-17,2025-10-28,,storm,1664267,pending,Nan Saetang,false
CL003906,P008726,2022-10-03,2022-10-11,2022-12-13,theft,169915,paid,Ploy Phutthichai,false
CL003907,P008198,2022-05-25,2022-05-28,2022-06-24,flood,309642,paid,Apinya Phromsiri,false
CL003908,P002369,2024-07-18,2024-07-21,2024-09-05,collision,646346,paid,Chai Inthanon,false
CL003909,P006698,2025-09-25,2025-10-03,,burglary,2833101,open,Ploy Srisuk,false
CL003910,P000376,2026-04-08,2026-04-09,2026-05-09,fire,2131630,paid,Ploy Limthongkul,false
CL003911,P005261,2026-03-26,2026-04-07,2026-05-15,collision,807025,paid,Eak Suwanphon,false
CL003912,P006980,2025-01-24,2025-02-01,2025-03-30,theft,329175,paid,Bua Phromsiri,false
CL003913,P001865,2026-03-29,2026-04-10,,theft,423073,open,Tawan Srisuk,false
CL003914,P001278,2025-06-04,2025-06-16,,theft,953663,open,Mild Chaisawat,false
CL003915,P000705,2024-08-14,2024-08-26,,theft,225336,pending,Beam Srisuk,false
CL003916,P007744,2025-07-03,2025-07-06,2025-09-20,burglary,4581230,paid,Wichai Chaisawat,false
CL003917,P008104,2025-08-18,2025-08-31,,flood,3168147,pending,Wichai Watcharaphon,false
CL003918,P000688,2023-06-29,2023-07-11,,theft,454221,open,Kanya Sukhumvit,false
CL003919,P009518,2026-01-29,2026-02-04,2026-04-09,theft,202722,denied,View Saetang,false
CL003920,P003613,2026-04-13,2026-04-17,2026-05-24,collision,462547,paid,Apinya Kittikun,false
CL003921,P000615,2022-11-04,2022-11-17,2023-01-15,collision,825813,paid,Tee Srisuk,false
CL003922,P004588,2023-08-07,2023-08-08,2023-10-12,third_party_liability,84296,paid,Niran Sukhumvit,false
CL003923,P002991,2023-06-08,2023-06-16,2023-08-04,burglary,984481,paid,Boss Kittikun,false
CL003924,P001996,2024-11-17,2024-12-01,2024-12-26,collision,617226,paid,Mint Limthongkul,false
CL003925,P009857,2026-05-08,2026-05-17,2026-07-16,flood,24973,paid,Nok Watcharaphon,false
CL003926,P003465,2024-10-23,2024-10-30,2024-11-15,third_party_liability,932567,paid,Daeng Thongdee,false
CL003927,P002302,2023-08-21,2023-08-27,,collision,634135,pending,Bua Rattanapan,false
CL003928,P007077,2022-11-16,2022-11-16,2022-12-22,fire,66776,paid,Nok Rattanapan,false
CL003929,P001715,2026-03-18,2026-03-28,2026-06-09,collision,107573,paid,Malee Sangthong,false
CL003930,P004692,2025-10-10,2025-10-23,2026-01-12,flood,394158,paid,Mint Phromsiri,false
CL003931,P000382,2026-04-27,2026-05-10,2026-06-06,flood,227993,paid,Malee Kittikun,false
CL003932,P007475,2024-04-23,2024-04-29,2024-06-04,theft,227360,paid,Toon Rattanapan,false
CL003933,P003184,2024-12-17,2024-12-28,,flood,578949,pending,Bua Phromsiri,false
CL003934,P001897,2024-04-25,2024-05-04,,collision,128978,pending,Daeng Sangthong,false
CL003935,P009331,2024-06-03,2024-06-07,,third_party_liability,145929,open,Daeng Thongdee,false
CL003936,P009162,2025-10-29,2025-11-07,2026-02-05,flood,215285,paid,Anong Charoensuk,false
CL003937,P001393,2025-12-29,2025-12-31,2026-02-04,flood,1852127,paid,Boss Watcharaphon,false
CL003938,P002329,2025-02-27,2025-03-02,2025-04-15,fire,3515519,paid,Apinya Chaisawat,false
CL003939,P007199,2023-05-13,2023-05-22,,third_party_liability,84380,pending,Earth Phromsiri,false
CL003940,P008307,2025-07-04,2025-07-10,2025-08-10,theft,123465,paid,Pat Inthanon,false
CL003941,P004295,2022-09-23,2022-09-28,,flood,243384,open,Bua Charoensuk,false
CL003942,P001448,2026-04-26,2026-04-27,2026-06-26,third_party_liability,662487,paid,Somchai Thongdee,true
CL003943,P001722,2025-09-01,2025-09-05,2025-10-17,collision,59716,paid,View Boonmee,false
CL003944,P005208,2023-11-11,2023-11-19,2024-01-12,flood,669465,paid,Anong Rattanapan,false
CL003945,P002232,2024-08-27,2024-09-04,,third_party_liability,288503,pending,Pim Sukhumvit,false
CL003946,P000378,2025-04-10,2025-04-24,2025-05-01,flood,3745534,paid,Bua Suwanphon,false
CL003947,P009841,2024-03-21,2024-03-31,,storm,147978,pending,Fern Charoensuk,false
CL003948,P000672,2025-12-11,2025-12-17,2026-03-06,flood,590344,paid,Somchai Wongchai,false
CL003949,P006402,2023-04-13,2023-04-15,2023-05-09,flood,561426,denied,Kanya Kittikun,false
CL003950,P006341,2025-03-24,2025-03-29,2025-05-20,theft,41378,denied,Suda Sangthong,false
CL003951,P003391,2022-03-29,2022-04-12,2022-06-03,theft,90973,denied,Daeng Suwanphon,false
CL003952,P003813,2026-04-11,2026-04-20,2026-05-09,third_party_liability,429567,paid,Daeng Chaiyaporn,false
CL003953,P009471,2025-06-06,2025-06-08,2025-07-06,fire,21567,paid,Wichai Phongphan,false
CL003954,P000261,2023-03-29,2023-04-08,2023-06-26,collision,78430,paid,Somchai Phromsiri,false
CL003955,P007402,2024-04-12,2024-04-22,,collision,230202,open,Apinya Wongchai,false
CL003956,P001652,2024-05-06,2024-05-08,2024-05-29,third_party_liability,117228,paid,Bank Kittikun,false
CL003957,P000739,2025-07-15,2025-07-28,2025-08-15,collision,328707,paid,Anong Phutthichai,false
CL003958,P009923,2025-02-01,2025-02-08,2025-04-17,collision,46716,paid,Nan Charoensuk,false
CL003959,P005910,2023-02-17,2023-02-18,,fire,390743,open,Bank Kittikun,false
CL003960,P008870,2023-12-07,2023-12-20,,fire,1649703,open,Malee Charoensuk,false
CL003961,P006993,2024-08-20,2024-08-28,,collision,500135,pending,Niran Kittikun,true
CL003962,P002790,2024-10-30,2024-11-10,2025-01-23,collision,361246,paid,Beam Phromsiri,false
CL003963,P005124,2024-12-17,2024-12-27,,collision,545737,pending,Malee Rattanapan,false
CL003964,P007854,2023-12-02,2023-12-08,2024-01-31,flood,319942,paid,Apinya Srisuk,false
CL003965,P004658,2024-11-23,2024-11-30,2025-01-12,third_party_liability,664189,paid,Fern Phongphan,false
CL003966,P008697,2026-04-11,2026-04-20,,fire,2124820,pending,Anong Wongchai,false
CL003967,P008298,2026-05-11,2026-05-15,,fire,400586,open,Anong Saetang,false
CL003968,P006924,2023-10-13,2023-10-27,2023-12-24,flood,42349,paid,Mint Thongdee,false
CL003969,P006483,2022-07-10,2022-07-12,,water_damage,1987682,pending,Fern Charoensuk,false
CL003970,P006026,2024-07-11,2024-07-21,,third_party_liability,70041,pending,Tee Wongchai,false
CL003971,P009359,2024-09-21,2024-09-23,,flood,249646,open,Niran Sangthong,false
CL003972,P007224,2025-08-11,2025-08-14,,flood,2864495,pending,Earth Suwanphon,false
CL003973,P002725,2026-05-02,2026-05-11,2026-06-12,water_damage,66931,paid,Niran Boonmee,true
CL003974,P007188,2024-07-04,2024-07-15,2024-09-04,fire,174535,paid,Nan Phongphan,false
CL003975,P006542,2022-11-18,2022-11-28,2023-01-23,theft,220881,denied,Anong Sangthong,false
CL003976,P001093,2024-07-04,2024-07-04,,burglary,3010563,pending,Nan Limthongkul,false
CL003977,P007731,2025-10-31,2025-11-11,,flood,463585,pending,Somchai Boonmee,false
CL003978,P006108,2023-12-30,2024-01-13,,water_damage,1163811,pending,Mai Saetang,false
CL003979,P009202,2024-03-21,2024-03-27,2024-05-03,flood,1334018,paid,Mai Chaisawat,false
CL003980,P006001,2024-03-03,2024-03-17,2024-05-05,fire,662964,paid,Mai Phutthichai,false
CL003981,P006518,2023-03-22,2023-03-31,,flood,78485,pending,View Chaiyaporn,false
CL003982,P008308,2023-10-11,2023-10-22,2023-12-08,third_party_liability,194855,paid,Kanya Kittikun,false
CL003983,P003444,2025-10-02,2025-10-05,,theft,161630,pending,Boss Sangthong,false
CL003984,P001368,2025-01-17,2025-01-25,2025-02-12,collision,227739,paid,Ploy Phromsiri,false
CL003985,P004258,2025-11-20,2025-11-30,2026-02-01,collision,518646,paid,Nan Kanchanaburi,false
CL003986,P000333,2025-05-30,2025-06-10,2025-08-09,theft,138224,denied,Boss Sangthong,false
CL003987,P000565,2024-01-26,2024-01-27,,theft,164924,open,Toon Kanchanaburi,false
CL003988,P009778,2024-08-20,2024-09-03,2024-11-29,storm,1253302,paid,Suda Kittikun,false
CL003989,P001203,2023-02-24,2023-02-25,,collision,80143,pending,Nan Saetang,false
CL003990,P002187,2024-05-02,2024-05-10,2024-06-28,third_party_liability,347152,paid,Chai Chaiyaporn,false
CL003991,P002065,2024-08-30,2024-09-09,,flood,340471,pending,Wichai Boonmee,false
CL003992,P003727,2025-12-26,2026-01-08,,water_damage,4592805,open,Beam Limthongkul,false
CL003993,P003727,2025-03-22,2025-03-24,,water_damage,1643493,pending,Somchai Phromsiri,false
CL003994,P001281,2025-03-12,2025-03-17,2025-05-03,collision,134427,paid,Mint Inthanon,false
CL003995,P005986,2023-11-24,2023-12-08,,storm,3768340,open,Wichai Rattanapan,false
CL003996,P006786,2023-08-03,2023-08-15,2023-10-18,flood,760864,paid,Chai Thongdee,false
CL003997,P001336,2023-10-17,2023-10-30,2023-12-01,theft,115824,paid,Fern Kittikun,false
CL003998,P009972,2025-12-19,2025-12-28,2026-03-16,collision,663884,paid,Mild Srisuk,false
CL003999,P002170,2026-04-28,2026-05-06,2026-07-05,collision,22076,paid,Beam Watcharaphon,false
CL004000,P009559,2025-11-11,2025-11-24,2026-02-02,flood,715796,paid,Ploy Phutthichai,false
CL004001,P006402,2022-10-10,2022-10-10,2022-10-30,burglary,771900,paid,Bank Sangthong,false
CL004002,P000012,2026-02-22,2026-03-07,2026-03-14,storm,2116540,denied,Fern Watcharaphon,false
CL004003,P004049,2023-05-04,2023-05-05,2023-08-02,flood,640086,paid,Wichai Inthanon,true
CL004004,P000042,2023-04-18,2023-05-02,2023-06-18,fire,145100,paid,Nok Phongphan,false
CL004005,P002651,2024-06-13,2024-06-17,2024-07-28,fire,119216,paid,Beam Phutthichai,false
CL004006,P003403,2023-11-04,2023-11-18,2024-02-04,collision,583969,paid,Wichai Chaisawat,false
CL004007,P000422,2024-06-03,2024-06-17,2024-09-01,third_party_liability,223127,paid,Nan Phutthichai,false
CL004008,P009520,2025-07-28,2025-08-11,2025-10-30,third_party_liability,200970,paid,Pim Boonmee,false
CL004009,P007663,2026-03-29,2026-04-10,2026-06-27,storm,413636,paid,Toon Chaiyaporn,false
CL004010,P004442,2024-05-11,2024-05-14,2024-05-22,third_party_liability,34258,paid,Apinya Suwanphon,false
CL004011,P002802,2024-04-06,2024-04-14,2024-06-05,fire,72333,paid,Mild Phutthichai,false
CL004012,P009309,2025-02-16,2025-02-16,2025-04-27,storm,330530,paid,Mild Thongdee,false
CL004013,P009181,2024-09-01,2024-09-05,2024-10-26,collision,120386,paid,Kanya Boonmee,false
CL004014,P008351,2025-07-21,2025-08-03,,flood,307373,open,Mint Thongdee,false
CL004015,P008228,2023-08-27,2023-08-28,2023-09-22,flood,738224,paid,Apinya Rattanapan,false
CL004016,P003902,2026-04-17,2026-04-20,2026-07-05,theft,627837,paid,Kanya Charoensuk,false
CL004017,P006267,2023-03-13,2023-03-27,2023-04-23,water_damage,720427,paid,Wichai Phutthichai,false
CL004018,P008489,2024-07-22,2024-07-23,2024-08-26,flood,376502,paid,Malee Saetang,false
CL004019,P002093,2025-06-20,2025-06-20,,water_damage,3586670,pending,Malee Chaiyaporn,false
CL004020,P006065,2024-10-09,2024-10-13,2024-11-04,burglary,4810685,paid,Boss Watcharaphon,false
CL004021,P005868,2023-04-05,2023-04-14,2023-05-20,flood,283732,paid,View Kittikun,true
CL004022,P006258,2025-07-15,2025-07-23,2025-09-22,storm,2501089,paid,Tee Kanchanaburi,false
CL004023,P008096,2024-07-18,2024-07-29,,burglary,1612937,pending,Suda Boonmee,false
CL004024,P001172,2024-08-17,2024-08-21,,burglary,3465526,pending,Anong Rattanapan,false
CL004025,P003129,2024-01-24,2024-02-05,2024-03-30,third_party_liability,188929,paid,Malee Chaiyaporn,true
CL004026,P009543,2025-12-23,2025-12-25,2026-02-15,water_damage,2197977,denied,Toon Kanchanaburi,false
CL004027,P000924,2022-11-24,2022-11-27,,fire,2313177,open,Bank Sangthong,false
CL004028,P003826,2025-10-25,2025-11-04,2026-01-13,flood,194094,paid,Pim Chaiyaporn,false
CL004029,P006079,2023-11-20,2023-12-02,2024-02-15,fire,94271,denied,Nan Kanchanaburi,false
CL004030,P002251,2026-02-02,2026-02-06,2026-04-14,flood,51128,paid,Mai Saetang,false
CL004031,P002811,2022-12-28,2023-01-02,,fire,714720,open,Boss Kittikun,false
CL004032,P008444,2024-06-16,2024-06-23,,fire,823851,open,Earth Chaisawat,true
CL004033,P006180,2024-07-09,2024-07-15,,flood,5297031,pending,Kanya Wongchai,true
CL004034,P005633,2024-06-04,2024-06-17,2024-07-08,theft,64956,paid,Apinya Sukhumvit,false
CL004035,P007344,2023-03-01,2023-03-10,2023-05-23,flood,406489,paid,Mild Thongdee,false
CL004036,P002702,2025-06-10,2025-06-14,2025-08-01,burglary,4392528,paid,Pim Suwanphon,false
CL004037,P009531,2023-10-21,2023-11-01,,fire,6299,pending,Tawan Wongchai,false
CL004038,P003050,2025-03-28,2025-04-04,2025-05-06,flood,238510,paid,Earth Watcharaphon,false
CL004039,P007073,2026-04-18,2026-04-18,,theft,92439,open,Mint Chaisawat,false
CL004040,P004966,2025-03-26,2025-04-08,2025-04-21,theft,494709,paid,Nok Saetang,false
CL004041,P001654,2024-06-16,2024-06-30,2024-07-12,water_damage,676805,paid,Mai Rattanapan,false
CL004042,P007881,2025-02-25,2025-02-25,,third_party_liability,140010,open,Chai Inthanon,false
CL004043,P009971,2023-11-05,2023-11-13,2024-01-06,fire,42313,paid,Somchai Suwanphon,false
CL004044,P000258,2024-02-19,2024-03-04,2024-03-31,theft,423563,paid,Chai Sukhumvit,false
CL004045,P006369,2023-10-31,2023-11-04,2024-01-05,fire,100200,paid,Malee Wongchai,false
CL004046,P006353,2026-03-11,2026-03-15,2026-03-24,theft,161779,denied,Pim Limthongkul,false
CL004047,P000204,2025-03-22,2025-03-22,,flood,141569,open,Somchai Suwanphon,false
CL004048,P006758,2025-08-18,2025-09-01,2025-11-10,flood,123379,paid,Kanya Phromsiri,false
CL004049,P001103,2026-04-19,2026-04-28,2026-07-21,fire,104296,paid,Bank Kittikun,false
CL004050,P004773,2025-11-21,2025-11-25,,flood,194899,open,Chai Phromsiri,false
CL004051,P008597,2025-12-25,2026-01-06,,storm,1881215,open,Mint Saetang,false
CL004052,P004645,2025-09-20,2025-09-22,,burglary,3813943,open,Niran Wongchai,false
CL004053,P005058,2026-05-02,2026-05-16,2026-06-01,theft,145009,paid,Tawan Kanchanaburi,false
CL004054,P000948,2026-04-03,2026-04-07,2026-05-14,third_party_liability,338515,paid,Bua Watcharaphon,false
CL004055,P007117,2023-05-20,2023-05-25,,theft,538323,open,Boss Inthanon,false
CL004056,P002388,2023-04-15,2023-04-15,2023-06-20,flood,6844159,denied,Apinya Chaiyaporn,false
CL004057,P005018,2023-12-12,2023-12-22,2024-03-15,flood,106523,paid,Malee Sukhumvit,false
CL004058,P008292,2024-11-12,2024-11-23,2024-12-01,burglary,2386399,paid,Beam Rattanapan,false
CL004059,P009925,2023-05-27,2023-05-29,,water_damage,2679131,pending,View Chaiyaporn,true
CL004060,P005266,2024-06-04,2024-06-05,2024-08-20,flood,288556,paid,Eak Phutthichai,false
CL004061,P006937,2026-04-11,2026-04-16,2026-05-06,third_party_liability,117911,paid,Mild Rattanapan,false
CL004062,P000703,2024-10-04,2024-10-12,,burglary,3309762,pending,Nan Charoensuk,false
CL004063,P004608,2026-02-28,2026-03-14,,fire,734437,pending,Wichai Watcharaphon,false
CL004064,P004404,2023-08-23,2023-08-24,2023-10-25,flood,2820637,paid,Tawan Phutthichai,false
CL004065,P003958,2024-07-24,2024-07-27,2024-08-31,flood,468843,denied,Daeng Chaisawat,false
CL004066,P005135,2024-11-12,2024-11-22,2024-12-23,burglary,481060,paid,Niran Thongdee,false
CL004067,P005054,2023-07-23,2023-07-23,,burglary,261308,open,Boss Phutthichai,false
CL004068,P009522,2023-12-03,2023-12-05,,collision,724702,pending,Kanya Charoensuk,true
CL004069,P009114,2024-09-03,2024-09-05,,fire,4780043,pending,Anong Boonmee,false
CL004070,P008565,2023-05-26,2023-06-08,2023-08-09,third_party_liability,722091,paid,Apinya Srisuk,false
CL004071,P001370,2023-10-25,2023-11-01,2023-11-28,third_party_liability,37110,paid,Fern Phongphan,false
CL004072,P000612,2024-12-15,2024-12-19,2025-02-06,collision,532947,paid,Chai Phongphan,true
CL004073,P000061,2024-09-23,2024-10-01,2024-11-04,fire,1110203,paid,Praew Charoensuk,false
CL004074,P001720,2022-09-03,2022-09-04,2022-10-31,flood,28442,paid,Kanya Limthongkul,false
CL004075,P009557,2025-11-09,2025-11-19,2025-12-29,fire,2768072,paid,Somchai Phutthichai,false
CL004076,P002213,2024-05-14,2024-05-15,2024-08-08,fire,416231,paid,Toon Saetang,false
CL004077,P009633,2024-02-20,2024-02-20,2024-05-09,water_damage,1451857,paid,Apinya Kittikun,false
CL004078,P006843,2024-07-10,2024-07-23,,third_party_liability,143195,open,Mint Phromsiri,false
CL004079,P008500,2024-06-15,2024-06-22,,third_party_liability,407710,pending,Ploy Thongdee,false
CL004080,P002461,2023-03-24,2023-03-28,2023-05-12,collision,142626,paid,Beam Srisuk,false
CL004081,P002380,2023-09-03,2023-09-06,2023-11-20,collision,17276,paid,Nan Boonmee,false
CL004082,P000994,2025-09-30,2025-10-13,,collision,18690,pending,Pat Kittikun,false
CL004083,P005481,2026-03-11,2026-03-12,,third_party_liability,25696,pending,Apinya Limthongkul,false
CL004084,P001063,2026-05-08,2026-05-20,,flood,230479,pending,Toon Charoensuk,false
CL004085,P003711,2023-06-05,2023-06-12,2023-07-30,collision,234480,paid,Anong Boonmee,false
CL004086,P000245,2023-08-26,2023-08-28,,flood,25674,pending,Tee Thongdee,false
CL004087,P006090,2024-08-09,2024-08-20,2024-09-23,collision,150707,paid,Mai Saetang,false
CL004088,P009120,2023-07-26,2023-08-03,,theft,282675,pending,Wichai Suwanphon,false
CL004089,P009854,2025-07-08,2025-07-19,2025-07-31,flood,79916,paid,Apinya Phongphan,false
CL004090,P007383,2022-10-25,2022-11-07,,flood,1536751,pending,Mai Inthanon,false
CL004091,P009622,2022-12-07,2022-12-18,2023-03-04,fire,164902,denied,Tawan Watcharaphon,false
CL004092,P008281,2024-03-10,2024-03-11,,theft,361817,open,Somchai Sukhumvit,false
CL004093,P005792,2025-12-18,2025-12-31,2026-03-15,fire,3440980,paid,Tawan Sangthong,false
CL004094,P009044,2025-03-13,2025-03-13,2025-05-26,flood,469700,paid,View Phongphan,false
CL004095,P009985,2023-07-14,2023-07-16,2023-09-05,collision,53108,denied,Wichai Phutthichai,false
CL004096,P005045,2026-03-29,2026-04-10,,theft,85847,open,Earth Thongdee,false
CL004097,P007493,2025-12-17,2025-12-24,2026-03-01,storm,2080979,paid,Beam Watcharaphon,false
CL004098,P008357,2023-12-08,2023-12-22,2024-02-11,burglary,3394456,paid,View Kanchanaburi,false
CL004099,P007146,2024-02-25,2024-02-27,,fire,388291,pending,Pat Inthanon,false
CL004100,P004882,2024-07-01,2024-07-07,2024-09-22,collision,143740,paid,Ploy Saetang,false
CL004101,P004093,2026-03-25,2026-04-05,2026-04-13,collision,387997,paid,View Thongdee,false
CL004102,P003716,2024-02-07,2024-02-14,,fire,144829,open,Daeng Saetang,false
CL004103,P000691,2026-03-25,2026-03-26,2026-06-09,storm,6810852,paid,Tee Boonmee,false
CL004104,P003523,2025-03-08,2025-03-22,2025-04-01,theft,312412,paid,Mild Limthongkul,false
CL004105,P005572,2024-07-22,2024-07-28,2024-08-14,storm,467418,paid,Praew Phongphan,false
CL004106,P005636,2023-01-16,2023-01-24,,water_damage,1627713,pending,Toon Inthanon,false
CL004107,P005611,2025-08-19,2025-09-02,2025-09-28,water_damage,1067922,paid,Bank Sukhumvit,false
CL004108,P001711,2023-04-22,2023-04-23,2023-06-05,flood,273620,paid,Chai Saetang,false
CL004109,P008916,2024-10-05,2024-10-11,,flood,383255,open,Wichai Chaiyaporn,false
CL004110,P002803,2025-08-05,2025-08-05,2025-09-12,storm,910601,paid,Fern Watcharaphon,false
CL004111,P000975,2023-07-11,2023-07-14,2023-09-27,theft,106837,paid,Boss Thongdee,false
CL004112,P006198,2025-04-13,2025-04-17,2025-05-23,fire,321406,denied,Mild Boonmee,false
CL004113,P003036,2026-04-11,2026-04-14,2026-06-20,theft,791960,paid,Earth Saetang,false
CL004114,P006588,2026-04-04,2026-04-07,2026-05-17,theft,411108,paid,Praew Kanchanaburi,false
CL004115,P008487,2023-06-24,2023-07-05,2023-09-09,flood,3683423,paid,Bua Chaisawat,false
CL004116,P004870,2023-10-31,2023-11-01,2023-11-18,fire,1171390,paid,Bua Thongdee,false
CL004117,P009878,2024-02-16,2024-02-26,2024-05-14,third_party_liability,15187,paid,Mild Kanchanaburi,false
CL004118,P008759,2023-05-17,2023-05-19,2023-07-19,collision,321222,denied,Nok Srisuk,false
CL004119,P004456,2026-01-03,2026-01-06,2026-04-05,fire,298815,paid,Pat Limthongkul,false
CL004120,P002291,2023-09-24,2023-10-08,,water_damage,4356483,pending,Pim Kittikun,false
CL004121,P001687,2024-07-19,2024-07-22,2024-08-06,fire,250571,paid,Nok Srisuk,false
CL004122,P007431,2025-03-15,2025-03-29,2025-05-29,collision,406250,paid,Niran Wongchai,false
CL004123,P004762,2024-08-01,2024-08-11,2024-08-22,collision,402102,paid,Fern Chaisawat,false
CL004124,P003957,2024-06-22,2024-07-03,2024-08-09,third_party_liability,285398,paid,Somchai Watcharaphon,false
CL004125,P008534,2023-11-10,2023-11-24,,storm,5024509,pending,Wichai Sukhumvit,false
CL004126,P004340,2026-03-16,2026-03-30,2026-06-27,theft,210178,paid,Wichai Saetang,false
CL004127,P004013,2024-11-24,2024-12-08,,third_party_liability,72551,open,Bank Boonmee,false
CL004128,P008160,2026-02-28,2026-03-12,,burglary,2323049,pending,Pim Rattanapan,false
CL004129,P002579,2024-01-08,2024-01-09,,flood,695661,open,Wichai Limthongkul,false
CL004130,P008085,2024-05-18,2024-05-28,2024-08-10,storm,3355643,paid,Anong Boonmee,false
CL004131,P001600,2025-01-12,2025-01-26,2025-02-15,fire,2791573,paid,Malee Kittikun,false
CL004132,P006266,2026-02-08,2026-02-21,2026-04-16,flood,691605,paid,Bank Saetang,false
CL004133,P006812,2026-01-01,2026-01-13,2026-01-22,flood,341984,paid,Nok Phromsiri,false
CL004134,P009751,2024-04-25,2024-04-27,,burglary,1034571,open,Toon Kanchanaburi,false
CL004135,P005000,2026-04-21,2026-04-29,2026-07-04,flood,560331,paid,Wichai Kanchanaburi,false
CL004136,P000218,2024-11-03,2024-11-12,,theft,356285,pending,Nan Sangthong,false
CL004137,P006736,2025-06-08,2025-06-10,2025-08-09,flood,830982,paid,Mai Saetang,false
CL004138,P006005,2024-09-05,2024-09-07,2024-09-17,burglary,5486991,paid,Praew Thongdee,false
CL004139,P002369,2024-04-07,2024-04-16,2024-06-21,collision,524632,paid,Nok Chaisawat,false
CL004140,P007617,2026-05-13,2026-05-13,2026-06-27,storm,3085119,paid,Tee Charoensuk,false
CL004141,P009017,2023-07-18,2023-07-21,,theft,286215,pending,Pim Sangthong,false
CL004142,P000897,2024-09-24,2024-09-27,2024-10-11,flood,293127,paid,Anong Thongdee,false
CL004143,P009763,2023-01-29,2023-02-04,2023-02-18,theft,123149,paid,Ploy Wongchai,false
CL004144,P008586,2024-10-22,2024-11-01,2024-12-07,collision,120337,paid,Malee Chaiyaporn,false
CL004145,P000778,2023-10-15,2023-10-24,2023-11-16,flood,67719,paid,Daeng Chaiyaporn,false
CL004146,P004644,2022-10-17,2022-10-27,2022-11-28,water_damage,389419,denied,Anong Inthanon,false
CL004147,P005184,2025-08-04,2025-08-06,2025-09-28,burglary,1941114,paid,Anong Srisuk,true
CL004148,P000301,2024-10-13,2024-10-18,2024-11-19,flood,608131,paid,Suda Sukhumvit,false
CL004149,P006385,2024-02-01,2024-02-13,2024-04-10,water_damage,1497219,paid,Bua Srisuk,false
CL004150,P000648,2023-10-03,2023-10-07,2023-12-24,flood,33899,paid,Fern Suwanphon,false
CL004151,P005265,2026-02-01,2026-02-01,2026-03-04,fire,29541,paid,Toon Charoensuk,false
CL004152,P006553,2024-07-30,2024-08-07,2024-10-26,collision,266732,paid,Bank Suwanphon,false
CL004153,P007845,2026-01-31,2026-02-09,,theft,242955,open,Mild Charoensuk,false
CL004154,P005951,2025-06-17,2025-06-21,2025-07-13,burglary,1332303,paid,Tee Wongchai,false
CL004155,P008725,2023-04-15,2023-04-24,2023-05-28,third_party_liability,351871,paid,Mai Phromsiri,false
CL004156,P009233,2025-01-22,2025-01-30,,collision,155292,open,Bua Phutthichai,false
CL004157,P002264,2023-03-20,2023-03-30,,flood,773257,open,Praew Phromsiri,false
CL004158,P001636,2025-07-23,2025-08-05,,collision,28334,open,Praew Chaisawat,false
CL004159,P006977,2023-05-15,2023-05-18,2023-07-04,theft,676352,paid,Nan Chaisawat,false
CL004160,P003125,2024-04-13,2024-04-15,2024-05-27,third_party_liability,37899,paid,Boss Saetang,false
CL004161,P009259,2026-03-15,2026-03-23,2026-04-30,water_damage,4231671,paid,Earth Limthongkul,false
CL004162,P007123,2023-09-15,2023-09-18,,third_party_liability,107684,open,Tawan Phongphan,false
CL004163,P004432,2023-11-08,2023-11-19,2023-12-08,flood,87474,paid,Anong Limthongkul,false
CL004164,P007245,2025-02-13,2025-02-16,2025-04-30,fire,11717,paid,Mint Phutthichai,false
CL004165,P009921,2025-08-17,2025-08-19,2025-08-27,collision,30075,paid,Chai Sukhumvit,false
CL004166,P003435,2026-05-07,2026-05-07,2026-07-05,fire,184887,paid,Toon Limthongkul,false
CL004167,P007010,2024-10-27,2024-11-10,2025-02-02,flood,301879,paid,Mild Boonmee,false
CL004168,P008878,2024-01-12,2024-01-16,2024-02-09,fire,142841,paid,Nan Thongdee,false
CL004169,P005741,2024-01-11,2024-01-17,,fire,850759,open,Mint Wongchai,false
CL004170,P001750,2024-04-07,2024-04-19,2024-06-14,flood,307344,paid,Earth Phromsiri,false
CL004171,P004479,2023-10-30,2023-10-30,2024-01-10,storm,1885549,paid,View Sukhumvit,false
CL004172,P003506,2024-07-18,2024-07-21,2024-10-16,flood,393754,paid,Nan Srisuk,false
CL004173,P002270,2024-08-14,2024-08-14,2024-09-23,flood,3561119,denied,Nan Phongphan,false
CL004174,P003186,2023-11-29,2023-12-11,2024-02-20,burglary,5370079,paid,View Watcharaphon,false
CL004175,P004072,2024-05-17,2024-05-27,2024-06-14,fire,94055,paid,Tawan Phromsiri,false
CL004176,P008465,2026-03-13,2026-03-20,,fire,375021,pending,Malee Suwanphon,false
CL004177,P008892,2023-03-27,2023-04-09,,third_party_liability,741830,open,Fern Chaiyaporn,false
CL004178,P000414,2024-04-02,2024-04-13,,fire,307263,open,Ploy Saetang,false
CL004179,P006806,2024-03-06,2024-03-06,2024-04-26,flood,573727,paid,Earth Wongchai,false
CL004180,P005771,2023-11-24,2023-11-29,2024-01-21,fire,222826,paid,Suda Limthongkul,false
CL004181,P007550,2023-07-20,2023-08-02,2023-08-23,collision,240707,paid,Toon Rattanapan,false
CL004182,P006752,2023-02-10,2023-02-15,,theft,333654,pending,Kanya Sangthong,false
CL004183,P005348,2025-10-07,2025-10-21,,fire,6479154,pending,Mild Phutthichai,false
CL004184,P006544,2024-09-12,2024-09-16,2024-11-30,third_party_liability,358518,paid,Mai Sangthong,false
CL004185,P003877,2023-09-28,2023-10-10,2023-11-13,collision,315829,paid,Suda Phutthichai,false
CL004186,P007486,2026-04-01,2026-04-05,2026-06-08,fire,211779,paid,Tawan Inthanon,false
CL004187,P006274,2023-08-08,2023-08-16,,burglary,978209,open,Kanya Kittikun,false
CL004188,P003013,2026-03-22,2026-04-04,2026-06-21,burglary,3238877,paid,Pat Chaisawat,false
CL004189,P003651,2026-04-25,2026-05-03,,theft,282694,open,Nok Chaiyaporn,false
CL004190,P009224,2023-12-26,2023-12-29,,third_party_liability,555122,pending,Bank Kanchanaburi,false
CL004191,P001183,2024-01-30,2024-02-07,2024-04-06,fire,455705,paid,Beam Suwanphon,false
CL004192,P004445,2025-08-28,2025-08-28,2025-10-21,flood,178166,denied,Earth Inthanon,false
CL004193,P007452,2023-11-06,2023-11-20,2023-11-30,third_party_liability,480587,paid,Niran Wongchai,false
CL004194,P000580,2024-06-13,2024-06-26,2024-09-18,water_damage,2587237,paid,Boss Phutthichai,false
CL004195,P004802,2025-06-18,2025-06-19,2025-07-30,burglary,62245,paid,Mild Kanchanaburi,false
CL004196,P009443,2024-03-06,2024-03-09,2024-03-25,burglary,2117586,paid,Suda Inthanon,false
CL004197,P005700,2023-04-04,2023-04-12,2023-05-23,storm,1698391,paid,Boss Phutthichai,false
CL004198,P002530,2023-07-13,2023-07-17,,flood,3275275,open,Chai Phromsiri,false
CL004199,P005015,2023-12-17,2023-12-27,2024-02-06,theft,79946,paid,Nok Rattanapan,false
CL004200,P004108,2023-11-03,2023-11-03,2023-12-19,flood,3013085,paid,Daeng Rattanapan,false
CL004201,P005046,2024-05-15,2024-05-29,,flood,603976,open,Nan Boonmee,false
CL004202,P002931,2025-03-13,2025-03-14,,third_party_liability,204367,pending,Ploy Charoensuk,false
CL004203,P008739,2022-12-22,2022-12-23,2023-01-08,fire,567080,paid,Kanya Thongdee,false
CL004204,P004354,2026-03-17,2026-03-31,2026-06-12,fire,108501,paid,Nok Srisuk,true
CL004205,P006624,2026-04-05,2026-04-18,,fire,70309,open,Pat Watcharaphon,false
CL004206,P000604,2024-03-19,2024-04-02,,storm,372626,open,Suda Watcharaphon,false
CL004207,P006393,2024-05-31,2024-06-13,2024-06-26,fire,84823,paid,Boss Rattanapan,true
CL004208,P002047,2025-03-16,2025-03-30,2025-05-10,theft,50794,paid,Eak Kittikun,false
CL004209,P002571,2024-02-24,2024-03-08,2024-05-27,flood,549604,paid,Boss Charoensuk,false
CL004210,P004860,2026-05-14,2026-05-17,2026-07-05,storm,814537,paid,Toon Inthanon,false
CL004211,P004802,2025-11-03,2025-11-05,2026-02-02,flood,1033586,paid,Apinya Saetang,false
CL004212,P008506,2024-05-08,2024-05-22,2024-07-01,burglary,2611992,paid,Kanya Thongdee,false
CL004213,P009078,2026-03-02,2026-03-08,2026-04-18,fire,1159043,paid,Pat Chaiyaporn,false
CL004214,P000465,2026-05-01,2026-05-07,2026-06-23,fire,475229,paid,Earth Sukhumvit,false
CL004215,P003152,2024-01-31,2024-01-31,2024-04-29,flood,637766,paid,Pim Thongdee,false
CL004216,P006125,2026-04-03,2026-04-05,2026-05-21,flood,423571,paid,Somchai Charoensuk,false
CL004217,P006590,2024-09-20,2024-09-20,2024-11-19,fire,147588,paid,Suda Suwanphon,false
CL004218,P006953,2026-03-04,2026-03-15,2026-05-30,theft,87890,denied,Fern Limthongkul,false
CL004219,P006492,2024-12-03,2024-12-12,2025-02-03,collision,244156,paid,Kanya Rattanapan,false
CL004220,P000640,2025-03-26,2025-03-30,2025-04-25,theft,204736,paid,Eak Kittikun,false
CL004221,P007472,2025-11-02,2025-11-11,2025-12-09,burglary,2178200,paid,Toon Wongchai,false
CL004222,P001473,2023-12-30,2024-01-03,2024-02-05,flood,1501467,paid,Fern Chaiyaporn,false
CL004223,P000976,2025-09-13,2025-09-15,,water_damage,1205056,pending,Mint Phromsiri,false
CL004224,P007626,2023-09-03,2023-09-05,,theft,739635,pending,Beam Inthanon,false
CL004225,P003565,2024-10-20,2024-10-28,2024-12-22,theft,654805,paid,Beam Boonmee,false
CL004226,P004455,2026-04-02,2026-04-12,,flood,725601,pending,Daeng Kanchanaburi,false
CL004227,P001679,2024-12-03,2024-12-09,2025-02-24,theft,525423,paid,View Boonmee,false
CL004228,P007361,2024-12-05,2024-12-19,2025-02-17,fire,433037,paid,Anong Watcharaphon,false
CL004229,P009018,2024-07-19,2024-07-26,,water_damage,384673,pending,Tee Kittikun,false
CL004230,P004810,2024-02-06,2024-02-15,,fire,4430439,pending,Apinya Phongphan,false
CL004231,P001661,2024-04-30,2024-05-05,2024-06-24,storm,144661,paid,Suda Boonmee,false
CL004232,P004909,2026-04-11,2026-04-24,,collision,422884,open,Eak Kanchanaburi,false
CL004233,P007095,2024-07-21,2024-08-02,2024-09-12,theft,314977,paid,Pim Boonmee,false
CL004234,P003681,2023-08-21,2023-09-01,2023-10-11,flood,2920572,paid,Pim Chaiyaporn,false
CL004235,P004567,2024-09-30,2024-10-14,,fire,662463,pending,Beam Srisuk,false
CL004236,P000792,2024-10-19,2024-10-25,,burglary,419325,open,View Sukhumvit,false
CL004237,P000648,2024-06-06,2024-06-19,2024-07-07,collision,113496,paid,Tee Saetang,false
CL004238,P008886,2023-11-02,2023-11-05,,fire,724529,pending,Mai Chaiyaporn,false
CL004239,P009053,2024-09-21,2024-10-03,2024-12-21,fire,660215,paid,Bua Watcharaphon,false
CL004240,P000423,2022-08-10,2022-08-21,,flood,405387,open,Bank Watcharaphon,false
CL004241,P002144,2024-08-19,2024-09-02,,fire,128308,pending,Wichai Chaiyaporn,false
CL004242,P008965,2023-09-16,2023-09-20,,storm,558677,open,Bua Kittikun,false
CL004243,P007271,2024-04-05,2024-04-15,,burglary,6292228,pending,Niran Phongphan,false
CL004244,P003263,2024-12-13,2024-12-13,2024-12-25,fire,84561,paid,Ploy Phongphan,false
CL004245,P000426,2026-01-21,2026-02-01,2026-04-25,storm,441630,denied,Apinya Sukhumvit,false
CL004246,P008451,2026-03-31,2026-04-02,2026-05-16,flood,240303,paid,Boss Phongphan,false
CL004247,P003038,2025-05-09,2025-05-11,2025-07-01,fire,71546,denied,Nan Kanchanaburi,false
CL004248,P008815,2026-03-03,2026-03-15,2026-05-06,flood,2031771,paid,Mai Rattanapan,false
CL004249,P004588,2023-02-06,2023-02-11,2023-05-02,collision,111301,paid,Pat Phromsiri,false
CL004250,P003931,2026-03-31,2026-04-04,,fire,118615,open,Nok Srisuk,false
CL004251,P003121,2024-01-01,2024-01-06,2024-02-10,third_party_liability,421823,paid,Pim Kittikun,false
CL004252,P001498,2024-02-10,2024-02-12,2024-05-05,collision,183655,paid,Somchai Chaisawat,false
CL004253,P008769,2024-08-05,2024-08-16,2024-09-19,flood,28791,paid,Bua Charoensuk,false
CL004254,P000662,2023-04-06,2023-04-06,2023-05-26,burglary,642695,paid,Daeng Phromsiri,true
CL004255,P003918,2025-04-07,2025-04-11,,third_party_liability,143278,pending,Toon Phongphan,false
CL004256,P000786,2024-09-21,2024-09-26,,water_damage,4372379,open,Mild Rattanapan,false
CL004257,P000697,2024-01-01,2024-01-11,,flood,2188377,open,Mai Watcharaphon,false
CL004258,P003705,2023-09-17,2023-09-26,2023-11-26,fire,1607078,denied,Tee Saetang,false
CL004259,P006502,2024-02-12,2024-02-17,2024-05-04,flood,178901,paid,Nok Boonmee,false
CL004260,P009917,2023-08-26,2023-08-28,2023-11-19,water_damage,4226451,paid,Malee Phromsiri,false
CL004261,P009300,2024-06-14,2024-06-15,2024-07-17,fire,138112,paid,Bua Kittikun,false
CL004262,P009206,2023-08-27,2023-08-31,2023-10-29,third_party_liability,66107,paid,Toon Wongchai,false
CL004263,P007386,2025-07-04,2025-07-12,2025-09-17,theft,461552,paid,Daeng Charoensuk,false
CL004264,P000160,2024-09-06,2024-09-10,2024-11-24,fire,203576,paid,Chai Watcharaphon,false
CL004265,P008570,2022-09-17,2022-09-21,2022-10-14,storm,2989241,paid,Anong Srisuk,false
CL004266,P004692,2025-03-07,2025-03-11,2025-06-08,burglary,4901446,paid,Niran Thongdee,true
CL004267,P005362,2024-10-14,2024-10-20,,fire,2412495,pending,Fern Srisuk,false
CL004268,P002654,2024-05-13,2024-05-22,2024-06-26,fire,122672,paid,Ploy Chaiyaporn,false
CL004269,P004729,2025-05-23,2025-05-30,,theft,15437,open,Mild Inthanon,false
CL004270,P000919,2025-07-11,2025-07-25,2025-09-14,third_party_liability,635260,paid,Toon Srisuk,false
CL004271,P006748,2024-09-01,2024-09-09,2024-11-07,collision,372571,paid,Chai Suwanphon,false
CL004272,P006812,2025-12-09,2025-12-17,2026-01-22,flood,450039,paid,Wichai Saetang,false
CL004273,P004140,2024-01-26,2024-02-08,2024-04-10,flood,48624,paid,Chai Chaiyaporn,false
CL004274,P006756,2024-12-28,2024-12-30,2025-03-17,fire,595401,paid,Chai Thongdee,false
CL004275,P007011,2025-07-23,2025-07-31,2025-08-12,fire,685218,denied,Nan Saetang,false
CL004276,P009690,2025-08-10,2025-08-11,,theft,286231,pending,Mai Suwanphon,false
CL004277,P008360,2025-05-12,2025-05-19,,collision,364966,open,Mai Sukhumvit,false
CL004278,P003545,2025-05-11,2025-05-15,2025-06-01,storm,1724685,paid,Somchai Kittikun,false
CL004279,P004365,2024-12-29,2025-01-03,2025-03-09,fire,78019,paid,Somchai Inthanon,false
CL004280,P001359,2025-07-10,2025-07-14,2025-09-18,collision,87169,paid,Kanya Saetang,false
CL004281,P003501,2023-04-20,2023-05-01,2023-07-13,water_damage,5551151,paid,Wichai Limthongkul,false
CL004282,P002494,2023-12-16,2023-12-28,2024-02-04,theft,525644,denied,Bank Charoensuk,false
CL004283,P009543,2026-04-13,2026-04-20,2026-06-27,burglary,2345149,paid,Wichai Wongchai,false
CL004284,P007398,2026-04-01,2026-04-12,2026-05-27,theft,413815,paid,Tawan Wongchai,false
CL004285,P000653,2026-05-11,2026-05-24,2026-08-07,flood,1510612,paid,Suda Chaisawat,false
CL004286,P003442,2024-01-22,2024-01-23,,third_party_liability,349411,open,Mai Thongdee,false
CL004287,P000738,2026-03-07,2026-03-18,,storm,311352,open,Fern Boonmee,false
CL004288,P003345,2025-02-17,2025-02-27,,fire,144093,pending,Mai Kanchanaburi,false
CL004289,P005544,2024-05-18,2024-05-21,2024-06-09,burglary,3368568,paid,Eak Chaisawat,false
CL004290,P005236,2023-12-30,2023-12-31,,water_damage,5104656,open,Fern Watcharaphon,false
CL004291,P008621,2023-12-23,2023-12-30,,theft,36019,open,Suda Sangthong,false
CL004292,P000819,2024-04-11,2024-04-14,,water_damage,318473,pending,Fern Boonmee,false
CL004293,P000337,2025-05-07,2025-05-16,2025-06-04,flood,47220,paid,Somchai Kanchanaburi,false
CL004294,P005083,2023-09-26,2023-10-06,,water_damage,6161184,open,Ploy Suwanphon,false
CL004295,P008255,2024-05-29,2024-05-31,2024-08-12,flood,410250,paid,Mild Srisuk,false
CL004296,P000144,2024-06-01,2024-06-10,2024-08-17,theft,273650,paid,Mai Sangthong,false
CL004297,P008628,2023-07-14,2023-07-28,2023-09-16,collision,744583,paid,Mint Phutthichai,false
CL004298,P005944,2023-12-02,2023-12-06,2023-12-15,flood,148594,paid,Mai Chaisawat,false
CL004299,P004498,2024-03-22,2024-04-03,2024-05-14,storm,2195945,paid,Wichai Watcharaphon,false
CL004300,P007672,2022-10-22,2022-11-05,2022-12-15,flood,61121,denied,Boss Charoensuk,false
CL004301,P009988,2023-09-27,2023-10-03,,water_damage,2085697,pending,Kanya Charoensuk,false
CL004302,P002300,2024-03-17,2024-03-25,,flood,115345,pending,Pim Limthongkul,false
CL004303,P003248,2024-06-01,2024-06-15,2024-07-24,collision,109974,paid,Fern Wongchai,false
CL004304,P007667,2025-01-28,2025-02-03,,theft,483871,pending,Toon Kanchanaburi,false
CL004305,P005402,2024-03-30,2024-03-30,,burglary,145963,open,Fern Kittikun,false
CL004306,P007772,2025-02-19,2025-02-25,,fire,41657,pending,Anong Kanchanaburi,true
CL004307,P009106,2023-12-11,2023-12-20,2024-02-10,storm,4056507,paid,Malee Boonmee,false
CL004308,P009996,2023-08-02,2023-08-05,2023-08-28,third_party_liability,501033,paid,Earth Rattanapan,false
CL004309,P007709,2024-06-17,2024-06-21,2024-07-08,flood,191425,paid,Mai Wongchai,false
CL004310,P002958,2024-02-06,2024-02-11,2024-03-11,collision,488790,paid,Malee Limthongkul,false
CL004311,P007140,2024-06-14,2024-06-27,,third_party_liability,197423,pending,Tawan Boonmee,false
CL004312,P007178,2024-03-14,2024-03-26,,third_party_liability,628132,pending,Bank Inthanon,false
CL004313,P004307,2023-10-21,2023-11-02,2024-01-14,flood,8358,paid,Chai Phutthichai,false
CL004314,P008994,2025-09-22,2025-09-23,2025-10-22,collision,167225,paid,Tawan Sukhumvit,false
CL004315,P007150,2026-04-27,2026-05-01,,fire,64705,open,Anong Chaisawat,false
CL004316,P002655,2023-01-22,2023-01-26,2023-03-04,water_damage,2572862,paid,Pat Sukhumvit,false
CL004317,P006355,2024-10-12,2024-10-12,2024-10-25,storm,317129,paid,Earth Inthanon,false
CL004318,P006276,2024-05-04,2024-05-18,2024-07-02,collision,212392,denied,Eak Rattanapan,false
CL004319,P004326,2024-07-22,2024-08-01,2024-08-21,third_party_liability,349683,paid,Nok Phutthichai,false
CL004320,P009373,2024-04-29,2024-05-09,2024-06-02,theft,235538,paid,Mild Suwanphon,false
CL004321,P000123,2025-03-24,2025-03-31,2025-05-09,theft,208007,denied,Beam Suwanphon,true
CL004322,P009438,2024-06-18,2024-07-02,,third_party_liability,162870,open,Chai Sukhumvit,false
CL004323,P000057,2022-12-22,2023-01-01,2023-01-25,third_party_liability,130983,denied,Daeng Thongdee,false
CL004324,P002827,2024-07-22,2024-08-04,2024-10-18,storm,1293772,paid,Praew Wongchai,false
CL004325,P009067,2023-04-30,2023-05-07,2023-07-12,flood,315963,paid,Anong Watcharaphon,false
CL004326,P006226,2025-05-12,2025-05-15,,flood,174561,open,Pat Watcharaphon,false
CL004327,P009055,2024-11-27,2024-11-27,,flood,304196,pending,Bua Sukhumvit,false
CL004328,P006770,2023-05-12,2023-05-18,2023-07-28,flood,73571,paid,Praew Suwanphon,false
CL004329,P005788,2023-03-17,2023-03-20,2023-05-29,flood,1571965,paid,Mild Sukhumvit,false
CL004330,P007551,2025-04-10,2025-04-19,2025-07-15,burglary,4854482,paid,Earth Phromsiri,false
CL004331,P009487,2026-03-17,2026-03-21,2026-04-02,storm,3004643,paid,Eak Sukhumvit,false
CL004332,P004143,2025-02-25,2025-03-01,2025-03-27,theft,80130,paid,Suda Phongphan,false
CL004333,P005782,2024-02-22,2024-02-28,,collision,251792,open,Somchai Sukhumvit,false
CL004334,P009558,2026-03-17,2026-03-27,2026-05-25,storm,3312534,paid,Nok Wongchai,false
CL004335,P005647,2022-08-09,2022-08-18,2022-10-19,collision,55941,paid,Ploy Sukhumvit,false
CL004336,P008605,2024-03-24,2024-03-27,,theft,34869,pending,Kanya Kittikun,false
CL004337,P006756,2024-09-01,2024-09-01,2024-09-09,theft,610987,paid,Ploy Sukhumvit,false
CL004338,P005606,2026-05-05,2026-05-19,2026-08-14,theft,433386,paid,Daeng Kittikun,false
CL004339,P004404,2023-07-16,2023-07-22,,flood,1016429,pending,Bank Srisuk,false
CL004340,P006973,2026-01-28,2026-01-30,2026-03-14,third_party_liability,821172,paid,Fern Chaiyaporn,false
CL004341,P003968,2024-03-26,2024-04-04,,theft,236103,open,Bua Sukhumvit,false
CL004342,P005296,2026-02-10,2026-02-11,2026-03-27,third_party_liability,18434,paid,Apinya Rattanapan,false
CL004343,P004415,2024-12-11,2024-12-18,2025-01-19,collision,181275,paid,Daeng Phongphan,false
CL004344,P003639,2025-01-09,2025-01-14,2025-03-13,flood,717936,denied,Fern Watcharaphon,false
CL004345,P008113,2025-08-30,2025-09-02,2025-09-14,flood,452989,paid,Fern Wongchai,false
CL004346,P003685,2024-03-23,2024-03-30,2024-04-26,flood,641681,denied,Kanya Chaisawat,false
CL004347,P000011,2023-05-02,2023-05-12,2023-06-17,flood,131470,paid,Tee Phutthichai,false
CL004348,P007191,2024-10-12,2024-10-17,2025-01-04,theft,137012,paid,Kanya Phromsiri,false
CL004349,P001860,2023-04-13,2023-04-19,2023-07-17,fire,100543,paid,Bua Boonmee,false
CL004350,P009784,2023-09-22,2023-09-28,2023-11-03,collision,47698,paid,Mild Thongdee,false
CL004351,P000783,2025-06-14,2025-06-14,2025-08-16,theft,475742,paid,Wichai Wongchai,false
CL004352,P001044,2024-07-08,2024-07-18,2024-08-07,fire,54714,denied,View Phromsiri,false
CL004353,P009614,2023-12-16,2023-12-24,,theft,106845,open,Fern Phongphan,false
CL004354,P006876,2026-02-13,2026-02-24,2026-04-11,flood,1431483,paid,Bank Srisuk,false
CL004355,P006033,2025-09-12,2025-09-14,2025-11-23,flood,294917,paid,Mai Suwanphon,false
CL004356,P006441,2023-07-26,2023-07-31,2023-09-01,flood,126058,paid,Somchai Kittikun,false
CL004357,P008902,2023-05-18,2023-05-29,,theft,560353,open,Nan Saetang,false
CL004358,P009812,2022-04-17,2022-05-01,2022-05-29,theft,682047,paid,Mai Saetang,false
CL004359,P007466,2024-08-09,2024-08-18,2024-10-05,flood,143599,denied,View Kittikun,false
CL004360,P001716,2025-08-05,2025-08-17,2025-09-27,third_party_liability,128428,paid,Mint Kittikun,false
CL004361,P001471,2026-01-04,2026-01-11,,flood,68443,pending,Ploy Wongchai,false
CL004362,P007575,2026-01-27,2026-01-31,,storm,989993,open,View Kanchanaburi,false
CL004363,P001671,2025-06-06,2025-06-13,2025-06-30,theft,282298,paid,Somchai Charoensuk,false
CL004364,P002266,2026-04-25,2026-04-29,2026-07-03,flood,4987368,paid,Malee Kanchanaburi,false
CL004365,P009782,2024-10-31,2024-11-05,,collision,298743,pending,Daeng Limthongkul,false
CL004366,P003671,2022-07-18,2022-07-19,,storm,6811845,pending,Somchai Srisuk,false
CL004367,P003033,2025-08-12,2025-08-17,,third_party_liability,180818,open,Bua Srisuk,false
CL004368,P001927,2023-11-18,2023-11-25,2024-02-12,fire,108573,paid,Praew Wongchai,false
CL004369,P005360,2026-02-01,2026-02-08,,fire,5969731,pending,Nok Phongphan,false
CL004370,P004588,2023-08-16,2023-08-25,2023-10-28,third_party_liability,117133,paid,Anong Kanchanaburi,false
CL004371,P000249,2024-09-10,2024-09-17,,third_party_liability,594960,open,Somchai Phutthichai,false
CL004372,P006507,2024-02-11,2024-02-19,2024-05-13,flood,28353,paid,Fern Sukhumvit,false
CL004373,P009489,2025-09-30,2025-10-10,2025-11-26,fire,300421,paid,Kanya Saetang,false
CL004374,P003026,2026-01-21,2026-02-04,2026-04-07,theft,209721,paid,Tee Boonmee,false
CL004375,P005229,2023-07-01,2023-07-04,2023-07-18,theft,94619,paid,Bua Watcharaphon,false
CL004376,P009725,2026-03-21,2026-03-22,2026-04-05,burglary,1085512,paid,Praew Boonmee,false
CL004377,P006601,2024-03-10,2024-03-15,2024-06-09,third_party_liability,70436,paid,Niran Charoensuk,false
CL004378,P008626,2024-07-03,2024-07-13,2024-07-22,collision,472150,paid,Nok Sukhumvit,false
CL004379,P005122,2024-11-29,2024-12-06,2025-02-27,fire,424852,denied,Apinya Saetang,false
CL004380,P005376,2024-10-30,2024-11-04,2024-12-24,flood,49978,paid,View Phromsiri,false
CL004381,P003889,2024-04-30,2024-05-09,2024-06-30,fire,708935,paid,View Boonmee,false
CL004382,P008037,2024-06-27,2024-06-27,2024-08-19,flood,1092767,paid,Mai Boonmee,false
CL004383,P002463,2025-06-04,2025-06-18,2025-07-23,flood,476066,paid,Kanya Kanchanaburi,false
CL004384,P005513,2025-09-14,2025-09-17,2025-10-27,theft,247544,paid,Mint Kanchanaburi,false
CL004385,P009138,2023-09-06,2023-09-18,2023-11-09,collision,606931,denied,Malee Phutthichai,false
CL004386,P001734,2025-09-27,2025-09-30,,fire,153374,pending,Somchai Srisuk,false
CL004387,P000757,2026-05-02,2026-05-08,2026-08-04,third_party_liability,310282,paid,Ploy Saetang,false
CL004388,P005498,2025-12-09,2025-12-19,,collision,67517,open,Bank Charoensuk,false
CL004389,P008819,2026-04-17,2026-04-29,,collision,293202,pending,Toon Sukhumvit,false
CL004390,P003925,2025-06-15,2025-06-27,2025-08-13,fire,422583,paid,Daeng Srisuk,false
CL004391,P008195,2025-03-09,2025-03-23,2025-05-12,fire,255870,paid,Tawan Sukhumvit,false
CL004392,P006239,2025-12-15,2025-12-20,2026-01-11,flood,23413,paid,Pat Inthanon,false
CL004393,P005384,2026-05-09,2026-05-17,,flood,810890,pending,Boss Phromsiri,false
CL004394,P003748,2024-11-13,2024-11-16,2024-11-24,third_party_liability,71514,paid,Suda Chaiyaporn,false
CL004395,P003625,2023-09-29,2023-10-10,,flood,116118,pending,Mint Sukhumvit,false
CL004396,P009349,2024-11-18,2024-11-30,,storm,2753335,pending,Chai Phromsiri,false
CL004397,P006091,2024-04-14,2024-04-23,2024-05-16,collision,164736,paid,Bua Kittikun,false
CL004398,P005196,2025-07-09,2025-07-09,2025-07-20,fire,3706994,paid,Pat Suwanphon,false
CL004399,P005799,2026-04-30,2026-05-04,,theft,296986,pending,Praew Chaisawat,false
CL004400,P006062,2025-03-04,2025-03-15,2025-04-26,fire,681255,paid,Bank Phongphan,false
CL004401,P006886,2024-06-23,2024-06-28,2024-09-16,collision,315000,paid,Malee Phongphan,false
CL004402,P008870,2023-09-17,2023-09-28,,storm,1135020,pending,Eak Wongchai,false
CL004403,P004506,2024-07-26,2024-08-09,,theft,195580,open,Fern Chaiyaporn,false
CL004404,P006349,2023-11-11,2023-11-18,,flood,1197218,open,Pim Chaisawat,false
CL004405,P003138,2023-04-08,2023-04-09,2023-06-30,flood,1930060,paid,Nok Srisuk,false
CL004406,P004441,2024-04-03,2024-04-12,2024-05-20,fire,511066,paid,Toon Inthanon,false
CL004407,P001466,2024-08-29,2024-08-30,2024-10-30,collision,629438,denied,Bua Srisuk,false
CL004408,P000649,2023-12-30,2024-01-11,2024-04-08,collision,121329,paid,Tee Watcharaphon,false
CL004409,P002950,2022-10-07,2022-10-14,,flood,673909,pending,Boss Saetang,false
CL004410,P009626,2023-01-05,2023-01-06,2023-01-30,collision,205837,paid,Pat Phongphan,false
CL004411,P005290,2025-12-16,2025-12-17,2025-12-29,collision,148317,paid,Praew Rattanapan,false
CL004412,P000941,2025-08-08,2025-08-20,2025-09-30,collision,236229,denied,Pim Phongphan,false
CL004413,P006753,2024-04-09,2024-04-13,2024-05-27,theft,159793,paid,Apinya Saetang,false
CL004414,P003050,2025-01-19,2025-01-21,2025-03-13,fire,245473,paid,Suda Suwanphon,false
CL004415,P001599,2024-02-15,2024-02-27,2024-04-01,fire,645970,paid,Niran Boonmee,false
CL004416,P003445,2024-09-13,2024-09-26,2024-12-01,theft,306051,paid,Wichai Kanchanaburi,false
CL004417,P003202,2025-12-21,2026-01-01,2026-01-09,collision,43710,paid,Nan Suwanphon,false
CL004418,P001814,2025-07-29,2025-08-06,2025-08-25,theft,380082,paid,Somchai Phutthichai,false
CL004419,P000060,2024-12-13,2024-12-24,,flood,100826,pending,Kanya Phongphan,true
CL004420,P009829,2024-02-11,2024-02-25,,fire,586028,pending,Apinya Wongchai,false
CL004421,P008752,2024-01-14,2024-01-19,2024-03-13,theft,224207,paid,Nok Phongphan,false
CL004422,P009519,2023-12-27,2023-12-29,2024-01-31,collision,495660,paid,Daeng Kittikun,true
CL004423,P008853,2026-01-30,2026-02-13,2026-04-21,water_damage,350154,paid,Apinya Rattanapan,false
CL004424,P008163,2026-01-24,2026-01-29,,third_party_liability,163549,open,Chai Sukhumvit,false
CL004425,P003641,2025-12-22,2025-12-25,2026-02-08,flood,309144,paid,Boss Kanchanaburi,false
CL004426,P004306,2025-06-30,2025-07-10,2025-09-26,fire,68662,paid,Nok Suwanphon,false
CL004427,P006746,2026-02-20,2026-03-03,2026-05-22,third_party_liability,509784,paid,Beam Watcharaphon,false
CL004428,P006753,2023-11-25,2023-12-08,,collision,761034,open,Tee Kanchanaburi,false
CL004429,P008539,2026-05-10,2026-05-22,,theft,756792,open,Nok Limthongkul,false
CL004430,P004057,2022-05-10,2022-05-19,2022-08-05,collision,69798,paid,Malee Sukhumvit,false
CL004431,P007306,2024-04-20,2024-05-04,,fire,38803,open,Nan Kittikun,false
CL004432,P003637,2023-06-16,2023-06-16,,collision,117168,pending,Praew Limthongkul,false
CL004433,P009933,2025-10-10,2025-10-17,,flood,97707,open,Pim Saetang,false
CL004434,P007628,2026-01-28,2026-01-28,2026-04-26,water_damage,1615554,paid,Pim Phromsiri,false
CL004435,P003618,2024-10-19,2024-10-22,2024-12-13,theft,482408,paid,Tawan Kittikun,false
CL004436,P007063,2025-09-12,2025-09-22,,theft,550828,pending,Tawan Watcharaphon,false
CL004437,P006850,2026-02-20,2026-03-05,2026-04-05,storm,4375526,denied,Somchai Chaiyaporn,false
CL004438,P006825,2024-05-19,2024-05-19,2024-06-27,flood,85350,paid,Mint Thongdee,true
CL004439,P001411,2025-02-24,2025-03-07,,collision,783469,pending,Daeng Kanchanaburi,false
CL004440,P008290,2025-12-02,2025-12-12,,collision,235614,pending,Ploy Chaiyaporn,false
CL004441,P000968,2024-07-31,2024-08-11,2024-10-10,storm,320996,paid,Nok Saetang,false
CL004442,P002374,2024-03-30,2024-04-04,2024-04-30,theft,277325,paid,Bua Rattanapan,false
CL004443,P006159,2026-05-13,2026-05-22,2026-06-28,theft,206438,paid,Earth Srisuk,false
CL004444,P003753,2024-09-01,2024-09-15,2024-11-21,water_damage,556522,paid,Anong Chaisawat,false
CL004445,P000273,2023-10-19,2023-10-25,2024-01-23,burglary,3987546,paid,Pat Rattanapan,false
CL004446,P000569,2023-01-29,2023-02-03,2023-05-03,third_party_liability,48090,denied,Apinya Saetang,false
CL004447,P005182,2025-10-29,2025-11-09,2025-12-08,third_party_liability,795042,paid,Nan Srisuk,true
CL004448,P004015,2024-03-05,2024-03-11,2024-04-03,burglary,4378245,paid,Suda Srisuk,false
CL004449,P004766,2024-07-01,2024-07-14,2024-08-18,storm,1000931,denied,Bank Sukhumvit,false
CL004450,P009779,2024-07-12,2024-07-23,2024-08-08,collision,101725,paid,Bank Phutthichai,false
CL004451,P006111,2022-08-12,2022-08-26,2022-11-11,burglary,3104114,paid,Mint Boonmee,false
CL004452,P005307,2024-02-06,2024-02-06,2024-02-25,water_damage,6023829,paid,Tawan Srisuk,false
CL004453,P002893,2024-02-20,2024-02-26,,collision,421501,open,Earth Limthongkul,false
CL004454,P001177,2025-10-08,2025-10-15,2025-12-07,third_party_liability,103957,paid,View Wongchai,false
CL004455,P004817,2023-07-21,2023-07-28,2023-08-28,fire,205122,paid,Mai Thongdee,false
CL004456,P005944,2024-03-06,2024-03-10,,collision,543194,open,Boss Wongchai,false
CL004457,P003359,2024-04-24,2024-04-26,2024-07-12,fire,44808,paid,Daeng Srisuk,false
CL004458,P009241,2022-08-01,2022-08-06,,burglary,537561,open,Mild Rattanapan,false
CL004459,P000318,2024-06-04,2024-06-12,2024-06-25,flood,120897,paid,Nan Inthanon,false
CL004460,P005788,2023-03-08,2023-03-11,2023-05-08,burglary,981578,paid,Toon Wongchai,false
CL004461,P000986,2025-04-22,2025-04-26,2025-05-12,fire,34133,paid,Boss Sukhumvit,false
CL004462,P006911,2023-05-03,2023-05-14,2023-07-02,flood,4278582,denied,Malee Srisuk,false
CL004463,P004525,2024-01-21,2024-02-04,,collision,213739,open,Apinya Phongphan,false
CL004464,P009599,2023-03-12,2023-03-13,2023-04-15,collision,94950,paid,Nok Srisuk,false
CL004465,P001068,2025-11-17,2025-11-20,2026-01-25,flood,2672522,paid,Bua Chaisawat,false
CL004466,P003189,2023-12-12,2023-12-23,2024-02-23,third_party_liability,295392,paid,Kanya Boonmee,true
CL004467,P009684,2025-12-26,2025-12-28,,collision,274029,pending,Boss Sukhumvit,false
CL004468,P004690,2025-10-11,2025-10-22,2025-12-04,flood,695874,paid,Mint Kittikun,false
CL004469,P001339,2023-09-28,2023-10-04,,theft,37504,pending,Wichai Watcharaphon,false
CL004470,P005968,2023-12-01,2023-12-03,2023-12-24,third_party_liability,348272,paid,Pat Thongdee,false
CL004471,P005998,2025-08-06,2025-08-08,2025-08-23,third_party_liability,115136,denied,Apinya Phutthichai,false
CL004472,P003294,2025-10-23,2025-10-28,2025-12-23,theft,690741,paid,Boss Chaiyaporn,false
CL004473,P007152,2024-06-11,2024-06-25,2024-07-03,theft,69572,paid,Chai Chaiyaporn,true
CL004474,P001538,2025-04-08,2025-04-09,2025-06-02,theft,115689,paid,Tee Phromsiri,false
CL004475,P006166,2024-06-14,2024-06-15,,third_party_liability,521595,pending,Suda Sangthong,false
CL004476,P003206,2023-06-13,2023-06-13,2023-07-07,theft,26688,paid,Malee Thongdee,false
CL004477,P009618,2022-10-17,2022-10-30,2023-01-10,collision,368641,paid,Pat Watcharaphon,false
CL004478,P009550,2026-05-08,2026-05-15,,theft,59313,open,Toon Kanchanaburi,false
CL004479,P008535,2023-01-29,2023-01-31,2023-04-20,theft,57427,denied,Suda Suwanphon,false
CL004480,P000433,2024-04-01,2024-04-09,2024-06-23,water_damage,4982665,paid,Beam Suwanphon,false
CL004481,P001791,2024-01-24,2024-02-01,2024-04-28,water_damage,1432783,paid,Ploy Chaiyaporn,false
CL004482,P003348,2025-02-16,2025-02-27,2025-05-03,collision,137290,paid,Ploy Chaiyaporn,false
CL004483,P001056,2025-03-04,2025-03-07,2025-05-11,fire,164860,paid,Pat Sangthong,false
CL004484,P008809,2025-08-08,2025-08-20,,burglary,1570099,open,Chai Limthongkul,false
CL004485,P008590,2023-08-04,2023-08-17,,fire,1487745,pending,Nan Suwanphon,false
CL004486,P001345,2026-03-09,2026-03-22,2026-06-02,flood,389850,paid,Nok Kittikun,false
CL004487,P008751,2025-03-10,2025-03-21,2025-04-12,flood,97700,denied,Suda Phongphan,false
CL004488,P005717,2024-05-09,2024-05-11,2024-06-24,fire,48763,paid,Fern Wongchai,false
CL004489,P004807,2023-09-08,2023-09-08,2023-11-26,fire,242759,paid,Nok Wongchai,false
CL004490,P003250,2022-10-14,2022-10-14,2023-01-10,collision,37249,paid,Tee Kittikun,false
CL004491,P006986,2024-12-10,2024-12-18,,water_damage,131349,pending,Tawan Thongdee,false
CL004492,P009246,2024-02-17,2024-02-25,2024-03-29,flood,715916,paid,Wichai Watcharaphon,false
CL004493,P006319,2023-08-25,2023-08-30,,theft,858527,open,Chai Kittikun,false
CL004494,P005925,2024-02-25,2024-03-06,2024-05-05,collision,114922,paid,Fern Watcharaphon,false
CL004495,P007296,2026-02-25,2026-03-02,,theft,769623,open,Pim Kittikun,false
CL004496,P006159,2026-05-09,2026-05-18,,collision,236894,pending,Beam Kittikun,false
CL004497,P008182,2022-11-06,2022-11-14,2023-02-08,collision,74008,denied,Nok Inthanon,false
CL004498,P008589,2024-01-22,2024-01-26,2024-02-09,water_damage,2799923,paid,Praew Suwanphon,false
CL004499,P002451,2023-08-02,2023-08-15,,third_party_liability,37822,pending,Bua Phromsiri,false
CL004500,P004881,2025-09-22,2025-09-29,2025-11-25,third_party_liability,254997,paid,Somchai Phromsiri,false
CL004501,P008604,2024-08-17,2024-08-22,,flood,8746,pending,Praew Phromsiri,false
CL004502,P002300,2024-03-30,2024-04-12,2024-06-29,theft,473296,paid,Earth Limthongkul,false
CL004503,P004609,2024-12-28,2025-01-06,2025-03-23,theft,330397,paid,Mai Kittikun,false
CL004504,P006704,2023-01-09,2023-01-15,,theft,198756,open,Chai Kittikun,false
CL004505,P001692,2023-04-27,2023-04-30,2023-05-19,fire,2288719,denied,Nok Suwanphon,false
CL004506,P000391,2024-08-31,2024-09-10,2024-12-03,third_party_liability,567081,paid,Wichai Limthongkul,false
CL004507,P008430,2025-02-23,2025-03-03,2025-04-04,fire,349227,denied,Suda Saetang,false
CL004508,P002500,2025-12-12,2025-12-20,2026-02-13,fire,244235,paid,Tawan Srisuk,false
CL004509,P001801,2025-05-29,2025-06-06,2025-09-03,collision,270866,paid,Malee Charoensuk,false
CL004510,P003710,2023-03-31,2023-04-05,2023-06-28,flood,484009,paid,Beam Thongdee,false
CL004511,P000497,2026-01-30,2026-01-31,2026-04-02,theft,72841,paid,Somchai Boonmee,false
CL004512,P008920,2026-01-21,2026-02-01,,theft,176518,pending,Nok Srisuk,false
CL004513,P009907,2025-04-23,2025-05-05,2025-07-23,fire,549149,paid,Niran Thongdee,false
CL004514,P004614,2023-06-21,2023-06-27,2023-07-26,water_damage,2478266,denied,Somchai Sangthong,false
CL004515,P003171,2024-06-13,2024-06-26,2024-07-23,fire,342359,paid,Tawan Wongchai,false
CL004516,P004734,2024-12-15,2024-12-22,2025-01-20,theft,41258,paid,Nok Limthongkul,false
CL004517,P002215,2024-03-30,2024-04-06,2024-06-01,third_party_liability,708564,paid,Toon Boonmee,false
CL004518,P005239,2024-11-10,2024-11-15,2025-01-16,flood,410160,paid,Boss Srisuk,false
CL004519,P000975,2023-07-25,2023-08-08,2023-10-25,theft,69295,paid,Mai Sangthong,false
CL004520,P003657,2025-05-07,2025-05-21,,collision,253532,open,Earth Wongchai,false
CL004521,P002963,2025-06-09,2025-06-11,2025-09-08,fire,1357727,paid,Mint Kittikun,false
CL004522,P007933,2026-02-25,2026-03-03,2026-04-01,fire,53810,paid,Praew Rattanapan,false
CL004523,P001782,2025-01-07,2025-01-15,,fire,156584,pending,Boss Saetang,false
CL004524,P003243,2025-07-11,2025-07-12,2025-09-10,third_party_liability,212631,paid,View Sukhumvit,false
CL004525,P002752,2026-01-19,2026-01-27,2026-04-22,third_party_liability,296829,paid,Malee Chaiyaporn,false
CL004526,P000024,2024-06-30,2024-07-08,,flood,314000,pending,Somchai Charoensuk,false
CL004527,P004169,2026-04-09,2026-04-16,2026-07-07,flood,190060,paid,Tawan Chaisawat,false
CL004528,P001173,2023-09-09,2023-09-13,,water_damage,1694539,open,Nok Thongdee,false
CL004529,P002931,2024-12-11,2024-12-21,2025-03-01,fire,429498,denied,Bua Kanchanaburi,false
CL004530,P001762,2025-07-07,2025-07-19,,water_damage,180682,pending,Mint Phongphan,false
CL004531,P002364,2025-11-06,2025-11-06,2025-12-28,theft,110966,paid,Praew Inthanon,false
CL004532,P005587,2024-06-03,2024-06-08,2024-08-07,third_party_liability,673941,paid,Mint Phutthichai,false
CL004533,P001596,2025-06-05,2025-06-15,2025-09-13,storm,4933979,paid,Daeng Chaiyaporn,false
CL004534,P000591,2023-09-07,2023-09-14,2023-11-13,collision,220638,paid,Daeng Suwanphon,false
CL004535,P008415,2024-05-06,2024-05-13,,third_party_liability,311856,open,Malee Sukhumvit,false
CL004536,P002237,2024-05-27,2024-06-06,,water_damage,834037,pending,Tee Phutthichai,false
CL004537,P008954,2026-02-21,2026-03-06,,collision,144359,pending,Nok Rattanapan,false
CL004538,P008812,2022-12-16,2022-12-19,2023-01-10,water_damage,601168,paid,Daeng Charoensuk,false
CL004539,P001422,2024-06-05,2024-06-17,2024-08-24,water_damage,1058601,paid,Toon Rattanapan,false
CL004540,P005197,2025-12-11,2025-12-23,2026-01-19,third_party_liability,375273,paid,Earth Kittikun,false
CL004541,P001113,2026-03-16,2026-03-25,,third_party_liability,40267,open,Tee Chaiyaporn,false
CL004542,P003108,2023-09-25,2023-09-30,2023-11-14,collision,407596,paid,Malee Rattanapan,false
CL004543,P002023,2026-02-20,2026-02-25,2026-04-08,third_party_liability,112577,paid,Nok Phongphan,false
CL004544,P004748,2024-12-02,2024-12-12,2025-01-07,third_party_liability,941068,paid,Chai Saetang,false
CL004545,P007489,2025-07-01,2025-07-07,2025-08-28,fire,803824,paid,Malee Limthongkul,false
CL004546,P000006,2024-01-04,2024-01-15,2024-04-05,third_party_liability,19780,paid,Pim Srisuk,false
CL004547,P000662,2023-07-05,2023-07-13,2023-07-22,fire,609335,denied,Toon Boonmee,false
CL004548,P001594,2026-04-26,2026-05-04,2026-06-23,theft,401115,paid,Toon Chaiyaporn,false
CL004549,P006686,2025-11-23,2025-12-04,2026-01-03,third_party_liability,112489,paid,Eak Srisuk,false
CL004550,P004759,2023-08-20,2023-08-25,2023-09-04,collision,39428,paid,Boss Phongphan,false
CL004551,P002172,2023-07-29,2023-08-11,2023-10-08,collision,237642,denied,Praew Sukhumvit,true
CL004552,P008925,2024-09-20,2024-10-03,,storm,1345107,pending,Niran Srisuk,false
CL004553,P003183,2024-01-26,2024-01-28,,third_party_liability,80610,open,View Kittikun,false
CL004554,P009031,2024-12-14,2024-12-20,2024-12-27,flood,238204,paid,Niran Sukhumvit,false
CL004555,P005155,2023-11-10,2023-11-17,,fire,4743336,pending,Kanya Chaisawat,false
CL004556,P000599,2023-08-30,2023-09-12,2023-11-05,flood,235769,paid,Mint Sukhumvit,false
CL004557,P005900,2022-05-19,2022-06-02,,third_party_liability,114039,open,Malee Chaisawat,false
CL004558,P005186,2025-10-10,2025-10-11,2025-11-06,flood,231437,paid,Toon Chaiyaporn,false
CL004559,P003440,2023-11-21,2023-12-05,2024-01-20,flood,320172,paid,Wichai Sangthong,false
CL004560,P008097,2025-08-13,2025-08-22,2025-10-16,burglary,3869046,paid,Niran Wongchai,true
CL004561,P000080,2022-11-12,2022-11-25,2023-01-27,fire,459906,denied,View Thongdee,false
CL004562,P002478,2024-03-18,2024-03-23,2024-05-06,fire,267368,paid,Pim Wongchai,false
CL004563,P006616,2026-02-17,2026-02-23,2026-05-15,theft,520673,paid,Praew Chaisawat,false
CL004564,P007362,2026-04-06,2026-04-20,,fire,353855,pending,Beam Thongdee,false
CL004565,P008905,2025-08-27,2025-08-27,2025-10-05,storm,2084843,paid,Chai Charoensuk,false
CL004566,P009353,2024-05-20,2024-05-31,2024-06-25,flood,125172,denied,Somchai Saetang,true
CL004567,P005564,2024-08-21,2024-08-22,,flood,5733682,open,Daeng Phongphan,false
CL004568,P005487,2024-03-14,2024-03-23,2024-06-19,theft,533350,paid,Malee Sangthong,false
CL004569,P000308,2024-06-10,2024-06-20,,third_party_liability,87619,pending,Mint Wongchai,false
CL004570,P003249,2023-04-24,2023-05-03,2023-06-20,fire,150613,paid,Bank Kanchanaburi,false
CL004571,P000192,2023-03-18,2023-03-19,2023-05-31,flood,714647,paid,Suda Saetang,false
CL004572,P003994,2024-03-24,2024-03-30,2024-06-21,flood,747906,paid,Tawan Chaiyaporn,false
CL004573,P006923,2024-10-17,2024-10-28,,theft,188395,open,Pat Phongphan,false
CL004574,P006065,2024-12-26,2025-01-08,2025-03-10,water_damage,4239299,paid,Pim Suwanphon,false
CL004575,P008808,2024-05-30,2024-06-09,,theft,193626,open,Somchai Wongchai,false
CL004576,P009348,2024-08-05,2024-08-18,,fire,274376,pending,Pat Saetang,false
CL004577,P001043,2025-07-07,2025-07-15,2025-09-03,theft,677535,paid,Eak Saetang,false
CL004578,P003974,2022-07-06,2022-07-15,,third_party_liability,419576,pending,Bua Kanchanaburi,false
CL004579,P007750,2024-04-15,2024-04-20,2024-06-01,fire,2440370,paid,Daeng Sangthong,false
CL004580,P002430,2025-09-17,2025-09-27,2025-11-10,theft,47803,paid,Ploy Phromsiri,false
CL004581,P003003,2025-01-05,2025-01-16,2025-02-21,theft,581270,paid,Ploy Rattanapan,false
CL004582,P003613,2026-03-18,2026-03-31,2026-06-10,third_party_liability,580857,paid,Tee Sangthong,false
CL004583,P002973,2023-05-23,2023-05-26,2023-06-12,flood,1434253,denied,Niran Phutthichai,false
CL004584,P003048,2025-04-07,2025-04-15,,fire,84289,pending,Nan Boonmee,false
CL004585,P006247,2026-02-26,2026-03-11,,theft,30892,open,Praew Limthongkul,false
CL004586,P003267,2026-04-11,2026-04-25,2026-06-27,water_damage,3848123,denied,Ploy Saetang,false
CL004587,P004400,2023-08-01,2023-08-06,,collision,643866,open,Niran Suwanphon,false
CL004588,P009344,2022-04-01,2022-04-11,2022-07-04,water_damage,575978,paid,Fern Saetang,false
CL004589,P007504,2024-01-06,2024-01-06,2024-03-01,burglary,1748494,paid,Kanya Phromsiri,false
CL004590,P009476,2024-04-02,2024-04-02,,third_party_liability,69793,pending,Malee Charoensuk,false
CL004591,P005437,2025-11-06,2025-11-18,2026-02-10,collision,182380,paid,Beam Phromsiri,false
CL004592,P008829,2026-03-21,2026-03-23,,flood,39909,open,Bank Kittikun,false
CL004593,P006816,2024-02-13,2024-02-14,,flood,798407,pending,Eak Limthongkul,false
CL004594,P000984,2026-04-17,2026-04-27,2026-07-16,flood,34780,denied,Daeng Saetang,false
CL004595,P005060,2023-03-30,2023-04-05,2023-04-18,third_party_liability,784432,denied,Anong Sukhumvit,false
CL004596,P007319,2023-08-18,2023-09-01,2023-09-11,flood,5096219,paid,Suda Charoensuk,false
CL004597,P007883,2025-10-24,2025-11-03,,storm,797128,open,Eak Phongphan,false
CL004598,P000956,2024-08-12,2024-08-18,,fire,675072,open,Nok Saetang,false
CL004599,P001870,2024-08-25,2024-08-28,2024-10-15,third_party_liability,390275,denied,Bua Inthanon,false
CL004600,P006165,2026-03-14,2026-03-18,2026-04-09,fire,200449,paid,Beam Phutthichai,false
CL004601,P009010,2024-06-04,2024-06-16,2024-06-23,theft,44812,paid,Earth Saetang,false
CL004602,P002072,2022-10-23,2022-10-23,2023-01-18,fire,1373022,paid,Pim Thongdee,false
CL004603,P001686,2025-03-21,2025-03-30,2025-05-23,burglary,108546,denied,Nan Thongdee,false
CL004604,P007698,2026-01-02,2026-01-13,2026-03-31,fire,95226,paid,Wichai Chaisawat,false
CL004605,P000003,2022-11-14,2022-11-21,2022-12-18,theft,198787,paid,Mild Boonmee,false
CL004606,P004305,2025-01-18,2025-01-25,2025-03-21,fire,435378,paid,Bank Watcharaphon,false
CL004607,P002733,2023-02-21,2023-03-01,2023-03-28,water_damage,190212,paid,Tee Phongphan,false
CL004608,P000083,2022-07-26,2022-08-01,2022-09-05,fire,565400,paid,Beam Boonmee,false
CL004609,P003589,2022-12-24,2022-12-30,,fire,171685,open,Beam Boonmee,false
CL004610,P005618,2023-11-19,2023-11-29,2024-01-30,water_damage,2019225,paid,Fern Kanchanaburi,false
CL004611,P005994,2024-07-28,2024-08-10,2024-10-26,collision,65111,paid,Pat Inthanon,false
CL004612,P008269,2023-11-24,2023-11-27,2023-12-10,flood,348333,paid,Chai Inthanon,false
CL004613,P003473,2025-09-06,2025-09-08,2025-11-26,theft,295568,paid,Nok Boonmee,false
CL004614,P001626,2023-08-20,2023-08-29,2023-10-10,fire,830779,paid,Tee Rattanapan,false
CL004615,P008407,2025-12-23,2025-12-23,,fire,409401,open,Fern Chaisawat,false
CL004616,P006234,2024-08-11,2024-08-20,,third_party_liability,44147,open,Bua Suwanphon,false
CL004617,P007933,2026-04-24,2026-05-02,2026-06-21,flood,196639,paid,Tee Phutthichai,false
CL004618,P008219,2023-04-04,2023-04-18,2023-05-02,third_party_liability,638499,paid,Suda Wongchai,false
CL004619,P004555,2023-10-17,2023-10-26,2023-12-18,third_party_liability,237652,paid,Fern Watcharaphon,false
CL004620,P005118,2022-09-06,2022-09-14,,third_party_liability,152836,open,Chai Srisuk,false
CL004621,P001568,2025-09-28,2025-10-01,2025-12-26,theft,140829,paid,Apinya Limthongkul,false
CL004622,P004419,2024-12-19,2024-12-26,2025-01-04,flood,119263,paid,Somchai Rattanapan,false
CL004623,P005363,2025-10-17,2025-10-20,2025-11-24,burglary,5313038,paid,Earth Saetang,false
CL004624,P003579,2024-04-23,2024-05-07,2024-06-22,burglary,5809670,paid,Praew Sukhumvit,false
CL004625,P005381,2023-01-02,2023-01-10,2023-03-09,theft,364477,paid,Mild Watcharaphon,false
CL004626,P001825,2024-08-15,2024-08-22,2024-11-19,theft,34629,paid,View Phongphan,false
CL004627,P008079,2024-09-07,2024-09-14,2024-10-22,flood,384954,denied,Tee Boonmee,false
CL004628,P006978,2024-01-11,2024-01-18,2024-02-03,flood,476659,paid,View Kittikun,false
CL004629,P001919,2025-12-30,2026-01-11,2026-02-06,fire,166256,paid,Bua Phongphan,false
CL004630,P001825,2024-11-25,2024-12-08,2025-01-15,fire,49892,paid,Daeng Chaiyaporn,false
CL004631,P005096,2026-04-29,2026-05-11,2026-06-10,flood,143034,paid,Somchai Sukhumvit,false
CL004632,P000569,2023-07-11,2023-07-25,2023-08-21,theft,278020,paid,Tawan Saetang,false
CL004633,P005301,2024-08-08,2024-08-09,,fire,34501,pending,Mild Phongphan,false
CL004634,P005529,2025-03-24,2025-04-07,,burglary,6517453,open,Toon Suwanphon,false
CL004635,P009277,2025-02-14,2025-02-27,2025-05-07,flood,531276,paid,Mild Kittikun,false
CL004636,P002815,2022-12-07,2022-12-12,2023-01-12,flood,370674,paid,Pim Sangthong,false
CL004637,P006907,2024-02-02,2024-02-02,2024-02-10,fire,107517,paid,Chai Suwanphon,false
CL004638,P000371,2026-03-24,2026-03-25,2026-05-05,fire,4930366,paid,Malee Phutthichai,false
CL004639,P002440,2023-11-20,2023-12-03,2024-02-25,flood,386665,paid,Pat Wongchai,false
CL004640,P007722,2024-12-27,2024-12-29,,flood,3690282,open,Malee Boonmee,false
CL004641,P006193,2024-04-28,2024-05-04,2024-05-16,water_damage,1353844,paid,Beam Inthanon,false
CL004642,P000716,2024-01-23,2024-01-29,2024-03-26,theft,684388,paid,Bank Phromsiri,false
CL004643,P007823,2024-07-28,2024-08-01,,water_damage,484825,open,Apinya Watcharaphon,false
CL004644,P009317,2026-04-13,2026-04-26,2026-07-18,third_party_liability,726739,paid,Nan Rattanapan,true
CL004645,P006744,2023-03-02,2023-03-11,2023-05-11,water_damage,381228,paid,Mai Suwanphon,false
CL004646,P006743,2024-07-20,2024-07-30,,theft,421331,open,Wichai Thongdee,false
CL004647,P006646,2024-10-12,2024-10-19,2024-10-28,flood,798729,paid,Beam Watcharaphon,false
CL004648,P003038,2024-07-24,2024-08-02,,fire,255613,open,Tee Kanchanaburi,false
CL004649,P000809,2025-09-05,2025-09-18,,burglary,3518085,open,Earth Phongphan,false
CL004650,P001531,2023-10-13,2023-10-16,2024-01-06,theft,549658,paid,Eak Thongdee,false
CL004651,P003299,2025-08-24,2025-08-24,2025-11-06,flood,4932329,paid,Eak Phutthichai,false
CL004652,P006845,2023-03-18,2023-03-20,2023-05-14,theft,465155,paid,Bua Saetang,false
CL004653,P003655,2023-12-24,2024-01-01,2024-03-30,theft,511891,paid,Boss Srisuk,false
CL004654,P008220,2025-11-06,2025-11-08,2026-01-29,collision,245788,paid,Chai Phongphan,false
CL004655,P005202,2023-01-02,2023-01-14,,water_damage,4652411,open,Pat Phromsiri,false
CL004656,P009575,2024-01-05,2024-01-13,,burglary,352571,open,Bua Phromsiri,false
CL004657,P001847,2026-05-07,2026-05-17,2026-07-12,theft,400072,denied,Fern Phongphan,false
CL004658,P006725,2024-08-28,2024-08-29,2024-10-15,water_damage,1405401,paid,Mai Phromsiri,false
CL004659,P009663,2023-04-24,2023-05-02,,flood,97624,open,Apinya Boonmee,false
CL004660,P005677,2026-04-29,2026-05-06,2026-07-13,flood,312835,paid,Earth Srisuk,false
CL004661,P004037,2023-08-27,2023-09-01,2023-11-25,collision,281135,paid,Boss Thongdee,false
CL004662,P005942,2025-08-28,2025-09-08,,storm,818734,pending,Praew Srisuk,false
CL004663,P009136,2024-03-01,2024-03-02,2024-04-03,fire,2322604,paid,Earth Chaiyaporn,false
CL004664,P001031,2024-05-20,2024-06-02,2024-07-12,theft,163266,paid,Tawan Inthanon,false
CL004665,P003350,2025-06-17,2025-06-22,2025-09-18,flood,275905,denied,Earth Phongphan,false
CL004666,P008756,2023-12-04,2023-12-12,2024-02-19,collision,201487,paid,Tee Phutthichai,false
CL004667,P000738,2026-01-05,2026-01-14,2026-04-02,storm,733476,denied,Eak Thongdee,false
CL004668,P007434,2025-04-18,2025-04-29,,fire,100791,open,Mai Chaisawat,false
CL004669,P008784,2024-10-03,2024-10-11,2024-11-26,fire,66579,paid,Toon Phongphan,true
CL004670,P000952,2024-04-09,2024-04-10,,burglary,5804921,open,Tawan Chaiyaporn,false
CL004671,P005522,2026-04-02,2026-04-10,2026-06-03,collision,97226,paid,Fern Charoensuk,false
CL004672,P003003,2024-06-26,2024-06-26,,collision,508525,pending,Mint Phromsiri,false
CL004673,P002799,2026-04-12,2026-04-20,,collision,83380,open,Fern Phutthichai,false
CL004674,P008212,2026-02-10,2026-02-23,2026-03-19,collision,657782,denied,Ploy Chaisawat,false
CL004675,P009917,2023-11-24,2023-11-26,2024-01-01,storm,5808364,paid,Pim Phongphan,false
CL004676,P009670,2024-02-28,2024-03-10,,burglary,1997326,pending,Boss Limthongkul,false
CL004677,P009900,2024-04-30,2024-05-13,2024-07-23,flood,25190,paid,Apinya Watcharaphon,false
CL004678,P006189,2024-08-31,2024-09-08,2024-10-10,water_damage,2379403,paid,Eak Thongdee,false
CL004679,P003721,2026-04-07,2026-04-19,2026-04-30,fire,350785,paid,Anong Wongchai,false
CL004680,P009586,2024-02-20,2024-02-20,2024-03-28,burglary,166995,paid,Mai Limthongkul,false
CL004681,P001939,2024-12-02,2024-12-16,,burglary,6249748,open,Apinya Saetang,false
CL004682,P009601,2026-04-10,2026-04-11,2026-05-14,flood,167459,denied,View Phromsiri,false
CL004683,P009032,2026-04-30,2026-05-01,2026-05-25,water_damage,2227895,paid,Beam Srisuk,false
CL004684,P005813,2024-09-03,2024-09-06,2024-09-24,storm,808167,paid,Suda Boonmee,false
CL004685,P004935,2023-05-09,2023-05-15,2023-07-25,theft,596549,paid,Bua Phutthichai,false
CL004686,P001339,2024-05-12,2024-05-23,2024-08-21,fire,230595,paid,Mai Sangthong,false
CL004687,P002195,2024-07-20,2024-07-26,2024-10-03,fire,254725,denied,Mint Srisuk,false
CL004688,P008980,2024-12-30,2025-01-08,2025-03-04,storm,1154336,paid,Ploy Charoensuk,false
CL004689,P008451,2025-04-14,2025-04-14,,theft,111976,pending,View Charoensuk,false
CL004690,P009785,2025-04-03,2025-04-09,,water_damage,1413827,open,Mild Sangthong,false
CL004691,P005978,2026-05-03,2026-05-05,2026-06-27,theft,245746,paid,Suda Phutthichai,false
CL004692,P003540,2024-06-04,2024-06-09,,theft,193485,open,Ploy Srisuk,false
CL004693,P005621,2023-11-20,2023-11-30,2023-12-10,fire,466153,paid,Anong Phongphan,false
CL004694,P005657,2024-09-15,2024-09-27,2024-12-19,theft,383971,paid,Mint Inthanon,false
CL004695,P005252,2024-03-03,2024-03-16,2024-05-03,storm,5347193,paid,Anong Inthanon,false
CL004696,P009214,2025-05-05,2025-05-05,2025-06-03,burglary,194613,paid,Eak Wongchai,false
CL004697,P000059,2024-10-02,2024-10-08,2025-01-02,burglary,519914,paid,Pim Chaisawat,false
CL004698,P004690,2025-09-11,2025-09-16,2025-10-16,third_party_liability,285331,paid,Pat Wongchai,false
CL004699,P000506,2026-03-28,2026-03-30,2026-06-27,theft,390728,paid,Kanya Inthanon,false
CL004700,P005970,2022-08-28,2022-08-31,2022-10-11,collision,233361,paid,Beam Wongchai,false
CL004701,P001137,2023-03-30,2023-04-08,2023-06-23,fire,606834,paid,Nan Phongphan,false
CL004702,P003332,2025-04-10,2025-04-13,2025-06-10,storm,1537187,paid,Daeng Chaisawat,false
CL004703,P000587,2022-12-16,2022-12-22,,storm,5070340,pending,Praew Rattanapan,false
CL004704,P001235,2026-04-20,2026-04-21,2026-05-02,flood,1500818,paid,Nan Chaisawat,false
CL004705,P006579,2024-12-12,2024-12-17,2025-01-30,burglary,5560124,paid,Mai Kanchanaburi,false
CL004706,P003330,2025-11-17,2025-11-20,2025-12-18,flood,174710,paid,Daeng Limthongkul,false
CL004707,P009741,2024-08-11,2024-08-13,2024-10-21,fire,1302824,paid,Boss Kanchanaburi,false
CL004708,P003170,2024-11-23,2024-12-05,,flood,66134,open,View Chaisawat,false
CL004709,P004740,2023-11-29,2023-12-01,2024-01-04,flood,2479365,paid,View Phongphan,false
CL004710,P002554,2026-03-06,2026-03-12,2026-03-25,collision,668451,paid,Earth Kanchanaburi,false
CL004711,P002866,2025-05-23,2025-06-04,2025-08-09,fire,1068992,paid,Ploy Chaiyaporn,false
CL004712,P002824,2024-09-22,2024-09-28,2024-12-14,third_party_liability,405381,paid,Wichai Kittikun,false
CL004713,P004501,2026-05-11,2026-05-19,2026-07-15,flood,92572,paid,Apinya Phromsiri,false
CL004714,P004767,2025-04-15,2025-04-21,2025-07-15,storm,1863897,paid,Tawan Boonmee,false
CL004715,P002011,2023-06-06,2023-06-09,2023-08-04,storm,1873730,paid,Ploy Thongdee,false
CL004716,P004448,2024-01-01,2024-01-03,2024-02-03,storm,2694430,paid,Pat Saetang,false
CL004717,P009982,2023-03-21,2023-04-03,,theft,345346,open,Mint Inthanon,false
CL004718,P007466,2024-07-28,2024-08-03,2024-10-13,storm,1609199,paid,Mint Saetang,false
CL004719,P009570,2024-03-18,2024-04-01,2024-05-16,flood,77005,paid,Boss Watcharaphon,false
CL004720,P000548,2022-12-27,2023-01-07,,third_party_liability,201268,open,Mild Srisuk,false
CL004721,P009738,2024-01-18,2024-01-24,2024-04-22,flood,70693,paid,Somchai Saetang,false
CL004722,P002064,2023-10-22,2023-11-03,2024-01-14,fire,1418801,paid,Mint Kittikun,false
CL004723,P009002,2024-07-29,2024-07-31,2024-09-03,flood,167273,paid,Nan Phutthichai,false
CL004724,P000686,2025-04-04,2025-04-10,2025-07-08,storm,1463697,paid,Nok Phromsiri,false
CL004725,P009954,2024-05-28,2024-06-11,2024-08-30,theft,212476,paid,Wichai Phongphan,false
CL004726,P006953,2025-11-17,2025-11-25,2026-01-13,flood,76644,paid,Bua Phromsiri,false
CL004727,P009650,2024-06-11,2024-06-21,2024-09-07,collision,457963,paid,Pat Watcharaphon,false
CL004728,P003088,2026-05-10,2026-05-18,2026-07-11,burglary,684512,paid,Daeng Charoensuk,false
CL004729,P002621,2024-02-07,2024-02-18,,flood,372967,open,Apinya Kanchanaburi,false
CL004730,P008188,2025-09-15,2025-09-20,,flood,447154,open,Pat Rattanapan,false
CL004731,P008894,2024-08-01,2024-08-15,2024-11-04,fire,335693,paid,Pat Phongphan,false
CL004732,P001644,2026-04-21,2026-04-27,2026-07-04,fire,125758,paid,Daeng Kanchanaburi,false
CL004733,P001260,2025-04-18,2025-04-22,2025-05-04,collision,477651,denied,Tee Srisuk,false
CL004734,P003490,2024-06-27,2024-06-27,,collision,186837,open,Somchai Thongdee,false
CL004735,P009506,2024-11-15,2024-11-17,2025-01-09,third_party_liability,44584,paid,Earth Chaiyaporn,false
CL004736,P002912,2022-02-16,2022-02-19,,third_party_liability,119599,open,Nan Srisuk,false
CL004737,P001740,2024-05-17,2024-05-22,2024-07-13,third_party_liability,843452,paid,Eak Sukhumvit,false
CL004738,P007578,2026-03-21,2026-04-04,2026-04-14,fire,787015,paid,Bank Phutthichai,false
CL004739,P004707,2025-03-22,2025-03-26,2025-06-15,third_party_liability,407591,paid,Toon Suwanphon,false
CL004740,P009744,2025-11-23,2025-11-23,2026-01-18,fire,132523,paid,Wichai Kanchanaburi,false
CL004741,P005675,2024-06-10,2024-06-11,2024-09-01,fire,293750,paid,Bua Boonmee,true
CL004742,P007383,2022-11-01,2022-11-08,2023-01-09,burglary,2435338,paid,Bua Watcharaphon,false
CL004743,P008822,2023-02-24,2023-02-28,,flood,968618,open,View Phutthichai,true
CL004744,P001633,2025-09-02,2025-09-07,2025-10-01,flood,184014,paid,Earth Chaisawat,false
CL004745,P002153,2026-04-09,2026-04-22,2026-06-06,water_damage,4723162,paid,Bua Limthongkul,false
CL004746,P008006,2023-10-05,2023-10-05,,theft,77752,pending,Pim Thongdee,false
CL004747,P001533,2024-10-17,2024-10-22,,fire,195553,open,Fern Sangthong,false
CL004748,P006338,2023-11-19,2023-11-24,2024-01-05,fire,61738,paid,Praew Charoensuk,false
CL004749,P009917,2023-06-05,2023-06-17,,flood,6507335,pending,Niran Sangthong,false
CL004750,P000831,2024-09-21,2024-09-28,2024-11-23,fire,581304,paid,Anong Boonmee,false
CL004751,P007066,2025-11-18,2025-11-28,2026-02-23,burglary,5457805,paid,Pat Phutthichai,false
CL004752,P003658,2023-07-10,2023-07-14,2023-08-26,collision,61422,paid,Mai Saetang,false
CL004753,P003193,2025-11-25,2025-12-03,,fire,611340,pending,Nok Charoensuk,false
CL004754,P000335,2023-09-15,2023-09-21,2023-12-14,fire,425370,paid,Mint Chaiyaporn,false
CL004755,P002434,2023-08-18,2023-08-23,,water_damage,5351757,open,Nan Chaiyaporn,false
CL004756,P005636,2022-12-30,2023-01-05,2023-02-21,fire,670830,denied,Chai Rattanapan,false
CL004757,P005100,2024-04-28,2024-05-11,,water_damage,2281310,open,Boss Phongphan,false
CL004758,P001192,2024-10-06,2024-10-14,2024-11-04,fire,832149,denied,Malee Inthanon,false
CL004759,P007489,2025-10-20,2025-10-26,,collision,302930,pending,Malee Chaiyaporn,false
CL004760,P002683,2025-12-16,2025-12-19,,theft,57819,pending,Pim Inthanon,false
CL004761,P000990,2026-02-20,2026-03-04,,flood,161940,pending,Earth Kanchanaburi,false
CL004762,P008152,2023-12-30,2024-01-13,2024-03-14,theft,762603,paid,Suda Rattanapan,false
CL004763,P005351,2024-01-26,2024-01-26,2024-04-16,water_damage,1747759,denied,Anong Rattanapan,false
CL004764,P004158,2022-07-12,2022-07-23,,fire,2903073,open,Earth Thongdee,false
CL004765,P009802,2023-06-30,2023-07-11,,fire,113623,open,Nok Saetang,false
CL004766,P001640,2026-03-11,2026-03-14,,theft,316913,open,Beam Saetang,false
CL004767,P006763,2026-03-17,2026-03-27,2026-04-24,water_damage,2666567,paid,Tawan Boonmee,false
CL004768,P008185,2025-05-18,2025-05-24,2025-06-07,flood,148427,paid,Niran Phromsiri,false
CL004769,P000982,2023-12-28,2024-01-09,2024-01-27,third_party_liability,161861,paid,Malee Saetang,false
CL004770,P003204,2025-06-06,2025-06-13,2025-07-06,collision,487558,paid,Malee Limthongkul,false
CL004771,P007277,2026-02-04,2026-02-07,2026-04-02,theft,128105,paid,Somchai Rattanapan,false
CL004772,P002749,2026-02-18,2026-02-24,2026-05-14,flood,1974761,paid,Ploy Boonmee,false
CL004773,P008710,2025-03-31,2025-04-04,,storm,4725602,pending,Somchai Sangthong,false
CL004774,P001437,2025-08-13,2025-08-26,,flood,41786,pending,Nok Phromsiri,false
CL004775,P005018,2023-06-26,2023-07-03,2023-09-22,third_party_liability,285099,denied,Ploy Phongphan,false
CL004776,P004037,2024-07-07,2024-07-08,2024-08-27,collision,46802,paid,Nok Sukhumvit,false
CL004777,P006344,2022-02-11,2022-02-16,2022-04-02,burglary,658303,paid,Bua Saetang,false
CL004778,P008286,2023-09-11,2023-09-24,2023-11-09,fire,950347,paid,Toon Phongphan,false
CL004779,P006833,2024-12-03,2024-12-16,,fire,1422390,pending,Wichai Charoensuk,false
CL004780,P001895,2026-04-08,2026-04-14,,fire,1925080,pending,Pim Saetang,false
CL004781,P009387,2026-03-02,2026-03-02,2026-03-24,collision,531038,paid,Praew Inthanon,false
CL004782,P003577,2024-12-19,2024-12-25,2025-01-01,storm,3050657,paid,Boss Saetang,false
CL004783,P003768,2023-04-14,2023-04-14,,theft,317011,pending,Daeng Wongchai,false
CL004784,P006564,2024-07-05,2024-07-15,2024-09-30,fire,75515,paid,Suda Kanchanaburi,false
CL004785,P003602,2024-08-05,2024-08-10,,flood,260551,open,Mint Sangthong,false
CL004786,P004029,2023-10-29,2023-11-02,2024-01-30,burglary,134540,paid,Beam Chaisawat,false
CL004787,P000314,2026-05-02,2026-05-02,2026-05-27,third_party_liability,828403,paid,View Limthongkul,false
CL004788,P008924,2023-04-04,2023-04-13,2023-06-13,theft,753390,paid,Fern Saetang,false
CL004789,P009860,2024-03-17,2024-03-30,2024-05-25,flood,580568,paid,Mai Srisuk,false
CL004790,P006941,2026-01-02,2026-01-12,2026-03-27,third_party_liability,411037,paid,Boss Saetang,false
CL004791,P005120,2025-03-25,2025-04-05,2025-06-05,theft,496073,paid,Bank Saetang,false
CL004792,P004907,2025-02-14,2025-02-21,2025-04-06,flood,11170,denied,Fern Srisuk,false
CL004793,P001564,2025-02-24,2025-03-07,2025-04-28,storm,1364082,paid,Malee Wongchai,false
CL004794,P008858,2025-12-06,2025-12-07,,burglary,1313449,pending,Nok Thongdee,false
CL004795,P000418,2026-03-26,2026-04-06,,flood,191509,pending,Bank Saetang,false
CL004796,P008132,2023-11-19,2023-11-29,2024-01-24,collision,726990,paid,Somchai Watcharaphon,true
CL004797,P008833,2025-12-25,2026-01-01,,flood,425136,open,Wichai Saetang,false
CL004798,P003775,2025-11-10,2025-11-19,,fire,730501,open,Niran Phromsiri,false
CL004799,P004644,2022-11-21,2022-12-04,2023-01-11,fire,132841,paid,Anong Watcharaphon,false
CL004800,P005094,2024-10-16,2024-10-21,2025-01-13,collision,178057,paid,Chai Charoensuk,false
CL004801,P008118,2025-03-17,2025-03-20,2025-04-14,flood,305654,paid,Mai Wongchai,false
CL004802,P003188,2025-04-06,2025-04-20,2025-07-03,burglary,536490,paid,Bank Limthongkul,false
CL004803,P000574,2024-02-10,2024-02-21,2024-05-12,collision,374090,paid,Pat Sangthong,false
CL004804,P002773,2026-05-05,2026-05-07,2026-07-11,flood,271103,paid,Mild Chaiyaporn,false
CL004805,P005830,2025-12-01,2025-12-05,,flood,809306,pending,Nan Phongphan,false
CL004806,P003941,2026-04-02,2026-04-16,2026-07-11,theft,261146,paid,Bua Kittikun,false
CL004807,P007348,2025-12-19,2025-12-22,2026-03-11,collision,404365,paid,Nan Thongdee,false
CL004808,P001483,2022-10-14,2022-10-22,2022-11-22,water_damage,1508854,paid,Eak Chaiyaporn,false
CL004809,P004483,2025-12-29,2025-12-31,2026-01-09,fire,266736,paid,Daeng Suwanphon,false
CL004810,P006161,2025-04-18,2025-04-21,,water_damage,1431212,pending,Tawan Thongdee,false
CL004811,P004672,2025-04-21,2025-04-24,,theft,702644,pending,Wichai Kanchanaburi,false
CL004812,P004175,2025-04-01,2025-04-14,2025-06-10,collision,511912,paid,Mild Chaisawat,false
CL004813,P008532,2025-11-11,2025-11-11,2025-12-27,fire,6216589,paid,Mai Sangthong,false
CL004814,P001079,2024-03-13,2024-03-17,2024-04-22,collision,227675,paid,Eak Boonmee,false
CL004815,P002897,2023-03-14,2023-03-16,2023-06-03,flood,50353,paid,Tee Sukhumvit,false
CL004816,P008331,2022-06-09,2022-06-18,2022-06-25,fire,229725,paid,Praew Suwanphon,false
CL004817,P000692,2026-05-14,2026-05-21,,third_party_liability,225051,open,Tee Kittikun,false
CL004818,P009095,2025-10-13,2025-10-20,2025-12-28,collision,92766,paid,Bua Phongphan,false
CL004819,P008850,2024-11-13,2024-11-21,2025-01-12,flood,284184,paid,Earth Boonmee,false
CL004820,P006141,2023-11-01,2023-11-05,2023-11-30,third_party_liability,180936,paid,Mint Phongphan,false
CL004821,P004611,2023-07-13,2023-07-24,2023-08-25,fire,1380875,paid,Suda Phromsiri,true
CL004822,P005769,2026-04-13,2026-04-21,2026-05-16,flood,178456,paid,Nok Suwanphon,false
CL004823,P006185,2023-02-24,2023-03-05,2023-06-03,theft,37438,paid,Wichai Kanchanaburi,false
CL004824,P002942,2023-07-01,2023-07-14,,theft,469087,open,Bua Wongchai,false
CL004825,P002467,2024-04-19,2024-04-29,,fire,550047,open,Tawan Phromsiri,false
CL004826,P007234,2023-10-16,2023-10-25,,flood,42212,pending,Praew Saetang,false
CL004827,P004020,2023-08-08,2023-08-15,2023-10-02,burglary,1900789,paid,Fern Kanchanaburi,false
CL004828,P007810,2023-05-27,2023-05-27,,fire,55819,open,Nok Phromsiri,false
CL004829,P007713,2025-08-03,2025-08-10,2025-09-03,fire,26223,paid,Mild Sangthong,false
CL004830,P001030,2025-10-02,2025-10-02,2025-12-29,third_party_liability,281184,paid,Beam Phongphan,false
CL004831,P009480,2024-01-14,2024-01-17,2024-04-15,burglary,333145,paid,Somchai Srisuk,false
CL004832,P002170,2026-02-16,2026-02-16,,third_party_liability,62640,open,Suda Inthanon,false
CL004833,P000492,2022-12-19,2022-12-19,2023-01-15,collision,768888,paid,Apinya Charoensuk,false
CL004834,P008483,2026-01-17,2026-01-30,2026-04-09,flood,2802588,paid,Suda Thongdee,false
CL004835,P000593,2023-01-03,2023-01-04,,collision,13252,pending,Mint Inthanon,false
CL004836,P007935,2026-01-14,2026-01-15,,theft,94697,open,Fern Inthanon,false
CL004837,P007219,2026-05-03,2026-05-11,2026-07-28,theft,119743,paid,Anong Wongchai,false
CL004838,P003038,2024-06-11,2024-06-12,2024-07-03,fire,733954,paid,Daeng Boonmee,false
CL004839,P009567,2024-02-23,2024-03-08,2024-05-30,burglary,4212279,paid,Boss Inthanon,false
CL004840,P006791,2024-01-11,2024-01-20,,fire,296476,pending,Beam Sangthong,false
CL004841,P004053,2023-06-07,2023-06-08,2023-08-31,burglary,478009,paid,Niran Limthongkul,true
CL004842,P002980,2023-08-15,2023-08-29,2023-11-23,flood,94496,paid,Bank Phongphan,false
CL004843,P002155,2025-12-17,2025-12-22,2026-03-20,third_party_liability,349596,paid,Fern Watcharaphon,false
CL004844,P006129,2026-02-12,2026-02-22,2026-05-01,burglary,382939,paid,Earth Suwanphon,false
CL004845,P001197,2024-01-21,2024-02-02,2024-04-29,fire,847675,paid,Fern Wongchai,false
CL004846,P004187,2022-12-17,2022-12-29,,water_damage,1945864,open,Suda Charoensuk,false
CL004847,P002757,2026-02-07,2026-02-17,2026-05-11,theft,113370,paid,Bank Inthanon,false
CL004848,P004735,2024-03-24,2024-04-04,,third_party_liability,504396,pending,Daeng Inthanon,false
CL004849,P003427,2025-04-14,2025-04-20,,third_party_liability,53701,pending,Mild Watcharaphon,false
CL004850,P000788,2024-10-30,2024-11-12,2025-01-24,storm,3676196,paid,Daeng Kanchanaburi,false
CL004851,P001344,2024-05-23,2024-06-01,,fire,312563,open,Wichai Sukhumvit,false
CL004852,P005717,2025-02-07,2025-02-21,2025-03-23,flood,54514,paid,Ploy Watcharaphon,false
CL004853,P001679,2024-07-09,2024-07-17,,flood,96470,open,Nok Srisuk,false
CL004854,P002778,2024-07-09,2024-07-11,2024-08-11,theft,119139,paid,View Inthanon,false
CL004855,P002068,2026-03-20,2026-03-24,,flood,688036,pending,Toon Saetang,false
CL004856,P001122,2025-02-28,2025-03-05,2025-06-02,third_party_liability,590440,denied,Boss Srisuk,false
CL004857,P007931,2023-12-28,2024-01-05,,fire,63387,pending,Mai Rattanapan,false
CL004858,P005436,2023-12-09,2023-12-21,,flood,332347,open,Tawan Saetang,false
CL004859,P008188,2025-10-12,2025-10-17,,theft,202198,pending,Fern Sangthong,false
CL004860,P006647,2023-10-15,2023-10-24,2023-12-13,collision,337830,denied,Nok Sukhumvit,false
CL004861,P001230,2023-07-18,2023-07-25,,collision,399094,open,Suda Kanchanaburi,false
CL004862,P006930,2026-02-28,2026-03-14,2026-05-20,fire,178685,paid,Wichai Sukhumvit,false
CL004863,P003543,2024-01-28,2024-02-08,,fire,82679,pending,Praew Suwanphon,true
CL004864,P007695,2025-02-12,2025-02-15,2025-05-15,flood,69061,paid,Malee Chaiyaporn,false
CL004865,P009033,2025-04-18,2025-04-29,,third_party_liability,19298,pending,Suda Watcharaphon,false
CL004866,P008176,2025-01-24,2025-01-24,,theft,303720,pending,Bank Kittikun,false
CL004867,P005800,2025-07-17,2025-07-24,,third_party_liability,207224,open,Earth Chaiyaporn,false
CL004868,P007059,2025-08-27,2025-09-04,2025-11-02,fire,270702,paid,Bua Phutthichai,false
CL004869,P008453,2023-07-12,2023-07-23,2023-08-14,third_party_liability,239661,paid,Beam Sangthong,false
CL004870,P007173,2026-02-14,2026-02-22,2026-04-15,fire,185048,paid,Mild Rattanapan,false
CL004871,P006802,2025-11-20,2025-11-20,2025-12-10,water_damage,1167310,paid,Mint Phutthichai,false
CL004872,P008498,2024-09-02,2024-09-09,2024-11-07,third_party_liability,217138,paid,Daeng Sangthong,false
CL004873,P007914,2022-09-22,2022-09-23,2022-10-25,fire,93532,paid,Nan Kanchanaburi,false
CL004874,P003142,2024-02-28,2024-03-13,2024-06-07,fire,339804,denied,Mild Watcharaphon,false
CL004875,P008807,2024-08-08,2024-08-18,2024-09-23,flood,1047610,denied,Malee Phutthichai,false
CL004876,P002018,2025-12-04,2025-12-08,2026-02-17,flood,892117,denied,Somchai Suwanphon,false
CL004877,P000109,2025-10-08,2025-10-10,2025-12-17,storm,2327478,paid,Kanya Sangthong,false
CL004878,P006964,2026-02-22,2026-03-01,2026-05-25,theft,281289,paid,Pim Saetang,false
CL004879,P006115,2024-02-25,2024-03-01,2024-03-14,collision,607542,paid,Mai Inthanon,false
CL004880,P001400,2024-08-13,2024-08-15,2024-10-20,collision,289445,paid,View Inthanon,false
CL004881,P006395,2024-03-11,2024-03-20,2024-05-31,burglary,3944923,paid,Niran Phongphan,false
CL004882,P003380,2022-11-11,2022-11-18,,fire,381585,pending,Malee Srisuk,false
CL004883,P004822,2026-03-18,2026-03-27,2026-04-25,theft,195426,paid,Apinya Phutthichai,false
CL004884,P000224,2023-09-12,2023-09-22,2023-11-07,flood,2628629,paid,Toon Chaisawat,false
CL004885,P001322,2024-01-11,2024-01-11,,theft,154481,pending,Beam Phutthichai,false
CL004886,P002708,2026-04-09,2026-04-17,2026-05-23,collision,198972,paid,Bua Saetang,false
CL004887,P002543,2025-10-31,2025-11-06,2026-01-15,third_party_liability,606442,paid,Tawan Suwanphon,false
CL004888,P003968,2023-09-29,2023-10-05,2023-12-20,collision,197393,denied,Kanya Phromsiri,false
CL004889,P002333,2024-04-14,2024-04-26,2024-06-18,flood,811686,paid,Toon Phongphan,false
CL004890,P001151,2023-08-07,2023-08-13,,fire,111104,open,Tee Sangthong,false
CL004891,P009606,2023-09-16,2023-09-20,2023-11-16,collision,93882,paid,Mint Saetang,false
CL004892,P003318,2024-04-15,2024-04-17,,third_party_liability,154789,pending,Anong Phongphan,false
CL004893,P005485,2025-09-07,2025-09-11,2025-10-10,flood,248710,denied,Bua Boonmee,true
CL004894,P004931,2024-01-26,2024-02-02,2024-02-20,collision,752875,denied,Ploy Chaisawat,true
CL004895,P000995,2023-07-23,2023-08-01,2023-10-04,water_damage,4855374,paid,Nok Phromsiri,false
CL004896,P008228,2024-07-11,2024-07-14,2024-09-13,theft,90323,paid,Fern Kittikun,true
CL004897,P001295,2025-11-09,2025-11-17,2026-01-30,third_party_liability,488258,paid,Mild Boonmee,false
CL004898,P005289,2023-05-17,2023-05-26,,theft,90885,pending,Daeng Watcharaphon,false
CL004899,P003509,2024-09-28,2024-10-08,2024-11-05,theft,382833,paid,Toon Sukhumvit,false
CL004900,P002722,2023-05-07,2023-05-12,2023-06-14,theft,179982,paid,Ploy Kittikun,false
CL004901,P002973,2023-04-27,2023-04-28,,storm,938697,pending,Niran Watcharaphon,false
CL004902,P005570,2025-09-24,2025-09-27,2025-11-10,theft,405705,paid,Daeng Phutthichai,false
CL004903,P004757,2026-04-22,2026-04-22,,burglary,2679663,open,Beam Chaiyaporn,false
CL004904,P005875,2023-12-26,2024-01-03,2024-02-09,fire,337777,paid,Toon Sukhumvit,false
CL004905,P009075,2023-06-09,2023-06-17,2023-08-12,water_damage,616653,paid,Niran Kittikun,false
CL004906,P003056,2026-03-08,2026-03-15,2026-06-06,collision,758514,paid,Bank Sangthong,false
CL004907,P009697,2024-02-17,2024-02-21,2024-03-01,flood,1745750,paid,Mai Limthongkul,false
CL004908,P009697,2024-07-09,2024-07-22,2024-08-21,flood,1623589,paid,Praew Phongphan,false
CL004909,P002126,2022-07-10,2022-07-18,2022-10-09,theft,327784,paid,Nok Inthanon,false
CL004910,P000032,2024-03-20,2024-03-27,2024-05-14,collision,318945,paid,Toon Phutthichai,false
CL004911,P008600,2023-02-13,2023-02-17,2023-03-02,theft,282810,paid,Earth Chaisawat,false
CL004912,P000328,2024-02-26,2024-02-29,2024-03-12,collision,518170,paid,Anong Phongphan,false
CL004913,P000825,2024-08-20,2024-09-01,2024-09-08,fire,1216683,denied,Tee Watcharaphon,false
CL004914,P006690,2026-02-17,2026-03-03,,collision,164155,open,Beam Phromsiri,false
CL004915,P001931,2024-04-23,2024-04-25,2024-06-08,collision,290550,paid,Boss Sangthong,false
CL004916,P004943,2023-04-30,2023-05-03,2023-05-20,burglary,496701,paid,Nan Chaiyaporn,false
CL004917,P001176,2024-09-22,2024-10-02,2024-11-23,theft,306503,denied,Bua Wongchai,false
CL004918,P005114,2025-08-19,2025-08-27,,water_damage,6809699,open,Somchai Chaiyaporn,false
CL004919,P009815,2026-03-27,2026-04-08,2026-07-06,flood,442728,paid,Mai Wongchai,false
CL004920,P005943,2025-06-12,2025-06-14,2025-08-14,collision,693357,paid,Bua Watcharaphon,false
CL004921,P006532,2025-02-17,2025-02-19,,third_party_liability,247824,open,Mild Inthanon,false
CL004922,P005405,2026-02-21,2026-02-22,,fire,3043433,pending,Mild Inthanon,false
CL004923,P007819,2023-10-15,2023-10-20,2023-11-30,flood,18483,paid,View Limthongkul,false
CL004924,P005341,2025-08-01,2025-08-02,2025-09-26,fire,78264,paid,Eak Watcharaphon,false
CL004925,P003386,2026-02-01,2026-02-10,2026-03-19,collision,67754,paid,Boss Phromsiri,false
CL004926,P001964,2024-11-11,2024-11-15,,flood,1175488,open,Praew Inthanon,false
CL004927,P003857,2023-05-21,2023-05-29,,third_party_liability,387341,pending,Apinya Kittikun,false
CL004928,P004003,2024-05-26,2024-06-03,2024-06-24,flood,137888,denied,Pim Rattanapan,false
CL004929,P003882,2023-07-31,2023-08-13,,flood,7479365,open,Mild Boonmee,false
CL004930,P001059,2024-07-18,2024-07-26,,burglary,4381552,open,Ploy Kittikun,false
CL004931,P008975,2025-12-21,2025-12-26,2026-03-20,flood,99405,paid,Chai Chaiyaporn,false
CL004932,P007814,2023-11-09,2023-11-11,2024-01-11,third_party_liability,106219,paid,Beam Boonmee,false
CL004933,P001071,2024-07-19,2024-07-24,2024-09-08,burglary,1688713,paid,Wichai Kanchanaburi,false
CL004934,P007329,2026-01-04,2026-01-10,2026-01-24,fire,608455,paid,Praew Chaiyaporn,false
CL004935,P000408,2023-10-27,2023-10-31,2023-11-13,storm,376253,paid,Mild Wongchai,false
CL004936,P007045,2024-07-23,2024-07-30,2024-10-10,theft,360924,paid,Bank Inthanon,false
CL004937,P002348,2024-06-07,2024-06-16,,theft,290700,pending,Mint Suwanphon,false
CL004938,P000452,2023-04-27,2023-04-27,2023-07-07,fire,781769,paid,Mild Rattanapan,false
CL004939,P001136,2025-12-03,2025-12-10,2025-12-21,fire,465679,paid,Pat Phongphan,false
CL004940,P006622,2026-04-09,2026-04-17,2026-04-28,fire,91579,denied,Mint Phongphan,false
CL004941,P006962,2023-07-10,2023-07-15,,flood,2976693,open,Bua Thongdee,false
CL004942,P009131,2025-08-05,2025-08-12,2025-09-13,flood,159467,paid,Somchai Wongchai,false
CL004943,P008636,2024-07-05,2024-07-13,2024-08-07,third_party_liability,434944,paid,Chai Rattanapan,false
CL004944,P002584,2025-11-21,2025-12-05,2026-01-06,flood,2748760,paid,Nan Boonmee,false
CL004945,P001527,2023-01-29,2023-02-02,2023-02-25,collision,575285,paid,Niran Saetang,false
CL004946,P003074,2025-04-12,2025-04-14,2025-05-14,storm,2722963,paid,Mai Thongdee,false
CL004947,P000882,2024-10-15,2024-10-27,2024-12-29,water_damage,192466,paid,Niran Phromsiri,false
CL004948,P004228,2026-04-18,2026-04-27,2026-05-04,theft,359178,paid,Mai Phongphan,false
CL004949,P005191,2025-03-20,2025-03-21,2025-05-06,collision,36971,paid,Wichai Suwanphon,false
CL004950,P003890,2025-03-31,2025-04-10,2025-05-22,flood,589351,paid,Suda Saetang,false
CL004951,P005286,2024-04-23,2024-05-03,2024-06-12,collision,165031,paid,Mild Phromsiri,false
CL004952,P001468,2022-08-04,2022-08-11,2022-08-20,flood,62610,paid,Kanya Limthongkul,false
CL004953,P002346,2023-10-21,2023-10-25,2023-12-12,burglary,2513584,paid,Mild Chaisawat,true
CL004954,P004165,2025-06-25,2025-06-27,,third_party_liability,408318,open,Beam Boonmee,false
CL004955,P007342,2026-03-30,2026-03-31,2026-06-12,burglary,3072185,paid,Anong Suwanphon,false
CL004956,P005609,2023-03-03,2023-03-15,,third_party_liability,271782,open,Somchai Watcharaphon,false
CL004957,P004100,2022-08-23,2022-09-01,,storm,2441661,open,Bua Watcharaphon,false
CL004958,P007049,2023-10-20,2023-10-23,,collision,284477,open,Daeng Srisuk,false
CL004959,P005701,2024-01-01,2024-01-10,,theft,903043,pending,Niran Charoensuk,false
CL004960,P004624,2024-01-10,2024-01-12,,fire,507604,pending,Nok Phongphan,false
CL004961,P000073,2023-07-13,2023-07-20,2023-09-28,flood,215401,paid,Niran Phutthichai,false
CL004962,P002765,2023-08-12,2023-08-25,,collision,381443,pending,Suda Chaiyaporn,false
CL004963,P003471,2024-04-20,2024-04-22,2024-06-02,theft,288698,paid,Mint Kanchanaburi,false
CL004964,P007420,2023-02-28,2023-03-02,,theft,283710,open,Chai Sukhumvit,false
CL004965,P009814,2025-12-10,2025-12-12,,third_party_liability,491845,pending,Malee Phromsiri,false
CL004966,P005428,2024-06-28,2024-07-02,2024-09-28,flood,412778,paid,Mild Watcharaphon,false
CL004967,P005723,2025-06-10,2025-06-10,,storm,5246932,pending,Niran Saetang,false
CL004968,P008929,2022-11-04,2022-11-08,2023-01-13,theft,29518,paid,Bua Phromsiri,false
CL004969,P008224,2026-03-24,2026-03-28,,flood,1417826,open,Daeng Sangthong,false
CL004970,P009770,2026-03-26,2026-04-09,2026-05-04,collision,439025,paid,Boss Phromsiri,false
CL004971,P004291,2023-07-28,2023-08-01,2023-10-11,third_party_liability,388214,paid,Mint Watcharaphon,false
CL004972,P005448,2025-10-06,2025-10-15,2025-12-13,third_party_liability,726593,paid,Apinya Rattanapan,false
CL004973,P003751,2023-12-05,2023-12-08,2023-12-18,theft,491204,paid,Anong Chaiyaporn,false
CL004974,P007579,2026-04-10,2026-04-15,2026-05-08,flood,935571,paid,Fern Phutthichai,false
CL004975,P009044,2025-06-28,2025-07-10,,flood,251993,open,Nok Kittikun,false
CL004976,P001447,2023-07-19,2023-07-20,,fire,160830,open,Earth Chaiyaporn,true
CL004977,P007479,2023-06-14,2023-06-20,,burglary,63785,pending,Praew Sangthong,true
CL004978,P002244,2023-12-09,2023-12-17,,flood,3201810,pending,Earth Kanchanaburi,false
CL004979,P001750,2023-11-12,2023-11-12,2024-02-06,flood,241341,paid,Tawan Kanchanaburi,false
CL004980,P008527,2024-06-07,2024-06-12,2024-09-02,fire,694616,paid,Chai Limthongkul,false
CL004981,P008603,2025-03-22,2025-04-04,2025-05-18,collision,322795,paid,Nok Suwanphon,false
CL004982,P001901,2024-03-12,2024-03-22,2024-06-20,fire,2643408,denied,Ploy Phutthichai,false
CL004983,P001367,2025-11-18,2025-11-30,,flood,4787843,pending,Toon Saetang,false
CL004984,P000056,2022-12-23,2023-01-02,2023-03-17,fire,358883,denied,Chai Phutthichai,false
CL004985,P000867,2025-12-24,2026-01-01,,fire,166451,open,Bua Chaiyaporn,false
CL004986,P000891,2022-05-24,2022-06-02,,fire,65474,open,Somchai Phongphan,false
CL004987,P001252,2025-10-29,2025-11-06,2025-12-30,flood,5279973,paid,Earth Suwanphon,false
CL004988,P002607,2023-01-11,2023-01-14,,flood,5312260,pending,Earth Charoensuk,false
CL004989,P006738,2025-10-08,2025-10-15,,third_party_liability,42483,pending,Pim Phongphan,false
CL004990,P000268,2023-12-15,2023-12-23,,collision,81243,pending,Nan Watcharaphon,false
CL004991,P007635,2023-11-03,2023-11-15,2024-01-22,third_party_liability,566950,paid,Nan Inthanon,false
CL004992,P000606,2024-04-13,2024-04-17,2024-05-16,third_party_liability,52794,denied,Beam Srisuk,false
CL004993,P005678,2024-06-16,2024-06-26,2024-09-14,collision,105249,paid,Boss Phromsiri,false
CL004994,P003048,2024-11-16,2024-11-23,2025-02-18,fire,90475,paid,Mild Phutthichai,false
CL004995,P008601,2025-01-29,2025-02-04,,flood,593292,pending,Eak Saetang,false
CL004996,P004090,2024-11-22,2024-12-04,2025-03-02,third_party_liability,480488,denied,Nok Phromsiri,false
CL004997,P003751,2024-01-11,2024-01-19,,third_party_liability,871002,pending,Daeng Phromsiri,false
CL004998,P002871,2023-02-26,2023-03-11,,water_damage,3966994,pending,Mild Boonmee,false
CL004999,P000777,2026-02-13,2026-02-25,,third_party_liability,289614,open,Boss Phutthichai,false
CL005000,P008179,2024-08-30,2024-09-07,2024-12-01,fire,416563,paid,Daeng Inthanon,true
