customer_id,first_name,last_name,dob,gender,occupation,province,phone,email,customer_since
C00001,Apinya,Kanchanaburi,1983-05-14,M,Farmer,Phuket,0893370583,apinya.kanchanaburi1@example.co.th,2024-04-25
C00002,Suda,Wongchai,2003-03-27,F,Engineer,Songkhla,0856843172,suda.wongchai2@example.co.th,2018-10-09
C00003,View,Rattanapan,1988-02-25,M,Farmer,Nakhon Ratchasima,0882909480,view.rattanapan3@example.co.th,2025-11-21
C00004,Apinya,Chaisawat,2002-06-15,F,Construction Worker,Bangkok,0899038526,apinya.chaisawat4@example.co.th,2019-03-01
C00005,View,Chaiyaporn,1978-09-23,M,Accountant,Khon Kaen,0884252420,view.chaiyaporn5@example.co.th,2019-09-29
C00006,Malee,Thongdee,1973-11-23,M,IT Specialist,Pathum Thani,0895125977,malee.thongdee6@example.co.th,2020-12-17
C00007,Pat,Watcharaphon,1977-07-12,M,IT Specialist,Chiang Mai,0866851377,pat.watcharaphon7@example.co.th,2021-02-07
C00008,Niran,Boonmee,1984-12-03,F,Engineer,Chonburi,0869302158,niran.boonmee8@example.co.th,2024-03-09
C00009,Nan,Phutthichai,2005-04-27,M,Teacher,Bangkok,0830005727,nan.phutthichai9@example.co.th,2024-02-13
C00010,Niran,Sangthong,2004-07-27,F,Engineer,Chonburi,0815614174,niran.sangthong10@example.co.th,2021-06-16
C00011,Daeng,Srisuk,1987-02-06,M,IT Specialist,Songkhla,0823796726,daeng.srisuk11@example.co.th,2021-12-19
C00012,Mai,Limthongkul,1991-06-17,M,Construction Worker,Trang,0841774346,mai.limthongkul12@example.co.th,2019-10-28
C00013,Earth,Kittikun,1991-12-28,M,Accountant,Bangkok,0854585178,earth.kittikun13@example.co.th,2022-08-14
C00014,Earth,Rattanapan,1978-12-08,M,Driver,Nonthaburi,0815197528,earth.rattanapan14@example.co.th,2023-04-12
C00015,Wichai,Sukhumvit,1996-04-18,F,Restaurant Owner,Samut Prakan,0840547349,wichai.sukhumvit15@example.co.th,2020-07-02
C00016,Somchai,Sukhumvit,1990-09-30,F,Restaurant Owner,Pathum Thani,0819317495,somchai.sukhumvit16@example.co.th,2021-02-17
C00017,Daeng,Saetang,1990-11-09,F,Government Officer,Lampang,0825480907,daeng.saetang17@example.co.th,2020-12-05
C00018,Kanya,Phromsiri,1978-10-25,M,Sales,Chiang Mai,0868326160,kanya.phromsiri18@example.co.th,2021-11-16
C00019,Beam,Charoensuk,1994-02-24,M,Driver,Trang,0887388337,beam.charoensuk19@example.co.th,2020-02-18
C00020,Malee,Srisuk,1994-02-13,M,Shop Owner,Bangkok,0867887757,malee.srisuk20@example.co.th,2018-10-14
C00021,Bua,Charoensuk,1983-03-01,F,Office Worker,Khon Kaen,0851511484,bua.charoensuk21@example.co.th,2025-06-24
C00022,Fern,Charoensuk,1991-02-06,M,Doctor,Nakhon Ratchasima,0866431351,fern.charoensuk22@example.co.th,2025-06-16
C00023,Eak,Kittikun,1981-12-31,M,Nurse,Rayong,0848508907,eak.kittikun23@example.co.th,2020-05-10
C00024,Fern,Phromsiri,1983-11-29,F,Farmer,Hat Yai,0838682516,fern.phromsiri24@example.co.th,2023-09-25
C00025,Ploy,Kittikun,1962-08-10,F,Teacher,Nakhon Ratchasima,0841523529,ploy.kittikun25@example.co.th,2025-07-18
C00026,Apinya,Rattanapan,1972-11-12,M,Government Officer,Chonburi,0842862209,apinya.rattanapan26@example.co.th,2023-05-01
C00027,Toon,Wongchai,1995-11-10,M,Accountant,Ayutthaya,0861536717,toon.wongchai27@example.co.th,2023-07-18
C00028,Eak,Rattanapan,1968-03-28,M,Hotel Staff,Bangkok,0867062156,eak.rattanapan28@example.co.th,2020-06-15
C00029,Kanya,Saetang,1996-09-04,M,Construction Worker,Chiang Mai,0826288475,kanya.saetang29@example.co.th,2023-02-13
C00030,Pim,Kanchanaburi,2002-08-26,F,Hotel Staff,Lampang,0869401199,pim.kanchanaburi30@example.co.th,2024-11-14
C00031,Bank,Saetang,1993-04-14,F,Construction Worker,Lampang,0831361812,bank.saetang31@example.co.th,2026-05-05
C00032,Boss,Watcharaphon,1995-05-18,M,Restaurant Owner,Udon Thani,0895585469,boss.watcharaphon32@example.co.th,2021-02-09
C00033,Mai,Saetang,1998-06-23,F,Farmer,Surat Thani,0820399639,mai.saetang33@example.co.th,2026-01-01
C00034,Apinya,Rattanapan,1979-05-18,F,Construction Worker,Pathum Thani,0882498004,apinya.rattanapan34@example.co.th,2018-11-27
C00035,Pim,Chaiyaporn,1975-09-30,M,Accountant,Rayong,0838716269,pim.chaiyaporn35@example.co.th,2018-09-21
C00036,Fern,Phutthichai,1984-09-07,F,Driver,Lampang,0818357162,fern.phutthichai36@example.co.th,2020-04-27
C00037,Bank,Phutthichai,1989-12-10,M,Restaurant Owner,Phitsanulok,0887267850,bank.phutthichai37@example.co.th,2022-04-08
C00038,Ploy,Boonmee,1986-07-23,F,Restaurant Owner,Nakhon Ratchasima,0866240084,ploy.boonmee38@example.co.th,2024-01-14
C00039,Beam,Limthongkul,1974-10-14,M,Nurse,Krabi,0868496914,beam.limthongkul39@example.co.th,2023-06-13
C00040,Somchai,Inthanon,1985-02-26,M,Restaurant Owner,Rayong,0872732043,somchai.inthanon40@example.co.th,2019-06-07
C00041,Toon,Limthongkul,1957-06-02,M,Teacher,Rayong,0896268397,toon.limthongkul41@example.co.th,2022-10-22
C00042,Pim,Kanchanaburi,1971-04-21,F,Driver,Chiang Mai,0853936531,pim.kanchanaburi42@example.co.th,2020-05-16
C00043,Nok,Charoensuk,1985-04-12,F,Hotel Staff,Rayong,0866581473,nok.charoensuk43@example.co.th,2020-10-30
C00044,Bank,Wongchai,1997-03-12,M,Shop Owner,Bangkok,0840094589,bank.wongchai44@example.co.th,2025-04-16
C00045,Anong,Srisuk,1957-10-13,M,Restaurant Owner,Surat Thani,0812735359,anong.srisuk45@example.co.th,2024-12-19
C00046,Pim,Rattanapan,1966-04-29,M,Sales,Krabi,0839254705,pim.rattanapan46@example.co.th,2023-03-20
C00047,Nan,Suwanphon,1988-02-04,M,Hotel Staff,Nonthaburi,0831980274,nan.suwanphon47@example.co.th,2021-06-28
C00048,Suda,Phromsiri,1957-04-21,F,Driver,Nakhon Ratchasima,0836619372,suda.phromsiri48@example.co.th,2018-11-08
C00049,Tee,Rattanapan,1964-02-22,M,Hotel Staff,Nakhon Ratchasima,0885958181,tee.rattanapan49@example.co.th,2018-06-18
C00050,Daeng,Limthongkul,1993-06-07,M,Office Worker,Samut Prakan,0896911784,daeng.limthongkul50@example.co.th,2021-10-29
C00051,Somchai,Phutthichai,1998-12-23,F,Shop Owner,Khon Kaen,0895306788,somchai.phutthichai51@example.co.th,2023-02-27
C00052,Nan,Chaiyaporn,1994-01-26,F,Sales,Nonthaburi,0882232344,nan.chaiyaporn52@example.co.th,2023-06-04
C00053,Nok,Phutthichai,1979-01-29,M,Restaurant Owner,Pathum Thani,0821631697,nok.phutthichai53@example.co.th,2021-02-16
C00054,View,Kanchanaburi,1976-11-16,F,Shop Owner,Hat Yai,0813852048,view.kanchanaburi54@example.co.th,2023-07-18
C00055,Boss,Charoensuk,1971-04-25,M,Shop Owner,Krabi,0844675473,boss.charoensuk55@example.co.th,2021-10-26
C00056,Malee,Chaisawat,1979-10-14,M,Office Worker,Lampang,0835643159,malee.chaisawat56@example.co.th,2018-12-17
C00057,Wichai,Phutthichai,1998-10-31,M,Accountant,Lampang,0873900135,wichai.phutthichai57@example.co.th,2025-03-30
C00058,Nan,Watcharaphon,1995-03-17,M,Nurse,Bangkok,0839742165,nan.watcharaphon58@example.co.th,2022-07-15
C00059,Nan,Rattanapan,1982-06-21,F,Farmer,Phitsanulok,0884285882,nan.rattanapan59@example.co.th,2023-12-15
C00060,Daeng,Phutthichai,2004-05-18,F,Accountant,Pathum Thani,0870900658,daeng.phutthichai60@example.co.th,2021-01-14
C00061,Apinya,Suwanphon,1975-09-07,M,Shop Owner,Khon Kaen,0826046365,apinya.suwanphon61@example.co.th,2026-05-01
C00062,Praew,Kittikun,1972-03-08,F,Nurse,Songkhla,0889133014,praew.kittikun62@example.co.th,2023-11-19
C00063,Toon,Thongdee,1964-01-08,F,Doctor,Songkhla,0858436637,toon.thongdee63@example.co.th,2020-01-05
C00064,Apinya,Boonmee,2002-12-02,F,Government Officer,Chonburi,0817318358,apinya.boonmee64@example.co.th,2024-03-16
C00065,Apinya,Chaiyaporn,1999-01-15,M,Sales,Khon Kaen,0848163378,apinya.chaiyaporn65@example.co.th,2023-04-07
C00066,Ploy,Kanchanaburi,1985-07-26,M,Nurse,Nonthaburi,0874119726,ploy.kanchanaburi66@example.co.th,2019-04-13
C00067,Bank,Wongchai,1990-12-13,M,Sales,Krabi,0894482772,bank.wongchai67@example.co.th,2025-09-12
C00068,Niran,Chaiyaporn,1968-05-20,F,Teacher,Phitsanulok,0843311626,niran.chaiyaporn68@example.co.th,2019-05-01
C00069,Praew,Phutthichai,1975-04-01,F,Farmer,Chiang Rai,0869421007,praew.phutthichai69@example.co.th,2021-05-02
C00070,Boss,Phromsiri,1993-06-21,M,Sales,Nakhon Ratchasima,0823318904,boss.phromsiri70@example.co.th,2020-05-01
C00071,Mint,Sukhumvit,1978-09-28,M,Doctor,Phuket,0833328859,mint.sukhumvit71@example.co.th,2024-03-10
C00072,Anong,Kittikun,1955-03-29,F,Accountant,Ayutthaya,0889699989,anong.kittikun72@example.co.th,2023-04-09
C00073,Apinya,Srisuk,1975-10-08,F,Accountant,Nakhon Ratchasima,0870939053,apinya.srisuk73@example.co.th,2018-10-19
C00074,Bua,Rattanapan,1978-09-25,M,Driver,Phitsanulok,0825405014,bua.rattanapan74@example.co.th,2024-02-09
C00075,Wichai,Chaiyaporn,1978-10-31,M,Government Officer,Chonburi,0832269779,wichai.chaiyaporn75@example.co.th,2021-06-13
C00076,Toon,Phromsiri,1980-11-22,M,Farmer,Hat Yai,0850814428,toon.phromsiri76@example.co.th,2025-11-06
C00077,Eak,Suwanphon,1999-11-25,F,Farmer,Lampang,0820796722,eak.suwanphon77@example.co.th,2024-09-15
C00078,Niran,Phutthichai,1983-12-01,F,Government Officer,Trang,0822257687,niran.phutthichai78@example.co.th,2020-07-26
C00079,Bua,Phromsiri,1956-11-10,M,Hotel Staff,Udon Thani,0833513701,bua.phromsiri79@example.co.th,2023-04-12
C00080,Pat,Kanchanaburi,1979-12-15,F,IT Specialist,Nonthaburi,0875998319,pat.kanchanaburi80@example.co.th,2019-01-09
C00081,Ploy,Sangthong,1991-08-20,F,IT Specialist,Pathum Thani,0824039158,ploy.sangthong81@example.co.th,2019-10-21
C00082,Chai,Phutthichai,1999-06-14,F,Restaurant Owner,Nakhon Ratchasima,0883832717,chai.phutthichai82@example.co.th,2018-05-31
C00083,Nok,Wongchai,1983-03-21,F,Teacher,Udon Thani,0864247457,nok.wongchai83@example.co.th,2023-10-09
C00084,Bank,Boonmee,2003-09-05,F,Government Officer,Hat Yai,0835176902,bank.boonmee84@example.co.th,2023-10-25
C00085,Daeng,Chaisawat,1999-09-21,M,Doctor,Hat Yai,0845843681,daeng.chaisawat85@example.co.th,2024-02-28
C00086,Pim,Thongdee,1994-04-22,M,Government Officer,Krabi,0894560158,pim.thongdee86@example.co.th,2024-10-29
C00087,Earth,Rattanapan,1969-03-17,M,Office Worker,Nakhon Ratchasima,0864759583,earth.rattanapan87@example.co.th,2019-01-17
C00088,Wichai,Phongphan,1996-05-25,M,Farmer,Khon Kaen,0849172995,wichai.phongphan88@example.co.th,2023-09-16
C00089,Nan,Suwanphon,1992-04-10,F,Doctor,Krabi,0871308842,nan.suwanphon89@example.co.th,2024-03-07
C00090,Pim,Inthanon,1972-02-06,M,Restaurant Owner,Trang,0819369750,pim.inthanon90@example.co.th,2021-02-05
C00091,Mai,Phutthichai,1985-06-29,F,Restaurant Owner,Chiang Rai,0810344303,mai.phutthichai91@example.co.th,2021-03-04
C00092,Beam,Thongdee,1998-12-05,F,Office Worker,Chonburi,0875007200,beam.thongdee92@example.co.th,2021-11-14
C00093,Chai,Limthongkul,2003-10-03,F,Construction Worker,Rayong,0853188224,chai.limthongkul93@example.co.th,2020-02-12
C00094,Nan,Rattanapan,1989-05-11,F,Government Officer,Surat Thani,0852704903,nan.rattanapan94@example.co.th,2026-05-09
C00095,Ploy,Inthanon,1989-08-21,F,Government Officer,Chonburi,0826944487,ploy.inthanon95@example.co.th,2023-08-20
C00096,Tee,Charoensuk,1964-01-02,M,Office Worker,Hat Yai,0871327848,tee.charoensuk96@example.co.th,2018-03-04
C00097,Beam,Chaiyaporn,1991-10-13,M,Farmer,Chonburi,0845570755,beam.chaiyaporn97@example.co.th,2021-10-18
C00098,Toon,Inthanon,1962-03-16,F,Shop Owner,Pathum Thani,0894127561,toon.inthanon98@example.co.th,2026-01-22
C00099,View,Watcharaphon,2003-07-16,M,Doctor,Chiang Mai,0894712997,view.watcharaphon99@example.co.th,2025-09-04
C00100,Mild,Thongdee,1975-05-30,F,Teacher,Phuket,0895060193,mild.thongdee100@example.co.th,2025-11-23
C00101,Boss,Phongphan,1994-10-21,F,Construction Worker,Nonthaburi,0813885234,boss.phongphan101@example.co.th,2018-07-08
C00102,Chai,Srisuk,1981-04-27,F,Driver,Samut Prakan,0829538047,chai.srisuk102@example.co.th,2020-09-27
C00103,Pat,Phutthichai,2005-10-09,M,Engineer,Nonthaburi,0820598952,pat.phutthichai103@example.co.th,2024-11-01
C00104,Boss,Inthanon,1976-08-09,M,Doctor,Krabi,0871894493,boss.inthanon104@example.co.th,2025-02-25
C00105,Malee,Kanchanaburi,1977-11-27,F,Construction Worker,Bangkok,0848605268,malee.kanchanaburi105@example.co.th,2025-08-07
C00106,Praew,Kittikun,1961-08-17,F,Sales,Hat Yai,0850151803,praew.kittikun106@example.co.th,2025-03-02
C00107,Fern,Suwanphon,1995-12-26,M,Driver,Nakhon Ratchasima,0874855088,fern.suwanphon107@example.co.th,2019-03-13
C00108,Wichai,Inthanon,1987-03-16,F,Accountant,Phitsanulok,0849625201,wichai.inthanon108@example.co.th,2018-03-31
C00109,Bank,Inthanon,1979-08-17,M,Construction Worker,Bangkok,0891390501,bank.inthanon109@example.co.th,2026-05-11
C00110,Ploy,Thongdee,1975-08-24,F,Doctor,Trang,0895445405,ploy.thongdee110@example.co.th,2020-02-18
C00111,Toon,Suwanphon,1967-04-09,M,Nurse,Khon Kaen,0869166287,toon.suwanphon111@example.co.th,2018-05-17
C00112,Tee,Sangthong,1966-10-16,F,Shop Owner,Phuket,0865767881,tee.sangthong112@example.co.th,2019-12-21
C00113,Tawan,Chaiyaporn,2003-05-24,F,Restaurant Owner,Samut Prakan,0832084778,tawan.chaiyaporn113@example.co.th,2020-11-18
C00114,Mild,Watcharaphon,1981-06-24,M,Farmer,Pathum Thani,0820106509,mild.watcharaphon114@example.co.th,2019-07-31
C00115,Mai,Rattanapan,1990-08-27,F,Teacher,Lampang,0862958901,mai.rattanapan115@example.co.th,2018-02-27
C00116,Malee,Limthongkul,1966-02-01,F,IT Specialist,Hat Yai,0845186708,malee.limthongkul116@example.co.th,2024-07-22
C00117,Eak,Sangthong,1964-09-20,F,Government Officer,Surat Thani,0893154172,eak.sangthong117@example.co.th,2024-04-18
C00118,Chai,Chaisawat,1974-11-10,F,Construction Worker,Phuket,0850559278,chai.chaisawat118@example.co.th,2025-04-13
C00119,Fern,Phongphan,1967-07-17,M,Nurse,Chiang Mai,0876118957,fern.phongphan119@example.co.th,2019-04-21
C00120,Suda,Rattanapan,2003-03-24,F,Farmer,Chonburi,0859796322,suda.rattanapan120@example.co.th,2025-07-09
C00121,Beam,Limthongkul,1992-08-07,M,Construction Worker,Phitsanulok,0865684858,beam.limthongkul121@example.co.th,2025-05-06
C00122,Suda,Watcharaphon,1991-08-13,M,Accountant,Udon Thani,0859731689,suda.watcharaphon122@example.co.th,2020-06-08
C00123,Nok,Kanchanaburi,1976-03-07,M,IT Specialist,Samut Prakan,0859302863,nok.kanchanaburi123@example.co.th,2024-02-09
C00124,View,Sangthong,1960-06-07,F,Doctor,Rayong,0826395999,view.sangthong124@example.co.th,2023-02-06
C00125,Anong,Sukhumvit,1956-11-30,F,Doctor,Chiang Mai,0826901217,anong.sukhumvit125@example.co.th,2024-05-01
C00126,Tawan,Wongchai,2004-09-20,M,Restaurant Owner,Songkhla,0841272553,tawan.wongchai126@example.co.th,2021-09-07
C00127,Mai,Chaiyaporn,1955-04-03,M,Engineer,Udon Thani,0882506491,mai.chaiyaporn127@example.co.th,2020-10-23
C00128,Earth,Kittikun,1964-11-11,M,Government Officer,Bangkok,0858082464,earth.kittikun128@example.co.th,2020-09-01
C00129,Tee,Charoensuk,1956-06-01,F,Government Officer,Nonthaburi,0827013243,tee.charoensuk129@example.co.th,2026-04-27
C00130,Fern,Saetang,1965-03-13,F,Farmer,Phuket,0858592048,fern.saetang130@example.co.th,2023-10-04
C00131,Tee,Phongphan,1995-07-21,M,Sales,Chiang Rai,0815820356,tee.phongphan131@example.co.th,2026-02-26
C00132,Earth,Saetang,1982-01-22,M,Government Officer,Hat Yai,0874287863,earth.saetang132@example.co.th,2022-07-04
C00133,Fern,Phongphan,1998-12-26,M,Construction Worker,Hat Yai,0820843514,fern.phongphan133@example.co.th,2021-08-12
C00134,Toon,Chaiyaporn,1960-11-22,F,Sales,Chonburi,0894970119,toon.chaiyaporn134@example.co.th,2024-07-25
C00135,Praew,Charoensuk,1989-03-04,F,Farmer,Trang,0877853916,praew.charoensuk135@example.co.th,2024-10-15
C00136,Fern,Phongphan,1965-04-07,M,Driver,Lampang,0870606674,fern.phongphan136@example.co.th,2020-07-24
C00137,Fern,Charoensuk,1995-09-08,F,Accountant,Rayong,0822762205,fern.charoensuk137@example.co.th,2021-07-04
C00138,Fern,Charoensuk,1977-11-13,M,IT Specialist,Samut Prakan,0873655158,fern.charoensuk138@example.co.th,2018-10-02
C00139,Anong,Wongchai,1963-05-13,M,Accountant,Ayutthaya,0860015814,anong.wongchai139@example.co.th,2019-06-17
C00140,Praew,Srisuk,2005-05-20,F,IT Specialist,Lampang,0826405605,praew.srisuk140@example.co.th,2022-08-10
C00141,Daeng,Phutthichai,1959-08-13,F,Shop Owner,Nakhon Ratchasima,0823905032,daeng.phutthichai141@example.co.th,2024-06-25
C00142,Pat,Sukhumvit,1968-11-18,M,Restaurant Owner,Krabi,0824524825,pat.sukhumvit142@example.co.th,2021-12-05
C00143,Boss,Limthongkul,1987-12-23,F,Sales,Khon Kaen,0840354559,boss.limthongkul143@example.co.th,2022-10-24
C00144,Boss,Limthongkul,2004-12-12,F,Government Officer,Bangkok,0834215035,boss.limthongkul144@example.co.th,2021-01-24
C00145,Nan,Thongdee,1985-06-27,M,Engineer,Samut Prakan,0829226889,nan.thongdee145@example.co.th,2024-05-08
C00146,Bua,Inthanon,1961-03-30,M,Teacher,Chonburi,0881200181,bua.inthanon146@example.co.th,2020-05-31
C00147,Eak,Phutthichai,1995-09-13,M,Shop Owner,Pathum Thani,0851827259,eak.phutthichai147@example.co.th,2026-02-03
C00148,Chai,Phromsiri,1962-08-15,M,Engineer,Chiang Mai,0892924837,chai.phromsiri148@example.co.th,2018-07-23
C00149,Bua,Wongchai,1979-05-31,F,Farmer,Hat Yai,0891480362,bua.wongchai149@example.co.th,2022-12-16
C00150,Fern,Suwanphon,1974-05-04,M,Shop Owner,Chiang Rai,0867702031,fern.suwanphon150@example.co.th,2019-03-31
C00151,Apinya,Phromsiri,1998-08-28,F,Government Officer,Chiang Rai,0839597483,apinya.phromsiri151@example.co.th,2022-06-07
C00152,Toon,Srisuk,1955-09-09,F,Doctor,Songkhla,0828419343,toon.srisuk152@example.co.th,2020-11-12
C00153,Apinya,Charoensuk,1965-10-06,F,Accountant,Bangkok,0867801537,apinya.charoensuk153@example.co.th,2019-12-21
C00154,Pim,Inthanon,2002-10-12,F,Teacher,Surat Thani,0863293990,pim.inthanon154@example.co.th,2026-04-28
C00155,Niran,Phutthichai,1956-09-06,M,Restaurant Owner,Hat Yai,0852018286,niran.phutthichai155@example.co.th,2024-06-16
C00156,Fern,Phromsiri,1991-04-14,F,Teacher,Ayutthaya,0864362516,fern.phromsiri156@example.co.th,2018-03-27
C00157,Chai,Kittikun,1996-04-11,M,Driver,Samut Prakan,0824208709,chai.kittikun157@example.co.th,2020-09-23
C00158,Fern,Phromsiri,1990-12-04,M,Driver,Chiang Rai,0851644346,fern.phromsiri158@example.co.th,2026-05-13
C00159,Chai,Rattanapan,1984-11-17,M,Office Worker,Nonthaburi,0894989976,chai.rattanapan159@example.co.th,2019-04-13
C00160,Pat,Saetang,1972-05-24,F,Accountant,Samut Prakan,0896629889,pat.saetang160@example.co.th,2019-08-28
C00161,Wichai,Phongphan,1968-02-20,M,Engineer,Udon Thani,0890852623,wichai.phongphan161@example.co.th,2019-09-19
C00162,Mai,Wongchai,1970-11-22,F,Hotel Staff,Krabi,0885663295,mai.wongchai162@example.co.th,2024-07-01
C00163,Nok,Phromsiri,1983-12-30,M,Farmer,Pathum Thani,0819165226,nok.phromsiri163@example.co.th,2023-04-05
C00164,Nok,Thongdee,1979-08-23,M,Shop Owner,Phitsanulok,0878093604,nok.thongdee164@example.co.th,2018-10-31
C00165,Apinya,Kanchanaburi,1995-07-18,M,Shop Owner,Chiang Mai,0848530827,apinya.kanchanaburi165@example.co.th,2018-11-11
C00166,Mint,Wongchai,2000-06-28,F,Sales,Rayong,0884399083,mint.wongchai166@example.co.th,2026-04-15
C00167,View,Srisuk,1995-05-07,M,Shop Owner,Phitsanulok,0891202508,view.srisuk167@example.co.th,2023-05-03
C00168,Pat,Chaiyaporn,1960-07-20,M,Hotel Staff,Hat Yai,0856095437,pat.chaiyaporn168@example.co.th,2026-01-04
C00169,Anong,Saetang,1970-06-25,M,Accountant,Chiang Mai,0868754920,anong.saetang169@example.co.th,2022-12-05
C00170,Pat,Saetang,1969-03-29,F,Construction Worker,Samut Prakan,0847969333,pat.saetang170@example.co.th,2022-05-06
C00171,Fern,Charoensuk,1959-09-12,M,Shop Owner,Pathum Thani,0822684373,fern.charoensuk171@example.co.th,2024-04-04
C00172,Bua,Inthanon,1980-06-28,M,Shop Owner,Udon Thani,0820939011,bua.inthanon172@example.co.th,2024-07-14
C00173,Bua,Chaiyaporn,1986-05-20,F,Engineer,Nakhon Ratchasima,0889865081,bua.chaiyaporn173@example.co.th,2025-12-13
C00174,Anong,Thongdee,2005-02-21,F,Restaurant Owner,Rayong,0827152188,anong.thongdee174@example.co.th,2025-07-07
C00175,Nan,Saetang,1963-05-21,F,Government Officer,Ayutthaya,0858667035,nan.saetang175@example.co.th,2021-06-19
C00176,Kanya,Sukhumvit,1985-08-28,M,Doctor,Krabi,0828463709,kanya.sukhumvit176@example.co.th,2019-09-27
C00177,Anong,Thongdee,1964-01-28,M,IT Specialist,Chiang Rai,0855199748,anong.thongdee177@example.co.th,2024-12-06
C00178,Pim,Chaisawat,1988-10-18,M,Engineer,Chonburi,0893851247,pim.chaisawat178@example.co.th,2019-11-10
C00179,Beam,Kanchanaburi,1958-12-02,F,IT Specialist,Ayutthaya,0841880763,beam.kanchanaburi179@example.co.th,2022-12-25
C00180,Toon,Thongdee,1995-04-11,M,Nurse,Surat Thani,0872950208,toon.thongdee180@example.co.th,2020-03-05
C00181,Daeng,Phromsiri,1994-07-12,F,Hotel Staff,Hat Yai,0861254050,daeng.phromsiri181@example.co.th,2023-08-22
C00182,Pat,Phutthichai,1969-07-16,M,Restaurant Owner,Songkhla,0843554863,pat.phutthichai182@example.co.th,2018-08-02
C00183,Mint,Watcharaphon,1988-04-20,M,Accountant,Lampang,0879244185,mint.watcharaphon183@example.co.th,2019-05-26
C00184,Apinya,Wongchai,1969-05-20,F,Construction Worker,Udon Thani,0878901038,apinya.wongchai184@example.co.th,2019-08-27
C00185,Bank,Phutthichai,1963-03-25,F,Construction Worker,Surat Thani,0856920514,bank.phutthichai185@example.co.th,2018-04-20
C00186,Fern,Srisuk,1990-07-27,F,Doctor,Chiang Rai,0861830338,fern.srisuk186@example.co.th,2018-12-01
C00187,Daeng,Rattanapan,1957-07-12,M,Restaurant Owner,Pathum Thani,0897236246,daeng.rattanapan187@example.co.th,2021-10-05
C00188,Earth,Chaiyaporn,1967-05-06,F,Construction Worker,Chiang Mai,0873411827,earth.chaiyaporn188@example.co.th,2025-10-22
C00189,Bank,Chaiyaporn,1997-01-31,M,Construction Worker,Hat Yai,0820633503,bank.chaiyaporn189@example.co.th,2018-03-19
C00190,Malee,Sukhumvit,1968-05-31,F,Teacher,Lampang,0848668339,malee.sukhumvit190@example.co.th,2020-08-31
C00191,Apinya,Phongphan,1959-04-14,F,IT Specialist,Surat Thani,0893592219,apinya.phongphan191@example.co.th,2023-02-16
C00192,Anong,Phongphan,1999-11-04,M,IT Specialist,Trang,0879172559,anong.phongphan192@example.co.th,2024-06-13
C00193,Wichai,Chaiyaporn,1981-02-17,M,Sales,Ayutthaya,0857354167,wichai.chaiyaporn193@example.co.th,2020-09-12
C00194,Tee,Phutthichai,1971-10-21,F,Teacher,Phuket,0880606503,tee.phutthichai194@example.co.th,2024-02-07
C00195,Pat,Saetang,2004-09-18,F,Restaurant Owner,Bangkok,0873100462,pat.saetang195@example.co.th,2018-06-28
C00196,Mint,Inthanon,1988-06-28,M,Shop Owner,Udon Thani,0819067690,mint.inthanon196@example.co.th,2021-11-13
C00197,Wichai,Phongphan,1984-10-30,M,Shop Owner,Chonburi,0883284724,wichai.phongphan197@example.co.th,2021-10-18
C00198,Bank,Kittikun,1996-09-06,M,Hotel Staff,Krabi,0828099607,bank.kittikun198@example.co.th,2018-09-16
C00199,Nan,Kanchanaburi,1958-04-26,M,Government Officer,Nakhon Ratchasima,0836772387,nan.kanchanaburi199@example.co.th,2018-06-21
C00200,Chai,Thongdee,2001-03-28,F,Nurse,Rayong,0814915156,chai.thongdee200@example.co.th,2025-04-03
C00201,Tawan,Thongdee,1987-01-10,F,Nurse,Chiang Mai,0826706752,tawan.thongdee201@example.co.th,2022-02-16
C00202,Fern,Inthanon,1994-06-14,F,Engineer,Rayong,0876599269,fern.inthanon202@example.co.th,2025-10-05
C00203,Ploy,Sangthong,2001-08-02,M,Accountant,Udon Thani,0866975380,ploy.sangthong203@example.co.th,2018-11-20
C00204,Fern,Chaisawat,1971-03-11,F,Shop Owner,Lampang,0823770458,fern.chaisawat204@example.co.th,2018-11-24
C00205,Chai,Thongdee,1982-07-01,F,Engineer,Hat Yai,0869580374,chai.thongdee205@example.co.th,2021-12-10
C00206,Nok,Srisuk,1986-08-18,F,Nurse,Trang,0895828117,nok.srisuk206@example.co.th,2018-08-23
C00207,Anong,Inthanon,1987-08-05,M,Government Officer,Chiang Rai,0829163535,anong.inthanon207@example.co.th,2024-10-24
C00208,Bua,Kanchanaburi,1958-02-14,M,Doctor,Chonburi,0896592295,bua.kanchanaburi208@example.co.th,2022-02-09
C00209,Daeng,Inthanon,2005-11-21,M,IT Specialist,Chiang Mai,0870387584,daeng.inthanon209@example.co.th,2022-02-28
C00210,Daeng,Kanchanaburi,1961-11-24,M,Office Worker,Phitsanulok,0859251188,daeng.kanchanaburi210@example.co.th,2022-06-19
C00211,Chai,Suwanphon,1977-05-24,M,Accountant,Khon Kaen,0834970946,chai.suwanphon211@example.co.th,2023-08-07
C00212,Pat,Inthanon,2005-05-22,F,Hotel Staff,Khon Kaen,0844935501,pat.inthanon212@example.co.th,2025-11-23
C00213,Nok,Sukhumvit,1980-08-14,M,Teacher,Krabi,0828217159,nok.sukhumvit213@example.co.th,2018-10-31
C00214,Nok,Kittikun,1994-12-07,F,IT Specialist,Phuket,0856630633,nok.kittikun214@example.co.th,2025-12-16
C00215,Anong,Limthongkul,2003-08-22,F,Restaurant Owner,Nakhon Ratchasima,0831139996,anong.limthongkul215@example.co.th,2025-12-25
C00216,Nan,Kittikun,1987-06-07,M,Teacher,Chiang Rai,0836975128,nan.kittikun216@example.co.th,2019-07-23
C00217,Wichai,Watcharaphon,1957-05-11,F,Farmer,Samut Prakan,0884040798,wichai.watcharaphon217@example.co.th,2019-06-16
C00218,Toon,Wongchai,1960-11-24,F,Accountant,Nakhon Ratchasima,0874245343,toon.wongchai218@example.co.th,2023-11-24
C00219,Fern,Phutthichai,1961-08-13,F,IT Specialist,Chonburi,0819954260,fern.phutthichai219@example.co.th,2023-01-18
C00220,Nok,Saetang,1985-11-28,M,Hotel Staff,Chonburi,0827318510,nok.saetang220@example.co.th,2022-11-08
C00221,Pat,Srisuk,1966-02-20,M,Nurse,Chiang Rai,0832099899,pat.srisuk221@example.co.th,2019-10-26
C00222,Chai,Rattanapan,1986-01-16,F,Restaurant Owner,Chiang Rai,0820584397,chai.rattanapan222@example.co.th,2020-10-23
C00223,Tawan,Limthongkul,1979-08-16,F,Sales,Chonburi,0881602209,tawan.limthongkul223@example.co.th,2019-01-18
C00224,Pat,Kittikun,1968-10-31,F,Restaurant Owner,Nonthaburi,0885647532,pat.kittikun224@example.co.th,2018-06-18
C00225,Bank,Boonmee,1962-04-15,F,IT Specialist,Chiang Mai,0838294221,bank.boonmee225@example.co.th,2024-06-01
C00226,Fern,Chaisawat,1957-09-19,F,IT Specialist,Krabi,0850546385,fern.chaisawat226@example.co.th,2023-06-02
C00227,Wichai,Inthanon,1981-09-07,M,Accountant,Hat Yai,0818041391,wichai.inthanon227@example.co.th,2019-10-10
C00228,Nok,Phutthichai,1998-06-11,M,Shop Owner,Hat Yai,0891424562,nok.phutthichai228@example.co.th,2019-08-12
C00229,Chai,Charoensuk,1985-12-26,M,Hotel Staff,Rayong,0859733063,chai.charoensuk229@example.co.th,2023-10-11
C00230,Praew,Phongphan,1983-08-18,F,Teacher,Surat Thani,0845899440,praew.phongphan230@example.co.th,2023-01-16
C00231,Wichai,Chaiyaporn,1963-09-08,F,Driver,Chiang Mai,0892594562,wichai.chaiyaporn231@example.co.th,2022-09-09
C00232,Wichai,Kittikun,1984-05-17,F,Doctor,Phitsanulok,0831386576,wichai.kittikun232@example.co.th,2023-08-03
C00233,Pat,Kanchanaburi,1999-09-30,F,Government Officer,Nakhon Ratchasima,0822086184,pat.kanchanaburi233@example.co.th,2022-05-30
C00234,Pat,Kanchanaburi,1976-08-06,F,Government Officer,Songkhla,0816783418,pat.kanchanaburi234@example.co.th,2021-02-26
C00235,Ploy,Chaisawat,1997-03-21,M,Restaurant Owner,Nakhon Ratchasima,0824428014,ploy.chaisawat235@example.co.th,2022-11-01
C00236,Pim,Suwanphon,1987-10-25,F,Government Officer,Rayong,0863765155,pim.suwanphon236@example.co.th,2018-07-29
C00237,Tee,Limthongkul,1972-06-18,F,Teacher,Samut Prakan,0861854861,tee.limthongkul237@example.co.th,2023-08-28
C00238,Nok,Limthongkul,1980-02-04,M,Engineer,Trang,0822976369,nok.limthongkul238@example.co.th,2022-06-02
C00239,Daeng,Charoensuk,2005-01-17,M,Doctor,Samut Prakan,0890861208,daeng.charoensuk239@example.co.th,2023-09-17
C00240,Eak,Saetang,1958-08-12,M,Engineer,Chiang Mai,0854699966,eak.saetang240@example.co.th,2023-04-25
C00241,Pat,Kanchanaburi,1968-05-12,M,Shop Owner,Trang,0892284610,pat.kanchanaburi241@example.co.th,2021-07-28
C00242,Kanya,Inthanon,1981-11-05,F,Office Worker,Phitsanulok,0878412668,kanya.inthanon242@example.co.th,2023-12-21
C00243,Ploy,Phromsiri,1981-11-23,M,Shop Owner,Krabi,0854458225,ploy.phromsiri243@example.co.th,2025-07-22
C00244,Suda,Phutthichai,1982-08-08,F,Nurse,Bangkok,0897991930,suda.phutthichai244@example.co.th,2024-06-27
C00245,Tee,Rattanapan,1959-08-10,F,Engineer,Phitsanulok,0880361272,tee.rattanapan245@example.co.th,2025-01-20
C00246,Beam,Chaisawat,1989-02-09,M,Government Officer,Chonburi,0886849080,beam.chaisawat246@example.co.th,2025-11-09
C00247,Suda,Sukhumvit,1956-09-12,F,Driver,Hat Yai,0830324759,suda.sukhumvit247@example.co.th,2022-08-19
C00248,Nan,Sukhumvit,1991-10-26,F,Restaurant Owner,Chiang Rai,0818359252,nan.sukhumvit248@example.co.th,2025-11-30
C00249,Pim,Saetang,1973-08-08,F,IT Specialist,Lampang,0874205866,pim.saetang249@example.co.th,2023-11-23
C00250,Eak,Charoensuk,1970-07-15,F,Office Worker,Hat Yai,0857551594,eak.charoensuk250@example.co.th,2025-07-31
C00251,Mai,Suwanphon,1998-06-09,M,Nurse,Songkhla,0884905122,mai.suwanphon251@example.co.th,2021-05-07
C00252,Wichai,Thongdee,1980-12-05,F,Shop Owner,Songkhla,0874398125,wichai.thongdee252@example.co.th,2021-11-29
C00253,Praew,Suwanphon,1980-10-26,F,Construction Worker,Khon Kaen,0862953249,praew.suwanphon253@example.co.th,2021-11-14
C00254,Mai,Chaiyaporn,1981-01-21,F,Accountant,Chiang Mai,0820607151,mai.chaiyaporn254@example.co.th,2021-11-19
C00255,Mild,Kanchanaburi,1978-01-03,M,Doctor,Krabi,0882286705,mild.kanchanaburi255@example.co.th,2021-01-15
C00256,Mild,Limthongkul,1979-05-15,M,Sales,Chonburi,0888763056,mild.limthongkul256@example.co.th,2020-09-07
C00257,Wichai,Srisuk,2002-08-23,M,Government Officer,Surat Thani,0823448342,wichai.srisuk257@example.co.th,2022-08-20
C00258,Chai,Watcharaphon,1964-01-08,M,Office Worker,Chonburi,0831198492,chai.watcharaphon258@example.co.th,2022-07-25
C00259,Mint,Watcharaphon,1997-11-01,F,Shop Owner,Songkhla,0848307798,mint.watcharaphon259@example.co.th,2025-03-30
C00260,Niran,Wongchai,1975-11-01,M,Construction Worker,Lampang,0833496796,niran.wongchai260@example.co.th,2022-09-08
C00261,View,Kittikun,1958-04-05,F,Engineer,Rayong,0848851599,view.kittikun261@example.co.th,2018-06-03
C00262,Somchai,Thongdee,2005-12-14,M,Construction Worker,Trang,0854968591,somchai.thongdee262@example.co.th,2021-03-11
C00263,Nok,Limthongkul,2002-01-14,M,Restaurant Owner,Krabi,0877674279,nok.limthongkul263@example.co.th,2023-04-02
C00264,Malee,Sukhumvit,1965-02-08,M,Accountant,Pathum Thani,0871594457,malee.sukhumvit264@example.co.th,2025-04-09
C00265,Malee,Kittikun,1956-04-06,F,Sales,Pathum Thani,0835925669,malee.kittikun265@example.co.th,2019-12-20
C00266,Toon,Inthanon,1993-05-15,F,Teacher,Chiang Rai,0863798927,toon.inthanon266@example.co.th,2025-07-04
C00267,Suda,Kittikun,1967-08-13,F,Construction Worker,Krabi,0843292316,suda.kittikun267@example.co.th,2018-01-28
C00268,Malee,Inthanon,1976-02-17,F,Shop Owner,Hat Yai,0850526484,malee.inthanon268@example.co.th,2024-07-13
C00269,Beam,Phromsiri,1956-01-10,F,Accountant,Udon Thani,0841715995,beam.phromsiri269@example.co.th,2018-09-12
C00270,Bua,Phongphan,1996-10-02,M,Driver,Nakhon Ratchasima,0877447155,bua.phongphan270@example.co.th,2025-11-21
C00271,Mai,Thongdee,1965-07-14,F,Sales,Nakhon Ratchasima,0839641883,mai.thongdee271@example.co.th,2020-06-16
C00272,Pim,Watcharaphon,1968-09-28,F,Driver,Hat Yai,0883717007,pim.watcharaphon272@example.co.th,2023-04-13
C00273,Mai,Limthongkul,1974-08-05,M,Office Worker,Surat Thani,0869961498,mai.limthongkul273@example.co.th,2023-12-04
C00274,Nan,Sangthong,1962-01-03,M,Government Officer,Phitsanulok,0883504237,nan.sangthong274@example.co.th,2023-09-02
C00275,Tawan,Phromsiri,2003-02-23,M,Shop Owner,Chonburi,0879839059,tawan.phromsiri275@example.co.th,2022-12-15
C00276,Suda,Sukhumvit,1998-11-08,F,Hotel Staff,Phuket,0817467311,suda.sukhumvit276@example.co.th,2023-02-01
C00277,Pim,Saetang,1992-04-08,M,Office Worker,Hat Yai,0872059365,pim.saetang277@example.co.th,2025-07-18
C00278,Earth,Thongdee,1956-12-14,F,Restaurant Owner,Rayong,0810404729,earth.thongdee278@example.co.th,2026-05-13
C00279,Tawan,Phromsiri,1961-07-21,F,Shop Owner,Chiang Mai,0818557710,tawan.phromsiri279@example.co.th,2024-01-26
C00280,Niran,Wongchai,1997-05-08,F,Driver,Chiang Mai,0834156684,niran.wongchai280@example.co.th,2019-07-09
C00281,Mai,Phutthichai,1988-08-05,F,Restaurant Owner,Rayong,0860666702,mai.phutthichai281@example.co.th,2022-03-19
C00282,Anong,Limthongkul,1966-12-06,M,Engineer,Samut Prakan,0882109613,anong.limthongkul282@example.co.th,2022-05-29
C00283,Pat,Chaiyaporn,1974-12-24,M,Nurse,Bangkok,0872143331,pat.chaiyaporn283@example.co.th,2025-07-21
C00284,Beam,Limthongkul,1993-01-18,F,Restaurant Owner,Lampang,0840824989,beam.limthongkul284@example.co.th,2020-10-10
C00285,Nok,Sangthong,1968-12-01,M,Construction Worker,Udon Thani,0825145751,nok.sangthong285@example.co.th,2018-05-12
C00286,Earth,Phutthichai,1956-05-27,M,Teacher,Surat Thani,0823542127,earth.phutthichai286@example.co.th,2024-08-29
C00287,Niran,Kanchanaburi,1959-05-15,M,Driver,Surat Thani,0868916591,niran.kanchanaburi287@example.co.th,2020-08-17
C00288,Praew,Sukhumvit,1960-01-24,F,Doctor,Chonburi,0887324220,praew.sukhumvit288@example.co.th,2021-07-30
C00289,Tee,Chaisawat,1983-10-08,F,Construction Worker,Surat Thani,0829228089,tee.chaisawat289@example.co.th,2025-05-28
C00290,Pat,Rattanapan,1992-02-07,F,Government Officer,Nakhon Ratchasima,0884721440,pat.rattanapan290@example.co.th,2024-08-20
C00291,View,Kittikun,1993-04-29,F,Government Officer,Lampang,0856226575,view.kittikun291@example.co.th,2025-03-20
C00292,Bua,Inthanon,2002-01-19,F,Driver,Pathum Thani,0830027648,bua.inthanon292@example.co.th,2021-05-13
C00293,Eak,Kittikun,2003-04-05,M,Restaurant Owner,Krabi,0840245233,eak.kittikun293@example.co.th,2021-05-16
C00294,Boss,Chaiyaporn,1996-07-16,F,Driver,Chiang Mai,0884797762,boss.chaiyaporn294@example.co.th,2023-12-11
C00295,Pim,Inthanon,1976-10-14,M,Shop Owner,Udon Thani,0896799390,pim.inthanon295@example.co.th,2018-11-20
C00296,Mild,Kanchanaburi,1988-04-16,M,Government Officer,Phuket,0846032304,mild.kanchanaburi296@example.co.th,2022-03-25
C00297,Bua,Chaisawat,1958-07-19,M,Hotel Staff,Phuket,0888864147,bua.chaisawat297@example.co.th,2026-02-14
C00298,Bua,Limthongkul,1974-06-21,M,Restaurant Owner,Krabi,0854689713,bua.limthongkul298@example.co.th,2021-05-26
C00299,Mild,Boonmee,1974-01-01,M,Accountant,Songkhla,0874279671,mild.boonmee299@example.co.th,2020-09-20
C00300,Nan,Chaisawat,1973-05-07,M,Office Worker,Rayong,0853166435,nan.chaisawat300@example.co.th,2021-03-05
C00301,Eak,Kanchanaburi,2002-11-16,F,Nurse,Samut Prakan,0858270683,eak.kanchanaburi301@example.co.th,2023-10-02
C00302,View,Watcharaphon,1996-10-22,F,Hotel Staff,Khon Kaen,0852980983,view.watcharaphon302@example.co.th,2020-04-12
C00303,Daeng,Charoensuk,1992-02-19,M,Accountant,Chiang Mai,0829585415,daeng.charoensuk303@example.co.th,2018-03-08
C00304,Malee,Limthongkul,1992-06-18,M,Doctor,Nakhon Ratchasima,0854273769,malee.limthongkul304@example.co.th,2020-07-31
C00305,Eak,Phromsiri,1977-01-17,F,Nurse,Krabi,0875581613,eak.phromsiri305@example.co.th,2026-02-11
C00306,Mint,Watcharaphon,1996-05-05,F,Engineer,Nonthaburi,0828784915,mint.watcharaphon306@example.co.th,2026-01-29
C00307,Praew,Watcharaphon,1971-07-06,M,Office Worker,Lampang,0814539747,praew.watcharaphon307@example.co.th,2018-11-01
C00308,Bank,Srisuk,1955-07-29,M,Restaurant Owner,Ayutthaya,0894651342,bank.srisuk308@example.co.th,2020-08-05
C00309,Anong,Chaiyaporn,1955-10-27,F,Shop Owner,Songkhla,0818113477,anong.chaiyaporn309@example.co.th,2024-12-05
C00310,Mint,Chaisawat,1998-05-08,M,Government Officer,Krabi,0881432350,mint.chaisawat310@example.co.th,2024-03-09
C00311,Fern,Boonmee,1956-07-02,F,Office Worker,Chiang Rai,0848478684,fern.boonmee311@example.co.th,2018-03-12
C00312,Pat,Phutthichai,1971-01-31,M,Office Worker,Khon Kaen,0829984682,pat.phutthichai312@example.co.th,2020-09-14
C00313,Tawan,Chaisawat,2002-03-25,F,Nurse,Udon Thani,0863270536,tawan.chaisawat313@example.co.th,2018-11-20
C00314,Daeng,Inthanon,1996-03-06,M,Accountant,Phitsanulok,0840314047,daeng.inthanon314@example.co.th,2021-05-13
C00315,Bua,Wongchai,1957-11-04,F,Driver,Phuket,0860622842,bua.wongchai315@example.co.th,2024-03-13
C00316,Ploy,Srisuk,1955-11-06,M,Farmer,Nonthaburi,0868238367,ploy.srisuk316@example.co.th,2025-03-26
C00317,Earth,Charoensuk,2005-10-06,M,Doctor,Khon Kaen,0838375916,earth.charoensuk317@example.co.th,2025-10-06
C00318,View,Phromsiri,1997-08-29,M,Construction Worker,Udon Thani,0819978827,view.phromsiri318@example.co.th,2025-09-04
C00319,Mild,Suwanphon,2003-09-20,M,Engineer,Phitsanulok,0852209421,mild.suwanphon319@example.co.th,2018-03-06
C00320,Tawan,Phromsiri,1967-12-08,M,Nurse,Rayong,0831803703,tawan.phromsiri320@example.co.th,2024-04-28
C00321,Wichai,Phromsiri,1989-11-29,F,Driver,Lampang,0828783850,wichai.phromsiri321@example.co.th,2025-09-24
C00322,Beam,Wongchai,1999-12-05,M,Teacher,Samut Prakan,0868664992,beam.wongchai322@example.co.th,2020-08-08
C00323,Bank,Wongchai,1985-07-22,F,Hotel Staff,Trang,0853805532,bank.wongchai323@example.co.th,2018-05-02
C00324,Mint,Suwanphon,1995-06-03,M,Shop Owner,Krabi,0884227466,mint.suwanphon324@example.co.th,2022-03-18
C00325,Fern,Kittikun,1989-02-05,F,Hotel Staff,Phuket,0843077929,fern.kittikun325@example.co.th,2025-12-30
C00326,Anong,Wongchai,1979-01-15,F,Accountant,Chonburi,0895080736,anong.wongchai326@example.co.th,2019-09-24
C00327,Beam,Inthanon,1983-05-30,M,Teacher,Samut Prakan,0810697290,beam.inthanon327@example.co.th,2021-06-16
C00328,Nok,Sangthong,1979-03-15,M,Teacher,Khon Kaen,0835151299,nok.sangthong328@example.co.th,2022-11-01
C00329,Nok,Limthongkul,2004-10-07,F,Teacher,Chiang Rai,0813524813,nok.limthongkul329@example.co.th,2019-01-03
C00330,Daeng,Limthongkul,1963-05-08,F,Restaurant Owner,Trang,0861705758,daeng.limthongkul330@example.co.th,2018-02-20
C00331,Apinya,Phutthichai,1989-10-16,M,Sales,Phuket,0879941466,apinya.phutthichai331@example.co.th,2019-11-26
C00332,Bua,Inthanon,1970-03-17,F,Nurse,Chonburi,0846024950,bua.inthanon332@example.co.th,2023-07-13
C00333,Pim,Wongchai,1970-01-01,F,Driver,Ayutthaya,0850232066,pim.wongchai333@example.co.th,2023-06-07
C00334,Earth,Wongchai,1987-05-26,M,Accountant,Udon Thani,0893890601,earth.wongchai334@example.co.th,2023-07-24
C00335,Toon,Chaisawat,1972-07-17,M,Engineer,Hat Yai,0850890504,toon.chaisawat335@example.co.th,2018-01-28
C00336,Eak,Charoensuk,1989-01-30,F,Shop Owner,Pathum Thani,0867796330,eak.charoensuk336@example.co.th,2025-04-20
C00337,Toon,Chaiyaporn,1981-12-14,M,Farmer,Pathum Thani,0852168966,toon.chaiyaporn337@example.co.th,2019-12-29
C00338,Eak,Charoensuk,1981-02-23,M,Shop Owner,Krabi,0860473288,eak.charoensuk338@example.co.th,2021-02-22
C00339,Bank,Inthanon,1987-09-30,M,Sales,Khon Kaen,0883233096,bank.inthanon339@example.co.th,2020-01-07
C00340,Bua,Limthongkul,1957-05-31,M,Farmer,Hat Yai,0849101812,bua.limthongkul340@example.co.th,2025-10-08
C00341,Anong,Phutthichai,1999-10-18,F,Doctor,Chonburi,0843914361,anong.phutthichai341@example.co.th,2025-05-21
C00342,Pim,Phutthichai,1988-10-27,F,Sales,Phuket,0874321792,pim.phutthichai342@example.co.th,2024-07-12
C00343,Eak,Limthongkul,2000-06-13,M,Hotel Staff,Ayutthaya,0858255231,eak.limthongkul343@example.co.th,2025-11-13
C00344,View,Limthongkul,1962-08-16,M,IT Specialist,Khon Kaen,0899213703,view.limthongkul344@example.co.th,2021-12-25
C00345,Kanya,Chaisawat,1958-12-22,F,Hotel Staff,Phitsanulok,0854506155,kanya.chaisawat345@example.co.th,2022-10-30
C00346,Suda,Boonmee,1963-11-06,M,Office Worker,Udon Thani,0879631857,suda.boonmee346@example.co.th,2024-04-04
C00347,Tee,Phromsiri,1974-10-30,F,Driver,Hat Yai,0872151291,tee.phromsiri347@example.co.th,2025-08-15
C00348,Tee,Saetang,1968-07-10,M,Farmer,Samut Prakan,0824032377,tee.saetang348@example.co.th,2021-04-25
C00349,Fern,Wongchai,1965-05-31,F,Nurse,Chonburi,0856045630,fern.wongchai349@example.co.th,2023-02-09
C00350,Earth,Sukhumvit,2001-10-01,F,Farmer,Krabi,0823102741,earth.sukhumvit350@example.co.th,2022-11-30
C00351,Beam,Kanchanaburi,1983-08-12,F,Government Officer,Phuket,0825446483,beam.kanchanaburi351@example.co.th,2018-04-03
C00352,Boss,Charoensuk,1964-10-23,M,Office Worker,Nonthaburi,0833414716,boss.charoensuk352@example.co.th,2024-03-10
C00353,Kanya,Charoensuk,2005-03-24,F,Doctor,Ayutthaya,0864364546,kanya.charoensuk353@example.co.th,2025-01-23
C00354,Kanya,Kittikun,1993-10-08,M,Accountant,Rayong,0892424037,kanya.kittikun354@example.co.th,2020-03-19
C00355,Nok,Phromsiri,1993-07-15,M,Accountant,Rayong,0838829445,nok.phromsiri355@example.co.th,2020-04-22
C00356,Malee,Wongchai,1964-02-17,M,Shop Owner,Lampang,0853752954,malee.wongchai356@example.co.th,2020-03-18
C00357,Nok,Phongphan,1978-07-15,F,Sales,Krabi,0862162278,nok.phongphan357@example.co.th,2024-11-08
C00358,Eak,Phromsiri,1965-04-01,F,Restaurant Owner,Samut Prakan,0871453007,eak.phromsiri358@example.co.th,2024-12-03
C00359,Kanya,Thongdee,1962-08-09,F,Teacher,Chonburi,0842020689,kanya.thongdee359@example.co.th,2021-06-04
C00360,Suda,Kittikun,1988-06-28,F,Driver,Chonburi,0890050918,suda.kittikun360@example.co.th,2019-07-19
C00361,Tee,Inthanon,1992-12-14,F,IT Specialist,Nonthaburi,0882125824,tee.inthanon361@example.co.th,2025-10-11
C00362,Mild,Kittikun,2004-10-13,F,Nurse,Nonthaburi,0828830282,mild.kittikun362@example.co.th,2020-02-06
C00363,Chai,Kanchanaburi,1959-10-23,M,Farmer,Samut Prakan,0828325379,chai.kanchanaburi363@example.co.th,2020-03-10
C00364,Bank,Inthanon,2005-05-19,F,Driver,Chiang Rai,0875998330,bank.inthanon364@example.co.th,2022-08-30
C00365,Nan,Kanchanaburi,1998-11-04,M,Sales,Nonthaburi,0814142053,nan.kanchanaburi365@example.co.th,2020-06-22
C00366,Apinya,Srisuk,1979-08-29,F,Engineer,Surat Thani,0871380637,apinya.srisuk366@example.co.th,2024-05-05
C00367,Beam,Watcharaphon,2004-04-26,M,Sales,Chiang Rai,0825328557,beam.watcharaphon367@example.co.th,2021-01-02
C00368,Mai,Limthongkul,1987-11-30,M,Hotel Staff,Lampang,0869239219,mai.limthongkul368@example.co.th,2024-02-16
C00369,Tawan,Phutthichai,1964-03-09,F,Restaurant Owner,Surat Thani,0814325890,tawan.phutthichai369@example.co.th,2023-01-17
C00370,Malee,Sangthong,1962-10-21,M,Hotel Staff,Hat Yai,0841802361,malee.sangthong370@example.co.th,2020-05-09
C00371,Earth,Phromsiri,1986-06-16,F,Engineer,Trang,0892698414,earth.phromsiri371@example.co.th,2019-07-25
C00372,Earth,Sukhumvit,1973-07-26,F,Office Worker,Chiang Mai,0847726592,earth.sukhumvit372@example.co.th,2024-09-10
C00373,Praew,Kittikun,1984-01-14,F,Sales,Nakhon Ratchasima,0845882178,praew.kittikun373@example.co.th,2023-10-09
C00374,View,Phongphan,1967-03-01,M,Nurse,Ayutthaya,0898032908,view.phongphan374@example.co.th,2019-06-04
C00375,Nan,Chaiyaporn,1977-05-26,F,Restaurant Owner,Chonburi,0843226234,nan.chaiyaporn375@example.co.th,2025-08-01
C00376,Eak,Watcharaphon,1967-10-03,F,IT Specialist,Phitsanulok,0865596350,eak.watcharaphon376@example.co.th,2022-03-17
C00377,Nok,Wongchai,1963-05-09,F,Accountant,Rayong,0859535894,nok.wongchai377@example.co.th,2023-02-06
C00378,Ploy,Charoensuk,1955-03-23,F,IT Specialist,Phuket,0899139874,ploy.charoensuk378@example.co.th,2025-10-27
C00379,Daeng,Wongchai,2002-12-12,M,Driver,Rayong,0838434222,daeng.wongchai379@example.co.th,2023-07-20
C00380,Malee,Charoensuk,1980-06-10,M,Sales,Pathum Thani,0875140950,malee.charoensuk380@example.co.th,2021-11-08
C00381,View,Srisuk,1959-02-14,F,Government Officer,Khon Kaen,0826674831,view.srisuk381@example.co.th,2019-10-10
C00382,Nok,Kanchanaburi,1955-01-23,M,Accountant,Ayutthaya,0827705074,nok.kanchanaburi382@example.co.th,2025-04-16
C00383,Apinya,Kittikun,1979-08-02,F,Nurse,Phuket,0821062296,apinya.kittikun383@example.co.th,2022-03-04
C00384,Bua,Kittikun,1959-08-24,F,Accountant,Rayong,0841426254,bua.kittikun384@example.co.th,2022-10-25
C00385,Mint,Wongchai,1963-07-16,M,Farmer,Bangkok,0820460758,mint.wongchai385@example.co.th,2019-06-28
C00386,Tee,Rattanapan,2001-08-08,M,Government Officer,Hat Yai,0856113741,tee.rattanapan386@example.co.th,2019-05-09
C00387,Boss,Phutthichai,1966-11-10,M,Doctor,Krabi,0861414775,boss.phutthichai387@example.co.th,2019-01-01
C00388,Beam,Phongphan,1964-04-04,F,Construction Worker,Pathum Thani,0850165370,beam.phongphan388@example.co.th,2019-07-16
C00389,Eak,Chaiyaporn,1967-10-26,M,Sales,Phuket,0897244236,eak.chaiyaporn389@example.co.th,2019-11-04
C00390,Nok,Sangthong,1974-02-11,F,Sales,Chonburi,0869375757,nok.sangthong390@example.co.th,2020-06-08
C00391,Anong,Phongphan,1967-07-24,F,Shop Owner,Khon Kaen,0867631581,anong.phongphan391@example.co.th,2021-07-12
C00392,Earth,Chaiyaporn,1977-03-25,M,Doctor,Udon Thani,0884275638,earth.chaiyaporn392@example.co.th,2024-09-27
C00393,Toon,Chaisawat,1980-07-24,F,Doctor,Bangkok,0879491111,toon.chaisawat393@example.co.th,2024-10-21
C00394,Pat,Sukhumvit,1990-02-22,M,Hotel Staff,Nakhon Ratchasima,0842123815,pat.sukhumvit394@example.co.th,2023-07-21
C00395,Eak,Phongphan,1976-08-17,M,Office Worker,Krabi,0811619606,eak.phongphan395@example.co.th,2022-01-19
C00396,Mild,Charoensuk,1966-11-03,F,Shop Owner,Rayong,0883330690,mild.charoensuk396@example.co.th,2025-08-29
C00397,Kanya,Watcharaphon,1961-07-19,M,Government Officer,Bangkok,0845189912,kanya.watcharaphon397@example.co.th,2020-06-02
C00398,Niran,Srisuk,1990-09-14,F,IT Specialist,Chiang Rai,0877249653,niran.srisuk398@example.co.th,2022-08-29
C00399,Fern,Inthanon,1962-05-24,M,Nurse,Lampang,0821220209,fern.inthanon399@example.co.th,2021-06-23
C00400,Anong,Saetang,1973-03-25,F,Driver,Chonburi,0888710263,anong.saetang400@example.co.th,2025-02-11
C00401,Mai,Wongchai,1982-10-29,M,Government Officer,Ayutthaya,0842813517,mai.wongchai401@example.co.th,2018-12-20
C00402,Mild,Phutthichai,1965-05-28,M,Nurse,Hat Yai,0899399687,mild.phutthichai402@example.co.th,2026-04-26
C00403,Bua,Kittikun,1965-09-18,M,Accountant,Bangkok,0811523452,bua.kittikun403@example.co.th,2019-11-03
C00404,Ploy,Sangthong,2001-12-02,F,Engineer,Chiang Rai,0859911470,ploy.sangthong404@example.co.th,2019-06-04
C00405,Beam,Suwanphon,1965-08-04,F,Hotel Staff,Bangkok,0867622968,beam.suwanphon405@example.co.th,2021-01-19
C00406,Pat,Wongchai,1978-08-04,M,Farmer,Phitsanulok,0871095611,pat.wongchai406@example.co.th,2023-09-24
C00407,Daeng,Srisuk,1999-10-28,M,Shop Owner,Phitsanulok,0831113788,daeng.srisuk407@example.co.th,2020-11-10
C00408,Mai,Phongphan,1965-05-07,M,Government Officer,Surat Thani,0811649277,mai.phongphan408@example.co.th,2020-09-28
C00409,Niran,Watcharaphon,1987-08-27,M,Engineer,Rayong,0814746418,niran.watcharaphon409@example.co.th,2024-03-14
C00410,Earth,Phutthichai,1975-02-21,M,Driver,Pathum Thani,0852940967,earth.phutthichai410@example.co.th,2021-01-16
C00411,Bank,Wongchai,1988-06-12,M,Engineer,Khon Kaen,0839955391,bank.wongchai411@example.co.th,2023-10-14
C00412,Niran,Inthanon,1961-03-08,F,Hotel Staff,Hat Yai,0851701149,niran.inthanon412@example.co.th,2021-09-02
C00413,Anong,Limthongkul,1995-12-23,F,Doctor,Bangkok,0849137230,anong.limthongkul413@example.co.th,2024-04-28
C00414,Earth,Thongdee,1976-10-05,F,Sales,Hat Yai,0876217748,earth.thongdee414@example.co.th,2020-03-11
C00415,Beam,Limthongkul,1976-12-28,M,Construction Worker,Chonburi,0865034115,beam.limthongkul415@example.co.th,2018-04-08
C00416,Wichai,Limthongkul,1986-01-29,F,Government Officer,Bangkok,0898221829,wichai.limthongkul416@example.co.th,2022-03-22
C00417,Boss,Thongdee,1964-04-29,M,Driver,Songkhla,0876038997,boss.thongdee417@example.co.th,2018-09-03
C00418,Pim,Suwanphon,1963-05-07,M,Construction Worker,Chiang Mai,0879760901,pim.suwanphon418@example.co.th,2022-08-19
C00419,Nan,Sangthong,1996-02-17,M,Office Worker,Phuket,0827919925,nan.sangthong419@example.co.th,2025-02-23
C00420,Bank,Inthanon,1961-09-18,M,Driver,Phitsanulok,0898911718,bank.inthanon420@example.co.th,2019-06-20
C00421,Wichai,Thongdee,1978-06-01,F,Accountant,Pathum Thani,0853788744,wichai.thongdee421@example.co.th,2021-07-26
C00422,Nok,Suwanphon,1975-12-16,M,Engineer,Phuket,0888478184,nok.suwanphon422@example.co.th,2019-03-23
C00423,Pim,Phongphan,1969-09-30,F,Shop Owner,Hat Yai,0864561191,pim.phongphan423@example.co.th,2019-05-10
C00424,Praew,Sangthong,1973-08-17,F,Farmer,Hat Yai,0845568761,praew.sangthong424@example.co.th,2019-05-07
C00425,Anong,Kittikun,1982-04-17,M,Doctor,Trang,0853995720,anong.kittikun425@example.co.th,2019-08-31
C00426,Anong,Rattanapan,1986-11-30,M,IT Specialist,Rayong,0850109721,anong.rattanapan426@example.co.th,2020-12-01
C00427,Bank,Kittikun,1957-10-15,F,Office Worker,Rayong,0883835976,bank.kittikun427@example.co.th,2020-10-20
C00428,Suda,Kanchanaburi,1964-02-22,M,Government Officer,Chonburi,0818277097,suda.kanchanaburi428@example.co.th,2020-06-29
C00429,Pim,Sukhumvit,1990-12-09,M,Sales,Samut Prakan,0888667527,pim.sukhumvit429@example.co.th,2020-11-26
C00430,Mild,Wongchai,1956-12-15,M,Construction Worker,Phuket,0896702893,mild.wongchai430@example.co.th,2022-12-22
C00431,Earth,Chaiyaporn,1963-04-02,M,Government Officer,Pathum Thani,0871873691,earth.chaiyaporn431@example.co.th,2018-07-27
C00432,Kanya,Phromsiri,1993-11-10,F,Government Officer,Rayong,0861369075,kanya.phromsiri432@example.co.th,2025-08-30
C00433,Fern,Kittikun,1986-10-03,M,Nurse,Songkhla,0847561442,fern.kittikun433@example.co.th,2023-01-01
C00434,View,Chaiyaporn,1958-02-09,M,IT Specialist,Trang,0849608344,view.chaiyaporn434@example.co.th,2023-08-06
C00435,Fern,Limthongkul,1997-12-22,M,Nurse,Chiang Mai,0861407440,fern.limthongkul435@example.co.th,2019-07-17
C00436,Fern,Sukhumvit,2002-03-04,M,Driver,Surat Thani,0858199211,fern.sukhumvit436@example.co.th,2023-05-19
C00437,Praew,Watcharaphon,1985-11-12,F,Driver,Phitsanulok,0846297263,praew.watcharaphon437@example.co.th,2020-01-07
C00438,Somchai,Charoensuk,1974-08-25,F,Government Officer,Bangkok,0873308406,somchai.charoensuk438@example.co.th,2023-12-09
C00439,Daeng,Phromsiri,1975-11-19,M,Doctor,Nonthaburi,0898162850,daeng.phromsiri439@example.co.th,2020-09-14
C00440,Malee,Limthongkul,1960-01-07,F,Shop Owner,Surat Thani,0833315234,malee.limthongkul440@example.co.th,2019-12-23
C00441,Wichai,Phromsiri,1983-07-13,M,Accountant,Samut Prakan,0857201978,wichai.phromsiri441@example.co.th,2024-05-14
C00442,Tee,Chaiyaporn,2005-07-08,F,Office Worker,Songkhla,0851480401,tee.chaiyaporn442@example.co.th,2019-12-21
C00443,Ploy,Srisuk,1963-02-05,M,Sales,Chiang Mai,0839368039,ploy.srisuk443@example.co.th,2018-03-23
C00444,Pat,Watcharaphon,1955-01-23,M,Hotel Staff,Pathum Thani,0827514010,pat.watcharaphon444@example.co.th,2021-10-27
C00445,Nan,Kittikun,1984-01-12,M,Engineer,Chiang Mai,0888733350,nan.kittikun445@example.co.th,2025-11-26
C00446,Mild,Chaiyaporn,1964-12-13,F,Teacher,Chiang Rai,0860142505,mild.chaiyaporn446@example.co.th,2025-11-25
C00447,Bua,Inthanon,1964-01-24,F,Shop Owner,Pathum Thani,0828314232,bua.inthanon447@example.co.th,2019-10-08
C00448,Beam,Phutthichai,1998-09-16,M,Accountant,Pathum Thani,0885427317,beam.phutthichai448@example.co.th,2025-10-11
C00449,View,Chaisawat,1987-01-05,M,Driver,Surat Thani,0851181116,view.chaisawat449@example.co.th,2026-03-26
C00450,Nan,Thongdee,1966-06-04,M,Accountant,Nonthaburi,0886884584,nan.thongdee450@example.co.th,2022-05-23
C00451,Boss,Phromsiri,1957-11-27,F,Construction Worker,Nonthaburi,0892058189,boss.phromsiri451@example.co.th,2020-06-23
C00452,Mint,Phromsiri,1964-05-04,M,Shop Owner,Krabi,0820443030,mint.phromsiri452@example.co.th,2020-09-01
C00453,Daeng,Charoensuk,1970-01-23,F,Farmer,Phuket,0811529494,daeng.charoensuk453@example.co.th,2020-12-22
C00454,Tawan,Rattanapan,1961-01-30,F,Hotel Staff,Samut Prakan,0824500158,tawan.rattanapan454@example.co.th,2026-01-29
C00455,Somchai,Srisuk,1989-08-16,F,Engineer,Hat Yai,0865568711,somchai.srisuk455@example.co.th,2023-07-13
C00456,View,Inthanon,1986-07-06,F,Teacher,Lampang,0874355957,view.inthanon456@example.co.th,2024-06-25
C00457,Mint,Rattanapan,1969-08-04,M,Hotel Staff,Hat Yai,0814484588,mint.rattanapan457@example.co.th,2021-04-22
C00458,Somchai,Charoensuk,1978-06-05,M,Shop Owner,Khon Kaen,0832831133,somchai.charoensuk458@example.co.th,2022-03-18
C00459,Kanya,Wongchai,2004-01-29,F,Sales,Phuket,0892362000,kanya.wongchai459@example.co.th,2023-06-01
C00460,Nan,Boonmee,1993-09-11,F,Engineer,Nonthaburi,0817188130,nan.boonmee460@example.co.th,2019-02-19
C00461,Chai,Sukhumvit,1972-01-17,F,IT Specialist,Ayutthaya,0847785387,chai.sukhumvit461@example.co.th,2021-05-03
C00462,Wichai,Phongphan,1959-06-15,F,Engineer,Rayong,0817315517,wichai.phongphan462@example.co.th,2022-01-17
C00463,Somchai,Phutthichai,1962-11-11,F,Doctor,Nakhon Ratchasima,0823017361,somchai.phutthichai463@example.co.th,2018-04-16
C00464,Tawan,Kittikun,1981-03-07,F,Restaurant Owner,Phuket,0825503345,tawan.kittikun464@example.co.th,2021-06-17
C00465,Earth,Inthanon,1997-04-01,F,Teacher,Krabi,0896149847,earth.inthanon465@example.co.th,2024-02-07
C00466,Eak,Kittikun,1988-04-14,F,Engineer,Rayong,0869830944,eak.kittikun466@example.co.th,2018-07-02
C00467,Malee,Kanchanaburi,1996-09-21,M,Restaurant Owner,Udon Thani,0846045780,malee.kanchanaburi467@example.co.th,2024-04-30
C00468,Niran,Chaiyaporn,1963-09-04,F,Hotel Staff,Phuket,0882672055,niran.chaiyaporn468@example.co.th,2022-08-23
C00469,Mai,Phromsiri,1975-05-31,M,Restaurant Owner,Lampang,0861956500,mai.phromsiri469@example.co.th,2023-11-11
C00470,Fern,Limthongkul,1997-08-07,M,Farmer,Phitsanulok,0850111251,fern.limthongkul470@example.co.th,2018-11-20
C00471,Eak,Srisuk,2000-01-17,M,Teacher,Phitsanulok,0870269093,eak.srisuk471@example.co.th,2019-12-10
C00472,Kanya,Sukhumvit,1972-04-16,M,Driver,Chonburi,0820518444,kanya.sukhumvit472@example.co.th,2025-08-30
C00473,Fern,Sukhumvit,1968-04-07,F,Shop Owner,Trang,0818994192,fern.sukhumvit473@example.co.th,2018-12-23
C00474,Eak,Limthongkul,1990-08-25,F,Restaurant Owner,Lampang,0847071046,eak.limthongkul474@example.co.th,2023-10-30
C00475,Nok,Boonmee,2001-11-18,M,Driver,Ayutthaya,0830084652,nok.boonmee475@example.co.th,2019-08-31
C00476,Tee,Phromsiri,1963-12-28,M,Hotel Staff,Khon Kaen,0848398732,tee.phromsiri476@example.co.th,2024-01-03
C00477,View,Sangthong,1991-11-12,F,IT Specialist,Udon Thani,0875174087,view.sangthong477@example.co.th,2024-06-01
C00478,Toon,Watcharaphon,1958-05-12,F,Driver,Nonthaburi,0829307578,toon.watcharaphon478@example.co.th,2024-12-07
C00479,Toon,Inthanon,1958-06-24,F,Accountant,Rayong,0841887353,toon.inthanon479@example.co.th,2018-07-21
C00480,Beam,Watcharaphon,1979-02-04,M,Shop Owner,Samut Prakan,0850675347,beam.watcharaphon480@example.co.th,2021-06-27
C00481,Malee,Watcharaphon,1963-10-24,M,Nurse,Surat Thani,0869473299,malee.watcharaphon481@example.co.th,2021-08-07
C00482,Malee,Phutthichai,1963-01-04,F,Doctor,Songkhla,0864649480,malee.phutthichai482@example.co.th,2026-04-23
C00483,Ploy,Saetang,1988-07-18,M,Teacher,Chiang Mai,0851758234,ploy.saetang483@example.co.th,2025-12-16
C00484,Pat,Inthanon,1967-03-03,M,Engineer,Chiang Rai,0835872271,pat.inthanon484@example.co.th,2020-04-02
C00485,Bank,Srisuk,1977-05-20,F,Government Officer,Chiang Mai,0858368724,bank.srisuk485@example.co.th,2025-11-26
C00486,Tawan,Suwanphon,1988-01-18,F,IT Specialist,Hat Yai,0826625933,tawan.suwanphon486@example.co.th,2025-08-22
C00487,Somchai,Rattanapan,1988-05-31,F,Engineer,Krabi,0873697356,somchai.rattanapan487@example.co.th,2024-07-31
C00488,Praew,Sangthong,1985-11-19,F,Accountant,Nonthaburi,0822132198,praew.sangthong488@example.co.th,2021-03-13
C00489,Somchai,Inthanon,1959-06-15,M,Restaurant Owner,Nonthaburi,0839709238,somchai.inthanon489@example.co.th,2025-04-05
C00490,Wichai,Sukhumvit,1979-02-21,M,Restaurant Owner,Ayutthaya,0811194267,wichai.sukhumvit490@example.co.th,2023-04-26
C00491,Mild,Chaiyaporn,1970-07-16,M,Doctor,Trang,0843875271,mild.chaiyaporn491@example.co.th,2024-10-27
C00492,Earth,Thongdee,1979-09-15,F,Restaurant Owner,Ayutthaya,0856802956,earth.thongdee492@example.co.th,2023-02-24
C00493,Malee,Sukhumvit,1996-11-13,F,Sales,Nakhon Ratchasima,0823732098,malee.sukhumvit493@example.co.th,2018-01-31
C00494,Pat,Sangthong,2005-05-15,F,Nurse,Trang,0824509544,pat.sangthong494@example.co.th,2023-05-28
C00495,Anong,Charoensuk,1979-10-21,F,Nurse,Pathum Thani,0898062882,anong.charoensuk495@example.co.th,2025-12-22
C00496,View,Thongdee,1971-11-25,M,Construction Worker,Chonburi,0817620167,view.thongdee496@example.co.th,2024-09-23
C00497,Eak,Charoensuk,1967-07-22,F,Nurse,Bangkok,0844819604,eak.charoensuk497@example.co.th,2022-09-11
C00498,Eak,Inthanon,1958-03-03,M,Shop Owner,Phitsanulok,0839845082,eak.inthanon498@example.co.th,2025-09-12
C00499,Praew,Watcharaphon,1987-03-01,F,Restaurant Owner,Chiang Rai,0832815223,praew.watcharaphon499@example.co.th,2025-05-17
C00500,View,Limthongkul,1971-04-02,M,Farmer,Nakhon Ratchasima,0827172371,view.limthongkul500@example.co.th,2026-04-23
C00501,Malee,Limthongkul,1971-06-04,M,Doctor,Pathum Thani,0857685330,malee.limthongkul501@example.co.th,2020-07-03
C00502,Beam,Thongdee,1992-09-21,F,Nurse,Pathum Thani,0888593968,beam.thongdee502@example.co.th,2021-04-19
C00503,Nok,Phongphan,1997-03-19,M,Farmer,Chiang Mai,0836111227,nok.phongphan503@example.co.th,2023-08-12
C00504,Suda,Inthanon,2002-07-14,F,Government Officer,Nakhon Ratchasima,0830237141,suda.inthanon504@example.co.th,2019-07-17
C00505,Tawan,Charoensuk,1991-09-17,F,Engineer,Phitsanulok,0852464268,tawan.charoensuk505@example.co.th,2026-01-10
C00506,Kanya,Wongchai,1998-09-29,M,Shop Owner,Pathum Thani,0895161010,kanya.wongchai506@example.co.th,2018-08-26
C00507,Somchai,Kanchanaburi,1979-07-16,M,Sales,Songkhla,0831264801,somchai.kanchanaburi507@example.co.th,2023-06-29
C00508,Earth,Wongchai,1966-08-11,F,IT Specialist,Trang,0867634397,earth.wongchai508@example.co.th,2022-07-11
C00509,Fern,Watcharaphon,1989-05-22,M,Office Worker,Bangkok,0836764927,fern.watcharaphon509@example.co.th,2026-03-12
C00510,Daeng,Boonmee,1983-11-28,M,Government Officer,Chiang Rai,0810553491,daeng.boonmee510@example.co.th,2025-01-10
C00511,Beam,Rattanapan,1975-04-20,F,Engineer,Samut Prakan,0823785264,beam.rattanapan511@example.co.th,2022-04-21
C00512,Pat,Phromsiri,1982-06-18,M,Restaurant Owner,Nonthaburi,0816136213,pat.phromsiri512@example.co.th,2021-05-06
C00513,Apinya,Kanchanaburi,2001-09-04,F,Driver,Trang,0827956913,apinya.kanchanaburi513@example.co.th,2021-11-04
C00514,View,Watcharaphon,1987-03-25,M,Construction Worker,Songkhla,0864142310,view.watcharaphon514@example.co.th,2018-03-20
C00515,Wichai,Rattanapan,1966-10-09,M,Sales,Songkhla,0877730769,wichai.rattanapan515@example.co.th,2019-11-24
C00516,Suda,Sangthong,1958-05-09,F,Hotel Staff,Rayong,0881770706,suda.sangthong516@example.co.th,2024-12-27
C00517,Niran,Chaisawat,1959-04-21,M,Government Officer,Khon Kaen,0825541047,niran.chaisawat517@example.co.th,2022-09-04
C00518,Nok,Inthanon,1966-02-01,F,Farmer,Lampang,0830552371,nok.inthanon518@example.co.th,2020-04-21
C00519,Nan,Boonmee,1982-01-05,M,IT Specialist,Ayutthaya,0879834723,nan.boonmee519@example.co.th,2021-01-10
C00520,Toon,Chaisawat,1967-04-22,M,Office Worker,Ayutthaya,0892906016,toon.chaisawat520@example.co.th,2019-04-28
C00521,Apinya,Phongphan,1964-07-14,M,Sales,Krabi,0836809908,apinya.phongphan521@example.co.th,2020-12-13
C00522,Bank,Saetang,1973-02-03,F,Nurse,Samut Prakan,0831524980,bank.saetang522@example.co.th,2018-06-11
C00523,Praew,Watcharaphon,1973-08-19,F,Doctor,Krabi,0810367488,praew.watcharaphon523@example.co.th,2018-02-22
C00524,Bua,Wongchai,1964-11-27,F,Engineer,Phitsanulok,0822090691,bua.wongchai524@example.co.th,2023-09-27
C00525,Anong,Phongphan,1977-12-16,F,Nurse,Surat Thani,0845450260,anong.phongphan525@example.co.th,2023-03-17
C00526,Niran,Phongphan,1970-09-03,F,Shop Owner,Chiang Mai,0851970837,niran.phongphan526@example.co.th,2022-10-11
C00527,Beam,Phongphan,1963-07-10,M,Restaurant Owner,Chiang Mai,0828574987,beam.phongphan527@example.co.th,2025-06-10
C00528,Mint,Kittikun,1984-06-26,F,Sales,Samut Prakan,0846011877,mint.kittikun528@example.co.th,2026-03-22
C00529,Anong,Sangthong,1985-09-30,M,Driver,Nonthaburi,0863720675,anong.sangthong529@example.co.th,2023-02-13
C00530,Malee,Inthanon,1997-11-27,M,Teacher,Ayutthaya,0827785402,malee.inthanon530@example.co.th,2025-10-22
C00531,Beam,Srisuk,1969-04-20,F,Construction Worker,Khon Kaen,0889289163,beam.srisuk531@example.co.th,2023-06-01
C00532,Earth,Phromsiri,1994-04-23,F,Hotel Staff,Nonthaburi,0858130331,earth.phromsiri532@example.co.th,2024-11-09
C00533,Somchai,Chaiyaporn,1998-05-04,M,Construction Worker,Krabi,0865201639,somchai.chaiyaporn533@example.co.th,2022-12-11
C00534,Niran,Wongchai,1978-06-21,M,Accountant,Pathum Thani,0880439867,niran.wongchai534@example.co.th,2026-05-04
C00535,Tee,Phromsiri,1975-02-04,M,Driver,Pathum Thani,0898813650,tee.phromsiri535@example.co.th,2026-02-24
C00536,Wichai,Watcharaphon,1986-01-07,M,Restaurant Owner,Rayong,0884939694,wichai.watcharaphon536@example.co.th,2024-11-15
C00537,Niran,Boonmee,1969-01-29,F,Restaurant Owner,Chiang Rai,0876549837,niran.boonmee537@example.co.th,2019-11-09
C00538,Anong,Watcharaphon,1983-10-07,F,Nurse,Surat Thani,0816757958,anong.watcharaphon538@example.co.th,2023-09-08
C00539,Wichai,Limthongkul,1988-12-20,M,Teacher,Rayong,0871618633,wichai.limthongkul539@example.co.th,2022-12-25
C00540,Earth,Phromsiri,1995-03-15,F,Farmer,Phuket,0852421060,earth.phromsiri540@example.co.th,2019-05-02
C00541,Ploy,Boonmee,1964-03-17,F,Government Officer,Rayong,0884776858,ploy.boonmee541@example.co.th,2024-02-28
C00542,Somchai,Wongchai,1982-04-30,M,IT Specialist,Chiang Rai,0871231190,somchai.wongchai542@example.co.th,2021-10-28
C00543,Daeng,Srisuk,1974-12-31,F,Office Worker,Hat Yai,0893182506,daeng.srisuk543@example.co.th,2024-09-23
C00544,Ploy,Sangthong,1995-08-07,M,Hotel Staff,Khon Kaen,0898437437,ploy.sangthong544@example.co.th,2020-06-27
C00545,Somchai,Charoensuk,1986-11-11,F,Accountant,Nakhon Ratchasima,0824270328,somchai.charoensuk545@example.co.th,2018-07-07
C00546,View,Kittikun,1999-03-06,F,Teacher,Chonburi,0844130133,view.kittikun546@example.co.th,2024-11-07
C00547,Tawan,Sukhumvit,1965-10-31,M,Farmer,Rayong,0835579048,tawan.sukhumvit547@example.co.th,2026-01-14
C00548,Chai,Phongphan,1992-03-08,M,Hotel Staff,Chiang Mai,0870465703,chai.phongphan548@example.co.th,2023-02-17
C00549,Bua,Phromsiri,2000-03-26,F,Government Officer,Chonburi,0881184297,bua.phromsiri549@example.co.th,2026-04-04
C00550,Niran,Limthongkul,1993-10-30,F,Construction Worker,Phitsanulok,0878227286,niran.limthongkul550@example.co.th,2019-12-27
C00551,Nan,Phromsiri,1970-07-31,M,Driver,Chonburi,0898251083,nan.phromsiri551@example.co.th,2024-09-25
C00552,Toon,Charoensuk,2000-03-23,F,Sales,Rayong,0843318046,toon.charoensuk552@example.co.th,2021-01-25
C00553,Eak,Charoensuk,1981-05-23,M,Engineer,Hat Yai,0865397759,eak.charoensuk553@example.co.th,2024-10-03
C00554,Nan,Saetang,1981-10-25,F,Accountant,Lampang,0884300459,nan.saetang554@example.co.th,2025-02-04
C00555,Tawan,Sukhumvit,1973-10-24,F,IT Specialist,Trang,0856344519,tawan.sukhumvit555@example.co.th,2025-07-17
C00556,Pim,Kittikun,2000-03-16,F,Accountant,Lampang,0825489430,pim.kittikun556@example.co.th,2021-12-13
C00557,Praew,Watcharaphon,1992-06-14,F,Construction Worker,Lampang,0866691738,praew.watcharaphon557@example.co.th,2018-02-22
C00558,Pat,Phongphan,1957-04-08,M,Government Officer,Rayong,0899959993,pat.phongphan558@example.co.th,2018-08-20
C00559,Tawan,Suwanphon,1969-06-09,F,Engineer,Nakhon Ratchasima,0818325904,tawan.suwanphon559@example.co.th,2025-09-29
C00560,Earth,Thongdee,1973-04-20,M,Shop Owner,Lampang,0870746206,earth.thongdee560@example.co.th,2019-02-24
C00561,Toon,Limthongkul,1975-02-15,F,Doctor,Lampang,0878574830,toon.limthongkul561@example.co.th,2025-10-22
C00562,Apinya,Srisuk,1989-03-26,F,Hotel Staff,Rayong,0851963706,apinya.srisuk562@example.co.th,2024-03-11
C00563,Niran,Boonmee,1977-07-19,F,Restaurant Owner,Songkhla,0840272606,niran.boonmee563@example.co.th,2025-02-08
C00564,Nan,Sangthong,2004-01-15,M,Hotel Staff,Trang,0835970823,nan.sangthong564@example.co.th,2021-04-19
C00565,Nok,Kittikun,1961-09-06,M,Accountant,Nonthaburi,0878967357,nok.kittikun565@example.co.th,2019-05-04
C00566,Eak,Srisuk,1993-06-11,F,Engineer,Udon Thani,0831599504,eak.srisuk566@example.co.th,2024-07-20
C00567,Boss,Suwanphon,1955-07-04,F,Accountant,Pathum Thani,0830777669,boss.suwanphon567@example.co.th,2018-06-13
C00568,Pim,Charoensuk,1959-07-25,F,Farmer,Trang,0886863404,pim.charoensuk568@example.co.th,2024-03-03
C00569,Daeng,Wongchai,1983-07-08,M,Engineer,Chiang Rai,0879874593,daeng.wongchai569@example.co.th,2018-10-07
C00570,Earth,Saetang,1969-04-19,F,Teacher,Ayutthaya,0856896070,earth.saetang570@example.co.th,2020-06-25
C00571,View,Sukhumvit,1984-10-10,F,Nurse,Pathum Thani,0839319229,view.sukhumvit571@example.co.th,2024-12-07
C00572,Pat,Watcharaphon,2005-05-11,M,IT Specialist,Bangkok,0856440312,pat.watcharaphon572@example.co.th,2022-12-31
C00573,Wichai,Chaisawat,1976-11-15,F,Driver,Chiang Mai,0825216804,wichai.chaisawat573@example.co.th,2022-04-30
C00574,Malee,Limthongkul,1980-05-16,F,Office Worker,Bangkok,0878281335,malee.limthongkul574@example.co.th,2022-12-31
C00575,Ploy,Srisuk,1981-08-05,F,Office Worker,Songkhla,0821052218,ploy.srisuk575@example.co.th,2019-01-29
C00576,Kanya,Limthongkul,2002-11-02,M,Doctor,Bangkok,0899970857,kanya.limthongkul576@example.co.th,2025-01-22
C00577,Mai,Sukhumvit,1993-01-21,M,Office Worker,Khon Kaen,0868416623,mai.sukhumvit577@example.co.th,2025-04-02
C00578,Bank,Wongchai,1968-10-17,F,Accountant,Bangkok,0854522084,bank.wongchai578@example.co.th,2018-06-05
C00579,Anong,Wongchai,1959-11-14,F,Office Worker,Nonthaburi,0819454577,anong.wongchai579@example.co.th,2024-06-13
C00580,Bank,Rattanapan,1978-03-16,F,Farmer,Ayutthaya,0894586329,bank.rattanapan580@example.co.th,2022-07-15
C00581,Fern,Charoensuk,1956-07-07,M,Office Worker,Rayong,0810791740,fern.charoensuk581@example.co.th,2025-03-12
C00582,Beam,Chaisawat,1960-09-03,M,Accountant,Phitsanulok,0819742790,beam.chaisawat582@example.co.th,2022-01-05
C00583,Mild,Saetang,1964-07-09,F,Sales,Nakhon Ratchasima,0821610534,mild.saetang583@example.co.th,2021-02-27
C00584,Mai,Kanchanaburi,1989-03-21,M,Farmer,Rayong,0830981381,mai.kanchanaburi584@example.co.th,2023-12-26
C00585,Wichai,Chaiyaporn,1990-01-29,F,IT Specialist,Lampang,0829337491,wichai.chaiyaporn585@example.co.th,2021-05-05
C00586,Bua,Sangthong,1956-01-01,M,Teacher,Lampang,0815606696,bua.sangthong586@example.co.th,2018-01-21
C00587,Tee,Chaisawat,1990-05-10,M,Nurse,Lampang,0838192821,tee.chaisawat587@example.co.th,2026-04-25
C00588,View,Sangthong,1973-12-30,M,Engineer,Ayutthaya,0834695085,view.sangthong588@example.co.th,2020-06-23
C00589,Toon,Suwanphon,1972-06-07,M,IT Specialist,Khon Kaen,0886140729,toon.suwanphon589@example.co.th,2018-08-11
C00590,Boss,Limthongkul,1996-05-19,M,Nurse,Lampang,0819041276,boss.limthongkul590@example.co.th,2020-10-23
C00591,Suda,Sukhumvit,1998-09-16,F,Engineer,Pathum Thani,0897976094,suda.sukhumvit591@example.co.th,2020-08-18
C00592,Suda,Thongdee,1961-04-06,F,Farmer,Songkhla,0870484679,suda.thongdee592@example.co.th,2021-09-06
C00593,Toon,Thongdee,1968-09-02,F,Hotel Staff,Phitsanulok,0852457517,toon.thongdee593@example.co.th,2022-10-21
C00594,Kanya,Boonmee,1983-02-06,M,Accountant,Surat Thani,0896011893,kanya.boonmee594@example.co.th,2022-11-22
C00595,Malee,Sangthong,1967-01-18,F,Farmer,Pathum Thani,0869774935,malee.sangthong595@example.co.th,2022-01-09
C00596,Mai,Thongdee,1998-09-09,M,Engineer,Lampang,0896644469,mai.thongdee596@example.co.th,2024-10-20
C00597,Anong,Suwanphon,1967-07-24,M,Nurse,Lampang,0894103363,anong.suwanphon597@example.co.th,2018-11-10
C00598,Beam,Wongchai,1956-09-02,M,Restaurant Owner,Chiang Rai,0888100019,beam.wongchai598@example.co.th,2024-06-29
C00599,Eak,Phromsiri,1974-02-01,F,Office Worker,Chiang Mai,0882434236,eak.phromsiri599@example.co.th,2023-04-18
C00600,Mint,Chaiyaporn,1987-10-27,M,Construction Worker,Rayong,0889134873,mint.chaiyaporn600@example.co.th,2026-03-23
C00601,Boss,Thongdee,1967-01-05,M,Driver,Hat Yai,0858837208,boss.thongdee601@example.co.th,2023-08-19
C00602,Somchai,Rattanapan,1969-11-17,M,Farmer,Chiang Rai,0831370471,somchai.rattanapan602@example.co.th,2020-01-04
C00603,Tee,Phromsiri,1968-02-12,F,Government Officer,Krabi,0839369404,tee.phromsiri603@example.co.th,2023-06-21
C00604,Wichai,Wongchai,1978-09-19,M,Government Officer,Samut Prakan,0899736040,wichai.wongchai604@example.co.th,2020-04-26
C00605,Pat,Sangthong,1989-10-26,F,Construction Worker,Krabi,0816232730,pat.sangthong605@example.co.th,2018-06-13
C00606,Mint,Charoensuk,1964-04-05,F,Restaurant Owner,Chiang Rai,0845341684,mint.charoensuk606@example.co.th,2024-06-28
C00607,Praew,Phromsiri,1970-08-06,F,Shop Owner,Rayong,0888876916,praew.phromsiri607@example.co.th,2025-04-30
C00608,View,Wongchai,2001-05-09,F,Construction Worker,Udon Thani,0839917031,view.wongchai608@example.co.th,2023-10-17
C00609,Eak,Sangthong,1985-12-15,F,Construction Worker,Krabi,0891095825,eak.sangthong609@example.co.th,2018-01-28
C00610,Pat,Chaiyaporn,1994-06-19,M,Teacher,Nonthaburi,0879060560,pat.chaiyaporn610@example.co.th,2025-03-20
C00611,Malee,Sukhumvit,1968-06-24,M,Shop Owner,Nonthaburi,0890801793,malee.sukhumvit611@example.co.th,2026-01-17
C00612,Bank,Phongphan,1975-08-31,F,Accountant,Ayutthaya,0825212062,bank.phongphan612@example.co.th,2023-05-27
C00613,Bua,Watcharaphon,1997-12-22,M,IT Specialist,Songkhla,0865149958,bua.watcharaphon613@example.co.th,2018-04-02
C00614,Wichai,Srisuk,1966-06-22,M,Engineer,Phitsanulok,0894495485,wichai.srisuk614@example.co.th,2023-10-01
C00615,Niran,Phromsiri,1968-03-05,M,Nurse,Chiang Mai,0834164229,niran.phromsiri615@example.co.th,2023-10-18
C00616,Eak,Chaisawat,2005-07-25,F,Teacher,Bangkok,0839070676,eak.chaisawat616@example.co.th,2023-01-14
C00617,Toon,Watcharaphon,1998-03-19,M,Restaurant Owner,Nonthaburi,0865132193,toon.watcharaphon617@example.co.th,2024-09-27
C00618,Pim,Phromsiri,1971-04-26,F,Engineer,Trang,0855992559,pim.phromsiri618@example.co.th,2023-02-01
C00619,Toon,Phromsiri,1961-03-05,F,Driver,Surat Thani,0827745355,toon.phromsiri619@example.co.th,2019-03-21
C00620,Somchai,Sukhumvit,2001-11-23,F,Restaurant Owner,Chiang Rai,0830073763,somchai.sukhumvit620@example.co.th,2024-10-16
C00621,Suda,Kittikun,1997-09-10,M,Construction Worker,Trang,0881327320,suda.kittikun621@example.co.th,2023-08-24
C00622,Mai,Phongphan,1963-05-12,M,Construction Worker,Krabi,0890996996,mai.phongphan622@example.co.th,2024-01-18
C00623,Bank,Boonmee,1993-09-17,F,Shop Owner,Chiang Rai,0815830187,bank.boonmee623@example.co.th,2025-10-28
C00624,Pat,Phutthichai,1975-08-03,F,Shop Owner,Krabi,0889060695,pat.phutthichai624@example.co.th,2026-04-25
C00625,Mild,Phromsiri,1963-10-07,M,Nurse,Ayutthaya,0874040812,mild.phromsiri625@example.co.th,2020-08-10
C00626,Mild,Wongchai,1980-05-31,F,Nurse,Trang,0835369971,mild.wongchai626@example.co.th,2018-01-23
C00627,Nan,Boonmee,2001-11-17,M,Driver,Khon Kaen,0897851693,nan.boonmee627@example.co.th,2020-04-21
C00628,Nan,Charoensuk,1991-09-06,M,Engineer,Samut Prakan,0867186360,nan.charoensuk628@example.co.th,2025-04-22
C00629,Tee,Suwanphon,1978-06-11,F,Sales,Lampang,0859075919,tee.suwanphon629@example.co.th,2024-11-11
C00630,Malee,Inthanon,1973-04-10,F,Engineer,Ayutthaya,0859689143,malee.inthanon630@example.co.th,2024-04-09
C00631,Praew,Watcharaphon,1977-10-07,F,Hotel Staff,Nakhon Ratchasima,0863436070,praew.watcharaphon631@example.co.th,2026-04-02
C00632,Pim,Phongphan,1975-08-13,M,Teacher,Hat Yai,0838784084,pim.phongphan632@example.co.th,2023-09-14
C00633,Eak,Charoensuk,2004-05-24,M,Engineer,Trang,0862224611,eak.charoensuk633@example.co.th,2025-02-17
C00634,Somchai,Wongchai,1968-01-15,F,Teacher,Krabi,0818600733,somchai.wongchai634@example.co.th,2020-12-13
C00635,Wichai,Sangthong,1962-03-07,M,Accountant,Trang,0861583363,wichai.sangthong635@example.co.th,2022-06-30
C00636,Toon,Saetang,1980-09-13,M,Hotel Staff,Trang,0833524492,toon.saetang636@example.co.th,2025-03-07
C00637,Ploy,Kanchanaburi,1955-12-17,F,Doctor,Songkhla,0814510970,ploy.kanchanaburi637@example.co.th,2024-09-21
C00638,Pat,Saetang,1975-10-14,M,IT Specialist,Trang,0814840043,pat.saetang638@example.co.th,2022-01-13
C00639,Wichai,Boonmee,1969-02-15,F,Hotel Staff,Phuket,0863611082,wichai.boonmee639@example.co.th,2021-12-17
C00640,Bua,Inthanon,1991-05-17,M,Office Worker,Phitsanulok,0812062459,bua.inthanon640@example.co.th,2026-04-07
C00641,Nan,Wongchai,1963-02-02,F,Accountant,Lampang,0885042992,nan.wongchai641@example.co.th,2024-07-15
C00642,Daeng,Sangthong,1979-10-22,M,Farmer,Surat Thani,0864218119,daeng.sangthong642@example.co.th,2024-06-12
C00643,Somchai,Suwanphon,1970-09-14,M,Office Worker,Ayutthaya,0819715480,somchai.suwanphon643@example.co.th,2023-08-23
C00644,Apinya,Charoensuk,1965-07-01,F,Construction Worker,Chiang Rai,0882196170,apinya.charoensuk644@example.co.th,2024-06-12
C00645,Malee,Kanchanaburi,1988-10-30,F,Hotel Staff,Phitsanulok,0842651583,malee.kanchanaburi645@example.co.th,2021-10-23
C00646,Mai,Kanchanaburi,1996-05-01,M,Farmer,Phitsanulok,0825605267,mai.kanchanaburi646@example.co.th,2020-11-22
C00647,Anong,Inthanon,1974-10-09,F,Driver,Surat Thani,0857391778,anong.inthanon647@example.co.th,2023-10-17
C00648,Praew,Boonmee,1978-08-17,F,Teacher,Surat Thani,0863543563,praew.boonmee648@example.co.th,2025-07-22
C00649,Beam,Charoensuk,1961-10-27,M,Farmer,Lampang,0852127291,beam.charoensuk649@example.co.th,2021-12-19
C00650,Tawan,Phromsiri,1979-02-21,M,Farmer,Nonthaburi,0836798789,tawan.phromsiri650@example.co.th,2020-08-19
C00651,Beam,Rattanapan,1978-10-23,M,Doctor,Songkhla,0843513553,beam.rattanapan651@example.co.th,2024-12-08
C00652,Daeng,Chaiyaporn,1964-07-27,M,IT Specialist,Khon Kaen,0899043272,daeng.chaiyaporn652@example.co.th,2023-07-11
C00653,Toon,Boonmee,2003-07-31,F,Shop Owner,Chiang Mai,0893304578,toon.boonmee653@example.co.th,2021-07-15
C00654,Ploy,Phromsiri,1979-08-25,M,Hotel Staff,Krabi,0878603195,ploy.phromsiri654@example.co.th,2021-02-21
C00655,Eak,Rattanapan,1966-07-04,F,Farmer,Chiang Mai,0882580645,eak.rattanapan655@example.co.th,2018-05-14
C00656,Pat,Sangthong,1990-04-28,F,Teacher,Nonthaburi,0879552316,pat.sangthong656@example.co.th,2023-02-28
C00657,Chai,Boonmee,1956-01-23,F,Sales,Songkhla,0823522144,chai.boonmee657@example.co.th,2021-08-25
C00658,Daeng,Chaisawat,1978-04-19,F,Doctor,Nonthaburi,0846159360,daeng.chaisawat658@example.co.th,2023-04-15
C00659,Toon,Charoensuk,1987-10-30,F,Driver,Nonthaburi,0838257191,toon.charoensuk659@example.co.th,2022-09-13
C00660,Nan,Sangthong,1987-10-02,F,Farmer,Rayong,0834144323,nan.sangthong660@example.co.th,2024-05-29
C00661,Pim,Phromsiri,1975-07-04,F,Hotel Staff,Khon Kaen,0841649234,pim.phromsiri661@example.co.th,2024-03-24
C00662,Fern,Inthanon,1972-08-03,M,Farmer,Chonburi,0811307588,fern.inthanon662@example.co.th,2019-12-25
C00663,Fern,Watcharaphon,1967-01-24,F,Hotel Staff,Chiang Rai,0875313057,fern.watcharaphon663@example.co.th,2021-05-13
C00664,Malee,Limthongkul,2005-12-10,F,Teacher,Chiang Mai,0831923376,malee.limthongkul664@example.co.th,2018-09-03
C00665,Tawan,Suwanphon,1997-10-02,F,Accountant,Khon Kaen,0854916840,tawan.suwanphon665@example.co.th,2020-11-30
C00666,Daeng,Sangthong,2005-04-09,F,Shop Owner,Lampang,0812662253,daeng.sangthong666@example.co.th,2022-08-14
C00667,Suda,Sangthong,1972-11-06,M,Hotel Staff,Phitsanulok,0848199537,suda.sangthong667@example.co.th,2021-12-25
C00668,Chai,Saetang,1998-09-26,M,Driver,Hat Yai,0892364557,chai.saetang668@example.co.th,2021-03-19
C00669,Nok,Chaiyaporn,1970-01-13,F,IT Specialist,Pathum Thani,0892182875,nok.chaiyaporn669@example.co.th,2024-05-30
C00670,Eak,Wongchai,1962-02-05,F,Doctor,Nonthaburi,0852074850,eak.wongchai670@example.co.th,2021-07-21
C00671,Mint,Thongdee,1978-12-30,F,Nurse,Trang,0869713250,mint.thongdee671@example.co.th,2022-01-27
C00672,Beam,Phromsiri,2001-09-26,F,Engineer,Hat Yai,0834680787,beam.phromsiri672@example.co.th,2018-04-05
C00673,Pim,Rattanapan,1977-07-29,M,Engineer,Phuket,0863290556,pim.rattanapan673@example.co.th,2019-02-26
C00674,Suda,Wongchai,1997-06-14,M,Government Officer,Lampang,0863286118,suda.wongchai674@example.co.th,2023-11-17
C00675,Mai,Wongchai,1964-04-28,M,Teacher,Udon Thani,0897890153,mai.wongchai675@example.co.th,2022-05-16
C00676,Apinya,Rattanapan,1977-03-12,F,IT Specialist,Nakhon Ratchasima,0826966692,apinya.rattanapan676@example.co.th,2019-06-22
C00677,Pat,Kittikun,1957-07-25,F,Restaurant Owner,Chiang Mai,0853647781,pat.kittikun677@example.co.th,2023-05-05
C00678,Nok,Limthongkul,1979-06-10,F,Engineer,Lampang,0882381952,nok.limthongkul678@example.co.th,2019-12-27
C00679,Tee,Chaisawat,1995-12-17,F,Office Worker,Phitsanulok,0895870691,tee.chaisawat679@example.co.th,2025-03-04
C00680,Praew,Thongdee,1986-02-23,M,Hotel Staff,Krabi,0822019737,praew.thongdee680@example.co.th,2022-12-15
C00681,Apinya,Sangthong,1991-12-25,M,Nurse,Udon Thani,0811416778,apinya.sangthong681@example.co.th,2018-01-01
C00682,Pat,Chaiyaporn,1985-11-07,F,Office Worker,Nakhon Ratchasima,0811116303,pat.chaiyaporn682@example.co.th,2025-09-18
C00683,Mild,Watcharaphon,1997-10-19,M,Hotel Staff,Nakhon Ratchasima,0867772049,mild.watcharaphon683@example.co.th,2021-04-14
C00684,Toon,Rattanapan,1955-08-25,F,Doctor,Lampang,0865262252,toon.rattanapan684@example.co.th,2024-04-15
C00685,Fern,Inthanon,1977-06-02,F,Restaurant Owner,Nonthaburi,0860782359,fern.inthanon685@example.co.th,2020-06-22
C00686,Malee,Wongchai,1992-11-17,F,Nurse,Surat Thani,0897034430,malee.wongchai686@example.co.th,2026-05-02
C00687,Praew,Suwanphon,1992-01-17,M,Engineer,Songkhla,0828337367,praew.suwanphon687@example.co.th,2021-04-01
C00688,Suda,Kanchanaburi,1995-08-15,F,Doctor,Udon Thani,0853036072,suda.kanchanaburi688@example.co.th,2018-03-21
C00689,Pim,Srisuk,2002-12-29,M,Teacher,Bangkok,0847864772,pim.srisuk689@example.co.th,2021-01-07
C00690,Pim,Kanchanaburi,1955-09-26,M,Engineer,Surat Thani,0811976335,pim.kanchanaburi690@example.co.th,2023-07-15
C00691,Tawan,Charoensuk,1992-09-13,F,Shop Owner,Nakhon Ratchasima,0872234675,tawan.charoensuk691@example.co.th,2025-10-25
C00692,Earth,Srisuk,1984-08-17,M,Government Officer,Phuket,0845769504,earth.srisuk692@example.co.th,2022-05-27
C00693,Anong,Limthongkul,1997-03-06,M,Construction Worker,Nonthaburi,0843565097,anong.limthongkul693@example.co.th,2022-04-12
C00694,Bank,Boonmee,1965-12-10,F,Hotel Staff,Surat Thani,0869453211,bank.boonmee694@example.co.th,2020-10-09
C00695,Beam,Srisuk,1972-11-13,M,Office Worker,Hat Yai,0899390064,beam.srisuk695@example.co.th,2020-05-03
C00696,Ploy,Inthanon,1983-01-01,M,IT Specialist,Pathum Thani,0815662097,ploy.inthanon696@example.co.th,2026-05-09
C00697,Mild,Limthongkul,2001-09-25,F,Farmer,Khon Kaen,0895700705,mild.limthongkul697@example.co.th,2021-05-08
C00698,Tawan,Sangthong,1959-09-03,M,Doctor,Songkhla,0894947603,tawan.sangthong698@example.co.th,2022-11-14
C00699,Chai,Boonmee,1970-01-06,M,Driver,Udon Thani,0842626898,chai.boonmee699@example.co.th,2018-02-06
C00700,Niran,Phromsiri,1997-08-21,M,Shop Owner,Trang,0822009789,niran.phromsiri700@example.co.th,2020-10-15
C00701,Kanya,Watcharaphon,1963-03-15,F,Construction Worker,Trang,0893903841,kanya.watcharaphon701@example.co.th,2018-09-03
C00702,Niran,Sangthong,1968-10-22,M,Engineer,Lampang,0875477163,niran.sangthong702@example.co.th,2020-08-11
C00703,Chai,Limthongkul,1986-02-27,M,Government Officer,Hat Yai,0860703288,chai.limthongkul703@example.co.th,2022-01-07
C00704,Beam,Chaiyaporn,1977-06-28,F,Accountant,Chiang Mai,0868720256,beam.chaiyaporn704@example.co.th,2024-04-08
C00705,Apinya,Limthongkul,1998-12-20,M,Office Worker,Songkhla,0856662763,apinya.limthongkul705@example.co.th,2021-08-18
C00706,Beam,Kanchanaburi,1979-09-13,M,Teacher,Trang,0881288059,beam.kanchanaburi706@example.co.th,2019-09-27
C00707,Nok,Thongdee,1978-08-17,F,Farmer,Lampang,0810096613,nok.thongdee707@example.co.th,2025-02-26
C00708,Pat,Inthanon,1971-08-24,F,Hotel Staff,Bangkok,0893241474,pat.inthanon708@example.co.th,2020-09-05
C00709,Chai,Wongchai,2003-05-09,M,Office Worker,Rayong,0876779917,chai.wongchai709@example.co.th,2024-03-08
C00710,Pim,Chaisawat,1980-05-26,F,IT Specialist,Pathum Thani,0853221337,pim.chaisawat710@example.co.th,2019-03-29
C00711,Suda,Saetang,1960-12-24,M,Engineer,Chiang Mai,0814197492,suda.saetang711@example.co.th,2020-04-07
C00712,Suda,Watcharaphon,1972-03-10,M,Sales,Khon Kaen,0896134450,suda.watcharaphon712@example.co.th,2022-05-11
C00713,Bua,Watcharaphon,2002-03-05,F,Government Officer,Trang,0859171204,bua.watcharaphon713@example.co.th,2020-06-23
C00714,Toon,Wongchai,1956-03-04,F,Construction Worker,Songkhla,0820731620,toon.wongchai714@example.co.th,2023-04-02
C00715,Earth,Srisuk,1987-05-19,F,Restaurant Owner,Lampang,0859535555,earth.srisuk715@example.co.th,2025-12-11
C00716,Niran,Chaisawat,1978-11-06,M,Accountant,Chiang Rai,0819447334,niran.chaisawat716@example.co.th,2021-05-29
C00717,Anong,Sukhumvit,2001-08-09,M,Accountant,Khon Kaen,0841006711,anong.sukhumvit717@example.co.th,2023-12-18
C00718,Eak,Sukhumvit,1972-04-29,M,Sales,Chiang Rai,0893929707,eak.sukhumvit718@example.co.th,2020-01-03
C00719,Praew,Limthongkul,1992-03-31,F,IT Specialist,Khon Kaen,0871568435,praew.limthongkul719@example.co.th,2025-11-17
C00720,Bua,Phutthichai,1964-05-04,M,Office Worker,Nonthaburi,0863896091,bua.phutthichai720@example.co.th,2023-08-30
C00721,Chai,Kittikun,2002-11-24,F,Construction Worker,Trang,0857288136,chai.kittikun721@example.co.th,2021-07-14
C00722,Praew,Charoensuk,1988-05-07,F,Restaurant Owner,Ayutthaya,0853412847,praew.charoensuk722@example.co.th,2024-10-28
C00723,Wichai,Phromsiri,2003-12-14,F,Hotel Staff,Songkhla,0883851788,wichai.phromsiri723@example.co.th,2026-05-08
C00724,Malee,Sangthong,1995-08-03,F,Government Officer,Hat Yai,0814652375,malee.sangthong724@example.co.th,2021-03-11
C00725,Toon,Boonmee,2001-06-09,F,Government Officer,Chonburi,0850310141,toon.boonmee725@example.co.th,2020-06-27
C00726,Tawan,Charoensuk,1956-12-12,M,Teacher,Udon Thani,0815064880,tawan.charoensuk726@example.co.th,2023-03-01
C00727,Daeng,Chaiyaporn,1967-06-02,F,Construction Worker,Udon Thani,0888135616,daeng.chaiyaporn727@example.co.th,2020-10-20
C00728,Wichai,Suwanphon,1981-12-10,F,Sales,Phuket,0839183937,wichai.suwanphon728@example.co.th,2026-03-27
C00729,Anong,Charoensuk,1998-04-16,F,Restaurant Owner,Nonthaburi,0887340611,anong.charoensuk729@example.co.th,2019-01-26
C00730,Toon,Thongdee,1958-05-09,F,Teacher,Phitsanulok,0817505818,toon.thongdee730@example.co.th,2021-10-01
C00731,Daeng,Phutthichai,1992-05-14,M,Accountant,Khon Kaen,0897614538,daeng.phutthichai731@example.co.th,2024-10-03
C00732,Mild,Boonmee,1989-04-25,F,Office Worker,Chiang Mai,0815527388,mild.boonmee732@example.co.th,2021-07-31
C00733,Praew,Phromsiri,1968-06-02,M,Engineer,Pathum Thani,0816780654,praew.phromsiri733@example.co.th,2025-07-22
C00734,Beam,Inthanon,1994-12-23,M,Doctor,Trang,0867973424,beam.inthanon734@example.co.th,2021-04-01
C00735,Earth,Inthanon,1968-04-12,F,Teacher,Chonburi,0873868130,earth.inthanon735@example.co.th,2024-05-29
C00736,Beam,Srisuk,2004-03-05,F,Teacher,Rayong,0863489393,beam.srisuk736@example.co.th,2023-08-18
C00737,Fern,Chaiyaporn,1967-02-06,M,Farmer,Krabi,0863058791,fern.chaiyaporn737@example.co.th,2025-04-25
C00738,Tee,Sukhumvit,2005-05-06,M,Doctor,Trang,0819615892,tee.sukhumvit738@example.co.th,2020-12-26
C00739,Mai,Phutthichai,1984-01-06,M,Teacher,Phitsanulok,0865510043,mai.phutthichai739@example.co.th,2022-10-01
C00740,Daeng,Sangthong,1972-02-02,F,Sales,Pathum Thani,0897967622,daeng.sangthong740@example.co.th,2018-04-10
C00741,Mai,Thongdee,1970-03-09,F,Sales,Samut Prakan,0829571424,mai.thongdee741@example.co.th,2022-12-10
C00742,Niran,Rattanapan,1972-11-30,M,Hotel Staff,Samut Prakan,0821517819,niran.rattanapan742@example.co.th,2019-04-06
C00743,Beam,Srisuk,1976-10-21,M,Restaurant Owner,Trang,0848612439,beam.srisuk743@example.co.th,2018-02-26
C00744,Chai,Phongphan,1982-05-17,F,Government Officer,Hat Yai,0854543739,chai.phongphan744@example.co.th,2020-05-06
C00745,Beam,Limthongkul,1974-01-03,F,Office Worker,Songkhla,0874830696,beam.limthongkul745@example.co.th,2024-12-26
C00746,Beam,Chaiyaporn,1956-08-25,M,Nurse,Rayong,0832859916,beam.chaiyaporn746@example.co.th,2018-09-04
C00747,Apinya,Sukhumvit,1979-05-04,F,IT Specialist,Chiang Mai,0811118594,apinya.sukhumvit747@example.co.th,2018-09-30
C00748,Eak,Suwanphon,1987-04-26,M,Nurse,Khon Kaen,0897162488,eak.suwanphon748@example.co.th,2022-05-03
C00749,Wichai,Inthanon,2000-08-15,F,Farmer,Khon Kaen,0890142265,wichai.inthanon749@example.co.th,2023-12-18
C00750,Anong,Kittikun,1972-11-03,F,Office Worker,Chiang Rai,0812884132,anong.kittikun750@example.co.th,2018-06-12
C00751,Wichai,Saetang,1982-05-10,F,Driver,Pathum Thani,0831072888,wichai.saetang751@example.co.th,2018-03-17
C00752,Daeng,Sangthong,1986-11-19,M,Office Worker,Nakhon Ratchasima,0847027755,daeng.sangthong752@example.co.th,2018-09-11
C00753,Mint,Suwanphon,1989-09-25,F,Doctor,Bangkok,0830361927,mint.suwanphon753@example.co.th,2021-10-31
C00754,View,Inthanon,1967-04-25,F,Office Worker,Phuket,0892201431,view.inthanon754@example.co.th,2025-01-06
C00755,Bua,Rattanapan,1992-06-10,M,Driver,Surat Thani,0851927304,bua.rattanapan755@example.co.th,2024-10-15
C00756,Chai,Kanchanaburi,2003-08-24,M,IT Specialist,Chonburi,0828599426,chai.kanchanaburi756@example.co.th,2024-07-07
C00757,Praew,Sukhumvit,1967-05-23,M,Driver,Nakhon Ratchasima,0829482024,praew.sukhumvit757@example.co.th,2025-05-11
C00758,Mild,Phromsiri,1969-03-06,M,Office Worker,Pathum Thani,0881532887,mild.phromsiri758@example.co.th,2026-01-25
C00759,Suda,Kittikun,1983-06-30,M,Hotel Staff,Chonburi,0852773504,suda.kittikun759@example.co.th,2022-08-23
C00760,Fern,Thongdee,1994-09-29,M,Hotel Staff,Udon Thani,0835224021,fern.thongdee760@example.co.th,2019-03-14
C00761,Pim,Kittikun,1957-05-08,F,Sales,Trang,0886107235,pim.kittikun761@example.co.th,2024-11-13
C00762,Wichai,Chaisawat,1975-10-31,M,Shop Owner,Surat Thani,0820667011,wichai.chaisawat762@example.co.th,2025-09-19
C00763,Mai,Watcharaphon,1967-01-11,F,Accountant,Chiang Rai,0897183615,mai.watcharaphon763@example.co.th,2022-03-12
C00764,Kanya,Inthanon,1999-02-02,M,Engineer,Krabi,0835938895,kanya.inthanon764@example.co.th,2020-07-15
C00765,Niran,Phutthichai,1956-05-06,F,Doctor,Udon Thani,0837223861,niran.phutthichai765@example.co.th,2020-04-17
C00766,Anong,Kittikun,1994-05-30,F,Accountant,Trang,0853606752,anong.kittikun766@example.co.th,2023-02-18
C00767,View,Rattanapan,1993-05-11,M,Sales,Rayong,0861052956,view.rattanapan767@example.co.th,2026-01-28
C00768,Chai,Inthanon,2003-02-06,M,Office Worker,Chiang Rai,0824672184,chai.inthanon768@example.co.th,2023-01-24
C00769,Nok,Srisuk,1977-01-16,F,Accountant,Chiang Rai,0815268263,nok.srisuk769@example.co.th,2024-04-03
C00770,Eak,Saetang,1959-06-04,F,Farmer,Songkhla,0863424009,eak.saetang770@example.co.th,2021-06-01
C00771,Mai,Thongdee,1996-05-22,F,Nurse,Nonthaburi,0892293489,mai.thongdee771@example.co.th,2018-08-12
C00772,Nan,Saetang,1967-10-05,F,Teacher,Hat Yai,0877197151,nan.saetang772@example.co.th,2019-04-09
C00773,Kanya,Phromsiri,2004-01-08,F,Driver,Chonburi,0853414191,kanya.phromsiri773@example.co.th,2023-01-21
C00774,Somchai,Kittikun,1995-09-14,M,Construction Worker,Phitsanulok,0871026547,somchai.kittikun774@example.co.th,2019-01-05
C00775,Malee,Charoensuk,1969-09-17,M,Teacher,Khon Kaen,0870317234,malee.charoensuk775@example.co.th,2025-02-10
C00776,Daeng,Wongchai,2001-12-29,M,Driver,Rayong,0883866174,daeng.wongchai776@example.co.th,2022-04-08
C00777,Niran,Kittikun,1985-01-26,M,Engineer,Phitsanulok,0829408873,niran.kittikun777@example.co.th,2020-01-03
C00778,Mai,Srisuk,1992-08-22,F,Accountant,Nakhon Ratchasima,0869895766,mai.srisuk778@example.co.th,2021-03-28
C00779,Mint,Kittikun,1965-07-19,M,Government Officer,Chonburi,0893558632,mint.kittikun779@example.co.th,2020-11-02
C00780,Somchai,Kanchanaburi,1999-08-24,M,Sales,Krabi,0876231992,somchai.kanchanaburi780@example.co.th,2020-09-01
C00781,Tawan,Phromsiri,1997-09-05,F,Farmer,Hat Yai,0820657547,tawan.phromsiri781@example.co.th,2024-09-28
C00782,Toon,Boonmee,1976-12-14,F,Sales,Lampang,0894374018,toon.boonmee782@example.co.th,2024-04-02
C00783,Bank,Sukhumvit,1959-05-22,M,Government Officer,Nonthaburi,0897681338,bank.sukhumvit783@example.co.th,2021-11-30
C00784,Niran,Chaiyaporn,1957-11-28,F,Shop Owner,Phitsanulok,0821771255,niran.chaiyaporn784@example.co.th,2018-07-20
C00785,Suda,Phutthichai,1970-12-28,F,Sales,Nonthaburi,0898707799,suda.phutthichai785@example.co.th,2025-10-03
C00786,Nan,Chaisawat,2005-06-08,F,Accountant,Nonthaburi,0887707540,nan.chaisawat786@example.co.th,2022-01-15
C00787,Mild,Srisuk,1963-05-10,F,Shop Owner,Nakhon Ratchasima,0860860378,mild.srisuk787@example.co.th,2018-10-05
C00788,Mai,Phutthichai,2004-05-20,F,Farmer,Phuket,0828058430,mai.phutthichai788@example.co.th,2019-05-15
C00789,Nan,Suwanphon,1984-07-14,F,Office Worker,Chiang Rai,0838164968,nan.suwanphon789@example.co.th,2025-10-21
C00790,Tawan,Chaisawat,1960-03-21,M,Farmer,Khon Kaen,0891171931,tawan.chaisawat790@example.co.th,2025-12-05
C00791,Apinya,Phutthichai,1983-05-24,F,Construction Worker,Udon Thani,0827409802,apinya.phutthichai791@example.co.th,2024-11-21
C00792,Tee,Watcharaphon,2001-08-16,F,Hotel Staff,Krabi,0834146739,tee.watcharaphon792@example.co.th,2024-11-01
C00793,Wichai,Thongdee,1972-05-13,M,Government Officer,Bangkok,0872395893,wichai.thongdee793@example.co.th,2025-01-05
C00794,Earth,Phongphan,1973-08-07,F,Driver,Trang,0816105858,earth.phongphan794@example.co.th,2021-09-29
C00795,Daeng,Limthongkul,1974-01-18,M,Accountant,Bangkok,0847799296,daeng.limthongkul795@example.co.th,2020-11-08
C00796,Earth,Wongchai,1982-08-12,F,Hotel Staff,Nakhon Ratchasima,0810822924,earth.wongchai796@example.co.th,2019-04-12
C00797,Bua,Charoensuk,1985-08-16,M,Restaurant Owner,Rayong,0833572537,bua.charoensuk797@example.co.th,2020-03-05
C00798,Chai,Charoensuk,1997-12-25,M,IT Specialist,Krabi,0828220579,chai.charoensuk798@example.co.th,2023-05-27
C00799,Pim,Kanchanaburi,2003-03-05,F,Hotel Staff,Pathum Thani,0865559839,pim.kanchanaburi799@example.co.th,2026-04-30
C00800,Niran,Saetang,1981-11-08,F,Office Worker,Phitsanulok,0881925331,niran.saetang800@example.co.th,2018-03-18
C00801,Tawan,Phromsiri,1984-10-04,M,Engineer,Samut Prakan,0847642707,tawan.phromsiri801@example.co.th,2018-05-08
C00802,Chai,Inthanon,2002-12-07,F,Engineer,Nonthaburi,0889885300,chai.inthanon802@example.co.th,2019-04-24
C00803,Boss,Thongdee,1983-03-20,F,Driver,Chiang Mai,0821649801,boss.thongdee803@example.co.th,2023-07-29
C00804,View,Rattanapan,1988-05-03,F,Doctor,Hat Yai,0880477785,view.rattanapan804@example.co.th,2021-05-23
C00805,Kanya,Phongphan,1988-07-28,M,Construction Worker,Chiang Mai,0822429114,kanya.phongphan805@example.co.th,2022-12-23
C00806,Pat,Boonmee,1998-04-20,M,Doctor,Chiang Rai,0855649583,pat.boonmee806@example.co.th,2023-06-04
C00807,Beam,Saetang,1982-11-04,M,Hotel Staff,Pathum Thani,0823187101,beam.saetang807@example.co.th,2023-10-16
C00808,Bua,Chaiyaporn,1973-05-29,F,Driver,Chiang Mai,0880107942,bua.chaiyaporn808@example.co.th,2019-04-20
C00809,Somchai,Thongdee,1958-12-13,M,Shop Owner,Trang,0872663022,somchai.thongdee809@example.co.th,2018-07-08
C00810,Suda,Saetang,1983-01-13,F,IT Specialist,Bangkok,0838165011,suda.saetang810@example.co.th,2021-08-07
C00811,Tawan,Sukhumvit,1980-09-16,F,Hotel Staff,Udon Thani,0869205536,tawan.sukhumvit811@example.co.th,2025-07-11
C00812,Suda,Suwanphon,1968-05-24,F,Teacher,Nonthaburi,0812047721,suda.suwanphon812@example.co.th,2024-12-26
C00813,Praew,Saetang,1964-03-08,F,Office Worker,Songkhla,0852746321,praew.saetang813@example.co.th,2021-01-15
C00814,Pim,Thongdee,1976-12-18,M,Nurse,Nonthaburi,0892310750,pim.thongdee814@example.co.th,2021-10-19
C00815,Praew,Kanchanaburi,1959-07-21,M,Farmer,Chonburi,0816772091,praew.kanchanaburi815@example.co.th,2019-03-10
C00816,Eak,Srisuk,1962-09-22,F,Engineer,Ayutthaya,0890010054,eak.srisuk816@example.co.th,2024-08-24
C00817,Mint,Kanchanaburi,1986-11-27,F,Restaurant Owner,Nakhon Ratchasima,0836594858,mint.kanchanaburi817@example.co.th,2025-12-30
C00818,Mai,Limthongkul,1962-01-17,M,Teacher,Hat Yai,0872850928,mai.limthongkul818@example.co.th,2019-02-03
C00819,Nok,Thongdee,1996-10-02,M,Doctor,Krabi,0829289997,nok.thongdee819@example.co.th,2024-12-01
C00820,Malee,Sangthong,1990-03-05,F,Hotel Staff,Nonthaburi,0853588695,malee.sangthong820@example.co.th,2023-01-31
C00821,Ploy,Boonmee,1960-11-11,M,Shop Owner,Krabi,0874243595,ploy.boonmee821@example.co.th,2023-03-05
C00822,Boss,Kittikun,1980-04-28,M,Office Worker,Samut Prakan,0823815327,boss.kittikun822@example.co.th,2022-07-20
C00823,Bank,Phongphan,1984-03-27,M,Hotel Staff,Lampang,0850549608,bank.phongphan823@example.co.th,2023-12-23
C00824,Nok,Inthanon,1992-02-03,M,Office Worker,Surat Thani,0831343341,nok.inthanon824@example.co.th,2023-05-30
C00825,Eak,Wongchai,1985-07-26,F,Hotel Staff,Songkhla,0868432185,eak.wongchai825@example.co.th,2024-05-12
C00826,Earth,Charoensuk,2003-11-08,M,IT Specialist,Surat Thani,0899872888,earth.charoensuk826@example.co.th,2018-11-16
C00827,Beam,Phromsiri,1998-08-28,F,Shop Owner,Khon Kaen,0884502610,beam.phromsiri827@example.co.th,2019-02-04
C00828,Bank,Kanchanaburi,1970-10-21,F,Teacher,Nakhon Ratchasima,0890296988,bank.kanchanaburi828@example.co.th,2019-03-22
C00829,Bua,Chaisawat,1988-12-29,F,IT Specialist,Pathum Thani,0898605814,bua.chaisawat829@example.co.th,2018-09-09
C00830,Anong,Sukhumvit,1967-06-19,M,Hotel Staff,Phitsanulok,0829693143,anong.sukhumvit830@example.co.th,2025-05-30
C00831,Pim,Kanchanaburi,2002-08-30,F,Sales,Nakhon Ratchasima,0887568641,pim.kanchanaburi831@example.co.th,2023-01-06
C00832,Tawan,Sukhumvit,1983-05-28,F,Construction Worker,Nakhon Ratchasima,0868348074,tawan.sukhumvit832@example.co.th,2026-01-19
C00833,Mild,Sangthong,1963-01-04,M,Sales,Phitsanulok,0878507933,mild.sangthong833@example.co.th,2022-07-14
C00834,Boss,Chaiyaporn,1981-05-23,F,Construction Worker,Chiang Mai,0883670115,boss.chaiyaporn834@example.co.th,2018-08-06
C00835,Somchai,Limthongkul,1987-03-25,F,Restaurant Owner,Khon Kaen,0814185545,somchai.limthongkul835@example.co.th,2020-08-21
C00836,Fern,Phromsiri,1990-05-16,F,Driver,Pathum Thani,0861212793,fern.phromsiri836@example.co.th,2022-11-18
C00837,Praew,Sukhumvit,1970-07-23,M,Doctor,Krabi,0884547422,praew.sukhumvit837@example.co.th,2022-04-25
C00838,Bank,Sangthong,1992-06-06,F,Restaurant Owner,Chonburi,0899934747,bank.sangthong838@example.co.th,2019-05-30
C00839,Pim,Boonmee,1961-06-08,M,Accountant,Bangkok,0875323947,pim.boonmee839@example.co.th,2025-05-18
C00840,Fern,Chaiyaporn,1962-08-06,F,Restaurant Owner,Chonburi,0871207129,fern.chaiyaporn840@example.co.th,2025-10-19
C00841,Toon,Phutthichai,1971-02-17,F,Office Worker,Hat Yai,0870404120,toon.phutthichai841@example.co.th,2022-04-25
C00842,Daeng,Rattanapan,1971-09-02,M,Sales,Ayutthaya,0876861495,daeng.rattanapan842@example.co.th,2026-03-13
C00843,Wichai,Saetang,1979-02-26,F,Government Officer,Ayutthaya,0815082158,wichai.saetang843@example.co.th,2024-05-16
C00844,Ploy,Sangthong,1965-02-25,F,Accountant,Phitsanulok,0820745888,ploy.sangthong844@example.co.th,2019-08-05
C00845,Beam,Saetang,1980-01-26,M,Office Worker,Hat Yai,0891882291,beam.saetang845@example.co.th,2018-12-29
C00846,Wichai,Watcharaphon,1962-01-02,F,Sales,Lampang,0817083242,wichai.watcharaphon846@example.co.th,2021-11-08
C00847,Praew,Boonmee,1997-01-23,F,Sales,Hat Yai,0854495054,praew.boonmee847@example.co.th,2022-09-21
C00848,Daeng,Thongdee,1980-12-11,M,Accountant,Nonthaburi,0890213415,daeng.thongdee848@example.co.th,2021-05-30
C00849,Beam,Phromsiri,1978-05-14,F,Sales,Chiang Mai,0832693431,beam.phromsiri849@example.co.th,2024-06-04
C00850,Niran,Thongdee,1957-06-13,F,Teacher,Nakhon Ratchasima,0827021671,niran.thongdee850@example.co.th,2023-09-02
C00851,Anong,Suwanphon,1977-08-12,F,Nurse,Chonburi,0844488013,anong.suwanphon851@example.co.th,2018-02-28
C00852,Beam,Phongphan,1970-08-31,M,IT Specialist,Phitsanulok,0869948773,beam.phongphan852@example.co.th,2022-02-23
C00853,Earth,Kittikun,1978-06-09,F,Engineer,Surat Thani,0880784933,earth.kittikun853@example.co.th,2018-05-16
C00854,Chai,Wongchai,1968-01-06,M,Restaurant Owner,Trang,0876565050,chai.wongchai854@example.co.th,2022-08-19
C00855,Mai,Inthanon,1976-05-07,M,Doctor,Hat Yai,0887545284,mai.inthanon855@example.co.th,2026-03-27
C00856,Bank,Sangthong,1959-11-16,M,Government Officer,Udon Thani,0832494944,bank.sangthong856@example.co.th,2023-03-16
C00857,Eak,Watcharaphon,1982-01-14,M,Driver,Krabi,0862354374,eak.watcharaphon857@example.co.th,2023-04-28
C00858,Malee,Chaiyaporn,2002-08-03,M,Nurse,Ayutthaya,0870239684,malee.chaiyaporn858@example.co.th,2022-04-14
C00859,Bua,Charoensuk,2002-07-28,M,Construction Worker,Chiang Mai,0881308986,bua.charoensuk859@example.co.th,2025-02-23
C00860,Daeng,Phutthichai,1979-06-16,F,Nurse,Pathum Thani,0823190487,daeng.phutthichai860@example.co.th,2020-11-11
C00861,Mint,Phromsiri,1990-02-03,M,Accountant,Hat Yai,0889017236,mint.phromsiri861@example.co.th,2020-03-09
C00862,Pat,Charoensuk,1971-02-21,M,IT Specialist,Pathum Thani,0811137651,pat.charoensuk862@example.co.th,2018-10-06
C00863,Somchai,Phutthichai,1963-10-07,M,IT Specialist,Chiang Rai,0869853349,somchai.phutthichai863@example.co.th,2021-12-10
C00864,Wichai,Thongdee,1977-08-07,M,Government Officer,Songkhla,0893134088,wichai.thongdee864@example.co.th,2019-01-12
C00865,Niran,Chaisawat,1974-06-14,M,Accountant,Trang,0826103055,niran.chaisawat865@example.co.th,2018-12-20
C00866,Boss,Chaisawat,1966-08-27,M,Construction Worker,Rayong,0824877375,boss.chaisawat866@example.co.th,2025-10-20
C00867,Kanya,Suwanphon,1981-06-05,M,IT Specialist,Hat Yai,0870860191,kanya.suwanphon867@example.co.th,2021-02-06
C00868,Mai,Phutthichai,1984-01-06,M,Hotel Staff,Udon Thani,0819931717,mai.phutthichai868@example.co.th,2021-02-09
C00869,Mai,Srisuk,1989-05-05,F,Government Officer,Rayong,0844660198,mai.srisuk869@example.co.th,2020-12-20
C00870,Kanya,Kanchanaburi,1961-03-24,M,Sales,Krabi,0862698503,kanya.kanchanaburi870@example.co.th,2020-01-01
C00871,Mint,Watcharaphon,1964-09-23,F,Doctor,Chonburi,0892405160,mint.watcharaphon871@example.co.th,2025-03-20
C00872,Suda,Kanchanaburi,1978-03-27,M,Teacher,Khon Kaen,0819450582,suda.kanchanaburi872@example.co.th,2024-05-29
C00873,Beam,Suwanphon,1995-01-01,F,Engineer,Bangkok,0897626101,beam.suwanphon873@example.co.th,2025-03-07
C00874,Somchai,Srisuk,1990-01-12,M,Accountant,Udon Thani,0854269149,somchai.srisuk874@example.co.th,2022-05-22
C00875,Tee,Boonmee,2001-03-28,F,Driver,Krabi,0864212251,tee.boonmee875@example.co.th,2026-02-28
C00876,Mai,Wongchai,2003-06-16,M,Driver,Surat Thani,0874701849,mai.wongchai876@example.co.th,2019-05-12
C00877,Tee,Limthongkul,1987-03-15,F,Driver,Pathum Thani,0817408103,tee.limthongkul877@example.co.th,2025-02-02
C00878,Mint,Wongchai,1987-10-11,F,Teacher,Lampang,0871691749,mint.wongchai878@example.co.th,2021-04-02
C00879,Mint,Sukhumvit,1970-11-05,M,Driver,Lampang,0898682228,mint.sukhumvit879@example.co.th,2020-02-22
C00880,Apinya,Inthanon,1964-07-30,F,Teacher,Samut Prakan,0894931806,apinya.inthanon880@example.co.th,2022-11-29
C00881,Beam,Sukhumvit,1967-07-22,M,Government Officer,Chiang Mai,0889583788,beam.sukhumvit881@example.co.th,2020-09-03
C00882,Ploy,Inthanon,1960-08-26,F,Farmer,Lampang,0881664219,ploy.inthanon882@example.co.th,2023-01-15
C00883,Somchai,Srisuk,1985-06-09,F,Hotel Staff,Chiang Mai,0815746469,somchai.srisuk883@example.co.th,2022-07-19
C00884,Suda,Sukhumvit,2001-12-06,M,Accountant,Hat Yai,0887758465,suda.sukhumvit884@example.co.th,2020-08-12
C00885,Mild,Wongchai,1958-04-23,F,IT Specialist,Chonburi,0812558593,mild.wongchai885@example.co.th,2023-04-15
C00886,Mild,Chaisawat,1959-02-09,M,Government Officer,Surat Thani,0833118870,mild.chaisawat886@example.co.th,2025-02-04
C00887,Niran,Thongdee,1963-09-24,M,Restaurant Owner,Hat Yai,0889328380,niran.thongdee887@example.co.th,2018-09-19
C00888,Bank,Phongphan,1965-03-30,M,Teacher,Krabi,0837198033,bank.phongphan888@example.co.th,2022-10-12
C00889,Chai,Inthanon,1984-02-02,M,Shop Owner,Khon Kaen,0838619492,chai.inthanon889@example.co.th,2018-07-06
C00890,Tee,Kittikun,1985-02-05,M,Nurse,Phuket,0828956482,tee.kittikun890@example.co.th,2022-08-28
C00891,Kanya,Sangthong,2004-08-25,F,Doctor,Nonthaburi,0888112812,kanya.sangthong891@example.co.th,2018-06-16
C00892,Pim,Phongphan,1988-09-29,M,Construction Worker,Nonthaburi,0875359668,pim.phongphan892@example.co.th,2018-11-27
C00893,Somchai,Boonmee,1971-02-05,F,Driver,Phuket,0873889312,somchai.boonmee893@example.co.th,2025-10-06
C00894,Pim,Sukhumvit,1967-11-02,F,Driver,Udon Thani,0842112095,pim.sukhumvit894@example.co.th,2019-12-16
C00895,Toon,Srisuk,1971-02-24,M,IT Specialist,Krabi,0850426348,toon.srisuk895@example.co.th,2021-11-25
C00896,Fern,Boonmee,2005-01-13,M,Teacher,Surat Thani,0881162107,fern.boonmee896@example.co.th,2019-01-27
C00897,Toon,Sangthong,2003-06-03,M,Farmer,Chiang Rai,0894082607,toon.sangthong897@example.co.th,2025-05-24
C00898,Tawan,Suwanphon,1959-10-05,M,Hotel Staff,Songkhla,0830027622,tawan.suwanphon898@example.co.th,2025-09-07
C00899,Boss,Watcharaphon,1999-08-20,M,IT Specialist,Nonthaburi,0815786878,boss.watcharaphon899@example.co.th,2018-08-10
C00900,Mint,Sangthong,1980-07-28,F,Nurse,Songkhla,0854868265,mint.sangthong900@example.co.th,2024-12-01
C00901,Earth,Kanchanaburi,1958-11-20,M,Construction Worker,Khon Kaen,0882123324,earth.kanchanaburi901@example.co.th,2019-12-22
C00902,Kanya,Boonmee,1998-07-08,M,Teacher,Chiang Rai,0841581408,kanya.boonmee902@example.co.th,2026-02-02
C00903,Nok,Phromsiri,1984-03-30,M,Accountant,Ayutthaya,0853712695,nok.phromsiri903@example.co.th,2020-07-31
C00904,Mai,Phongphan,1984-04-04,M,Doctor,Surat Thani,0865377624,mai.phongphan904@example.co.th,2020-03-30
C00905,Eak,Rattanapan,1961-08-06,F,Government Officer,Krabi,0868500818,eak.rattanapan905@example.co.th,2019-08-17
C00906,Tawan,Chaisawat,1995-10-27,F,Shop Owner,Nonthaburi,0828307917,tawan.chaisawat906@example.co.th,2023-02-18
C00907,Beam,Sukhumvit,1987-03-04,M,Shop Owner,Udon Thani,0827074074,beam.sukhumvit907@example.co.th,2018-05-12
C00908,Nan,Phromsiri,1960-05-08,M,Teacher,Udon Thani,0872482955,nan.phromsiri908@example.co.th,2023-02-22
C00909,Fern,Kittikun,1985-10-28,F,Sales,Surat Thani,0831043745,fern.kittikun909@example.co.th,2025-02-26
C00910,Toon,Kittikun,2004-08-03,M,Driver,Surat Thani,0880030620,toon.kittikun910@example.co.th,2023-06-27
C00911,Boss,Sukhumvit,1997-06-24,F,Government Officer,Hat Yai,0867460000,boss.sukhumvit911@example.co.th,2026-04-04
C00912,Boss,Rattanapan,1977-03-26,F,Sales,Pathum Thani,0839850909,boss.rattanapan912@example.co.th,2024-08-20
C00913,Pim,Phromsiri,1955-06-16,M,Government Officer,Ayutthaya,0873169926,pim.phromsiri913@example.co.th,2026-03-24
C00914,Mai,Saetang,1958-01-06,F,Farmer,Ayutthaya,0823153230,mai.saetang914@example.co.th,2023-01-28
C00915,Ploy,Rattanapan,1962-06-15,M,Accountant,Lampang,0864575354,ploy.rattanapan915@example.co.th,2020-06-11
C00916,Pim,Sangthong,1981-07-15,M,Government Officer,Surat Thani,0874395377,pim.sangthong916@example.co.th,2025-07-03
C00917,Apinya,Kittikun,1996-03-15,M,Farmer,Phitsanulok,0872244899,apinya.kittikun917@example.co.th,2019-07-22
C00918,Boss,Inthanon,1971-08-05,F,Accountant,Samut Prakan,0895013818,boss.inthanon918@example.co.th,2018-01-06
C00919,Boss,Wongchai,1989-07-12,M,Nurse,Pathum Thani,0867163632,boss.wongchai919@example.co.th,2021-01-10
C00920,Nan,Chaisawat,2003-08-31,M,Hotel Staff,Phitsanulok,0820866138,nan.chaisawat920@example.co.th,2024-12-16
C00921,View,Charoensuk,1959-12-02,F,Construction Worker,Chiang Rai,0816920612,view.charoensuk921@example.co.th,2019-03-31
C00922,Eak,Sangthong,1996-09-30,M,Shop Owner,Trang,0859181804,eak.sangthong922@example.co.th,2019-12-19
C00923,Mint,Limthongkul,1961-01-04,M,Engineer,Lampang,0854953500,mint.limthongkul923@example.co.th,2020-09-04
C00924,Praew,Phongphan,1997-12-05,M,Hotel Staff,Phitsanulok,0840257672,praew.phongphan924@example.co.th,2021-08-05
C00925,Daeng,Suwanphon,2000-03-05,F,Government Officer,Ayutthaya,0818505267,daeng.suwanphon925@example.co.th,2022-03-08
C00926,Daeng,Kanchanaburi,1998-08-15,M,Farmer,Chiang Rai,0881391010,daeng.kanchanaburi926@example.co.th,2025-08-10
C00927,Bank,Limthongkul,1981-03-21,F,Hotel Staff,Hat Yai,0818808386,bank.limthongkul927@example.co.th,2020-02-11
C00928,View,Kanchanaburi,1962-10-31,F,Construction Worker,Phuket,0833999716,view.kanchanaburi928@example.co.th,2021-03-27
C00929,Anong,Phongphan,1969-10-13,M,Accountant,Udon Thani,0829858055,anong.phongphan929@example.co.th,2023-07-26
C00930,Pim,Sukhumvit,2001-09-17,F,Driver,Bangkok,0882670169,pim.sukhumvit930@example.co.th,2019-06-25
C00931,Ploy,Sangthong,1992-09-09,M,Nurse,Hat Yai,0835375292,ploy.sangthong931@example.co.th,2018-09-15
C00932,Somchai,Rattanapan,2001-08-13,F,Sales,Pathum Thani,0856008827,somchai.rattanapan932@example.co.th,2025-05-09
C00933,Mint,Charoensuk,1998-08-13,F,Farmer,Phitsanulok,0850813240,mint.charoensuk933@example.co.th,2024-05-12
C00934,Pim,Thongdee,1970-05-29,M,Farmer,Udon Thani,0859915883,pim.thongdee934@example.co.th,2021-03-26
C00935,Mai,Srisuk,1968-04-22,F,Farmer,Samut Prakan,0832328873,mai.srisuk935@example.co.th,2024-12-08
C00936,Mild,Kittikun,2003-01-10,M,Engineer,Nakhon Ratchasima,0899436783,mild.kittikun936@example.co.th,2019-09-21
C00937,Kanya,Rattanapan,1965-06-28,F,Sales,Chiang Mai,0826974987,kanya.rattanapan937@example.co.th,2022-12-11
C00938,Malee,Sangthong,1971-07-21,M,IT Specialist,Songkhla,0852539471,malee.sangthong938@example.co.th,2021-11-09
C00939,Pim,Sangthong,1995-03-26,M,Office Worker,Lampang,0850474667,pim.sangthong939@example.co.th,2019-05-13
C00940,Mild,Boonmee,1991-04-18,M,Farmer,Krabi,0852978923,mild.boonmee940@example.co.th,2019-10-02
C00941,Somchai,Limthongkul,2000-07-09,F,Farmer,Pathum Thani,0848899945,somchai.limthongkul941@example.co.th,2024-06-07
C00942,Bua,Chaiyaporn,2005-09-16,F,Accountant,Hat Yai,0825074747,bua.chaiyaporn942@example.co.th,2026-03-16
C00943,Ploy,Srisuk,1967-07-05,M,Nurse,Lampang,0813328008,ploy.srisuk943@example.co.th,2022-07-04
C00944,Toon,Rattanapan,1995-01-04,M,Shop Owner,Samut Prakan,0817386489,toon.rattanapan944@example.co.th,2024-10-26
C00945,Mint,Sukhumvit,2002-03-25,F,Doctor,Surat Thani,0813026428,mint.sukhumvit945@example.co.th,2018-12-09
C00946,Praew,Kanchanaburi,1962-11-03,F,Doctor,Chiang Rai,0875829146,praew.kanchanaburi946@example.co.th,2021-07-25
C00947,Toon,Chaisawat,2000-11-22,F,Driver,Chiang Mai,0829856967,toon.chaisawat947@example.co.th,2026-01-11
C00948,Boss,Phutthichai,1988-02-29,F,Government Officer,Rayong,0848205125,boss.phutthichai948@example.co.th,2021-11-13
C00949,Daeng,Thongdee,1994-12-22,M,Doctor,Lampang,0869622247,daeng.thongdee949@example.co.th,2026-04-26
C00950,Fern,Kanchanaburi,1980-11-22,F,Accountant,Nonthaburi,0865592149,fern.kanchanaburi950@example.co.th,2019-07-26
C00951,Bank,Phromsiri,1962-09-21,M,Nurse,Chonburi,0873701495,bank.phromsiri951@example.co.th,2023-11-22
C00952,Chai,Wongchai,1988-09-17,M,Driver,Phuket,0895739089,chai.wongchai952@example.co.th,2021-01-24
C00953,Fern,Kittikun,2004-11-11,M,Doctor,Hat Yai,0834965358,fern.kittikun953@example.co.th,2022-04-13
C00954,Apinya,Limthongkul,1999-01-05,F,Restaurant Owner,Chiang Mai,0888545322,apinya.limthongkul954@example.co.th,2021-05-29
C00955,Ploy,Limthongkul,1996-07-30,M,Hotel Staff,Surat Thani,0810328387,ploy.limthongkul955@example.co.th,2019-09-23
C00956,Malee,Thongdee,1997-05-24,F,Driver,Khon Kaen,0834074943,malee.thongdee956@example.co.th,2023-07-08
C00957,Mild,Rattanapan,1957-07-21,F,Farmer,Khon Kaen,0818955654,mild.rattanapan957@example.co.th,2024-09-19
C00958,Beam,Sangthong,1998-02-08,F,Restaurant Owner,Phitsanulok,0844616300,beam.sangthong958@example.co.th,2025-01-16
C00959,Bua,Watcharaphon,1965-09-23,M,Restaurant Owner,Samut Prakan,0844834491,bua.watcharaphon959@example.co.th,2019-10-30
C00960,Tee,Srisuk,1968-02-10,F,Construction Worker,Pathum Thani,0828186152,tee.srisuk960@example.co.th,2022-01-03
C00961,Kanya,Srisuk,1979-06-18,F,IT Specialist,Samut Prakan,0857779407,kanya.srisuk961@example.co.th,2018-07-19
C00962,Apinya,Thongdee,2002-07-07,M,Hotel Staff,Phuket,0894292753,apinya.thongdee962@example.co.th,2020-01-21
C00963,Mai,Phongphan,1969-12-29,F,Restaurant Owner,Lampang,0852441045,mai.phongphan963@example.co.th,2025-09-06
C00964,Earth,Thongdee,1979-05-10,M,Office Worker,Samut Prakan,0887852542,earth.thongdee964@example.co.th,2021-12-11
C00965,Bank,Chaiyaporn,1956-02-27,F,Shop Owner,Chonburi,0875082045,bank.chaiyaporn965@example.co.th,2022-08-15
C00966,Chai,Kittikun,1964-03-10,M,Office Worker,Songkhla,0839677351,chai.kittikun966@example.co.th,2020-02-11
C00967,Earth,Limthongkul,2002-02-27,M,Driver,Lampang,0871806103,earth.limthongkul967@example.co.th,2018-11-09
C00968,Suda,Chaiyaporn,1956-07-23,F,Nurse,Krabi,0858663129,suda.chaiyaporn968@example.co.th,2019-07-24
C00969,Bank,Kanchanaburi,2001-12-06,M,Accountant,Pathum Thani,0850894029,bank.kanchanaburi969@example.co.th,2018-04-28
C00970,Beam,Phongphan,1974-12-13,M,Accountant,Chonburi,0840410305,beam.phongphan970@example.co.th,2021-06-13
C00971,Pim,Sukhumvit,1966-09-06,F,Accountant,Phuket,0824995099,pim.sukhumvit971@example.co.th,2018-11-15
C00972,Somchai,Watcharaphon,1993-09-09,M,Teacher,Chiang Mai,0814401363,somchai.watcharaphon972@example.co.th,2025-05-26
C00973,Pat,Phromsiri,1960-04-26,M,Construction Worker,Krabi,0843958759,pat.phromsiri973@example.co.th,2018-06-27
C00974,Anong,Thongdee,1955-12-03,M,Construction Worker,Khon Kaen,0890771151,anong.thongdee974@example.co.th,2020-04-21
C00975,Tee,Sukhumvit,1971-07-30,M,Teacher,Samut Prakan,0829536326,tee.sukhumvit975@example.co.th,2021-02-10
C00976,Tee,Sangthong,1986-08-06,M,Office Worker,Nonthaburi,0886535694,tee.sangthong976@example.co.th,2018-10-07
C00977,Suda,Phromsiri,1956-04-03,M,Accountant,Chiang Rai,0835709072,suda.phromsiri977@example.co.th,2021-02-28
C00978,Kanya,Limthongkul,1955-05-22,M,Construction Worker,Khon Kaen,0877671943,kanya.limthongkul978@example.co.th,2025-12-08
C00979,Ploy,Sangthong,1971-08-11,M,Engineer,Hat Yai,0857623448,ploy.sangthong979@example.co.th,2022-04-04
C00980,Fern,Sukhumvit,2001-02-18,F,Teacher,Surat Thani,0852181984,fern.sukhumvit980@example.co.th,2019-05-22
C00981,Nok,Phongphan,2001-08-17,F,Hotel Staff,Chonburi,0858486215,nok.phongphan981@example.co.th,2025-11-26
C00982,Apinya,Limthongkul,1958-08-23,F,Farmer,Phuket,0825532025,apinya.limthongkul982@example.co.th,2022-04-26
C00983,Apinya,Kanchanaburi,1982-12-28,M,Office Worker,Hat Yai,0864664494,apinya.kanchanaburi983@example.co.th,2021-04-05
C00984,Boss,Phutthichai,1971-12-09,F,IT Specialist,Phuket,0859317149,boss.phutthichai984@example.co.th,2020-01-05
C00985,Somchai,Watcharaphon,1964-06-08,F,Office Worker,Rayong,0898388851,somchai.watcharaphon985@example.co.th,2025-08-03
C00986,Anong,Phongphan,1967-11-11,F,Accountant,Rayong,0889263249,anong.phongphan986@example.co.th,2019-02-21
C00987,Beam,Kittikun,1960-10-21,M,Shop Owner,Samut Prakan,0836878911,beam.kittikun987@example.co.th,2024-09-02
C00988,Boss,Inthanon,1966-01-05,F,Accountant,Surat Thani,0876989425,boss.inthanon988@example.co.th,2021-02-14
C00989,Mai,Phromsiri,1979-06-28,F,Farmer,Rayong,0899479873,mai.phromsiri989@example.co.th,2024-10-06
C00990,Eak,Watcharaphon,2000-11-18,M,Hotel Staff,Udon Thani,0871020042,eak.watcharaphon990@example.co.th,2019-03-19
C00991,Suda,Suwanphon,1998-11-25,M,IT Specialist,Krabi,0828066831,suda.suwanphon991@example.co.th,2018-05-02
C00992,Suda,Srisuk,1961-02-13,M,Engineer,Krabi,0861356129,suda.srisuk992@example.co.th,2024-10-12
C00993,Bua,Charoensuk,1968-09-13,M,Hotel Staff,Nakhon Ratchasima,0820269972,bua.charoensuk993@example.co.th,2025-05-31
C00994,Mai,Saetang,1999-02-27,M,Nurse,Hat Yai,0898864649,mai.saetang994@example.co.th,2023-08-02
C00995,Ploy,Saetang,1978-06-23,F,Hotel Staff,Lampang,0882548572,ploy.saetang995@example.co.th,2024-02-17
C00996,Somchai,Srisuk,1993-08-12,F,Farmer,Khon Kaen,0852219420,somchai.srisuk996@example.co.th,2022-03-22
C00997,Nok,Kanchanaburi,1958-03-25,M,Office Worker,Chiang Mai,0898504649,nok.kanchanaburi997@example.co.th,2021-05-26
C00998,View,Kittikun,1999-02-03,M,Nurse,Ayutthaya,0862221499,view.kittikun998@example.co.th,2023-06-20
C00999,Mai,Phongphan,1999-01-04,F,Farmer,Lampang,0885464643,mai.phongphan999@example.co.th,2019-10-03
C01000,Pat,Srisuk,1990-02-10,F,Sales,Udon Thani,0860707149,pat.srisuk1000@example.co.th,2024-12-01
C01001,Bua,Sangthong,1980-07-08,M,Government Officer,Pathum Thani,0889250658,bua.sangthong1001@example.co.th,2018-07-04
C01002,Pim,Sangthong,1986-04-19,M,Hotel Staff,Phitsanulok,0893906615,pim.sangthong1002@example.co.th,2021-10-29
C01003,Eak,Phongphan,1993-05-30,F,Driver,Samut Prakan,0857146562,eak.phongphan1003@example.co.th,2018-08-20
C01004,Bua,Rattanapan,1977-03-19,F,Sales,Surat Thani,0821400686,bua.rattanapan1004@example.co.th,2025-09-19
C01005,Anong,Thongdee,1965-04-08,M,Government Officer,Pathum Thani,0882265081,anong.thongdee1005@example.co.th,2021-08-28
C01006,Niran,Kanchanaburi,1992-11-25,F,Nurse,Phitsanulok,0812738346,niran.kanchanaburi1006@example.co.th,2025-10-21
C01007,Ploy,Phromsiri,1956-12-29,F,Sales,Pathum Thani,0862385285,ploy.phromsiri1007@example.co.th,2021-08-13
C01008,Tee,Phongphan,1998-10-24,M,Shop Owner,Khon Kaen,0876670159,tee.phongphan1008@example.co.th,2023-08-22
C01009,Earth,Charoensuk,1969-12-13,F,Shop Owner,Trang,0868517739,earth.charoensuk1009@example.co.th,2020-04-06
C01010,Ploy,Wongchai,2003-01-27,F,Nurse,Songkhla,0816379551,ploy.wongchai1010@example.co.th,2021-05-02
C01011,Tee,Inthanon,1975-04-07,M,Accountant,Trang,0887603784,tee.inthanon1011@example.co.th,2019-01-24
C01012,Tee,Charoensuk,1979-07-11,F,Driver,Phuket,0838150713,tee.charoensuk1012@example.co.th,2021-11-23
C01013,Earth,Wongchai,1982-01-29,F,Driver,Chiang Rai,0899047650,earth.wongchai1013@example.co.th,2024-01-21
C01014,Chai,Sukhumvit,1992-03-03,F,Sales,Rayong,0879171687,chai.sukhumvit1014@example.co.th,2023-01-31
C01015,Bua,Limthongkul,1971-03-15,M,Sales,Bangkok,0877001977,bua.limthongkul1015@example.co.th,2020-05-22
C01016,Bua,Kanchanaburi,1979-01-14,F,Construction Worker,Lampang,0885982862,bua.kanchanaburi1016@example.co.th,2026-02-24
C01017,Mint,Srisuk,2001-11-08,F,Farmer,Songkhla,0829829822,mint.srisuk1017@example.co.th,2020-09-11
C01018,Pim,Thongdee,1994-01-22,F,Restaurant Owner,Ayutthaya,0818647316,pim.thongdee1018@example.co.th,2025-02-09
C01019,Tawan,Phutthichai,1978-12-12,M,Nurse,Nakhon Ratchasima,0890696029,tawan.phutthichai1019@example.co.th,2020-08-25
C01020,Eak,Rattanapan,1965-03-10,M,Government Officer,Chonburi,0842962076,eak.rattanapan1020@example.co.th,2021-06-25
C01021,Nok,Watcharaphon,2005-03-23,F,IT Specialist,Ayutthaya,0814966557,nok.watcharaphon1021@example.co.th,2020-04-07
C01022,Kanya,Suwanphon,1967-03-29,F,Hotel Staff,Bangkok,0847281925,kanya.suwanphon1022@example.co.th,2025-05-21
C01023,Praew,Kittikun,1958-10-15,M,Government Officer,Krabi,0821264832,praew.kittikun1023@example.co.th,2021-07-09
C01024,Toon,Thongdee,1960-09-14,F,IT Specialist,Ayutthaya,0898238841,toon.thongdee1024@example.co.th,2019-01-05
C01025,Eak,Chaiyaporn,1976-03-05,M,Office Worker,Khon Kaen,0899149714,eak.chaiyaporn1025@example.co.th,2024-07-05
C01026,Mai,Saetang,1977-08-04,M,Doctor,Krabi,0890506654,mai.saetang1026@example.co.th,2019-05-16
C01027,Mai,Charoensuk,1984-07-17,F,Hotel Staff,Phitsanulok,0841667072,mai.charoensuk1027@example.co.th,2022-09-29
C01028,Tawan,Chaiyaporn,1964-08-01,M,Nurse,Nonthaburi,0868985391,tawan.chaiyaporn1028@example.co.th,2022-07-31
C01029,Malee,Phromsiri,1960-01-07,F,Accountant,Krabi,0825161415,malee.phromsiri1029@example.co.th,2021-07-20
C01030,Praew,Phutthichai,1997-08-08,F,Construction Worker,Surat Thani,0829449696,praew.phutthichai1030@example.co.th,2022-01-26
C01031,Ploy,Sangthong,1982-08-25,M,Restaurant Owner,Bangkok,0898882124,ploy.sangthong1031@example.co.th,2018-08-12
C01032,Nan,Rattanapan,1977-09-11,F,Nurse,Lampang,0895758290,nan.rattanapan1032@example.co.th,2025-11-09
C01033,Daeng,Phongphan,2002-12-27,F,Driver,Surat Thani,0811055770,daeng.phongphan1033@example.co.th,2022-05-29
C01034,Mild,Suwanphon,1981-12-29,M,Nurse,Phuket,0838237596,mild.suwanphon1034@example.co.th,2019-10-19
C01035,Mild,Kanchanaburi,1983-06-16,M,Nurse,Ayutthaya,0820750109,mild.kanchanaburi1035@example.co.th,2023-07-07
C01036,Ploy,Phutthichai,1984-11-06,M,Restaurant Owner,Ayutthaya,0831520919,ploy.phutthichai1036@example.co.th,2025-10-31
C01037,Malee,Saetang,1960-12-14,F,Sales,Samut Prakan,0883514771,malee.saetang1037@example.co.th,2026-04-10
C01038,Chai,Kanchanaburi,1957-06-15,M,IT Specialist,Chiang Mai,0869512807,chai.kanchanaburi1038@example.co.th,2025-03-10
C01039,Pim,Boonmee,1990-12-11,F,Shop Owner,Songkhla,0887283822,pim.boonmee1039@example.co.th,2018-12-03
C01040,Suda,Kittikun,1977-05-24,M,Restaurant Owner,Chiang Rai,0889727494,suda.kittikun1040@example.co.th,2025-09-09
C01041,Fern,Charoensuk,1995-07-04,M,Nurse,Krabi,0833283960,fern.charoensuk1041@example.co.th,2025-09-16
C01042,Tee,Charoensuk,1980-04-12,M,Driver,Songkhla,0859338378,tee.charoensuk1042@example.co.th,2020-01-16
C01043,Eak,Inthanon,1975-02-20,M,Construction Worker,Bangkok,0884964625,eak.inthanon1043@example.co.th,2025-04-04
C01044,Toon,Rattanapan,1962-12-25,M,Nurse,Hat Yai,0832650041,toon.rattanapan1044@example.co.th,2018-07-23
C01045,Eak,Chaisawat,1993-06-24,F,Engineer,Trang,0821953600,eak.chaisawat1045@example.co.th,2022-02-16
C01046,Kanya,Phromsiri,1965-07-12,F,Hotel Staff,Bangkok,0870895638,kanya.phromsiri1046@example.co.th,2025-07-22
C01047,Ploy,Phongphan,1975-02-20,M,Restaurant Owner,Songkhla,0845729141,ploy.phongphan1047@example.co.th,2021-03-25
C01048,Beam,Watcharaphon,1989-04-11,F,Restaurant Owner,Chonburi,0837730181,beam.watcharaphon1048@example.co.th,2024-09-23
C01049,Tawan,Thongdee,1971-12-28,M,Driver,Ayutthaya,0829588118,tawan.thongdee1049@example.co.th,2018-04-28
C01050,Apinya,Suwanphon,1976-02-16,F,Construction Worker,Trang,0843328672,apinya.suwanphon1050@example.co.th,2022-02-23
C01051,Tee,Kanchanaburi,1962-09-10,F,Engineer,Bangkok,0853385340,tee.kanchanaburi1051@example.co.th,2025-10-09
C01052,Eak,Sukhumvit,1989-05-28,F,Teacher,Ayutthaya,0822788187,eak.sukhumvit1052@example.co.th,2024-03-31
C01053,Niran,Srisuk,1984-11-11,F,Construction Worker,Surat Thani,0857553566,niran.srisuk1053@example.co.th,2024-10-19
C01054,Bua,Chaisawat,1959-01-31,F,Office Worker,Bangkok,0893169072,bua.chaisawat1054@example.co.th,2022-04-10
C01055,Apinya,Inthanon,1988-04-10,M,Sales,Chonburi,0834074932,apinya.inthanon1055@example.co.th,2020-12-02
C01056,Kanya,Saetang,1999-03-20,F,Engineer,Pathum Thani,0822032348,kanya.saetang1056@example.co.th,2021-07-23
C01057,Nan,Saetang,1993-11-03,F,Teacher,Chonburi,0852046335,nan.saetang1057@example.co.th,2018-06-30
C01058,Pim,Watcharaphon,1980-03-17,F,Nurse,Samut Prakan,0845328305,pim.watcharaphon1058@example.co.th,2024-11-15
C01059,Bank,Suwanphon,2001-05-19,F,Construction Worker,Pathum Thani,0832143753,bank.suwanphon1059@example.co.th,2021-07-16
C01060,Beam,Watcharaphon,1968-07-27,F,Government Officer,Lampang,0835356407,beam.watcharaphon1060@example.co.th,2019-09-01
C01061,Niran,Rattanapan,1971-06-07,F,Nurse,Chiang Mai,0831951974,niran.rattanapan1061@example.co.th,2025-12-01
C01062,Nok,Phutthichai,1965-05-29,M,Farmer,Krabi,0857851319,nok.phutthichai1062@example.co.th,2025-12-14
C01063,Praew,Watcharaphon,1996-01-25,M,Restaurant Owner,Krabi,0829871432,praew.watcharaphon1063@example.co.th,2019-05-22
C01064,Daeng,Wongchai,1973-04-11,M,Restaurant Owner,Nakhon Ratchasima,0832588172,daeng.wongchai1064@example.co.th,2023-09-15
C01065,Bank,Suwanphon,2005-07-13,M,Sales,Phitsanulok,0810553745,bank.suwanphon1065@example.co.th,2023-11-25
C01066,Mai,Phromsiri,1971-03-14,M,Doctor,Ayutthaya,0876855296,mai.phromsiri1066@example.co.th,2025-08-04
C01067,Suda,Charoensuk,1957-04-30,M,Driver,Nakhon Ratchasima,0860138147,suda.charoensuk1067@example.co.th,2024-08-15
C01068,Mild,Phongphan,1984-01-10,M,Teacher,Chonburi,0871771451,mild.phongphan1068@example.co.th,2025-12-08
C01069,Bua,Watcharaphon,1995-09-26,M,Shop Owner,Udon Thani,0815885044,bua.watcharaphon1069@example.co.th,2025-05-11
C01070,Toon,Kanchanaburi,1984-02-24,M,Doctor,Phitsanulok,0816534020,toon.kanchanaburi1070@example.co.th,2025-03-21
C01071,Apinya,Charoensuk,1959-12-25,F,Teacher,Phuket,0863533881,apinya.charoensuk1071@example.co.th,2020-11-11
C01072,Kanya,Rattanapan,1990-10-15,M,Restaurant Owner,Phuket,0837947183,kanya.rattanapan1072@example.co.th,2019-10-30
C01073,Eak,Inthanon,1980-07-24,M,Nurse,Chonburi,0875880113,eak.inthanon1073@example.co.th,2022-11-06
C01074,Beam,Thongdee,1966-10-12,M,Restaurant Owner,Samut Prakan,0859319220,beam.thongdee1074@example.co.th,2023-10-01
C01075,Tawan,Watcharaphon,1994-12-18,F,Nurse,Rayong,0885572241,tawan.watcharaphon1075@example.co.th,2024-09-24
C01076,Fern,Wongchai,1992-11-27,M,Driver,Samut Prakan,0894649276,fern.wongchai1076@example.co.th,2022-10-11
C01077,Anong,Srisuk,2001-01-20,F,IT Specialist,Pathum Thani,0840095669,anong.srisuk1077@example.co.th,2025-04-06
C01078,Bua,Chaiyaporn,1999-06-09,M,Nurse,Chiang Rai,0872843313,bua.chaiyaporn1078@example.co.th,2022-11-27
C01079,Anong,Watcharaphon,1981-12-13,M,IT Specialist,Chonburi,0850320166,anong.watcharaphon1079@example.co.th,2020-10-15
C01080,Pat,Phutthichai,1981-07-05,M,Office Worker,Phitsanulok,0820272020,pat.phutthichai1080@example.co.th,2018-07-04
C01081,Pat,Phongphan,2000-10-24,F,Teacher,Ayutthaya,0872365138,pat.phongphan1081@example.co.th,2025-05-30
C01082,Beam,Phromsiri,1977-09-24,F,Sales,Samut Prakan,0820974924,beam.phromsiri1082@example.co.th,2023-08-25
C01083,Somchai,Phongphan,1996-07-11,M,Restaurant Owner,Nonthaburi,0862741841,somchai.phongphan1083@example.co.th,2018-07-05
C01084,Anong,Phutthichai,1981-09-14,F,Hotel Staff,Pathum Thani,0899960756,anong.phutthichai1084@example.co.th,2023-01-17
C01085,Toon,Suwanphon,1985-08-15,M,Engineer,Nonthaburi,0820498581,toon.suwanphon1085@example.co.th,2024-10-10
C01086,Malee,Phongphan,1993-12-01,M,Government Officer,Lampang,0863007123,malee.phongphan1086@example.co.th,2019-04-23
C01087,Somchai,Kittikun,1997-10-21,F,Restaurant Owner,Hat Yai,0898277293,somchai.kittikun1087@example.co.th,2026-05-07
C01088,Toon,Watcharaphon,1982-03-02,F,Accountant,Trang,0863015631,toon.watcharaphon1088@example.co.th,2021-05-24
C01089,Anong,Chaiyaporn,1967-02-14,M,Teacher,Bangkok,0812132081,anong.chaiyaporn1089@example.co.th,2025-10-21
C01090,Tawan,Boonmee,1973-10-09,M,IT Specialist,Krabi,0842451191,tawan.boonmee1090@example.co.th,2022-11-20
C01091,Bank,Limthongkul,1972-02-16,F,Hotel Staff,Phuket,0872199925,bank.limthongkul1091@example.co.th,2019-08-30
C01092,Ploy,Phutthichai,1956-12-15,M,Construction Worker,Khon Kaen,0830457766,ploy.phutthichai1092@example.co.th,2026-04-15
C01093,Nan,Kanchanaburi,1998-07-08,M,Restaurant Owner,Krabi,0870333053,nan.kanchanaburi1093@example.co.th,2024-07-25
C01094,Wichai,Sukhumvit,1981-06-14,F,Government Officer,Phitsanulok,0854808596,wichai.sukhumvit1094@example.co.th,2018-02-02
C01095,Suda,Phutthichai,1992-04-17,F,Government Officer,Krabi,0875430674,suda.phutthichai1095@example.co.th,2022-06-26
C01096,Ploy,Saetang,1998-10-09,M,Office Worker,Surat Thani,0812552775,ploy.saetang1096@example.co.th,2022-09-25
C01097,Tee,Charoensuk,2004-08-20,F,Construction Worker,Phuket,0897013391,tee.charoensuk1097@example.co.th,2022-09-05
C01098,View,Watcharaphon,1965-06-28,F,Farmer,Krabi,0868549800,view.watcharaphon1098@example.co.th,2018-03-27
C01099,Kanya,Thongdee,1972-03-30,F,Farmer,Krabi,0841152352,kanya.thongdee1099@example.co.th,2023-09-11
C01100,Wichai,Phromsiri,1985-06-05,F,Engineer,Trang,0849378681,wichai.phromsiri1100@example.co.th,2026-02-09
C01101,Nan,Inthanon,1992-05-25,F,Hotel Staff,Samut Prakan,0831746728,nan.inthanon1101@example.co.th,2024-12-22
C01102,Tawan,Thongdee,1962-09-25,M,Engineer,Krabi,0836774319,tawan.thongdee1102@example.co.th,2019-10-03
C01103,Toon,Watcharaphon,1964-01-20,F,Nurse,Ayutthaya,0841503438,toon.watcharaphon1103@example.co.th,2020-05-07
C01104,Praew,Srisuk,1956-08-17,F,Shop Owner,Samut Prakan,0831287665,praew.srisuk1104@example.co.th,2019-12-17
C01105,Bank,Saetang,1957-11-13,F,Driver,Phuket,0825296699,bank.saetang1105@example.co.th,2024-12-04
C01106,Wichai,Phongphan,2005-06-02,F,Nurse,Surat Thani,0855677542,wichai.phongphan1106@example.co.th,2021-12-26
C01107,Mai,Srisuk,2004-12-21,M,Restaurant Owner,Udon Thani,0879174131,mai.srisuk1107@example.co.th,2024-10-11
C01108,Bua,Phongphan,1959-07-11,F,Restaurant Owner,Hat Yai,0824888885,bua.phongphan1108@example.co.th,2019-03-10
C01109,Earth,Chaisawat,1964-02-21,M,Office Worker,Lampang,0824148036,earth.chaisawat1109@example.co.th,2019-11-16
C01110,Mint,Phongphan,1973-06-05,M,Accountant,Samut Prakan,0849208083,mint.phongphan1110@example.co.th,2025-12-10
C01111,Nok,Saetang,1999-09-18,M,IT Specialist,Khon Kaen,0858819941,nok.saetang1111@example.co.th,2021-10-02
C01112,Bank,Chaiyaporn,1966-01-12,F,Driver,Songkhla,0810884169,bank.chaiyaporn1112@example.co.th,2020-10-01
C01113,Bank,Watcharaphon,1985-08-15,M,Teacher,Nakhon Ratchasima,0845704013,bank.watcharaphon1113@example.co.th,2022-03-06
C01114,Nan,Phutthichai,1987-05-10,M,Hotel Staff,Surat Thani,0881088456,nan.phutthichai1114@example.co.th,2022-09-24
C01115,Earth,Rattanapan,1967-05-19,F,Construction Worker,Ayutthaya,0864936566,earth.rattanapan1115@example.co.th,2023-02-23
C01116,Boss,Saetang,1987-06-16,F,Engineer,Bangkok,0811335293,boss.saetang1116@example.co.th,2026-01-18
C01117,Earth,Saetang,1961-03-30,F,Shop Owner,Phuket,0863908666,earth.saetang1117@example.co.th,2019-11-05
C01118,Fern,Srisuk,1990-04-13,M,Construction Worker,Chiang Mai,0887115770,fern.srisuk1118@example.co.th,2018-08-25
C01119,Mint,Saetang,1981-07-13,F,Construction Worker,Ayutthaya,0884304333,mint.saetang1119@example.co.th,2021-05-31
C01120,Beam,Charoensuk,1985-11-16,F,Construction Worker,Bangkok,0880839007,beam.charoensuk1120@example.co.th,2024-11-05
C01121,Mild,Chaiyaporn,1991-03-29,M,Construction Worker,Hat Yai,0883071525,mild.chaiyaporn1121@example.co.th,2025-01-01
C01122,Earth,Chaisawat,1994-09-01,F,Hotel Staff,Samut Prakan,0836480587,earth.chaisawat1122@example.co.th,2021-05-20
C01123,Anong,Srisuk,2003-03-20,F,Accountant,Pathum Thani,0826912191,anong.srisuk1123@example.co.th,2023-11-02
C01124,Praew,Thongdee,1974-03-05,F,Office Worker,Phuket,0855729171,praew.thongdee1124@example.co.th,2025-02-16
C01125,Kanya,Boonmee,1957-07-02,F,Doctor,Lampang,0850794416,kanya.boonmee1125@example.co.th,2026-02-23
C01126,Fern,Saetang,1964-11-27,F,Nurse,Chiang Mai,0894153110,fern.saetang1126@example.co.th,2023-09-10
C01127,Daeng,Phongphan,1959-04-14,F,Nurse,Khon Kaen,0886830962,daeng.phongphan1127@example.co.th,2026-04-07
C01128,Somchai,Kanchanaburi,1985-05-30,M,Shop Owner,Surat Thani,0850158160,somchai.kanchanaburi1128@example.co.th,2021-03-11
C01129,Bua,Phromsiri,1967-07-23,M,Teacher,Rayong,0854002874,bua.phromsiri1129@example.co.th,2023-10-17
C01130,Tee,Sukhumvit,1987-05-31,M,Engineer,Hat Yai,0867135430,tee.sukhumvit1130@example.co.th,2022-08-15
C01131,Anong,Wongchai,1960-07-30,M,Farmer,Ayutthaya,0838827874,anong.wongchai1131@example.co.th,2023-01-02
C01132,Anong,Sangthong,2002-03-19,F,Restaurant Owner,Rayong,0845392370,anong.sangthong1132@example.co.th,2024-07-21
C01133,Ploy,Phutthichai,1994-06-25,F,Restaurant Owner,Krabi,0831856387,ploy.phutthichai1133@example.co.th,2019-08-15
C01134,Pat,Chaiyaporn,1998-06-28,M,Accountant,Hat Yai,0878878589,pat.chaiyaporn1134@example.co.th,2023-12-08
C01135,Suda,Sukhumvit,1995-11-10,M,Accountant,Krabi,0831050667,suda.sukhumvit1135@example.co.th,2024-04-08
C01136,Daeng,Phongphan,1991-08-29,M,Shop Owner,Khon Kaen,0886740966,daeng.phongphan1136@example.co.th,2021-04-01
C01137,Niran,Saetang,1968-10-02,F,Nurse,Khon Kaen,0860259138,niran.saetang1137@example.co.th,2021-05-27
C01138,Apinya,Watcharaphon,1957-07-05,M,Hotel Staff,Chonburi,0889138026,apinya.watcharaphon1138@example.co.th,2022-09-24
C01139,Niran,Thongdee,1980-06-07,M,Restaurant Owner,Songkhla,0875604774,niran.thongdee1139@example.co.th,2018-01-09
C01140,Suda,Limthongkul,1986-04-12,M,Driver,Phuket,0874582407,suda.limthongkul1140@example.co.th,2024-06-05
C01141,Apinya,Phromsiri,1995-08-02,F,Farmer,Pathum Thani,0891296981,apinya.phromsiri1141@example.co.th,2019-06-28
C01142,Mai,Chaiyaporn,2000-04-14,F,IT Specialist,Hat Yai,0870273791,mai.chaiyaporn1142@example.co.th,2019-09-03
C01143,Boss,Charoensuk,1963-01-05,F,Driver,Trang,0841248877,boss.charoensuk1143@example.co.th,2022-06-08
C01144,Chai,Limthongkul,1959-02-10,F,IT Specialist,Hat Yai,0821882280,chai.limthongkul1144@example.co.th,2019-11-10
C01145,Nan,Boonmee,1982-09-16,M,IT Specialist,Lampang,0885075065,nan.boonmee1145@example.co.th,2018-12-15
C01146,Tawan,Chaisawat,2003-08-11,M,Sales,Phitsanulok,0880028608,tawan.chaisawat1146@example.co.th,2020-02-15
C01147,Mai,Watcharaphon,2000-02-04,M,IT Specialist,Bangkok,0881384965,mai.watcharaphon1147@example.co.th,2020-01-07
C01148,Somchai,Suwanphon,1973-06-18,F,Teacher,Surat Thani,0881611045,somchai.suwanphon1148@example.co.th,2024-10-21
C01149,Chai,Inthanon,1959-01-14,M,Shop Owner,Krabi,0868655485,chai.inthanon1149@example.co.th,2020-01-10
C01150,Fern,Boonmee,2002-05-12,F,Nurse,Pathum Thani,0822217180,fern.boonmee1150@example.co.th,2019-04-15
C01151,Suda,Limthongkul,1970-02-01,M,Engineer,Nakhon Ratchasima,0844299947,suda.limthongkul1151@example.co.th,2019-01-03
C01152,Pim,Thongdee,1991-07-16,M,Sales,Nonthaburi,0853659778,pim.thongdee1152@example.co.th,2020-01-14
C01153,Somchai,Srisuk,1981-09-26,M,Shop Owner,Rayong,0829120731,somchai.srisuk1153@example.co.th,2022-08-18
C01154,View,Charoensuk,1978-02-20,M,Government Officer,Rayong,0837187070,view.charoensuk1154@example.co.th,2020-09-08
C01155,Mai,Chaisawat,1976-03-20,F,Teacher,Krabi,0846143160,mai.chaisawat1155@example.co.th,2018-09-06
C01156,Chai,Kanchanaburi,2004-08-15,M,Farmer,Ayutthaya,0813879756,chai.kanchanaburi1156@example.co.th,2022-07-28
C01157,Mint,Rattanapan,1956-09-02,M,Doctor,Udon Thani,0884451573,mint.rattanapan1157@example.co.th,2025-04-22
C01158,Earth,Chaiyaporn,1982-04-30,F,Farmer,Phitsanulok,0821261988,earth.chaiyaporn1158@example.co.th,2025-02-17
C01159,Pat,Sukhumvit,1967-10-10,M,Hotel Staff,Samut Prakan,0842905017,pat.sukhumvit1159@example.co.th,2024-01-11
C01160,Fern,Limthongkul,1995-07-12,M,Restaurant Owner,Chiang Mai,0872364542,fern.limthongkul1160@example.co.th,2024-12-17
C01161,Apinya,Kittikun,1955-01-18,F,Nurse,Chiang Mai,0890244451,apinya.kittikun1161@example.co.th,2020-10-24
C01162,Bank,Inthanon,1986-07-12,F,Government Officer,Songkhla,0831664929,bank.inthanon1162@example.co.th,2026-04-16
C01163,Praew,Phromsiri,1961-04-10,M,Driver,Nakhon Ratchasima,0826505688,praew.phromsiri1163@example.co.th,2019-07-27
C01164,Beam,Limthongkul,1980-01-27,M,Sales,Ayutthaya,0877755826,beam.limthongkul1164@example.co.th,2021-07-27
C01165,View,Charoensuk,1978-06-13,F,Doctor,Hat Yai,0898889317,view.charoensuk1165@example.co.th,2021-08-10
C01166,Chai,Sukhumvit,1996-04-01,F,Government Officer,Trang,0827948365,chai.sukhumvit1166@example.co.th,2025-04-01
C01167,Mild,Boonmee,1997-10-01,M,IT Specialist,Bangkok,0833291610,mild.boonmee1167@example.co.th,2022-08-20
C01168,Praew,Watcharaphon,1990-03-28,M,Hotel Staff,Lampang,0897120361,praew.watcharaphon1168@example.co.th,2025-04-21
C01169,Anong,Limthongkul,1957-10-11,M,Shop Owner,Hat Yai,0860516391,anong.limthongkul1169@example.co.th,2024-09-28
C01170,Daeng,Inthanon,1970-11-24,M,Farmer,Bangkok,0859725069,daeng.inthanon1170@example.co.th,2020-03-01
C01171,Nok,Boonmee,1974-11-15,F,IT Specialist,Bangkok,0858025924,nok.boonmee1171@example.co.th,2020-02-24
C01172,Anong,Chaisawat,1982-03-14,M,Farmer,Surat Thani,0858720925,anong.chaisawat1172@example.co.th,2018-05-31
C01173,Malee,Watcharaphon,1973-10-04,M,Restaurant Owner,Bangkok,0895689443,malee.watcharaphon1173@example.co.th,2022-06-11
C01174,Suda,Suwanphon,1999-11-20,M,Office Worker,Krabi,0836007403,suda.suwanphon1174@example.co.th,2025-05-26
C01175,Beam,Phromsiri,2005-09-13,M,Sales,Nonthaburi,0827212939,beam.phromsiri1175@example.co.th,2026-05-14
C01176,Anong,Chaiyaporn,1978-04-17,M,Construction Worker,Phitsanulok,0880206603,anong.chaiyaporn1176@example.co.th,2026-03-05
C01177,Earth,Suwanphon,1972-03-18,F,IT Specialist,Bangkok,0885177493,earth.suwanphon1177@example.co.th,2023-02-03
C01178,Somchai,Phutthichai,1959-08-27,F,Restaurant Owner,Pathum Thani,0864609958,somchai.phutthichai1178@example.co.th,2021-01-27
C01179,Suda,Saetang,1996-11-10,F,Office Worker,Krabi,0815833729,suda.saetang1179@example.co.th,2026-02-02
C01180,Wichai,Srisuk,1979-12-08,F,Shop Owner,Ayutthaya,0810692467,wichai.srisuk1180@example.co.th,2022-05-25
C01181,Tawan,Charoensuk,1962-05-04,M,Accountant,Phitsanulok,0840283277,tawan.charoensuk1181@example.co.th,2025-09-25
C01182,Fern,Wongchai,1977-06-05,M,Shop Owner,Songkhla,0851715656,fern.wongchai1182@example.co.th,2018-09-15
C01183,Mint,Phongphan,1957-07-02,F,Hotel Staff,Krabi,0813224383,mint.phongphan1183@example.co.th,2024-08-24
C01184,Earth,Charoensuk,1977-06-19,M,Farmer,Surat Thani,0841992031,earth.charoensuk1184@example.co.th,2021-10-27
C01185,Bank,Srisuk,1984-12-05,M,Teacher,Chiang Rai,0890525899,bank.srisuk1185@example.co.th,2024-12-12
C01186,Nok,Phongphan,1995-01-20,M,Teacher,Phitsanulok,0818145263,nok.phongphan1186@example.co.th,2018-05-17
C01187,Eak,Charoensuk,1960-10-31,M,Construction Worker,Chonburi,0869313284,eak.charoensuk1187@example.co.th,2018-08-13
C01188,Apinya,Chaisawat,1993-09-28,M,IT Specialist,Phuket,0817488001,apinya.chaisawat1188@example.co.th,2024-04-09
C01189,Niran,Thongdee,1989-03-22,M,Sales,Rayong,0865177982,niran.thongdee1189@example.co.th,2020-08-12
C01190,Boss,Chaisawat,1955-12-14,F,Farmer,Hat Yai,0867459379,boss.chaisawat1190@example.co.th,2024-12-15
C01191,Toon,Phongphan,1985-06-20,F,Office Worker,Bangkok,0854049408,toon.phongphan1191@example.co.th,2024-08-04
C01192,Tawan,Phongphan,1964-03-18,M,Sales,Bangkok,0835986503,tawan.phongphan1192@example.co.th,2024-06-05
C01193,Pim,Saetang,1977-12-28,F,Farmer,Samut Prakan,0893329195,pim.saetang1193@example.co.th,2022-12-27
C01194,Kanya,Rattanapan,1967-05-09,M,Engineer,Chiang Mai,0851831217,kanya.rattanapan1194@example.co.th,2024-07-22
C01195,Fern,Saetang,1987-02-04,M,Engineer,Nakhon Ratchasima,0873018412,fern.saetang1195@example.co.th,2021-06-18
C01196,Toon,Charoensuk,1981-02-10,M,Office Worker,Samut Prakan,0888710632,toon.charoensuk1196@example.co.th,2025-05-17
C01197,Bua,Chaiyaporn,1960-02-22,M,Driver,Surat Thani,0856146216,bua.chaiyaporn1197@example.co.th,2020-03-11
C01198,Tawan,Sukhumvit,1961-02-19,M,IT Specialist,Pathum Thani,0873850736,tawan.sukhumvit1198@example.co.th,2025-10-16
C01199,Nan,Kanchanaburi,1984-09-15,F,Sales,Phitsanulok,0850215871,nan.kanchanaburi1199@example.co.th,2022-09-11
C01200,Chai,Kittikun,1964-05-28,M,Farmer,Hat Yai,0839448158,chai.kittikun1200@example.co.th,2018-01-16
C01201,Mint,Rattanapan,1975-08-29,M,Doctor,Hat Yai,0874524663,mint.rattanapan1201@example.co.th,2026-03-28
C01202,Mai,Charoensuk,1988-09-21,F,Engineer,Songkhla,0810902666,mai.charoensuk1202@example.co.th,2022-01-26
C01203,Somchai,Wongchai,1987-02-09,M,Engineer,Bangkok,0849000479,somchai.wongchai1203@example.co.th,2022-12-09
C01204,Tawan,Phromsiri,1987-04-16,M,Doctor,Chiang Mai,0836551621,tawan.phromsiri1204@example.co.th,2021-03-09
C01205,Kanya,Rattanapan,1978-07-04,F,Restaurant Owner,Nonthaburi,0884424395,kanya.rattanapan1205@example.co.th,2020-10-04
C01206,Kanya,Sukhumvit,1956-12-05,F,Construction Worker,Nonthaburi,0823581521,kanya.sukhumvit1206@example.co.th,2018-03-27
C01207,Bank,Chaiyaporn,1988-12-29,F,Construction Worker,Khon Kaen,0838217583,bank.chaiyaporn1207@example.co.th,2021-06-03
C01208,Nok,Rattanapan,1988-02-29,M,Office Worker,Samut Prakan,0893644995,nok.rattanapan1208@example.co.th,2022-11-12
C01209,View,Wongchai,1965-08-18,M,Hotel Staff,Chonburi,0835453201,view.wongchai1209@example.co.th,2020-02-25
C01210,Praew,Inthanon,1988-07-29,F,IT Specialist,Pathum Thani,0842822896,praew.inthanon1210@example.co.th,2018-07-09
C01211,Mai,Chaisawat,1971-12-19,F,Hotel Staff,Lampang,0829940314,mai.chaisawat1211@example.co.th,2021-09-04
C01212,Wichai,Srisuk,1980-02-16,F,Doctor,Chonburi,0820926356,wichai.srisuk1212@example.co.th,2023-04-12
C01213,Earth,Chaisawat,1960-10-26,F,Hotel Staff,Nonthaburi,0896580039,earth.chaisawat1213@example.co.th,2023-09-17
C01214,Daeng,Watcharaphon,2001-07-21,M,Shop Owner,Hat Yai,0860181152,daeng.watcharaphon1214@example.co.th,2023-11-23
C01215,Nan,Watcharaphon,1999-05-23,F,Sales,Krabi,0863814070,nan.watcharaphon1215@example.co.th,2025-02-26
C01216,Mild,Phromsiri,1958-04-14,M,Construction Worker,Songkhla,0837246265,mild.phromsiri1216@example.co.th,2023-01-26
C01217,Boss,Rattanapan,1990-07-08,F,Driver,Songkhla,0860611218,boss.rattanapan1217@example.co.th,2024-05-29
C01218,Kanya,Sangthong,1977-11-01,M,Engineer,Lampang,0821278067,kanya.sangthong1218@example.co.th,2021-04-23
C01219,Nok,Saetang,1986-07-17,M,Farmer,Surat Thani,0878754653,nok.saetang1219@example.co.th,2024-12-19
C01220,Chai,Phutthichai,1995-06-23,F,Driver,Hat Yai,0859326617,chai.phutthichai1220@example.co.th,2023-07-31
C01221,Chai,Suwanphon,1989-04-21,M,Farmer,Bangkok,0841378816,chai.suwanphon1221@example.co.th,2020-12-23
C01222,Mint,Wongchai,1987-03-20,F,Restaurant Owner,Phuket,0877345747,mint.wongchai1222@example.co.th,2023-10-02
C01223,Praew,Wongchai,1979-10-19,M,Teacher,Surat Thani,0819576257,praew.wongchai1223@example.co.th,2022-01-15
C01224,Niran,Limthongkul,1972-12-20,M,IT Specialist,Pathum Thani,0854190018,niran.limthongkul1224@example.co.th,2020-10-21
C01225,Apinya,Suwanphon,1972-02-07,M,Restaurant Owner,Trang,0882897088,apinya.suwanphon1225@example.co.th,2020-12-05
C01226,Somchai,Thongdee,1980-04-14,F,Driver,Samut Prakan,0887840078,somchai.thongdee1226@example.co.th,2025-05-08
C01227,Somchai,Watcharaphon,2000-12-28,F,Doctor,Chonburi,0840457532,somchai.watcharaphon1227@example.co.th,2026-02-10
C01228,Beam,Sukhumvit,1997-07-25,F,Accountant,Surat Thani,0871928212,beam.sukhumvit1228@example.co.th,2021-10-27
C01229,Earth,Wongchai,1983-02-01,F,Hotel Staff,Songkhla,0866061116,earth.wongchai1229@example.co.th,2020-05-08
C01230,Nok,Kanchanaburi,2005-02-06,F,Engineer,Bangkok,0887511871,nok.kanchanaburi1230@example.co.th,2019-06-10
C01231,Apinya,Boonmee,1999-11-03,F,Doctor,Samut Prakan,0866257000,apinya.boonmee1231@example.co.th,2022-10-10
C01232,Bua,Inthanon,2003-03-26,F,Sales,Nakhon Ratchasima,0813119198,bua.inthanon1232@example.co.th,2024-05-13
C01233,Earth,Srisuk,1967-06-26,F,Sales,Chonburi,0894535600,earth.srisuk1233@example.co.th,2024-10-05
C01234,Mild,Chaisawat,1990-01-25,M,Driver,Rayong,0818550910,mild.chaisawat1234@example.co.th,2023-12-30
C01235,Eak,Sukhumvit,1997-08-05,F,Sales,Khon Kaen,0870604045,eak.sukhumvit1235@example.co.th,2025-03-02
C01236,View,Thongdee,1963-05-14,M,IT Specialist,Nonthaburi,0884209891,view.thongdee1236@example.co.th,2019-12-29
C01237,Niran,Chaisawat,1998-11-01,M,Doctor,Bangkok,0819326928,niran.chaisawat1237@example.co.th,2022-04-30
C01238,Apinya,Sukhumvit,1975-11-28,M,Farmer,Nakhon Ratchasima,0817711235,apinya.sukhumvit1238@example.co.th,2022-02-18
C01239,Pat,Boonmee,1970-06-01,F,Driver,Pathum Thani,0831076941,pat.boonmee1239@example.co.th,2019-03-30
C01240,Pim,Limthongkul,1992-07-15,M,Driver,Krabi,0837713235,pim.limthongkul1240@example.co.th,2019-06-17
C01241,Boss,Sukhumvit,1982-10-16,F,Engineer,Ayutthaya,0891028510,boss.sukhumvit1241@example.co.th,2024-06-13
C01242,Apinya,Phromsiri,1973-03-18,F,Nurse,Chiang Rai,0837072082,apinya.phromsiri1242@example.co.th,2018-01-31
C01243,Pim,Kanchanaburi,1960-09-27,M,Office Worker,Rayong,0854143064,pim.kanchanaburi1243@example.co.th,2024-05-20
C01244,View,Watcharaphon,1996-04-14,M,Accountant,Hat Yai,0822227594,view.watcharaphon1244@example.co.th,2021-03-25
C01245,Mint,Kanchanaburi,1986-02-10,F,Sales,Nakhon Ratchasima,0833505052,mint.kanchanaburi1245@example.co.th,2022-08-28
C01246,Wichai,Kittikun,1993-10-06,F,Construction Worker,Hat Yai,0898460225,wichai.kittikun1246@example.co.th,2020-01-22
C01247,Nan,Phromsiri,1963-07-28,M,Doctor,Rayong,0831197304,nan.phromsiri1247@example.co.th,2021-01-26
C01248,View,Limthongkul,1981-03-09,M,Construction Worker,Phuket,0876234781,view.limthongkul1248@example.co.th,2022-08-12
C01249,Mai,Limthongkul,1965-11-16,M,Hotel Staff,Samut Prakan,0824123001,mai.limthongkul1249@example.co.th,2023-08-29
C01250,Mai,Charoensuk,1991-10-17,M,Nurse,Hat Yai,0837833011,mai.charoensuk1250@example.co.th,2023-09-04
C01251,Niran,Kanchanaburi,1957-05-25,F,Driver,Phuket,0856124957,niran.kanchanaburi1251@example.co.th,2026-05-14
C01252,Eak,Sukhumvit,1990-08-03,M,Nurse,Chiang Mai,0825392453,eak.sukhumvit1252@example.co.th,2025-12-14
C01253,Mild,Chaiyaporn,1984-05-06,F,Farmer,Hat Yai,0819158638,mild.chaiyaporn1253@example.co.th,2018-12-05
C01254,Praew,Rattanapan,1994-04-09,F,Restaurant Owner,Chonburi,0847465789,praew.rattanapan1254@example.co.th,2019-10-23
C01255,Kanya,Boonmee,1964-01-07,F,Teacher,Nonthaburi,0881760022,kanya.boonmee1255@example.co.th,2026-04-25
C01256,Eak,Kittikun,1961-12-17,F,Engineer,Bangkok,0869144114,eak.kittikun1256@example.co.th,2022-01-06
C01257,Kanya,Sukhumvit,1958-02-02,M,Farmer,Lampang,0816409704,kanya.sukhumvit1257@example.co.th,2025-02-13
C01258,Earth,Saetang,1964-03-22,F,Farmer,Rayong,0817035056,earth.saetang1258@example.co.th,2024-09-16
C01259,Somchai,Srisuk,1988-11-09,M,Shop Owner,Songkhla,0842016340,somchai.srisuk1259@example.co.th,2020-03-30
C01260,Anong,Boonmee,1992-10-30,M,Shop Owner,Bangkok,0835790180,anong.boonmee1260@example.co.th,2025-08-17
C01261,Bua,Wongchai,1974-10-15,M,Accountant,Khon Kaen,0832420703,bua.wongchai1261@example.co.th,2018-06-30
C01262,Fern,Saetang,1964-08-29,F,Office Worker,Pathum Thani,0894125851,fern.saetang1262@example.co.th,2020-02-16
C01263,Toon,Sukhumvit,2003-08-07,F,Teacher,Rayong,0841193292,toon.sukhumvit1263@example.co.th,2020-05-25
C01264,Suda,Sangthong,1984-01-05,M,Driver,Nonthaburi,0897777422,suda.sangthong1264@example.co.th,2021-07-19
C01265,Somchai,Inthanon,1974-02-01,M,Teacher,Hat Yai,0898310124,somchai.inthanon1265@example.co.th,2021-02-14
C01266,Mint,Chaisawat,1988-02-07,M,Construction Worker,Chiang Mai,0839334741,mint.chaisawat1266@example.co.th,2022-08-11
C01267,Apinya,Chaisawat,1999-10-27,M,Nurse,Khon Kaen,0822716400,apinya.chaisawat1267@example.co.th,2024-09-23
C01268,Chai,Inthanon,1966-12-04,M,IT Specialist,Pathum Thani,0852676804,chai.inthanon1268@example.co.th,2025-06-22
C01269,Ploy,Wongchai,1985-01-23,F,Driver,Bangkok,0878588767,ploy.wongchai1269@example.co.th,2025-03-08
C01270,Beam,Rattanapan,2000-03-01,M,Doctor,Phitsanulok,0812847211,beam.rattanapan1270@example.co.th,2024-11-29
C01271,Mai,Phongphan,1982-09-16,F,Hotel Staff,Surat Thani,0842688154,mai.phongphan1271@example.co.th,2024-12-13
C01272,Anong,Srisuk,1967-05-05,F,Nurse,Samut Prakan,0837113563,anong.srisuk1272@example.co.th,2019-09-14
C01273,Eak,Sukhumvit,1958-05-27,F,Accountant,Surat Thani,0854116005,eak.sukhumvit1273@example.co.th,2019-07-04
C01274,Malee,Charoensuk,1958-07-21,F,IT Specialist,Chiang Rai,0848715788,malee.charoensuk1274@example.co.th,2018-04-08
C01275,Wichai,Charoensuk,1985-09-30,M,Office Worker,Surat Thani,0817257686,wichai.charoensuk1275@example.co.th,2025-06-16
C01276,Wichai,Rattanapan,1989-03-23,F,Engineer,Chiang Rai,0869372673,wichai.rattanapan1276@example.co.th,2025-01-23
C01277,Somchai,Wongchai,1999-02-09,M,Government Officer,Phuket,0895143291,somchai.wongchai1277@example.co.th,2019-08-03
C01278,Tawan,Chaiyaporn,1963-03-26,M,Doctor,Nonthaburi,0878105370,tawan.chaiyaporn1278@example.co.th,2018-11-17
C01279,Fern,Kanchanaburi,1982-12-11,M,Doctor,Nonthaburi,0866910568,fern.kanchanaburi1279@example.co.th,2019-12-24
C01280,Toon,Rattanapan,1982-03-12,F,IT Specialist,Nakhon Ratchasima,0837031585,toon.rattanapan1280@example.co.th,2021-01-18
C01281,Boss,Watcharaphon,1962-03-06,F,Driver,Samut Prakan,0832517176,boss.watcharaphon1281@example.co.th,2023-04-13
C01282,Nok,Phutthichai,2000-05-01,F,Hotel Staff,Trang,0830921653,nok.phutthichai1282@example.co.th,2023-05-29
C01283,Somchai,Inthanon,1993-05-05,F,Sales,Phuket,0882101452,somchai.inthanon1283@example.co.th,2019-09-18
C01284,Praew,Kittikun,1978-01-30,F,Nurse,Rayong,0870881578,praew.kittikun1284@example.co.th,2021-03-06
C01285,Eak,Limthongkul,1998-02-20,F,Engineer,Phuket,0872982807,eak.limthongkul1285@example.co.th,2020-03-12
C01286,Pim,Sukhumvit,1955-05-17,F,Farmer,Bangkok,0864298487,pim.sukhumvit1286@example.co.th,2022-08-31
C01287,Eak,Sangthong,1989-06-15,F,IT Specialist,Krabi,0888961498,eak.sangthong1287@example.co.th,2018-10-19
C01288,Fern,Srisuk,1966-03-02,M,Doctor,Rayong,0868558918,fern.srisuk1288@example.co.th,2020-11-11
C01289,Mai,Sangthong,2000-09-19,F,Accountant,Krabi,0817744982,mai.sangthong1289@example.co.th,2025-04-20
C01290,Eak,Phutthichai,1977-02-20,F,Government Officer,Surat Thani,0858508204,eak.phutthichai1290@example.co.th,2025-01-28
C01291,Nan,Boonmee,1968-04-07,F,IT Specialist,Udon Thani,0829779316,nan.boonmee1291@example.co.th,2020-11-07
C01292,Wichai,Chaisawat,1969-06-25,M,Hotel Staff,Bangkok,0822389075,wichai.chaisawat1292@example.co.th,2025-03-24
C01293,Nan,Inthanon,1990-09-04,M,Office Worker,Phitsanulok,0835343427,nan.inthanon1293@example.co.th,2022-09-29
C01294,Kanya,Phutthichai,1977-09-08,F,Sales,Nakhon Ratchasima,0851336223,kanya.phutthichai1294@example.co.th,2026-03-26
C01295,Fern,Wongchai,1964-10-20,F,Restaurant Owner,Phitsanulok,0829154679,fern.wongchai1295@example.co.th,2021-01-06
C01296,Beam,Sukhumvit,1990-09-14,M,Engineer,Nakhon Ratchasima,0875997979,beam.sukhumvit1296@example.co.th,2018-01-07
C01297,Suda,Wongchai,1992-06-26,F,IT Specialist,Chiang Rai,0848700374,suda.wongchai1297@example.co.th,2026-03-22
C01298,Fern,Kittikun,1970-10-29,M,Accountant,Samut Prakan,0828029744,fern.kittikun1298@example.co.th,2020-03-22
C01299,Ploy,Kittikun,2000-02-03,F,Sales,Khon Kaen,0838531115,ploy.kittikun1299@example.co.th,2020-01-31
C01300,Tawan,Srisuk,1971-05-24,F,Construction Worker,Songkhla,0864867187,tawan.srisuk1300@example.co.th,2022-12-11
C01301,Mint,Chaisawat,1964-10-18,M,Nurse,Nonthaburi,0821503407,mint.chaisawat1301@example.co.th,2022-03-28
C01302,Suda,Suwanphon,1960-10-06,M,Sales,Pathum Thani,0841511655,suda.suwanphon1302@example.co.th,2023-05-12
C01303,Ploy,Phongphan,1955-11-08,F,Hotel Staff,Chiang Mai,0810969945,ploy.phongphan1303@example.co.th,2025-06-18
C01304,Tee,Srisuk,1963-09-09,M,Driver,Songkhla,0890931259,tee.srisuk1304@example.co.th,2023-11-01
C01305,Mai,Suwanphon,1998-08-05,F,Sales,Krabi,0867640289,mai.suwanphon1305@example.co.th,2021-10-10
C01306,Daeng,Charoensuk,1983-04-13,F,IT Specialist,Surat Thani,0863481919,daeng.charoensuk1306@example.co.th,2022-03-31
C01307,Toon,Srisuk,1986-12-10,M,Government Officer,Pathum Thani,0871326664,toon.srisuk1307@example.co.th,2025-10-31
C01308,Eak,Chaiyaporn,1957-04-21,M,Restaurant Owner,Trang,0881219864,eak.chaiyaporn1308@example.co.th,2021-02-18
C01309,Nan,Rattanapan,1988-01-20,F,Office Worker,Hat Yai,0865448912,nan.rattanapan1309@example.co.th,2025-05-28
C01310,Tawan,Boonmee,1983-11-27,F,Restaurant Owner,Bangkok,0816141035,tawan.boonmee1310@example.co.th,2026-04-02
C01311,Chai,Kanchanaburi,1975-12-15,F,Driver,Trang,0892220752,chai.kanchanaburi1311@example.co.th,2018-11-30
C01312,Daeng,Phutthichai,1997-09-18,F,Nurse,Khon Kaen,0891493489,daeng.phutthichai1312@example.co.th,2020-03-10
C01313,Nan,Chaiyaporn,2001-08-28,M,Engineer,Phitsanulok,0876830369,nan.chaiyaporn1313@example.co.th,2018-12-23
C01314,Apinya,Limthongkul,1996-11-17,F,Teacher,Nonthaburi,0874715566,apinya.limthongkul1314@example.co.th,2025-06-07
C01315,Praew,Rattanapan,1976-10-31,M,Hotel Staff,Songkhla,0898549488,praew.rattanapan1315@example.co.th,2025-11-06
C01316,Anong,Phongphan,1994-01-06,M,Construction Worker,Bangkok,0853822194,anong.phongphan1316@example.co.th,2022-04-20
C01317,Mai,Suwanphon,1974-10-09,F,Construction Worker,Udon Thani,0826521948,mai.suwanphon1317@example.co.th,2025-06-18
C01318,Pim,Limthongkul,1999-02-19,F,Restaurant Owner,Phuket,0840038761,pim.limthongkul1318@example.co.th,2024-06-17
C01319,Mai,Chaisawat,1960-10-20,F,Construction Worker,Pathum Thani,0861224263,mai.chaisawat1319@example.co.th,2025-05-02
C01320,Mint,Limthongkul,1994-03-15,M,Nurse,Surat Thani,0825527644,mint.limthongkul1320@example.co.th,2021-04-06
C01321,Anong,Phongphan,1962-12-30,M,Accountant,Pathum Thani,0825583513,anong.phongphan1321@example.co.th,2024-06-04
C01322,Daeng,Chaiyaporn,1983-02-11,M,Nurse,Rayong,0818306055,daeng.chaiyaporn1322@example.co.th,2024-08-13
C01323,Praew,Sukhumvit,1989-10-27,F,Hotel Staff,Ayutthaya,0858992670,praew.sukhumvit1323@example.co.th,2025-08-14
C01324,Mild,Chaiyaporn,2001-08-18,M,Teacher,Trang,0863057930,mild.chaiyaporn1324@example.co.th,2018-02-07
C01325,Praew,Kanchanaburi,1983-05-06,F,Restaurant Owner,Chonburi,0839380829,praew.kanchanaburi1325@example.co.th,2023-08-10
C01326,Bua,Kanchanaburi,1968-03-23,F,Engineer,Trang,0899301859,bua.kanchanaburi1326@example.co.th,2025-11-19
C01327,Niran,Chaisawat,1983-09-21,M,Nurse,Nakhon Ratchasima,0887037211,niran.chaisawat1327@example.co.th,2023-05-14
C01328,Mint,Sukhumvit,1999-05-30,F,Government Officer,Nakhon Ratchasima,0854713904,mint.sukhumvit1328@example.co.th,2019-09-18
C01329,Bank,Sukhumvit,1975-03-12,M,Restaurant Owner,Chiang Mai,0875431766,bank.sukhumvit1329@example.co.th,2026-02-27
C01330,Eak,Thongdee,1969-04-13,F,Shop Owner,Bangkok,0866698597,eak.thongdee1330@example.co.th,2025-08-08
C01331,Ploy,Sangthong,1990-02-10,M,Office Worker,Rayong,0847988968,ploy.sangthong1331@example.co.th,2021-03-02
C01332,Nan,Sukhumvit,2004-03-01,M,Engineer,Rayong,0853408507,nan.sukhumvit1332@example.co.th,2024-07-05
C01333,Boss,Srisuk,1982-04-12,M,Sales,Hat Yai,0828463119,boss.srisuk1333@example.co.th,2022-12-15
C01334,Nan,Watcharaphon,1981-02-11,M,Doctor,Chonburi,0836260378,nan.watcharaphon1334@example.co.th,2026-03-31
C01335,Mint,Boonmee,1987-07-01,M,IT Specialist,Phitsanulok,0829811269,mint.boonmee1335@example.co.th,2022-03-23
C01336,Fern,Kittikun,1960-01-20,F,Farmer,Khon Kaen,0834109916,fern.kittikun1336@example.co.th,2018-08-03
C01337,Suda,Saetang,1985-05-14,F,Engineer,Phitsanulok,0894150830,suda.saetang1337@example.co.th,2026-02-07
C01338,Eak,Rattanapan,1958-01-18,M,Driver,Khon Kaen,0875582257,eak.rattanapan1338@example.co.th,2021-05-24
C01339,Nan,Chaisawat,1970-06-23,M,Hotel Staff,Rayong,0872233240,nan.chaisawat1339@example.co.th,2025-04-17
C01340,Eak,Suwanphon,1994-12-07,M,Teacher,Samut Prakan,0825653496,eak.suwanphon1340@example.co.th,2018-12-05
C01341,Suda,Watcharaphon,2000-09-24,M,Sales,Surat Thani,0886904329,suda.watcharaphon1341@example.co.th,2024-06-03
C01342,Ploy,Suwanphon,1963-06-26,M,Driver,Phitsanulok,0874987079,ploy.suwanphon1342@example.co.th,2025-03-25
C01343,Nan,Phutthichai,1981-10-07,M,Teacher,Phitsanulok,0853651494,nan.phutthichai1343@example.co.th,2018-09-18
C01344,Nan,Limthongkul,1971-08-03,M,Driver,Rayong,0884633131,nan.limthongkul1344@example.co.th,2024-01-07
C01345,Earth,Saetang,1998-10-31,M,Hotel Staff,Phuket,0837845315,earth.saetang1345@example.co.th,2025-05-21
C01346,View,Phongphan,1971-03-18,M,Government Officer,Trang,0884453495,view.phongphan1346@example.co.th,2023-01-06
C01347,Earth,Charoensuk,1966-01-14,M,Sales,Chiang Mai,0837679708,earth.charoensuk1347@example.co.th,2025-04-27
C01348,Kanya,Wongchai,2005-06-18,M,Teacher,Udon Thani,0826739248,kanya.wongchai1348@example.co.th,2023-09-05
C01349,Apinya,Sangthong,2003-11-04,F,IT Specialist,Nonthaburi,0810011484,apinya.sangthong1349@example.co.th,2020-10-14
C01350,Apinya,Srisuk,2001-08-08,F,Engineer,Nakhon Ratchasima,0887453221,apinya.srisuk1350@example.co.th,2023-07-02
C01351,Nan,Charoensuk,2001-11-21,M,Accountant,Samut Prakan,0823288780,nan.charoensuk1351@example.co.th,2025-06-07
C01352,Bank,Srisuk,1976-04-09,M,Engineer,Chiang Mai,0850226291,bank.srisuk1352@example.co.th,2020-05-31
C01353,Pim,Chaisawat,2004-07-12,F,Nurse,Songkhla,0827245919,pim.chaisawat1353@example.co.th,2026-03-06
C01354,Toon,Phutthichai,1961-09-02,F,Nurse,Lampang,0861241954,toon.phutthichai1354@example.co.th,2025-04-15
C01355,View,Kittikun,1990-11-22,M,Nurse,Hat Yai,0867088619,view.kittikun1355@example.co.th,2025-10-15
C01356,Pim,Limthongkul,1973-04-12,F,IT Specialist,Phuket,0896647103,pim.limthongkul1356@example.co.th,2020-02-29
C01357,Nan,Sangthong,2005-07-26,M,Driver,Chiang Rai,0830601268,nan.sangthong1357@example.co.th,2021-07-19
C01358,Earth,Phutthichai,1988-12-30,M,Teacher,Bangkok,0846255595,earth.phutthichai1358@example.co.th,2019-05-26
C01359,Praew,Phongphan,2004-03-12,M,Shop Owner,Ayutthaya,0895923168,praew.phongphan1359@example.co.th,2018-12-31
C01360,Daeng,Charoensuk,1979-07-07,M,Nurse,Chonburi,0811323834,daeng.charoensuk1360@example.co.th,2019-02-06
C01361,Eak,Rattanapan,1988-12-20,M,Engineer,Khon Kaen,0880662368,eak.rattanapan1361@example.co.th,2026-03-03
C01362,View,Thongdee,1998-12-04,F,Accountant,Khon Kaen,0886793756,view.thongdee1362@example.co.th,2021-03-01
C01363,Praew,Suwanphon,1963-11-21,M,Shop Owner,Chiang Mai,0862286305,praew.suwanphon1363@example.co.th,2020-01-11
C01364,Daeng,Limthongkul,2004-06-29,F,Farmer,Trang,0889498519,daeng.limthongkul1364@example.co.th,2019-06-07
C01365,Malee,Boonmee,2001-01-27,M,Engineer,Chonburi,0860841764,malee.boonmee1365@example.co.th,2024-05-13
C01366,Beam,Suwanphon,1959-09-29,M,IT Specialist,Samut Prakan,0891698732,beam.suwanphon1366@example.co.th,2022-09-10
C01367,Nan,Kanchanaburi,1971-06-05,F,Hotel Staff,Hat Yai,0872903261,nan.kanchanaburi1367@example.co.th,2023-08-20
C01368,Apinya,Suwanphon,1993-05-18,M,Nurse,Chiang Rai,0895313518,apinya.suwanphon1368@example.co.th,2018-12-23
C01369,Apinya,Phutthichai,1983-01-21,M,Teacher,Phuket,0842217185,apinya.phutthichai1369@example.co.th,2019-01-19
C01370,Kanya,Phromsiri,1960-02-25,F,Office Worker,Phuket,0876149278,kanya.phromsiri1370@example.co.th,2018-02-13
C01371,Fern,Saetang,1967-03-29,F,Office Worker,Krabi,0881458772,fern.saetang1371@example.co.th,2025-10-29
C01372,Suda,Inthanon,1956-03-31,M,Construction Worker,Trang,0810978481,suda.inthanon1372@example.co.th,2026-01-04
C01373,Fern,Limthongkul,1985-12-15,M,Sales,Surat Thani,0870217057,fern.limthongkul1373@example.co.th,2019-11-22
C01374,Bua,Saetang,1975-03-12,M,Shop Owner,Nonthaburi,0827893746,bua.saetang1374@example.co.th,2023-10-06
C01375,Daeng,Srisuk,1992-12-03,F,Engineer,Krabi,0860101289,daeng.srisuk1375@example.co.th,2019-04-09
C01376,Chai,Rattanapan,2003-05-14,F,Nurse,Khon Kaen,0874843897,chai.rattanapan1376@example.co.th,2021-04-17
C01377,Malee,Sukhumvit,1955-03-15,F,Doctor,Phitsanulok,0850912220,malee.sukhumvit1377@example.co.th,2025-03-18
C01378,Pat,Srisuk,1996-07-17,F,Government Officer,Trang,0857747160,pat.srisuk1378@example.co.th,2018-01-25
C01379,Toon,Kanchanaburi,1984-06-22,F,Teacher,Nakhon Ratchasima,0810691813,toon.kanchanaburi1379@example.co.th,2021-12-03
C01380,View,Kittikun,1991-01-26,M,Teacher,Samut Prakan,0867821509,view.kittikun1380@example.co.th,2023-07-09
C01381,Tawan,Wongchai,2002-06-20,M,Driver,Chiang Rai,0826621878,tawan.wongchai1381@example.co.th,2023-06-20
C01382,Somchai,Chaiyaporn,1977-06-10,F,Driver,Surat Thani,0860238966,somchai.chaiyaporn1382@example.co.th,2021-05-10
C01383,Daeng,Phutthichai,1971-05-06,F,Teacher,Lampang,0868864146,daeng.phutthichai1383@example.co.th,2025-05-12
C01384,Bank,Kanchanaburi,1969-07-08,F,Accountant,Chonburi,0868245146,bank.kanchanaburi1384@example.co.th,2018-01-24
C01385,Daeng,Sukhumvit,1964-12-05,F,Government Officer,Songkhla,0827942270,daeng.sukhumvit1385@example.co.th,2022-06-05
C01386,Fern,Charoensuk,1957-11-01,M,Farmer,Nonthaburi,0899287389,fern.charoensuk1386@example.co.th,2020-12-24
C01387,Suda,Phutthichai,1998-11-16,F,Hotel Staff,Lampang,0827103900,suda.phutthichai1387@example.co.th,2021-08-23
C01388,Mai,Inthanon,2000-01-09,M,Teacher,Rayong,0824479352,mai.inthanon1388@example.co.th,2018-03-28
C01389,Pim,Chaiyaporn,1985-11-15,M,Hotel Staff,Chiang Rai,0841743155,pim.chaiyaporn1389@example.co.th,2018-08-02
C01390,Bua,Charoensuk,1993-07-19,M,Driver,Trang,0874450415,bua.charoensuk1390@example.co.th,2021-03-31
C01391,Apinya,Watcharaphon,1962-05-31,M,Sales,Ayutthaya,0830467629,apinya.watcharaphon1391@example.co.th,2026-03-07
C01392,Pat,Kittikun,1977-05-19,M,Restaurant Owner,Udon Thani,0845370495,pat.kittikun1392@example.co.th,2025-11-11
C01393,Wichai,Phutthichai,1972-10-19,M,Accountant,Krabi,0877422120,wichai.phutthichai1393@example.co.th,2024-11-08
C01394,Kanya,Sukhumvit,1968-05-05,M,Engineer,Surat Thani,0863859314,kanya.sukhumvit1394@example.co.th,2018-06-07
C01395,Malee,Sukhumvit,1968-02-12,M,Sales,Ayutthaya,0836795696,malee.sukhumvit1395@example.co.th,2019-01-08
C01396,Boss,Srisuk,1989-02-14,F,Accountant,Ayutthaya,0895001425,boss.srisuk1396@example.co.th,2020-08-05
C01397,Wichai,Charoensuk,1993-03-23,M,Office Worker,Krabi,0867320744,wichai.charoensuk1397@example.co.th,2025-03-22
C01398,Niran,Thongdee,1964-11-15,F,Nurse,Udon Thani,0857113712,niran.thongdee1398@example.co.th,2025-12-24
C01399,Fern,Rattanapan,1983-09-11,M,Government Officer,Chiang Mai,0810071931,fern.rattanapan1399@example.co.th,2018-08-02
C01400,Bua,Charoensuk,1974-01-07,F,Nurse,Nakhon Ratchasima,0891405981,bua.charoensuk1400@example.co.th,2019-02-17
C01401,Fern,Kittikun,1977-08-19,F,Shop Owner,Krabi,0850850064,fern.kittikun1401@example.co.th,2019-04-02
C01402,Suda,Boonmee,2004-07-02,F,Shop Owner,Chonburi,0858504268,suda.boonmee1402@example.co.th,2026-05-02
C01403,Mai,Phromsiri,2002-06-12,F,Doctor,Trang,0897274855,mai.phromsiri1403@example.co.th,2021-02-04
C01404,Tawan,Phromsiri,1989-06-15,M,Engineer,Phuket,0894497928,tawan.phromsiri1404@example.co.th,2026-04-30
C01405,Toon,Phongphan,1958-09-06,M,Doctor,Phitsanulok,0869830209,toon.phongphan1405@example.co.th,2019-02-09
C01406,Anong,Limthongkul,1985-10-06,F,Hotel Staff,Nakhon Ratchasima,0837111862,anong.limthongkul1406@example.co.th,2023-12-26
C01407,Beam,Chaiyaporn,1958-12-06,M,Driver,Chonburi,0883886279,beam.chaiyaporn1407@example.co.th,2025-12-24
C01408,Malee,Limthongkul,1986-02-28,F,IT Specialist,Samut Prakan,0825761044,malee.limthongkul1408@example.co.th,2022-11-22
C01409,Anong,Watcharaphon,1992-08-03,M,Engineer,Chiang Rai,0890417043,anong.watcharaphon1409@example.co.th,2021-01-27
C01410,Nan,Chaiyaporn,1980-12-26,M,Hotel Staff,Chiang Mai,0835526992,nan.chaiyaporn1410@example.co.th,2026-04-22
C01411,Bank,Inthanon,1999-05-31,M,Engineer,Lampang,0868753131,bank.inthanon1411@example.co.th,2023-09-18
C01412,Eak,Limthongkul,1990-01-04,F,Doctor,Rayong,0834704966,eak.limthongkul1412@example.co.th,2018-01-15
C01413,Kanya,Phromsiri,1974-07-17,M,Construction Worker,Phitsanulok,0878826270,kanya.phromsiri1413@example.co.th,2023-02-09
C01414,Pat,Saetang,1978-03-22,M,Nurse,Nakhon Ratchasima,0846039426,pat.saetang1414@example.co.th,2024-03-11
C01415,Suda,Kittikun,1975-02-02,M,Nurse,Chiang Mai,0815246661,suda.kittikun1415@example.co.th,2025-03-04
C01416,Pim,Suwanphon,1966-12-06,M,IT Specialist,Udon Thani,0843421297,pim.suwanphon1416@example.co.th,2020-05-10
C01417,Praew,Phongphan,1955-02-15,F,Shop Owner,Samut Prakan,0821173109,praew.phongphan1417@example.co.th,2025-11-29
C01418,View,Limthongkul,1978-09-09,F,Construction Worker,Chonburi,0892071729,view.limthongkul1418@example.co.th,2021-04-22
C01419,Chai,Srisuk,1955-12-08,M,Accountant,Samut Prakan,0847539330,chai.srisuk1419@example.co.th,2019-12-25
C01420,Malee,Boonmee,2003-03-19,M,Accountant,Phitsanulok,0861268618,malee.boonmee1420@example.co.th,2025-05-02
C01421,Malee,Chaisawat,2004-06-03,F,Doctor,Songkhla,0853521847,malee.chaisawat1421@example.co.th,2021-01-05
C01422,Tawan,Phromsiri,1990-06-24,F,Doctor,Chonburi,0868237550,tawan.phromsiri1422@example.co.th,2022-02-18
C01423,Pim,Watcharaphon,1963-05-29,M,Farmer,Krabi,0834834040,pim.watcharaphon1423@example.co.th,2019-12-23
C01424,Tawan,Phromsiri,1999-01-03,F,Government Officer,Nonthaburi,0851629000,tawan.phromsiri1424@example.co.th,2019-10-30
C01425,View,Kittikun,1990-05-14,M,Teacher,Trang,0829263245,view.kittikun1425@example.co.th,2018-10-23
C01426,Fern,Rattanapan,1995-10-28,M,Accountant,Rayong,0880703020,fern.rattanapan1426@example.co.th,2019-07-17
C01427,Beam,Boonmee,1963-12-12,F,Government Officer,Rayong,0824768716,beam.boonmee1427@example.co.th,2018-02-25
C01428,Mai,Srisuk,1966-11-10,M,Nurse,Surat Thani,0829144226,mai.srisuk1428@example.co.th,2025-01-13
C01429,Toon,Boonmee,1955-11-04,F,Restaurant Owner,Khon Kaen,0821403835,toon.boonmee1429@example.co.th,2020-04-08
C01430,Pim,Watcharaphon,2005-06-30,M,Nurse,Hat Yai,0854527579,pim.watcharaphon1430@example.co.th,2023-05-16
C01431,Pim,Rattanapan,1960-01-05,F,IT Specialist,Lampang,0882962489,pim.rattanapan1431@example.co.th,2019-05-20
C01432,Somchai,Srisuk,1964-03-23,F,Teacher,Lampang,0878658060,somchai.srisuk1432@example.co.th,2022-08-29
C01433,Pim,Boonmee,1975-02-15,M,Driver,Bangkok,0861725238,pim.boonmee1433@example.co.th,2019-08-27
C01434,Daeng,Thongdee,1975-04-07,M,Farmer,Rayong,0832757831,daeng.thongdee1434@example.co.th,2019-03-28
C01435,Wichai,Phongphan,1980-04-13,M,Sales,Samut Prakan,0854791783,wichai.phongphan1435@example.co.th,2019-04-30
C01436,Daeng,Wongchai,1958-11-21,M,Engineer,Trang,0867529530,daeng.wongchai1436@example.co.th,2023-12-13
C01437,Chai,Chaisawat,1971-04-09,M,Construction Worker,Ayutthaya,0899559917,chai.chaisawat1437@example.co.th,2025-09-15
C01438,Apinya,Chaisawat,1980-09-30,M,Nurse,Samut Prakan,0877008305,apinya.chaisawat1438@example.co.th,2025-06-03
C01439,Daeng,Suwanphon,1961-11-07,M,Hotel Staff,Bangkok,0898027250,daeng.suwanphon1439@example.co.th,2019-08-24
C01440,Chai,Chaiyaporn,1990-01-16,F,Restaurant Owner,Hat Yai,0819034683,chai.chaiyaporn1440@example.co.th,2019-04-09
C01441,Tee,Phutthichai,1979-12-26,M,Shop Owner,Chonburi,0827117558,tee.phutthichai1441@example.co.th,2020-01-15
C01442,Mai,Inthanon,1986-08-20,F,Driver,Pathum Thani,0874597455,mai.inthanon1442@example.co.th,2025-10-11
C01443,Fern,Chaisawat,1984-11-30,M,Driver,Chonburi,0866191544,fern.chaisawat1443@example.co.th,2024-02-29
C01444,Ploy,Limthongkul,2002-11-20,M,Driver,Krabi,0821222980,ploy.limthongkul1444@example.co.th,2024-07-07
C01445,Nan,Phutthichai,2002-04-10,M,Accountant,Phitsanulok,0821710526,nan.phutthichai1445@example.co.th,2020-08-21
C01446,Daeng,Boonmee,1973-03-28,F,Office Worker,Bangkok,0873609317,daeng.boonmee1446@example.co.th,2019-07-02
C01447,Mild,Phongphan,1960-05-06,F,Restaurant Owner,Samut Prakan,0828703143,mild.phongphan1447@example.co.th,2021-04-22
C01448,Nok,Chaiyaporn,2004-06-23,M,Doctor,Ayutthaya,0840143583,nok.chaiyaporn1448@example.co.th,2018-08-17
C01449,Beam,Chaiyaporn,1965-07-08,F,Accountant,Chonburi,0813536218,beam.chaiyaporn1449@example.co.th,2025-10-22
C01450,Fern,Sangthong,1959-11-08,M,Farmer,Khon Kaen,0889715350,fern.sangthong1450@example.co.th,2019-10-10
C01451,Somchai,Chaiyaporn,1987-10-08,M,Doctor,Chonburi,0820343529,somchai.chaiyaporn1451@example.co.th,2018-02-21
C01452,Tee,Phutthichai,1968-06-06,F,Accountant,Nonthaburi,0828805567,tee.phutthichai1452@example.co.th,2023-12-01
C01453,Nan,Thongdee,1997-03-08,F,Farmer,Ayutthaya,0896549919,nan.thongdee1453@example.co.th,2025-10-18
C01454,Somchai,Thongdee,1964-12-24,M,Construction Worker,Chonburi,0896228754,somchai.thongdee1454@example.co.th,2018-05-12
C01455,Toon,Kittikun,2000-02-25,M,Driver,Nonthaburi,0866857416,toon.kittikun1455@example.co.th,2025-08-16
C01456,View,Kanchanaburi,2004-09-18,F,Accountant,Udon Thani,0840509683,view.kanchanaburi1456@example.co.th,2022-10-02
C01457,Mild,Kittikun,1979-05-22,F,Engineer,Phuket,0838435937,mild.kittikun1457@example.co.th,2022-06-29
C01458,Toon,Srisuk,1974-08-22,M,Restaurant Owner,Rayong,0885067208,toon.srisuk1458@example.co.th,2024-10-14
C01459,Bank,Wongchai,1997-01-09,F,IT Specialist,Krabi,0896153129,bank.wongchai1459@example.co.th,2022-07-18
C01460,Bank,Inthanon,1969-10-14,F,IT Specialist,Chiang Mai,0866938098,bank.inthanon1460@example.co.th,2020-03-08
C01461,Malee,Phongphan,1964-05-13,F,Sales,Phuket,0855026244,malee.phongphan1461@example.co.th,2018-04-25
C01462,Wichai,Thongdee,1969-08-08,M,Teacher,Lampang,0838442071,wichai.thongdee1462@example.co.th,2024-09-11
C01463,Somchai,Thongdee,1971-11-04,M,IT Specialist,Lampang,0814344197,somchai.thongdee1463@example.co.th,2020-09-11
C01464,Malee,Wongchai,2005-09-02,F,Government Officer,Chiang Mai,0816449014,malee.wongchai1464@example.co.th,2021-07-12
C01465,Anong,Thongdee,1955-10-05,F,Driver,Samut Prakan,0877137866,anong.thongdee1465@example.co.th,2020-03-09
C01466,Chai,Inthanon,1986-12-04,M,Shop Owner,Chonburi,0864665076,chai.inthanon1466@example.co.th,2026-04-25
C01467,Pat,Phongphan,2000-01-20,M,Sales,Chonburi,0861286168,pat.phongphan1467@example.co.th,2023-05-08
C01468,Tee,Srisuk,1981-01-10,M,IT Specialist,Nonthaburi,0872157065,tee.srisuk1468@example.co.th,2018-11-19
C01469,View,Wongchai,1975-10-11,M,Hotel Staff,Songkhla,0831615365,view.wongchai1469@example.co.th,2023-08-17
C01470,Pat,Chaisawat,2001-12-12,F,Hotel Staff,Pathum Thani,0827609040,pat.chaisawat1470@example.co.th,2021-10-20
C01471,Apinya,Sangthong,1993-08-28,F,Doctor,Chiang Mai,0838027431,apinya.sangthong1471@example.co.th,2024-11-05
C01472,Toon,Wongchai,1968-09-02,F,Teacher,Phitsanulok,0812005448,toon.wongchai1472@example.co.th,2019-08-08
C01473,Mai,Thongdee,2004-02-01,F,Teacher,Phuket,0871043277,mai.thongdee1473@example.co.th,2021-07-08
C01474,Kanya,Thongdee,1969-06-27,F,Sales,Phuket,0858765094,kanya.thongdee1474@example.co.th,2021-12-18
C01475,Anong,Wongchai,1971-01-28,F,Farmer,Hat Yai,0844363268,anong.wongchai1475@example.co.th,2022-12-16
C01476,Mint,Chaiyaporn,1966-02-14,F,Government Officer,Phitsanulok,0858784400,mint.chaiyaporn1476@example.co.th,2021-03-20
C01477,Eak,Phutthichai,1966-07-28,F,Office Worker,Hat Yai,0893836675,eak.phutthichai1477@example.co.th,2021-07-08
C01478,Daeng,Wongchai,1992-01-26,F,Nurse,Chiang Rai,0815727818,daeng.wongchai1478@example.co.th,2024-12-17
C01479,Mint,Srisuk,1976-12-18,M,Engineer,Lampang,0824132859,mint.srisuk1479@example.co.th,2021-04-05
C01480,Eak,Kittikun,1990-10-27,M,Driver,Phuket,0872045979,eak.kittikun1480@example.co.th,2025-07-03
C01481,Anong,Sangthong,1996-10-17,F,Teacher,Hat Yai,0821518907,anong.sangthong1481@example.co.th,2020-01-09
C01482,Beam,Phongphan,1990-08-12,M,Driver,Ayutthaya,0854120137,beam.phongphan1482@example.co.th,2018-09-22
C01483,Chai,Charoensuk,1998-08-17,F,Teacher,Songkhla,0847362868,chai.charoensuk1483@example.co.th,2023-02-05
C01484,Niran,Limthongkul,1968-12-21,M,IT Specialist,Krabi,0838651477,niran.limthongkul1484@example.co.th,2021-08-04
C01485,Tee,Srisuk,1989-02-12,F,Hotel Staff,Chiang Mai,0867728351,tee.srisuk1485@example.co.th,2023-04-24
C01486,Tawan,Srisuk,1973-12-22,F,Nurse,Bangkok,0843832435,tawan.srisuk1486@example.co.th,2025-02-16
C01487,Kanya,Wongchai,1967-09-19,F,Driver,Phuket,0820966811,kanya.wongchai1487@example.co.th,2021-05-06
C01488,Boss,Kanchanaburi,1992-08-27,M,IT Specialist,Chiang Rai,0844822417,boss.kanchanaburi1488@example.co.th,2020-01-24
C01489,Bank,Srisuk,1963-04-18,F,Hotel Staff,Ayutthaya,0849849912,bank.srisuk1489@example.co.th,2019-11-05
C01490,Tawan,Sangthong,1992-08-07,F,Office Worker,Krabi,0831567333,tawan.sangthong1490@example.co.th,2025-10-24
C01491,Fern,Sangthong,1989-11-29,M,Teacher,Bangkok,0899652407,fern.sangthong1491@example.co.th,2024-06-27
C01492,Toon,Chaiyaporn,1984-01-17,M,Engineer,Pathum Thani,0871560177,toon.chaiyaporn1492@example.co.th,2019-08-28
C01493,Ploy,Charoensuk,1965-03-11,F,Office Worker,Ayutthaya,0810493503,ploy.charoensuk1493@example.co.th,2023-01-20
C01494,Bank,Chaiyaporn,1995-04-24,M,Government Officer,Phitsanulok,0839343051,bank.chaiyaporn1494@example.co.th,2026-05-13
C01495,Tawan,Phutthichai,2003-12-29,F,Doctor,Nonthaburi,0856719252,tawan.phutthichai1495@example.co.th,2020-05-09
C01496,Tawan,Phromsiri,1956-04-15,F,Government Officer,Samut Prakan,0850526300,tawan.phromsiri1496@example.co.th,2021-06-11
C01497,Pat,Phongphan,1999-10-12,F,Driver,Hat Yai,0857208264,pat.phongphan1497@example.co.th,2021-12-13
C01498,Bank,Limthongkul,1993-03-16,F,Teacher,Chiang Rai,0833597329,bank.limthongkul1498@example.co.th,2023-02-23
C01499,Fern,Sangthong,1970-11-14,M,Office Worker,Lampang,0868502308,fern.sangthong1499@example.co.th,2022-04-12
C01500,Apinya,Phutthichai,1980-05-30,M,Teacher,Trang,0823933416,apinya.phutthichai1500@example.co.th,2019-01-03
C01501,Mint,Boonmee,1991-11-24,F,Accountant,Khon Kaen,0893728466,mint.boonmee1501@example.co.th,2024-02-10
C01502,Suda,Kanchanaburi,2000-02-28,M,IT Specialist,Phitsanulok,0848910317,suda.kanchanaburi1502@example.co.th,2022-09-19
C01503,Tawan,Rattanapan,1995-10-15,F,Teacher,Lampang,0836247650,tawan.rattanapan1503@example.co.th,2023-04-08
C01504,Suda,Sangthong,1996-08-15,F,Government Officer,Ayutthaya,0860283839,suda.sangthong1504@example.co.th,2020-07-06
C01505,Pat,Thongdee,1979-01-04,F,Restaurant Owner,Udon Thani,0865662309,pat.thongdee1505@example.co.th,2025-07-20
C01506,Wichai,Boonmee,1992-03-11,M,Government Officer,Chiang Mai,0830585690,wichai.boonmee1506@example.co.th,2022-03-14
C01507,Bank,Saetang,1983-06-25,M,Sales,Pathum Thani,0867716265,bank.saetang1507@example.co.th,2020-09-17
C01508,Praew,Inthanon,1972-04-14,F,Restaurant Owner,Trang,0816923083,praew.inthanon1508@example.co.th,2024-06-24
C01509,Fern,Chaiyaporn,1990-01-10,F,Construction Worker,Nonthaburi,0852698007,fern.chaiyaporn1509@example.co.th,2023-10-20
C01510,Kanya,Phutthichai,1975-09-21,M,Office Worker,Khon Kaen,0825887718,kanya.phutthichai1510@example.co.th,2025-01-30
C01511,Tee,Inthanon,1978-05-07,M,Shop Owner,Lampang,0837348550,tee.inthanon1511@example.co.th,2019-01-17
C01512,Anong,Boonmee,1994-03-30,M,Government Officer,Bangkok,0892959929,anong.boonmee1512@example.co.th,2025-12-08
C01513,Praew,Wongchai,1989-04-22,M,Farmer,Bangkok,0895156202,praew.wongchai1513@example.co.th,2025-01-30
C01514,Mai,Sangthong,1971-09-27,M,Nurse,Surat Thani,0836015276,mai.sangthong1514@example.co.th,2024-01-03
C01515,Bank,Rattanapan,1988-12-02,M,Nurse,Udon Thani,0821135154,bank.rattanapan1515@example.co.th,2019-08-12
C01516,Mint,Boonmee,1964-04-11,F,Construction Worker,Khon Kaen,0889979598,mint.boonmee1516@example.co.th,2019-05-18
C01517,Suda,Chaiyaporn,1980-05-04,M,Teacher,Udon Thani,0820385959,suda.chaiyaporn1517@example.co.th,2023-07-18
C01518,Boss,Sangthong,1973-08-28,M,Farmer,Rayong,0812947014,boss.sangthong1518@example.co.th,2022-08-22
C01519,Anong,Watcharaphon,1961-11-05,F,Driver,Songkhla,0852088657,anong.watcharaphon1519@example.co.th,2025-02-08
C01520,Mild,Kanchanaburi,1969-06-15,F,Government Officer,Nonthaburi,0833981630,mild.kanchanaburi1520@example.co.th,2025-05-25
C01521,Tee,Chaisawat,1957-10-27,F,Shop Owner,Khon Kaen,0874949433,tee.chaisawat1521@example.co.th,2024-11-19
C01522,Toon,Limthongkul,1955-06-14,F,Construction Worker,Nonthaburi,0826320018,toon.limthongkul1522@example.co.th,2020-02-29
C01523,Toon,Boonmee,2003-01-31,M,Doctor,Bangkok,0858974793,toon.boonmee1523@example.co.th,2019-04-16
C01524,View,Sukhumvit,1957-08-24,M,Doctor,Pathum Thani,0821199497,view.sukhumvit1524@example.co.th,2026-02-28
C01525,Nan,Chaiyaporn,1979-01-03,F,Doctor,Udon Thani,0822343983,nan.chaiyaporn1525@example.co.th,2021-11-28
C01526,Nan,Limthongkul,1981-05-28,F,Driver,Hat Yai,0878807596,nan.limthongkul1526@example.co.th,2022-06-27
C01527,Mild,Sukhumvit,1977-06-09,M,IT Specialist,Nonthaburi,0847726289,mild.sukhumvit1527@example.co.th,2022-05-29
C01528,Suda,Phromsiri,1982-12-15,M,Accountant,Nonthaburi,0875475674,suda.phromsiri1528@example.co.th,2022-11-11
C01529,View,Kanchanaburi,1993-01-06,F,Restaurant Owner,Trang,0852781724,view.kanchanaburi1529@example.co.th,2024-12-26
C01530,Suda,Chaisawat,1989-05-13,M,Sales,Ayutthaya,0857367517,suda.chaisawat1530@example.co.th,2022-03-12
C01531,View,Wongchai,1995-04-27,M,Office Worker,Nonthaburi,0843965629,view.wongchai1531@example.co.th,2024-07-31
C01532,Fern,Thongdee,2002-08-05,F,Government Officer,Samut Prakan,0825388056,fern.thongdee1532@example.co.th,2020-01-07
C01533,Earth,Charoensuk,1993-07-10,F,Doctor,Nonthaburi,0819749620,earth.charoensuk1533@example.co.th,2020-05-31
C01534,Bua,Sangthong,1988-05-15,F,Teacher,Chonburi,0811292919,bua.sangthong1534@example.co.th,2021-07-28
C01535,Nan,Boonmee,1984-07-03,F,Sales,Songkhla,0853159218,nan.boonmee1535@example.co.th,2020-08-10
C01536,Praew,Wongchai,1989-08-05,M,Office Worker,Nakhon Ratchasima,0839187446,praew.wongchai1536@example.co.th,2019-02-26
C01537,Praew,Suwanphon,1961-09-17,F,IT Specialist,Phitsanulok,0868412302,praew.suwanphon1537@example.co.th,2021-07-25
C01538,Bank,Charoensuk,1972-10-10,M,Hotel Staff,Songkhla,0876294734,bank.charoensuk1538@example.co.th,2023-08-05
C01539,Niran,Suwanphon,1992-10-16,M,Farmer,Khon Kaen,0832969985,niran.suwanphon1539@example.co.th,2024-09-29
C01540,Chai,Phromsiri,1989-05-07,M,Nurse,Surat Thani,0812393947,chai.phromsiri1540@example.co.th,2025-03-21
C01541,Earth,Phromsiri,1955-06-02,F,Engineer,Hat Yai,0864064349,earth.phromsiri1541@example.co.th,2018-06-01
C01542,View,Limthongkul,2002-04-29,F,IT Specialist,Chiang Mai,0812184030,view.limthongkul1542@example.co.th,2018-10-12
C01543,Ploy,Phongphan,1992-03-28,F,Shop Owner,Nakhon Ratchasima,0856415774,ploy.phongphan1543@example.co.th,2022-06-28
C01544,Anong,Limthongkul,1983-02-05,M,Driver,Krabi,0850056450,anong.limthongkul1544@example.co.th,2025-10-23
C01545,Nok,Watcharaphon,1965-11-22,M,Government Officer,Samut Prakan,0840066698,nok.watcharaphon1545@example.co.th,2018-07-15
C01546,Bank,Boonmee,1967-06-13,F,Restaurant Owner,Khon Kaen,0868476310,bank.boonmee1546@example.co.th,2020-07-16
C01547,Kanya,Wongchai,1972-02-24,M,Construction Worker,Samut Prakan,0817045220,kanya.wongchai1547@example.co.th,2020-11-29
C01548,View,Srisuk,1964-12-09,F,Teacher,Chiang Mai,0845396856,view.srisuk1548@example.co.th,2021-09-10
C01549,Nan,Chaisawat,1989-01-19,M,Construction Worker,Udon Thani,0828490280,nan.chaisawat1549@example.co.th,2024-07-17
C01550,Nok,Phongphan,1966-05-01,M,Hotel Staff,Pathum Thani,0888400641,nok.phongphan1550@example.co.th,2022-08-20
C01551,Mint,Kanchanaburi,1965-12-23,M,Sales,Chiang Rai,0874146251,mint.kanchanaburi1551@example.co.th,2025-06-01
C01552,Ploy,Suwanphon,1983-11-18,M,Teacher,Krabi,0845408251,ploy.suwanphon1552@example.co.th,2021-04-28
C01553,Nan,Wongchai,1986-09-02,M,IT Specialist,Lampang,0896856891,nan.wongchai1553@example.co.th,2026-03-31
C01554,Boss,Sukhumvit,1961-12-31,F,Government Officer,Phuket,0838517975,boss.sukhumvit1554@example.co.th,2018-02-23
C01555,Bua,Sukhumvit,1996-12-31,M,Farmer,Rayong,0824030412,bua.sukhumvit1555@example.co.th,2021-10-26
C01556,Tawan,Phromsiri,2002-05-03,F,Hotel Staff,Chiang Rai,0851852500,tawan.phromsiri1556@example.co.th,2025-12-12
C01557,Nok,Chaiyaporn,2000-04-05,M,Doctor,Khon Kaen,0858807442,nok.chaiyaporn1557@example.co.th,2022-04-29
C01558,Nok,Chaisawat,2001-01-24,F,Doctor,Songkhla,0819212612,nok.chaisawat1558@example.co.th,2021-02-12
C01559,Fern,Kittikun,1982-07-22,M,Engineer,Phitsanulok,0871868214,fern.kittikun1559@example.co.th,2019-03-15
C01560,Beam,Phongphan,1976-07-31,F,Engineer,Bangkok,0845803474,beam.phongphan1560@example.co.th,2018-04-28
C01561,Ploy,Saetang,1995-08-11,F,Teacher,Samut Prakan,0883860588,ploy.saetang1561@example.co.th,2018-12-11
C01562,Daeng,Phutthichai,1974-01-09,F,Office Worker,Chonburi,0867827496,daeng.phutthichai1562@example.co.th,2023-09-12
C01563,Chai,Srisuk,1994-08-05,F,Teacher,Udon Thani,0816594707,chai.srisuk1563@example.co.th,2025-04-10
C01564,Eak,Phutthichai,1972-05-25,M,Driver,Nakhon Ratchasima,0833708904,eak.phutthichai1564@example.co.th,2024-08-30
C01565,Malee,Saetang,1999-04-14,F,Teacher,Chiang Rai,0816693632,malee.saetang1565@example.co.th,2025-04-01
C01566,Wichai,Phongphan,1974-09-13,M,Construction Worker,Khon Kaen,0814789956,wichai.phongphan1566@example.co.th,2024-06-14
C01567,Malee,Rattanapan,1960-11-27,M,Nurse,Lampang,0840395619,malee.rattanapan1567@example.co.th,2024-12-15
C01568,Nan,Inthanon,1990-02-28,M,Doctor,Rayong,0846006180,nan.inthanon1568@example.co.th,2023-07-22
C01569,Tawan,Kittikun,1973-04-06,F,Accountant,Samut Prakan,0890035829,tawan.kittikun1569@example.co.th,2021-03-25
C01570,Beam,Boonmee,1963-06-16,F,Accountant,Nonthaburi,0850979918,beam.boonmee1570@example.co.th,2025-09-18
C01571,Wichai,Kittikun,1983-04-09,M,Engineer,Phuket,0854581131,wichai.kittikun1571@example.co.th,2023-02-08
C01572,Pim,Boonmee,1997-07-30,F,Government Officer,Ayutthaya,0833825666,pim.boonmee1572@example.co.th,2020-12-16
C01573,View,Wongchai,1970-04-26,F,Farmer,Bangkok,0888270257,view.wongchai1573@example.co.th,2018-01-05
C01574,Ploy,Rattanapan,1997-05-25,M,Restaurant Owner,Khon Kaen,0812334156,ploy.rattanapan1574@example.co.th,2024-05-12
C01575,Bua,Thongdee,1975-06-25,M,Hotel Staff,Chiang Rai,0829674031,bua.thongdee1575@example.co.th,2019-01-20
C01576,Suda,Thongdee,1985-02-11,F,Accountant,Hat Yai,0857081034,suda.thongdee1576@example.co.th,2024-02-14
C01577,Malee,Watcharaphon,1977-09-29,F,Government Officer,Samut Prakan,0857328711,malee.watcharaphon1577@example.co.th,2021-05-18
C01578,Nan,Charoensuk,2001-06-16,F,Teacher,Trang,0846230390,nan.charoensuk1578@example.co.th,2025-09-09
C01579,Pat,Boonmee,1968-04-08,M,IT Specialist,Ayutthaya,0829009676,pat.boonmee1579@example.co.th,2022-01-03
C01580,Ploy,Boonmee,1976-12-03,F,Shop Owner,Phitsanulok,0837690126,ploy.boonmee1580@example.co.th,2026-05-07
C01581,Anong,Sukhumvit,1988-11-22,F,Construction Worker,Khon Kaen,0894139980,anong.sukhumvit1581@example.co.th,2025-08-12
C01582,Praew,Kanchanaburi,2002-04-09,F,Construction Worker,Nonthaburi,0856821190,praew.kanchanaburi1582@example.co.th,2021-09-18
C01583,Eak,Phromsiri,1992-06-08,F,Doctor,Udon Thani,0815516345,eak.phromsiri1583@example.co.th,2024-07-01
C01584,Pat,Charoensuk,1966-01-12,F,Sales,Ayutthaya,0856573258,pat.charoensuk1584@example.co.th,2021-03-27
C01585,Suda,Boonmee,1999-10-05,F,IT Specialist,Chonburi,0830163227,suda.boonmee1585@example.co.th,2023-11-13
C01586,Apinya,Chaisawat,2005-01-27,F,Farmer,Nonthaburi,0848689596,apinya.chaisawat1586@example.co.th,2018-09-22
C01587,Earth,Thongdee,1956-05-25,M,Doctor,Hat Yai,0847985938,earth.thongdee1587@example.co.th,2024-08-26
C01588,Suda,Srisuk,1998-10-24,M,Driver,Nakhon Ratchasima,0857278935,suda.srisuk1588@example.co.th,2025-05-28
C01589,Bank,Boonmee,1959-06-24,M,Shop Owner,Udon Thani,0848019256,bank.boonmee1589@example.co.th,2023-08-19
C01590,Bua,Limthongkul,1968-11-28,F,Engineer,Phuket,0836404306,bua.limthongkul1590@example.co.th,2022-11-05
C01591,Tee,Wongchai,1981-02-02,M,Farmer,Surat Thani,0857597933,tee.wongchai1591@example.co.th,2020-10-15
C01592,Earth,Inthanon,1992-11-28,M,Construction Worker,Rayong,0845065845,earth.inthanon1592@example.co.th,2021-05-22
C01593,Toon,Thongdee,1970-07-19,F,IT Specialist,Phitsanulok,0853282519,toon.thongdee1593@example.co.th,2024-06-26
C01594,Pim,Sukhumvit,1977-06-06,F,Office Worker,Chonburi,0836779547,pim.sukhumvit1594@example.co.th,2021-05-18
C01595,Apinya,Wongchai,1981-09-04,F,Office Worker,Phitsanulok,0834611796,apinya.wongchai1595@example.co.th,2022-03-20
C01596,Earth,Phutthichai,1963-08-14,F,Accountant,Chonburi,0852045107,earth.phutthichai1596@example.co.th,2023-08-26
C01597,Mild,Sangthong,1997-01-07,F,Farmer,Samut Prakan,0866439314,mild.sangthong1597@example.co.th,2022-08-08
C01598,Nok,Boonmee,2005-02-21,F,Teacher,Bangkok,0828869078,nok.boonmee1598@example.co.th,2024-11-24
C01599,Mild,Thongdee,1976-10-08,F,Engineer,Phitsanulok,0893334410,mild.thongdee1599@example.co.th,2024-02-04
C01600,View,Phromsiri,1981-04-26,F,Engineer,Chiang Mai,0864081976,view.phromsiri1600@example.co.th,2025-07-07
C01601,Somchai,Kanchanaburi,2001-06-22,M,Teacher,Hat Yai,0817340737,somchai.kanchanaburi1601@example.co.th,2021-01-11
C01602,Bank,Phongphan,1984-12-01,M,Restaurant Owner,Trang,0849000574,bank.phongphan1602@example.co.th,2024-05-05
C01603,Ploy,Charoensuk,1960-06-17,M,Accountant,Khon Kaen,0837523284,ploy.charoensuk1603@example.co.th,2023-10-16
C01604,Pim,Limthongkul,1999-06-09,M,Construction Worker,Chonburi,0895854802,pim.limthongkul1604@example.co.th,2019-09-26
C01605,Apinya,Thongdee,1955-07-31,M,Teacher,Krabi,0819011655,apinya.thongdee1605@example.co.th,2018-01-01
C01606,Pim,Chaisawat,1965-11-10,M,Doctor,Chiang Rai,0837419830,pim.chaisawat1606@example.co.th,2019-03-01
C01607,Ploy,Boonmee,2000-05-18,F,Government Officer,Hat Yai,0826349251,ploy.boonmee1607@example.co.th,2021-05-13
C01608,Eak,Watcharaphon,1971-07-06,F,Restaurant Owner,Surat Thani,0892243262,eak.watcharaphon1608@example.co.th,2025-08-22
C01609,Nok,Chaisawat,1966-01-19,M,IT Specialist,Ayutthaya,0812906871,nok.chaisawat1609@example.co.th,2020-01-27
C01610,Pim,Rattanapan,1970-04-27,M,Farmer,Chiang Rai,0874487117,pim.rattanapan1610@example.co.th,2021-04-02
C01611,Apinya,Phongphan,1999-03-24,F,Driver,Samut Prakan,0861783989,apinya.phongphan1611@example.co.th,2025-10-28
C01612,Earth,Phongphan,1996-08-16,F,Engineer,Ayutthaya,0813754158,earth.phongphan1612@example.co.th,2021-03-06
C01613,Nok,Phongphan,2005-08-14,M,Sales,Rayong,0850635970,nok.phongphan1613@example.co.th,2018-05-20
C01614,Mint,Chaisawat,1994-11-16,F,Engineer,Chiang Mai,0872801428,mint.chaisawat1614@example.co.th,2026-02-09
C01615,Nok,Suwanphon,1955-10-26,F,Office Worker,Nonthaburi,0877539115,nok.suwanphon1615@example.co.th,2020-05-13
C01616,Daeng,Saetang,1990-01-16,M,Engineer,Chiang Rai,0898035991,daeng.saetang1616@example.co.th,2019-09-13
C01617,Daeng,Phromsiri,1985-06-09,M,Nurse,Hat Yai,0898374850,daeng.phromsiri1617@example.co.th,2021-05-25
C01618,Mild,Inthanon,1961-02-13,F,Farmer,Krabi,0891314709,mild.inthanon1618@example.co.th,2025-05-23
C01619,Kanya,Phromsiri,2000-06-25,F,Engineer,Chiang Rai,0853496826,kanya.phromsiri1619@example.co.th,2024-08-08
C01620,Tee,Sangthong,1991-03-23,M,Government Officer,Phuket,0831364734,tee.sangthong1620@example.co.th,2020-08-07
C01621,Suda,Phongphan,1999-10-22,F,Hotel Staff,Krabi,0841076043,suda.phongphan1621@example.co.th,2026-03-20
C01622,Earth,Rattanapan,1964-06-16,F,Hotel Staff,Nonthaburi,0866378982,earth.rattanapan1622@example.co.th,2018-09-21
C01623,Niran,Chaisawat,1977-06-21,M,Restaurant Owner,Khon Kaen,0819782015,niran.chaisawat1623@example.co.th,2022-12-14
C01624,Mai,Sangthong,1957-08-23,F,Teacher,Nonthaburi,0870332161,mai.sangthong1624@example.co.th,2022-03-27
C01625,Pim,Phromsiri,2004-12-03,M,Nurse,Songkhla,0875914731,pim.phromsiri1625@example.co.th,2022-11-28
C01626,Bua,Thongdee,1975-03-26,M,Driver,Songkhla,0880938021,bua.thongdee1626@example.co.th,2020-02-27
C01627,Anong,Phromsiri,1957-03-05,M,Government Officer,Khon Kaen,0828865991,anong.phromsiri1627@example.co.th,2018-01-22
C01628,Daeng,Phutthichai,2005-12-25,M,Shop Owner,Lampang,0834871129,daeng.phutthichai1628@example.co.th,2025-08-26
C01629,Beam,Saetang,1999-07-07,M,Sales,Songkhla,0873583349,beam.saetang1629@example.co.th,2023-08-14
C01630,Daeng,Sangthong,2005-02-14,M,Farmer,Chonburi,0867379655,daeng.sangthong1630@example.co.th,2025-01-05
C01631,Eak,Wongchai,1962-01-04,F,Teacher,Chonburi,0825827960,eak.wongchai1631@example.co.th,2023-08-05
C01632,Wichai,Srisuk,2003-06-30,M,Doctor,Pathum Thani,0848909246,wichai.srisuk1632@example.co.th,2020-10-26
C01633,Eak,Sangthong,1961-02-04,F,Teacher,Nonthaburi,0881729149,eak.sangthong1633@example.co.th,2024-06-14
C01634,Wichai,Saetang,1999-11-11,F,Sales,Nakhon Ratchasima,0817603192,wichai.saetang1634@example.co.th,2024-02-15
C01635,Nan,Phongphan,1997-04-03,M,Government Officer,Udon Thani,0855371664,nan.phongphan1635@example.co.th,2022-09-23
C01636,Malee,Sukhumvit,1985-01-05,M,Doctor,Chiang Mai,0883428820,malee.sukhumvit1636@example.co.th,2026-03-25
C01637,Chai,Srisuk,1976-02-20,M,Hotel Staff,Krabi,0885679497,chai.srisuk1637@example.co.th,2024-11-03
C01638,Nan,Srisuk,1986-01-10,F,Sales,Phuket,0892199318,nan.srisuk1638@example.co.th,2018-11-27
C01639,View,Limthongkul,1997-12-14,F,Accountant,Chonburi,0815602379,view.limthongkul1639@example.co.th,2019-03-03
C01640,Niran,Watcharaphon,2000-07-16,F,Driver,Surat Thani,0874101392,niran.watcharaphon1640@example.co.th,2021-05-27
C01641,Earth,Rattanapan,1956-12-03,M,Hotel Staff,Chiang Mai,0836330066,earth.rattanapan1641@example.co.th,2023-12-29
C01642,Toon,Inthanon,1956-08-15,F,Government Officer,Lampang,0861959009,toon.inthanon1642@example.co.th,2022-03-26
C01643,Nan,Chaiyaporn,1993-07-21,M,Teacher,Ayutthaya,0868781037,nan.chaiyaporn1643@example.co.th,2019-04-29
C01644,View,Chaisawat,1987-12-28,M,Shop Owner,Samut Prakan,0868589370,view.chaisawat1644@example.co.th,2018-08-26
C01645,Wichai,Rattanapan,1963-04-03,M,Doctor,Phitsanulok,0865440710,wichai.rattanapan1645@example.co.th,2024-01-06
C01646,Tee,Srisuk,1956-05-03,M,Teacher,Surat Thani,0817604050,tee.srisuk1646@example.co.th,2019-06-04
C01647,Nok,Kittikun,1980-05-09,F,Shop Owner,Chiang Mai,0890854908,nok.kittikun1647@example.co.th,2025-05-07
C01648,View,Rattanapan,1981-03-26,F,Farmer,Chonburi,0898259272,view.rattanapan1648@example.co.th,2019-05-17
C01649,Bua,Wongchai,1961-11-07,M,Farmer,Udon Thani,0857910133,bua.wongchai1649@example.co.th,2020-06-21
C01650,Nok,Thongdee,1987-12-02,F,Restaurant Owner,Lampang,0897730595,nok.thongdee1650@example.co.th,2020-09-27
C01651,Pat,Suwanphon,1983-08-10,M,Government Officer,Lampang,0856524622,pat.suwanphon1651@example.co.th,2022-08-10
C01652,Nan,Chaisawat,1998-08-15,M,Doctor,Udon Thani,0828405476,nan.chaisawat1652@example.co.th,2023-11-04
C01653,Wichai,Thongdee,2004-08-10,M,Shop Owner,Songkhla,0829053714,wichai.thongdee1653@example.co.th,2018-05-27
C01654,Wichai,Kanchanaburi,1995-09-16,M,Farmer,Khon Kaen,0814530678,wichai.kanchanaburi1654@example.co.th,2021-01-12
C01655,Malee,Phromsiri,1989-06-19,M,Government Officer,Nakhon Ratchasima,0847459158,malee.phromsiri1655@example.co.th,2024-11-02
C01656,Eak,Watcharaphon,1956-09-09,F,Farmer,Rayong,0815961354,eak.watcharaphon1656@example.co.th,2020-07-08
C01657,Tawan,Inthanon,1971-07-19,M,IT Specialist,Ayutthaya,0850956281,tawan.inthanon1657@example.co.th,2018-05-09
C01658,Praew,Sangthong,1957-05-01,F,Construction Worker,Trang,0845236547,praew.sangthong1658@example.co.th,2024-08-17
C01659,Tawan,Boonmee,1985-08-03,F,Restaurant Owner,Trang,0867384680,tawan.boonmee1659@example.co.th,2026-03-06
C01660,Mild,Srisuk,1964-10-18,F,Accountant,Lampang,0848576654,mild.srisuk1660@example.co.th,2023-12-31
C01661,Nok,Phutthichai,2005-12-26,F,Engineer,Chiang Rai,0861176016,nok.phutthichai1661@example.co.th,2023-03-30
C01662,Beam,Rattanapan,1966-10-31,F,Hotel Staff,Bangkok,0846828381,beam.rattanapan1662@example.co.th,2018-12-17
C01663,Wichai,Limthongkul,1981-07-16,F,Government Officer,Pathum Thani,0892617353,wichai.limthongkul1663@example.co.th,2021-01-28
C01664,Daeng,Suwanphon,1977-06-22,M,Teacher,Trang,0851190770,daeng.suwanphon1664@example.co.th,2024-05-17
C01665,Bua,Charoensuk,1978-09-24,F,Farmer,Nonthaburi,0812317495,bua.charoensuk1665@example.co.th,2022-12-07
C01666,Somchai,Kanchanaburi,1958-04-27,F,IT Specialist,Samut Prakan,0884706716,somchai.kanchanaburi1666@example.co.th,2020-06-11
C01667,Fern,Srisuk,1962-02-19,F,Teacher,Udon Thani,0869114791,fern.srisuk1667@example.co.th,2020-01-07
C01668,Malee,Suwanphon,1978-04-14,M,Doctor,Krabi,0894602558,malee.suwanphon1668@example.co.th,2019-12-16
C01669,Pim,Chaisawat,1959-06-13,M,IT Specialist,Surat Thani,0815167621,pim.chaisawat1669@example.co.th,2020-01-25
C01670,Bua,Saetang,1994-07-03,F,Government Officer,Phitsanulok,0884277127,bua.saetang1670@example.co.th,2026-01-17
C01671,Wichai,Srisuk,1978-03-29,M,IT Specialist,Udon Thani,0857423826,wichai.srisuk1671@example.co.th,2024-01-23
C01672,Nan,Srisuk,1976-01-21,M,Teacher,Samut Prakan,0878040058,nan.srisuk1672@example.co.th,2022-12-23
C01673,Suda,Saetang,1961-12-12,M,Shop Owner,Surat Thani,0886553214,suda.saetang1673@example.co.th,2022-03-02
C01674,Bank,Phutthichai,1961-05-28,F,Engineer,Ayutthaya,0813314453,bank.phutthichai1674@example.co.th,2021-08-30
C01675,Toon,Sangthong,1985-01-19,F,Farmer,Ayutthaya,0849468472,toon.sangthong1675@example.co.th,2024-12-22
C01676,Somchai,Kittikun,1988-01-16,F,Construction Worker,Chiang Mai,0830141148,somchai.kittikun1676@example.co.th,2024-08-18
C01677,Somchai,Phongphan,1973-12-21,F,Doctor,Pathum Thani,0860847002,somchai.phongphan1677@example.co.th,2024-07-14
C01678,Niran,Chaiyaporn,1989-03-10,M,Construction Worker,Phuket,0840142752,niran.chaiyaporn1678@example.co.th,2024-05-04
C01679,Pat,Phromsiri,2004-03-08,M,Restaurant Owner,Ayutthaya,0880834264,pat.phromsiri1679@example.co.th,2018-07-30
C01680,Toon,Watcharaphon,2002-01-19,F,Shop Owner,Chiang Rai,0846129093,toon.watcharaphon1680@example.co.th,2020-03-09
C01681,Bank,Phromsiri,1981-04-17,F,Doctor,Surat Thani,0858582114,bank.phromsiri1681@example.co.th,2020-08-03
C01682,Nok,Charoensuk,1965-05-09,F,Accountant,Surat Thani,0865019311,nok.charoensuk1682@example.co.th,2022-01-22
C01683,Anong,Sangthong,2005-04-13,M,Construction Worker,Chiang Rai,0858626679,anong.sangthong1683@example.co.th,2025-04-30
C01684,Ploy,Chaisawat,1975-09-01,F,Doctor,Hat Yai,0886415823,ploy.chaisawat1684@example.co.th,2019-05-29
C01685,Mild,Limthongkul,1976-12-22,M,Sales,Ayutthaya,0844934049,mild.limthongkul1685@example.co.th,2021-03-21
C01686,Chai,Charoensuk,1965-08-01,F,Driver,Phuket,0877783433,chai.charoensuk1686@example.co.th,2019-08-31
C01687,Tee,Watcharaphon,1972-10-09,F,Government Officer,Nonthaburi,0832383617,tee.watcharaphon1687@example.co.th,2019-05-10
C01688,Fern,Suwanphon,2004-10-02,M,Engineer,Krabi,0814573558,fern.suwanphon1688@example.co.th,2022-11-03
C01689,Somchai,Kittikun,1961-07-20,F,Construction Worker,Chonburi,0866688023,somchai.kittikun1689@example.co.th,2021-12-22
C01690,Pim,Inthanon,2004-12-18,F,Teacher,Surat Thani,0855205643,pim.inthanon1690@example.co.th,2021-10-10
C01691,Tee,Chaisawat,1964-09-01,M,Accountant,Chiang Mai,0857641606,tee.chaisawat1691@example.co.th,2023-01-13
C01692,Mild,Phutthichai,1995-05-08,F,Hotel Staff,Ayutthaya,0874036089,mild.phutthichai1692@example.co.th,2025-11-07
C01693,Pim,Kittikun,2000-09-12,M,Construction Worker,Phuket,0811044716,pim.kittikun1693@example.co.th,2024-08-28
C01694,Tee,Sangthong,1995-09-09,F,Farmer,Rayong,0833719260,tee.sangthong1694@example.co.th,2023-09-15
C01695,Beam,Phromsiri,1980-01-22,M,Nurse,Khon Kaen,0876208728,beam.phromsiri1695@example.co.th,2021-10-29
C01696,Niran,Phromsiri,2001-06-11,F,Nurse,Chiang Rai,0853325492,niran.phromsiri1696@example.co.th,2022-04-23
C01697,Chai,Kittikun,1967-11-06,M,Driver,Chiang Mai,0879677116,chai.kittikun1697@example.co.th,2021-02-13
C01698,Tee,Chaisawat,1983-03-16,F,Nurse,Khon Kaen,0832225454,tee.chaisawat1698@example.co.th,2019-05-01
C01699,Apinya,Suwanphon,1998-08-29,M,Construction Worker,Hat Yai,0832725849,apinya.suwanphon1699@example.co.th,2021-03-27
C01700,Mild,Suwanphon,1964-07-09,F,Engineer,Surat Thani,0822881682,mild.suwanphon1700@example.co.th,2020-04-27
C01701,Praew,Saetang,1970-02-23,M,Construction Worker,Bangkok,0882454722,praew.saetang1701@example.co.th,2024-01-13
C01702,Earth,Sukhumvit,1955-08-07,M,Shop Owner,Krabi,0837265115,earth.sukhumvit1702@example.co.th,2021-02-28
C01703,Tee,Phutthichai,1994-11-28,M,Restaurant Owner,Chiang Rai,0870914632,tee.phutthichai1703@example.co.th,2021-04-23
C01704,Mild,Phongphan,1965-10-05,F,Farmer,Hat Yai,0845306850,mild.phongphan1704@example.co.th,2018-12-22
C01705,Boss,Chaiyaporn,1979-12-25,F,Hotel Staff,Khon Kaen,0820612203,boss.chaiyaporn1705@example.co.th,2026-05-07
C01706,Earth,Rattanapan,1961-09-02,M,Office Worker,Pathum Thani,0855008192,earth.rattanapan1706@example.co.th,2021-02-04
C01707,Nok,Saetang,1961-08-24,M,Driver,Pathum Thani,0823480667,nok.saetang1707@example.co.th,2025-11-28
C01708,Earth,Saetang,1983-06-27,M,IT Specialist,Songkhla,0894192774,earth.saetang1708@example.co.th,2018-02-02
C01709,Wichai,Chaiyaporn,1988-10-01,M,Nurse,Surat Thani,0873097822,wichai.chaiyaporn1709@example.co.th,2019-09-13
C01710,Ploy,Kittikun,1999-07-25,M,Doctor,Nakhon Ratchasima,0895197752,ploy.kittikun1710@example.co.th,2018-12-30
C01711,Pat,Sukhumvit,1955-04-15,M,Farmer,Ayutthaya,0884858214,pat.sukhumvit1711@example.co.th,2024-11-08
C01712,Tawan,Kittikun,1958-06-25,F,Sales,Ayutthaya,0861041690,tawan.kittikun1712@example.co.th,2025-01-28
C01713,Tee,Rattanapan,1986-04-14,M,Construction Worker,Krabi,0850278816,tee.rattanapan1713@example.co.th,2020-08-07
C01714,View,Thongdee,1998-07-08,F,Sales,Krabi,0857932891,view.thongdee1714@example.co.th,2024-02-04
C01715,Ploy,Thongdee,1963-08-30,M,Construction Worker,Surat Thani,0848556908,ploy.thongdee1715@example.co.th,2022-09-15
C01716,Nok,Charoensuk,1977-03-12,M,Engineer,Ayutthaya,0872375800,nok.charoensuk1716@example.co.th,2021-07-30
C01717,Bua,Phongphan,1986-03-08,M,Hotel Staff,Rayong,0874926313,bua.phongphan1717@example.co.th,2023-06-27
C01718,Toon,Phutthichai,1976-01-26,F,Nurse,Bangkok,0878113806,toon.phutthichai1718@example.co.th,2020-05-31
C01719,View,Phutthichai,1960-06-15,F,Nurse,Lampang,0852630014,view.phutthichai1719@example.co.th,2022-08-12
C01720,Eak,Kanchanaburi,1993-02-22,F,Construction Worker,Rayong,0817332766,eak.kanchanaburi1720@example.co.th,2021-01-04
C01721,Ploy,Rattanapan,1985-06-27,F,Farmer,Chiang Mai,0865003974,ploy.rattanapan1721@example.co.th,2020-06-25
C01722,Tee,Kittikun,2003-02-02,M,Sales,Songkhla,0891973665,tee.kittikun1722@example.co.th,2021-09-12
C01723,Pim,Chaisawat,2003-06-05,M,Hotel Staff,Bangkok,0860893769,pim.chaisawat1723@example.co.th,2019-01-05
C01724,Mai,Charoensuk,1986-08-23,M,IT Specialist,Lampang,0816605553,mai.charoensuk1724@example.co.th,2023-10-26
C01725,Tawan,Sangthong,2003-01-15,M,Restaurant Owner,Songkhla,0881900277,tawan.sangthong1725@example.co.th,2022-06-09
C01726,Boss,Rattanapan,1981-01-12,F,Shop Owner,Nonthaburi,0865484975,boss.rattanapan1726@example.co.th,2020-06-02
C01727,Praew,Rattanapan,1956-03-22,M,Hotel Staff,Chiang Mai,0880673067,praew.rattanapan1727@example.co.th,2019-02-24
C01728,Pat,Inthanon,1998-07-03,M,Nurse,Chiang Mai,0850462140,pat.inthanon1728@example.co.th,2018-04-10
C01729,Wichai,Rattanapan,1958-01-11,M,Restaurant Owner,Udon Thani,0860715072,wichai.rattanapan1729@example.co.th,2025-05-08
C01730,Eak,Chaiyaporn,1979-03-23,M,Teacher,Phuket,0877714140,eak.chaiyaporn1730@example.co.th,2026-02-05
C01731,Nan,Phutthichai,1956-10-22,M,Teacher,Bangkok,0888946302,nan.phutthichai1731@example.co.th,2022-05-22
C01732,Tawan,Chaisawat,1983-01-03,F,Office Worker,Pathum Thani,0813144983,tawan.chaisawat1732@example.co.th,2021-05-22
C01733,Malee,Kanchanaburi,1973-03-07,F,IT Specialist,Khon Kaen,0887336413,malee.kanchanaburi1733@example.co.th,2023-04-15
C01734,Eak,Thongdee,1993-07-14,M,Driver,Phuket,0885295643,eak.thongdee1734@example.co.th,2021-02-14
C01735,Ploy,Thongdee,2002-11-02,M,Driver,Chiang Rai,0812310226,ploy.thongdee1735@example.co.th,2023-07-29
C01736,Beam,Inthanon,1988-06-09,M,Farmer,Lampang,0840072939,beam.inthanon1736@example.co.th,2024-06-24
C01737,Somchai,Inthanon,1975-10-28,F,Farmer,Hat Yai,0885585152,somchai.inthanon1737@example.co.th,2019-03-23
C01738,Mint,Thongdee,1984-10-28,M,Teacher,Chonburi,0885280767,mint.thongdee1738@example.co.th,2019-11-25
C01739,Tawan,Watcharaphon,1977-06-04,M,Driver,Phuket,0892743681,tawan.watcharaphon1739@example.co.th,2023-04-24
C01740,Pat,Phromsiri,1975-11-08,F,Nurse,Chiang Mai,0865278723,pat.phromsiri1740@example.co.th,2021-06-29
C01741,Beam,Charoensuk,1968-07-06,F,Accountant,Chiang Mai,0885874940,beam.charoensuk1741@example.co.th,2024-09-18
C01742,Fern,Boonmee,1979-01-21,F,Office Worker,Songkhla,0877084096,fern.boonmee1742@example.co.th,2021-07-06
C01743,Mint,Rattanapan,1983-11-15,F,Office Worker,Hat Yai,0884464967,mint.rattanapan1743@example.co.th,2026-04-18
C01744,Beam,Wongchai,1964-06-04,M,Driver,Ayutthaya,0827083565,beam.wongchai1744@example.co.th,2018-02-25
C01745,Kanya,Saetang,1965-11-24,M,Farmer,Nonthaburi,0825255803,kanya.saetang1745@example.co.th,2018-06-09
C01746,View,Phutthichai,1999-06-05,F,Engineer,Nonthaburi,0883428512,view.phutthichai1746@example.co.th,2022-09-09
C01747,Eak,Boonmee,1981-08-15,F,Nurse,Khon Kaen,0846387450,eak.boonmee1747@example.co.th,2023-11-11
C01748,Chai,Chaisawat,1988-05-04,M,Engineer,Phitsanulok,0848949552,chai.chaisawat1748@example.co.th,2023-11-14
C01749,Bua,Sukhumvit,1988-04-22,F,Farmer,Chiang Rai,0872126724,bua.sukhumvit1749@example.co.th,2020-05-12
C01750,Mild,Charoensuk,1967-02-21,F,Government Officer,Nonthaburi,0852639365,mild.charoensuk1750@example.co.th,2022-09-02
C01751,Kanya,Chaiyaporn,1997-03-18,M,Nurse,Phuket,0835189235,kanya.chaiyaporn1751@example.co.th,2020-03-27
C01752,Nan,Phongphan,2003-03-30,F,Teacher,Hat Yai,0818201748,nan.phongphan1752@example.co.th,2025-01-03
C01753,Nok,Chaisawat,1969-01-13,F,IT Specialist,Phuket,0885048659,nok.chaisawat1753@example.co.th,2020-07-14
C01754,Daeng,Boonmee,1972-04-13,F,Restaurant Owner,Udon Thani,0867198985,daeng.boonmee1754@example.co.th,2024-07-21
C01755,Beam,Thongdee,1987-12-13,F,Construction Worker,Trang,0844191883,beam.thongdee1755@example.co.th,2024-04-17
C01756,Praew,Sukhumvit,1961-12-13,M,Teacher,Phitsanulok,0839050282,praew.sukhumvit1756@example.co.th,2021-02-20
C01757,Kanya,Suwanphon,2005-07-27,M,Hotel Staff,Khon Kaen,0880104308,kanya.suwanphon1757@example.co.th,2024-08-02
C01758,Mint,Inthanon,1984-08-14,F,Hotel Staff,Phitsanulok,0892662979,mint.inthanon1758@example.co.th,2025-07-01
C01759,Mild,Watcharaphon,1973-10-11,M,Hotel Staff,Nonthaburi,0841115834,mild.watcharaphon1759@example.co.th,2020-06-05
C01760,Anong,Chaisawat,1968-02-22,M,Farmer,Chonburi,0810033134,anong.chaisawat1760@example.co.th,2021-08-17
C01761,Anong,Srisuk,1967-04-16,F,Driver,Chiang Rai,0899233613,anong.srisuk1761@example.co.th,2023-04-17
C01762,Chai,Thongdee,1999-11-22,M,Office Worker,Khon Kaen,0862780673,chai.thongdee1762@example.co.th,2022-03-26
C01763,Mai,Inthanon,1997-07-26,F,Restaurant Owner,Samut Prakan,0880059735,mai.inthanon1763@example.co.th,2021-07-22
C01764,Pat,Wongchai,1974-03-11,F,Accountant,Nonthaburi,0829177565,pat.wongchai1764@example.co.th,2022-11-26
C01765,Praew,Kanchanaburi,1998-12-20,M,Office Worker,Udon Thani,0868440193,praew.kanchanaburi1765@example.co.th,2025-04-24
C01766,Daeng,Kittikun,1957-04-08,F,Hotel Staff,Samut Prakan,0899931125,daeng.kittikun1766@example.co.th,2021-11-18
C01767,Beam,Phutthichai,1974-03-07,M,Driver,Trang,0860225060,beam.phutthichai1767@example.co.th,2020-01-04
C01768,Mild,Boonmee,1972-07-27,F,Office Worker,Hat Yai,0836157506,mild.boonmee1768@example.co.th,2018-01-23
C01769,Tee,Thongdee,1984-06-19,F,Construction Worker,Khon Kaen,0844059134,tee.thongdee1769@example.co.th,2023-08-22
C01770,Mild,Boonmee,1979-06-30,F,IT Specialist,Chiang Mai,0874254706,mild.boonmee1770@example.co.th,2022-06-20
C01771,Niran,Suwanphon,1979-08-07,M,Restaurant Owner,Chiang Mai,0873190952,niran.suwanphon1771@example.co.th,2024-10-24
C01772,Mint,Kanchanaburi,1998-12-27,F,Accountant,Nonthaburi,0896912487,mint.kanchanaburi1772@example.co.th,2024-02-13
C01773,Earth,Phongphan,1958-06-05,M,Sales,Samut Prakan,0830561048,earth.phongphan1773@example.co.th,2025-11-30
C01774,Beam,Kittikun,1966-10-23,F,Restaurant Owner,Phuket,0826029189,beam.kittikun1774@example.co.th,2018-08-18
C01775,Nok,Srisuk,1983-03-11,F,Restaurant Owner,Khon Kaen,0836062717,nok.srisuk1775@example.co.th,2025-05-07
C01776,Toon,Boonmee,1984-11-04,M,Construction Worker,Pathum Thani,0888765336,toon.boonmee1776@example.co.th,2026-02-05
C01777,Daeng,Saetang,1956-04-09,F,Restaurant Owner,Rayong,0899620191,daeng.saetang1777@example.co.th,2025-07-05
C01778,Niran,Wongchai,1972-04-23,M,Accountant,Chiang Rai,0845787268,niran.wongchai1778@example.co.th,2018-12-10
C01779,Kanya,Kanchanaburi,1958-12-29,M,Accountant,Udon Thani,0877842475,kanya.kanchanaburi1779@example.co.th,2022-08-04
C01780,Kanya,Boonmee,1982-12-01,F,Teacher,Udon Thani,0855828977,kanya.boonmee1780@example.co.th,2023-03-25
C01781,Tee,Wongchai,2005-10-17,M,Teacher,Hat Yai,0822154988,tee.wongchai1781@example.co.th,2020-01-18
C01782,Beam,Wongchai,1971-08-28,M,Hotel Staff,Pathum Thani,0832727871,beam.wongchai1782@example.co.th,2018-02-12
C01783,Tawan,Sangthong,1996-04-19,M,Nurse,Phuket,0896210380,tawan.sangthong1783@example.co.th,2020-02-22
C01784,Beam,Chaiyaporn,1982-11-09,F,Accountant,Chiang Mai,0848530763,beam.chaiyaporn1784@example.co.th,2019-12-31
C01785,Malee,Chaiyaporn,2005-09-10,F,Doctor,Pathum Thani,0835265855,malee.chaiyaporn1785@example.co.th,2021-01-22
C01786,View,Sukhumvit,1970-11-21,F,Accountant,Nakhon Ratchasima,0869001888,view.sukhumvit1786@example.co.th,2020-12-19
C01787,Anong,Watcharaphon,1986-11-11,F,Shop Owner,Phitsanulok,0896144415,anong.watcharaphon1787@example.co.th,2023-11-13
C01788,Nok,Kittikun,1958-04-18,F,Engineer,Phitsanulok,0882202263,nok.kittikun1788@example.co.th,2024-05-18
C01789,Tawan,Phutthichai,1986-02-14,M,Shop Owner,Nakhon Ratchasima,0877614227,tawan.phutthichai1789@example.co.th,2024-03-09
C01790,Bank,Suwanphon,1963-02-21,M,Nurse,Chiang Rai,0839293679,bank.suwanphon1790@example.co.th,2023-03-31
C01791,Malee,Srisuk,1965-05-06,M,Farmer,Chiang Rai,0828765689,malee.srisuk1791@example.co.th,2023-03-29
C01792,Tee,Charoensuk,1988-05-25,F,IT Specialist,Phitsanulok,0888972473,tee.charoensuk1792@example.co.th,2018-05-19
C01793,Chai,Phongphan,1987-03-13,M,Driver,Bangkok,0873819982,chai.phongphan1793@example.co.th,2021-10-02
C01794,Chai,Phongphan,1971-10-15,F,Engineer,Samut Prakan,0872658369,chai.phongphan1794@example.co.th,2024-02-18
C01795,Kanya,Boonmee,1994-05-21,F,Sales,Trang,0887304740,kanya.boonmee1795@example.co.th,2025-10-15
C01796,Fern,Inthanon,1997-06-27,F,Accountant,Surat Thani,0860092039,fern.inthanon1796@example.co.th,2024-09-27
C01797,Chai,Watcharaphon,1990-12-27,M,Construction Worker,Nakhon Ratchasima,0841447622,chai.watcharaphon1797@example.co.th,2023-09-08
C01798,Suda,Phutthichai,1993-03-17,F,Sales,Udon Thani,0813832610,suda.phutthichai1798@example.co.th,2019-11-03
C01799,Pat,Kittikun,1981-12-19,M,Sales,Trang,0828729977,pat.kittikun1799@example.co.th,2019-06-17
C01800,Bua,Charoensuk,1959-10-29,F,Hotel Staff,Phuket,0828986566,bua.charoensuk1800@example.co.th,2021-11-18
C01801,Nok,Inthanon,1969-10-31,M,IT Specialist,Hat Yai,0829795908,nok.inthanon1801@example.co.th,2020-03-31
C01802,View,Kittikun,1982-01-11,M,Engineer,Nakhon Ratchasima,0841700023,view.kittikun1802@example.co.th,2020-04-12
C01803,Fern,Wongchai,1976-12-15,F,Government Officer,Chonburi,0874068039,fern.wongchai1803@example.co.th,2019-10-15
C01804,Daeng,Phongphan,1997-03-28,F,Accountant,Lampang,0838520176,daeng.phongphan1804@example.co.th,2023-04-19
C01805,Bua,Inthanon,1996-07-31,M,Driver,Surat Thani,0827247299,bua.inthanon1805@example.co.th,2021-07-27
C01806,Mai,Chaiyaporn,1990-11-16,F,Restaurant Owner,Pathum Thani,0866987832,mai.chaiyaporn1806@example.co.th,2024-09-11
C01807,Eak,Limthongkul,1961-06-06,F,IT Specialist,Samut Prakan,0888709162,eak.limthongkul1807@example.co.th,2018-04-21
C01808,Wichai,Chaisawat,1970-12-25,F,Shop Owner,Surat Thani,0855614022,wichai.chaisawat1808@example.co.th,2023-08-16
C01809,Bank,Boonmee,1990-09-21,M,Engineer,Phuket,0877102111,bank.boonmee1809@example.co.th,2020-02-09
C01810,Niran,Sukhumvit,1982-02-01,M,Shop Owner,Ayutthaya,0861548537,niran.sukhumvit1810@example.co.th,2025-05-02
C01811,Kanya,Phutthichai,1968-07-10,F,Driver,Nakhon Ratchasima,0874512027,kanya.phutthichai1811@example.co.th,2018-05-23
C01812,Malee,Phutthichai,1971-02-08,F,IT Specialist,Nonthaburi,0879437349,malee.phutthichai1812@example.co.th,2019-03-12
C01813,Nok,Wongchai,1986-01-25,F,Hotel Staff,Khon Kaen,0811640743,nok.wongchai1813@example.co.th,2019-10-21
C01814,Chai,Chaiyaporn,2000-06-25,F,Government Officer,Rayong,0875248523,chai.chaiyaporn1814@example.co.th,2025-05-02
C01815,Bua,Inthanon,1992-11-25,F,Driver,Chiang Mai,0844715287,bua.inthanon1815@example.co.th,2026-04-28
C01816,Mint,Phongphan,1995-05-25,F,Hotel Staff,Chiang Rai,0873558440,mint.phongphan1816@example.co.th,2025-12-26
C01817,Chai,Limthongkul,1987-09-25,M,Driver,Khon Kaen,0881365126,chai.limthongkul1817@example.co.th,2022-04-20
C01818,Boss,Wongchai,1968-06-28,F,Construction Worker,Bangkok,0889208997,boss.wongchai1818@example.co.th,2020-11-22
C01819,Tawan,Saetang,1995-10-27,M,Farmer,Ayutthaya,0847811007,tawan.saetang1819@example.co.th,2018-06-13
C01820,Suda,Watcharaphon,1996-04-16,M,Construction Worker,Samut Prakan,0890440472,suda.watcharaphon1820@example.co.th,2025-09-12
C01821,Daeng,Suwanphon,1993-03-11,F,Hotel Staff,Pathum Thani,0813158189,daeng.suwanphon1821@example.co.th,2024-02-02
C01822,Malee,Kittikun,1981-04-22,F,Government Officer,Samut Prakan,0869964474,malee.kittikun1822@example.co.th,2021-08-22
C01823,Apinya,Srisuk,1965-01-07,M,Office Worker,Samut Prakan,0863179019,apinya.srisuk1823@example.co.th,2020-10-15
C01824,Kanya,Wongchai,2002-12-30,M,Accountant,Khon Kaen,0829413831,kanya.wongchai1824@example.co.th,2025-02-05
C01825,Ploy,Phutthichai,1979-08-24,F,Accountant,Samut Prakan,0892844702,ploy.phutthichai1825@example.co.th,2020-09-26
C01826,Mild,Saetang,1996-02-16,M,Shop Owner,Chiang Mai,0860035742,mild.saetang1826@example.co.th,2018-06-06
C01827,Pim,Chaisawat,1964-01-27,M,Shop Owner,Rayong,0895461939,pim.chaisawat1827@example.co.th,2021-05-21
C01828,Fern,Inthanon,1957-01-03,F,Accountant,Nonthaburi,0897630141,fern.inthanon1828@example.co.th,2026-05-01
C01829,View,Wongchai,1993-11-19,M,Sales,Khon Kaen,0845027571,view.wongchai1829@example.co.th,2021-05-26
C01830,Toon,Saetang,2003-05-16,M,Shop Owner,Surat Thani,0886951857,toon.saetang1830@example.co.th,2023-04-22
C01831,Tawan,Phutthichai,1979-08-27,F,Office Worker,Nonthaburi,0816139411,tawan.phutthichai1831@example.co.th,2024-10-12
C01832,Eak,Kittikun,1980-07-24,M,Driver,Udon Thani,0837801369,eak.kittikun1832@example.co.th,2018-03-18
C01833,Earth,Phutthichai,1966-08-23,F,Farmer,Udon Thani,0890407082,earth.phutthichai1833@example.co.th,2025-02-13
C01834,Chai,Phongphan,1974-11-09,M,Accountant,Surat Thani,0853568260,chai.phongphan1834@example.co.th,2020-06-24
C01835,Anong,Chaisawat,1980-10-27,F,Sales,Trang,0866474093,anong.chaisawat1835@example.co.th,2025-02-13
C01836,Toon,Charoensuk,2003-07-30,F,Construction Worker,Rayong,0884847472,toon.charoensuk1836@example.co.th,2018-02-21
C01837,Chai,Charoensuk,1983-09-05,F,Engineer,Samut Prakan,0872001550,chai.charoensuk1837@example.co.th,2026-04-30
C01838,Ploy,Sukhumvit,2002-10-01,F,Nurse,Nonthaburi,0864081453,ploy.sukhumvit1838@example.co.th,2018-05-13
C01839,Bua,Phromsiri,1962-01-19,F,Teacher,Krabi,0837857050,bua.phromsiri1839@example.co.th,2023-12-10
C01840,Daeng,Thongdee,1981-03-07,F,IT Specialist,Pathum Thani,0872730696,daeng.thongdee1840@example.co.th,2018-05-02
C01841,Pim,Chaisawat,1969-12-16,F,Sales,Trang,0867919082,pim.chaisawat1841@example.co.th,2022-08-29
C01842,Mai,Boonmee,1980-06-20,F,Doctor,Lampang,0860369810,mai.boonmee1842@example.co.th,2024-01-11
C01843,Pim,Inthanon,1966-01-29,F,Doctor,Khon Kaen,0838360899,pim.inthanon1843@example.co.th,2019-03-30
C01844,Tee,Thongdee,1971-01-10,F,Office Worker,Nonthaburi,0864830114,tee.thongdee1844@example.co.th,2021-12-12
C01845,Mai,Sukhumvit,1992-07-07,F,Shop Owner,Trang,0858744480,mai.sukhumvit1845@example.co.th,2025-01-25
C01846,Suda,Charoensuk,2000-01-24,F,Doctor,Lampang,0864219394,suda.charoensuk1846@example.co.th,2023-07-20
C01847,Mai,Kanchanaburi,1980-09-06,M,Construction Worker,Hat Yai,0833840642,mai.kanchanaburi1847@example.co.th,2022-06-27
C01848,Apinya,Boonmee,2002-10-15,F,IT Specialist,Pathum Thani,0833121777,apinya.boonmee1848@example.co.th,2025-08-31
C01849,Mild,Phongphan,1989-05-23,F,Driver,Phitsanulok,0865068702,mild.phongphan1849@example.co.th,2020-02-13
C01850,Mint,Boonmee,1975-02-11,M,Sales,Chonburi,0886582582,mint.boonmee1850@example.co.th,2026-03-18
C01851,Fern,Boonmee,1984-02-28,M,Engineer,Trang,0886410977,fern.boonmee1851@example.co.th,2025-01-06
C01852,Ploy,Wongchai,1988-03-21,F,Office Worker,Bangkok,0878630282,ploy.wongchai1852@example.co.th,2020-03-01
C01853,Boss,Kittikun,1996-01-26,M,Engineer,Samut Prakan,0873373435,boss.kittikun1853@example.co.th,2025-12-29
C01854,Mild,Sukhumvit,1983-12-15,F,Teacher,Chonburi,0814145953,mild.sukhumvit1854@example.co.th,2020-04-27
C01855,Tee,Kanchanaburi,1996-03-12,F,Doctor,Surat Thani,0833740148,tee.kanchanaburi1855@example.co.th,2023-03-05
C01856,Pat,Phongphan,1984-09-19,M,Farmer,Nonthaburi,0819374071,pat.phongphan1856@example.co.th,2018-01-29
C01857,Beam,Srisuk,1991-06-16,F,Restaurant Owner,Chiang Rai,0861716183,beam.srisuk1857@example.co.th,2018-10-16
C01858,Earth,Phutthichai,1978-04-30,M,Accountant,Lampang,0891467062,earth.phutthichai1858@example.co.th,2025-04-04
C01859,Praew,Boonmee,1994-05-05,M,Nurse,Krabi,0863471904,praew.boonmee1859@example.co.th,2026-02-18
C01860,Mai,Srisuk,1987-08-08,F,Driver,Rayong,0826650628,mai.srisuk1860@example.co.th,2019-03-01
C01861,Pim,Suwanphon,1965-01-10,F,Driver,Nonthaburi,0898118904,pim.suwanphon1861@example.co.th,2021-10-23
C01862,Pim,Rattanapan,1998-04-18,F,Teacher,Songkhla,0854295297,pim.rattanapan1862@example.co.th,2025-03-14
C01863,Nan,Wongchai,1996-02-10,M,Hotel Staff,Krabi,0844896549,nan.wongchai1863@example.co.th,2021-11-03
C01864,Apinya,Kanchanaburi,1984-08-31,F,Sales,Hat Yai,0846950003,apinya.kanchanaburi1864@example.co.th,2024-08-31
C01865,Niran,Chaiyaporn,1968-04-12,F,Government Officer,Chiang Rai,0839665008,niran.chaiyaporn1865@example.co.th,2022-02-28
C01866,Tee,Sangthong,1981-02-15,M,Sales,Nakhon Ratchasima,0895079890,tee.sangthong1866@example.co.th,2021-06-02
C01867,Ploy,Kanchanaburi,1981-06-15,M,Engineer,Chonburi,0891530481,ploy.kanchanaburi1867@example.co.th,2021-04-12
C01868,Boss,Inthanon,1978-01-31,M,Restaurant Owner,Surat Thani,0838408798,boss.inthanon1868@example.co.th,2024-07-16
C01869,Apinya,Chaiyaporn,1956-01-31,F,Accountant,Udon Thani,0878262003,apinya.chaiyaporn1869@example.co.th,2026-05-12
C01870,Boss,Saetang,1991-05-30,M,Shop Owner,Krabi,0896416288,boss.saetang1870@example.co.th,2019-10-01
C01871,Tee,Saetang,1983-03-13,F,Driver,Chiang Rai,0875128586,tee.saetang1871@example.co.th,2025-04-09
C01872,Kanya,Saetang,1998-03-31,F,Construction Worker,Nonthaburi,0860985606,kanya.saetang1872@example.co.th,2018-02-28
C01873,Bua,Wongchai,1985-09-18,F,Doctor,Surat Thani,0840106377,bua.wongchai1873@example.co.th,2019-09-07
C01874,Malee,Chaisawat,1965-09-23,F,Farmer,Songkhla,0871649116,malee.chaisawat1874@example.co.th,2024-05-21
C01875,Mild,Boonmee,2002-01-08,M,Shop Owner,Surat Thani,0899153332,mild.boonmee1875@example.co.th,2018-05-15
C01876,Eak,Phongphan,1984-07-24,M,Nurse,Chiang Rai,0884260585,eak.phongphan1876@example.co.th,2023-12-31
C01877,Boss,Limthongkul,1962-02-16,F,Sales,Chiang Mai,0880188999,boss.limthongkul1877@example.co.th,2020-10-12
C01878,Wichai,Suwanphon,1971-05-23,M,Accountant,Surat Thani,0871212149,wichai.suwanphon1878@example.co.th,2019-12-28
C01879,Niran,Chaisawat,1978-11-04,F,Teacher,Lampang,0835503269,niran.chaisawat1879@example.co.th,2026-03-23
C01880,Bank,Wongchai,1966-11-22,F,Government Officer,Chiang Rai,0837881323,bank.wongchai1880@example.co.th,2020-07-21
C01881,Wichai,Phromsiri,1997-10-26,M,Office Worker,Hat Yai,0816856217,wichai.phromsiri1881@example.co.th,2021-07-30
C01882,Earth,Wongchai,1972-08-15,M,Farmer,Krabi,0821191907,earth.wongchai1882@example.co.th,2023-05-04
C01883,Tawan,Phongphan,2003-08-29,M,Sales,Phitsanulok,0875394993,tawan.phongphan1883@example.co.th,2021-05-13
C01884,Tee,Boonmee,1993-07-22,F,Hotel Staff,Khon Kaen,0896251983,tee.boonmee1884@example.co.th,2020-03-08
C01885,Tee,Chaisawat,1995-12-07,F,Hotel Staff,Bangkok,0864649280,tee.chaisawat1885@example.co.th,2024-09-29
C01886,Malee,Watcharaphon,1970-11-02,F,Office Worker,Pathum Thani,0848085045,malee.watcharaphon1886@example.co.th,2025-03-28
C01887,Apinya,Suwanphon,2002-09-29,F,Nurse,Surat Thani,0885331621,apinya.suwanphon1887@example.co.th,2023-08-23
C01888,Apinya,Kanchanaburi,1964-12-31,F,Government Officer,Nonthaburi,0852843311,apinya.kanchanaburi1888@example.co.th,2023-09-19
C01889,Ploy,Watcharaphon,1969-08-20,M,Hotel Staff,Nonthaburi,0867984060,ploy.watcharaphon1889@example.co.th,2025-07-19
C01890,Apinya,Phongphan,1994-10-05,M,Doctor,Pathum Thani,0824591037,apinya.phongphan1890@example.co.th,2020-08-07
C01891,Tawan,Thongdee,2000-01-07,F,Hotel Staff,Nakhon Ratchasima,0881189018,tawan.thongdee1891@example.co.th,2023-04-17
C01892,Suda,Thongdee,1973-11-12,M,Shop Owner,Phitsanulok,0830990005,suda.thongdee1892@example.co.th,2020-02-26
C01893,Mai,Inthanon,1970-05-30,M,Shop Owner,Nonthaburi,0879318932,mai.inthanon1893@example.co.th,2023-04-25
C01894,Mint,Chaisawat,1992-05-27,M,Construction Worker,Udon Thani,0845279856,mint.chaisawat1894@example.co.th,2023-04-18
C01895,Mild,Thongdee,1988-04-07,F,Shop Owner,Chonburi,0857504159,mild.thongdee1895@example.co.th,2026-05-11
C01896,Chai,Kanchanaburi,1982-08-20,F,Hotel Staff,Ayutthaya,0865985387,chai.kanchanaburi1896@example.co.th,2018-01-24
C01897,Mai,Inthanon,1959-12-18,F,IT Specialist,Ayutthaya,0828781124,mai.inthanon1897@example.co.th,2023-02-15
C01898,Mai,Suwanphon,1956-09-30,M,IT Specialist,Songkhla,0844350253,mai.suwanphon1898@example.co.th,2021-04-22
C01899,Bank,Sangthong,1957-02-14,F,Hotel Staff,Pathum Thani,0861325709,bank.sangthong1899@example.co.th,2021-08-27
C01900,Praew,Limthongkul,1972-11-22,F,Restaurant Owner,Songkhla,0846770694,praew.limthongkul1900@example.co.th,2019-03-14
C01901,Anong,Rattanapan,1969-05-23,F,Accountant,Pathum Thani,0889583095,anong.rattanapan1901@example.co.th,2023-04-09
C01902,Niran,Inthanon,1998-09-11,F,Sales,Surat Thani,0888666938,niran.inthanon1902@example.co.th,2022-03-17
C01903,Niran,Phongphan,1960-01-13,F,Office Worker,Pathum Thani,0859586582,niran.phongphan1903@example.co.th,2022-11-30
C01904,Mild,Thongdee,1964-12-17,M,Construction Worker,Krabi,0819930603,mild.thongdee1904@example.co.th,2021-08-22
C01905,Mai,Phutthichai,1968-08-13,F,Sales,Chonburi,0836842781,mai.phutthichai1905@example.co.th,2024-04-20
C01906,Anong,Kanchanaburi,1976-12-31,F,Office Worker,Pathum Thani,0881273301,anong.kanchanaburi1906@example.co.th,2021-04-08
C01907,Nan,Boonmee,1967-08-08,F,Restaurant Owner,Phuket,0858483417,nan.boonmee1907@example.co.th,2023-01-01
C01908,Beam,Sukhumvit,1971-07-09,F,Doctor,Pathum Thani,0871848024,beam.sukhumvit1908@example.co.th,2022-01-23
C01909,Chai,Sukhumvit,1978-03-28,M,Engineer,Udon Thani,0825997469,chai.sukhumvit1909@example.co.th,2025-03-15
C01910,Fern,Phutthichai,1990-07-22,M,Restaurant Owner,Krabi,0880920296,fern.phutthichai1910@example.co.th,2018-09-04
C01911,Mild,Saetang,1988-07-04,F,Government Officer,Bangkok,0877674129,mild.saetang1911@example.co.th,2021-09-01
C01912,Earth,Limthongkul,1999-02-21,F,IT Specialist,Nakhon Ratchasima,0819007281,earth.limthongkul1912@example.co.th,2026-03-28
C01913,Anong,Phromsiri,1963-04-08,M,Office Worker,Lampang,0831236454,anong.phromsiri1913@example.co.th,2023-10-05
C01914,Boss,Wongchai,1997-01-10,M,Hotel Staff,Trang,0819809109,boss.wongchai1914@example.co.th,2025-09-02
C01915,Fern,Suwanphon,1996-10-12,M,IT Specialist,Hat Yai,0854349489,fern.suwanphon1915@example.co.th,2018-10-27
C01916,Kanya,Phromsiri,1985-06-26,F,Construction Worker,Hat Yai,0812883470,kanya.phromsiri1916@example.co.th,2022-07-03
C01917,Tee,Thongdee,1955-07-28,F,Government Officer,Trang,0811145938,tee.thongdee1917@example.co.th,2020-07-11
C01918,Chai,Phutthichai,1968-07-02,M,Sales,Udon Thani,0853838097,chai.phutthichai1918@example.co.th,2023-12-21
C01919,Nok,Sukhumvit,1986-10-26,M,Doctor,Phitsanulok,0829902315,nok.sukhumvit1919@example.co.th,2020-04-24
C01920,Apinya,Kittikun,1964-01-20,M,Hotel Staff,Bangkok,0827089076,apinya.kittikun1920@example.co.th,2024-01-22
C01921,Daeng,Wongchai,1984-05-18,M,IT Specialist,Pathum Thani,0838025635,daeng.wongchai1921@example.co.th,2020-04-06
C01922,Apinya,Kittikun,1993-01-23,M,Construction Worker,Udon Thani,0839156896,apinya.kittikun1922@example.co.th,2021-12-26
C01923,Somchai,Chaiyaporn,1994-06-11,F,Government Officer,Khon Kaen,0869586290,somchai.chaiyaporn1923@example.co.th,2026-05-06
C01924,Boss,Sukhumvit,1989-02-16,F,Farmer,Chiang Mai,0863576791,boss.sukhumvit1924@example.co.th,2020-03-24
C01925,Tawan,Inthanon,1966-03-08,M,Office Worker,Phuket,0887618586,tawan.inthanon1925@example.co.th,2026-02-15
C01926,Pat,Phongphan,1969-08-12,M,Farmer,Songkhla,0891181379,pat.phongphan1926@example.co.th,2022-01-07
C01927,Beam,Charoensuk,1992-03-29,M,Teacher,Songkhla,0878036333,beam.charoensuk1927@example.co.th,2022-01-13
C01928,Ploy,Suwanphon,2000-08-22,F,Government Officer,Khon Kaen,0810973829,ploy.suwanphon1928@example.co.th,2022-04-06
C01929,Earth,Phutthichai,1990-11-30,F,Shop Owner,Khon Kaen,0851605042,earth.phutthichai1929@example.co.th,2018-09-25
C01930,Fern,Thongdee,1975-07-30,F,Construction Worker,Phuket,0873265064,fern.thongdee1930@example.co.th,2018-03-06
C01931,Malee,Charoensuk,1959-01-26,M,Engineer,Chonburi,0885776544,malee.charoensuk1931@example.co.th,2018-02-07
C01932,Pim,Saetang,1968-12-21,F,Hotel Staff,Chonburi,0815233258,pim.saetang1932@example.co.th,2018-09-08
C01933,Toon,Sukhumvit,1981-04-17,F,Restaurant Owner,Samut Prakan,0831136969,toon.sukhumvit1933@example.co.th,2022-09-14
C01934,Kanya,Kittikun,2001-07-11,M,Shop Owner,Chonburi,0824682288,kanya.kittikun1934@example.co.th,2019-10-28
C01935,Somchai,Watcharaphon,1973-04-23,F,IT Specialist,Nakhon Ratchasima,0860087924,somchai.watcharaphon1935@example.co.th,2020-12-22
C01936,Toon,Charoensuk,1957-07-22,F,Government Officer,Bangkok,0873149753,toon.charoensuk1936@example.co.th,2018-05-21
C01937,Beam,Chaiyaporn,1991-07-29,F,Hotel Staff,Chiang Mai,0890330313,beam.chaiyaporn1937@example.co.th,2026-02-07
C01938,Pat,Kittikun,1969-03-10,M,Shop Owner,Khon Kaen,0839890245,pat.kittikun1938@example.co.th,2019-01-13
C01939,Fern,Wongchai,1965-01-31,F,Driver,Krabi,0882038305,fern.wongchai1939@example.co.th,2022-12-09
C01940,Pim,Chaisawat,1955-01-24,F,Farmer,Nakhon Ratchasima,0844475383,pim.chaisawat1940@example.co.th,2019-06-10
C01941,Chai,Limthongkul,1987-10-19,M,Farmer,Trang,0876142725,chai.limthongkul1941@example.co.th,2024-05-28
C01942,Tawan,Chaiyaporn,1974-09-04,M,Hotel Staff,Chiang Rai,0829138848,tawan.chaiyaporn1942@example.co.th,2020-07-12
C01943,Bua,Wongchai,1963-07-04,F,Construction Worker,Rayong,0892545856,bua.wongchai1943@example.co.th,2019-03-08
C01944,Wichai,Rattanapan,1977-06-27,F,Shop Owner,Nonthaburi,0872028610,wichai.rattanapan1944@example.co.th,2025-06-30
C01945,Tee,Saetang,2001-05-16,F,Hotel Staff,Phitsanulok,0827677427,tee.saetang1945@example.co.th,2021-09-05
C01946,Fern,Sangthong,1968-01-11,M,Accountant,Phitsanulok,0861677853,fern.sangthong1946@example.co.th,2025-02-01
C01947,Niran,Sukhumvit,1971-05-06,M,IT Specialist,Bangkok,0814578708,niran.sukhumvit1947@example.co.th,2020-09-01
C01948,Kanya,Inthanon,1983-12-08,F,Farmer,Bangkok,0856157714,kanya.inthanon1948@example.co.th,2020-02-09
C01949,Mint,Phromsiri,1991-05-24,M,Farmer,Hat Yai,0893391160,mint.phromsiri1949@example.co.th,2020-12-12
C01950,Praew,Kanchanaburi,1965-07-27,F,Shop Owner,Udon Thani,0835007366,praew.kanchanaburi1950@example.co.th,2020-11-11
C01951,Chai,Watcharaphon,2004-03-30,M,IT Specialist,Hat Yai,0855952797,chai.watcharaphon1951@example.co.th,2023-10-28
C01952,Malee,Wongchai,1987-10-14,M,Office Worker,Ayutthaya,0826942058,malee.wongchai1952@example.co.th,2019-01-23
C01953,Wichai,Kanchanaburi,1964-12-20,F,Engineer,Khon Kaen,0856657336,wichai.kanchanaburi1953@example.co.th,2021-06-11
C01954,Nok,Phutthichai,2004-08-21,M,Driver,Phuket,0878572457,nok.phutthichai1954@example.co.th,2020-03-09
C01955,Pim,Rattanapan,1956-07-01,F,Office Worker,Songkhla,0890656304,pim.rattanapan1955@example.co.th,2019-09-14
C01956,Tee,Saetang,2002-02-07,F,Office Worker,Chiang Mai,0840926924,tee.saetang1956@example.co.th,2025-10-12
C01957,Pat,Kittikun,1988-08-05,M,IT Specialist,Nonthaburi,0832231222,pat.kittikun1957@example.co.th,2025-02-13
C01958,Mint,Chaisawat,1975-04-20,F,Restaurant Owner,Chonburi,0837138304,mint.chaisawat1958@example.co.th,2021-02-14
C01959,Niran,Inthanon,1981-08-07,F,Construction Worker,Rayong,0873960898,niran.inthanon1959@example.co.th,2023-04-01
C01960,Chai,Chaiyaporn,1981-11-30,M,Nurse,Bangkok,0884592492,chai.chaiyaporn1960@example.co.th,2025-06-29
C01961,Apinya,Sukhumvit,1960-12-29,F,Engineer,Chiang Mai,0829299377,apinya.sukhumvit1961@example.co.th,2023-05-24
C01962,Bank,Kittikun,1976-10-02,M,IT Specialist,Rayong,0866238473,bank.kittikun1962@example.co.th,2022-05-21
C01963,Tee,Sukhumvit,1977-04-20,M,Doctor,Samut Prakan,0847073335,tee.sukhumvit1963@example.co.th,2019-07-30
C01964,View,Inthanon,1966-01-28,M,Doctor,Phitsanulok,0869509638,view.inthanon1964@example.co.th,2019-08-07
C01965,Bua,Suwanphon,1984-05-18,M,Office Worker,Bangkok,0851763267,bua.suwanphon1965@example.co.th,2023-11-18
C01966,Suda,Chaisawat,1997-04-07,F,Nurse,Surat Thani,0826759028,suda.chaisawat1966@example.co.th,2024-01-26
C01967,Beam,Chaisawat,1995-10-06,M,Construction Worker,Chonburi,0855818870,beam.chaisawat1967@example.co.th,2021-01-19
C01968,Niran,Inthanon,1977-12-01,F,Driver,Khon Kaen,0888514495,niran.inthanon1968@example.co.th,2019-11-21
C01969,View,Watcharaphon,1981-02-11,M,Teacher,Surat Thani,0890975711,view.watcharaphon1969@example.co.th,2024-09-19
C01970,Boss,Sangthong,1976-08-24,F,Driver,Krabi,0817603772,boss.sangthong1970@example.co.th,2025-02-26
C01971,Suda,Suwanphon,1979-10-01,F,Driver,Udon Thani,0899520336,suda.suwanphon1971@example.co.th,2020-10-26
C01972,Daeng,Wongchai,1956-02-28,F,Doctor,Khon Kaen,0888622613,daeng.wongchai1972@example.co.th,2023-07-21
C01973,Wichai,Phromsiri,1993-11-30,M,Hotel Staff,Udon Thani,0875479724,wichai.phromsiri1973@example.co.th,2024-04-15
C01974,Toon,Phromsiri,1988-09-18,F,Government Officer,Trang,0890753748,toon.phromsiri1974@example.co.th,2019-03-18
C01975,Tee,Phongphan,1963-07-08,M,Shop Owner,Khon Kaen,0887862664,tee.phongphan1975@example.co.th,2025-07-18
C01976,Nan,Chaisawat,1992-11-04,M,Shop Owner,Rayong,0896850744,nan.chaisawat1976@example.co.th,2022-12-09
C01977,Boss,Kanchanaburi,2001-11-24,F,Restaurant Owner,Chiang Mai,0894304617,boss.kanchanaburi1977@example.co.th,2026-05-08
C01978,Mai,Phutthichai,1957-04-20,M,Government Officer,Songkhla,0894627132,mai.phutthichai1978@example.co.th,2021-09-09
C01979,Suda,Thongdee,1991-12-23,F,Restaurant Owner,Bangkok,0844026103,suda.thongdee1979@example.co.th,2022-01-08
C01980,Bank,Sangthong,1986-08-12,F,Farmer,Surat Thani,0816415488,bank.sangthong1980@example.co.th,2021-08-22
C01981,Nok,Suwanphon,1969-05-29,F,Accountant,Songkhla,0863864375,nok.suwanphon1981@example.co.th,2021-11-28
C01982,Mai,Kittikun,1999-11-04,F,Shop Owner,Phuket,0892732173,mai.kittikun1982@example.co.th,2024-01-14
C01983,Beam,Rattanapan,1983-05-26,M,Construction Worker,Nakhon Ratchasima,0822137642,beam.rattanapan1983@example.co.th,2025-03-04
C01984,Eak,Charoensuk,1999-08-10,F,Doctor,Nonthaburi,0845524800,eak.charoensuk1984@example.co.th,2025-12-07
C01985,Ploy,Sangthong,1985-03-26,F,Hotel Staff,Hat Yai,0831369793,ploy.sangthong1985@example.co.th,2019-11-22
C01986,Chai,Boonmee,1964-12-31,F,Construction Worker,Songkhla,0877930179,chai.boonmee1986@example.co.th,2025-11-08
C01987,Mint,Limthongkul,1981-07-29,M,Driver,Lampang,0893009769,mint.limthongkul1987@example.co.th,2025-10-20
C01988,Anong,Sukhumvit,1963-05-18,F,Restaurant Owner,Phuket,0845348929,anong.sukhumvit1988@example.co.th,2019-08-21
C01989,Nan,Charoensuk,2002-10-20,F,Engineer,Samut Prakan,0861706059,nan.charoensuk1989@example.co.th,2019-03-01
C01990,Boss,Thongdee,1962-05-17,M,Farmer,Pathum Thani,0815472438,boss.thongdee1990@example.co.th,2020-10-04
C01991,Praew,Chaiyaporn,1979-07-25,F,Doctor,Bangkok,0839390348,praew.chaiyaporn1991@example.co.th,2020-10-01
C01992,View,Rattanapan,1994-07-04,M,Government Officer,Songkhla,0849834900,view.rattanapan1992@example.co.th,2020-09-25
C01993,Somchai,Chaisawat,1998-05-10,F,Office Worker,Hat Yai,0883984321,somchai.chaisawat1993@example.co.th,2024-05-15
C01994,Tawan,Phutthichai,1971-09-10,F,IT Specialist,Chiang Rai,0887236512,tawan.phutthichai1994@example.co.th,2022-05-05
C01995,Beam,Suwanphon,1987-08-27,F,Shop Owner,Udon Thani,0858924311,beam.suwanphon1995@example.co.th,2020-08-19
C01996,Chai,Limthongkul,1987-01-13,M,Shop Owner,Phuket,0843137733,chai.limthongkul1996@example.co.th,2024-01-14
C01997,Tee,Chaiyaporn,1963-09-02,F,Office Worker,Chiang Rai,0852075215,tee.chaiyaporn1997@example.co.th,2019-03-06
C01998,Earth,Chaisawat,1975-06-10,M,Farmer,Samut Prakan,0846122478,earth.chaisawat1998@example.co.th,2024-06-10
C01999,Bank,Srisuk,1996-04-16,F,Farmer,Trang,0889331123,bank.srisuk1999@example.co.th,2022-11-22
C02000,Anong,Kittikun,1956-12-25,F,Office Worker,Lampang,0897278778,anong.kittikun2000@example.co.th,2018-08-24
C02001,View,Sangthong,1997-10-05,M,IT Specialist,Chonburi,0857568410,view.sangthong2001@example.co.th,2018-09-25
C02002,Beam,Suwanphon,1977-08-10,F,Driver,Bangkok,0827898844,beam.suwanphon2002@example.co.th,2022-06-12
C02003,Tawan,Kanchanaburi,1982-10-18,F,Shop Owner,Lampang,0841214258,tawan.kanchanaburi2003@example.co.th,2024-05-23
C02004,Earth,Saetang,1991-07-12,F,Restaurant Owner,Chonburi,0810909370,earth.saetang2004@example.co.th,2024-11-01
C02005,Niran,Sangthong,1965-09-26,M,Office Worker,Phuket,0865527409,niran.sangthong2005@example.co.th,2026-03-11
C02006,Kanya,Sukhumvit,1977-04-27,M,Restaurant Owner,Trang,0834325365,kanya.sukhumvit2006@example.co.th,2018-05-01
C02007,Mint,Watcharaphon,1965-09-20,M,Teacher,Pathum Thani,0864164273,mint.watcharaphon2007@example.co.th,2024-06-09
C02008,Nan,Inthanon,1991-07-26,F,Engineer,Rayong,0856076320,nan.inthanon2008@example.co.th,2020-01-20
C02009,Suda,Thongdee,1986-11-11,F,Construction Worker,Nonthaburi,0843824764,suda.thongdee2009@example.co.th,2023-08-09
C02010,Anong,Kittikun,1978-05-16,M,Doctor,Rayong,0857137357,anong.kittikun2010@example.co.th,2025-04-05
C02011,Mint,Wongchai,1985-06-23,M,Office Worker,Hat Yai,0844597012,mint.wongchai2011@example.co.th,2018-03-25
C02012,View,Chaisawat,1960-06-18,M,IT Specialist,Lampang,0860082940,view.chaisawat2012@example.co.th,2019-01-27
C02013,Kanya,Boonmee,2002-06-21,M,Shop Owner,Bangkok,0861640743,kanya.boonmee2013@example.co.th,2021-06-08
C02014,Somchai,Phromsiri,2005-07-17,M,Engineer,Samut Prakan,0835297638,somchai.phromsiri2014@example.co.th,2025-02-20
C02015,Toon,Watcharaphon,1971-04-23,M,Shop Owner,Lampang,0823014526,toon.watcharaphon2015@example.co.th,2025-08-30
C02016,Mild,Chaiyaporn,1988-07-26,M,Construction Worker,Phitsanulok,0869149428,mild.chaiyaporn2016@example.co.th,2025-12-03
C02017,Boss,Kittikun,2000-07-07,F,Government Officer,Chonburi,0893494515,boss.kittikun2017@example.co.th,2018-06-08
C02018,Mild,Limthongkul,1965-10-16,F,Teacher,Nakhon Ratchasima,0856849237,mild.limthongkul2018@example.co.th,2025-08-29
C02019,Kanya,Phromsiri,2001-07-07,M,Farmer,Nonthaburi,0835925455,kanya.phromsiri2019@example.co.th,2024-10-07
C02020,Pim,Chaisawat,1985-04-08,F,Hotel Staff,Hat Yai,0870120895,pim.chaisawat2020@example.co.th,2019-04-22
C02021,Bua,Limthongkul,1960-11-15,M,Shop Owner,Pathum Thani,0828975887,bua.limthongkul2021@example.co.th,2020-09-07
C02022,Bank,Watcharaphon,1971-11-24,M,Shop Owner,Rayong,0817868404,bank.watcharaphon2022@example.co.th,2023-05-22
C02023,Earth,Phromsiri,1963-11-11,M,IT Specialist,Chiang Rai,0897886323,earth.phromsiri2023@example.co.th,2021-08-05
C02024,Mild,Saetang,2005-07-05,F,Hotel Staff,Phitsanulok,0883334032,mild.saetang2024@example.co.th,2025-03-19
C02025,Tawan,Thongdee,1983-09-27,F,Hotel Staff,Chonburi,0836580682,tawan.thongdee2025@example.co.th,2021-04-14
C02026,Mint,Phutthichai,1991-04-08,F,Teacher,Ayutthaya,0875829144,mint.phutthichai2026@example.co.th,2018-04-08
C02027,Ploy,Phongphan,1983-11-05,F,Sales,Lampang,0862185014,ploy.phongphan2027@example.co.th,2021-06-06
C02028,Ploy,Thongdee,1959-12-12,M,Doctor,Chiang Rai,0821970543,ploy.thongdee2028@example.co.th,2021-06-11
C02029,View,Phromsiri,2003-09-12,F,Accountant,Nonthaburi,0816436549,view.phromsiri2029@example.co.th,2023-12-29
C02030,Somchai,Srisuk,1982-03-06,M,Shop Owner,Rayong,0882177418,somchai.srisuk2030@example.co.th,2018-08-03
C02031,Bank,Phutthichai,2000-08-10,M,Office Worker,Chiang Rai,0859771144,bank.phutthichai2031@example.co.th,2025-08-21
C02032,Nan,Srisuk,1974-03-30,F,Engineer,Khon Kaen,0839738238,nan.srisuk2032@example.co.th,2025-12-28
C02033,Chai,Wongchai,1973-04-07,M,Sales,Krabi,0895955870,chai.wongchai2033@example.co.th,2024-11-15
C02034,Somchai,Srisuk,1989-03-23,M,Construction Worker,Songkhla,0848982422,somchai.srisuk2034@example.co.th,2018-01-20
C02035,View,Rattanapan,1984-09-03,F,Restaurant Owner,Nonthaburi,0840651547,view.rattanapan2035@example.co.th,2022-03-03
C02036,Mild,Inthanon,1959-01-06,M,Sales,Chonburi,0843040802,mild.inthanon2036@example.co.th,2024-12-21
C02037,Bua,Suwanphon,1992-12-07,F,Doctor,Phitsanulok,0897689321,bua.suwanphon2037@example.co.th,2026-04-06
C02038,Mild,Suwanphon,1991-09-17,F,Restaurant Owner,Bangkok,0865517801,mild.suwanphon2038@example.co.th,2022-03-25
C02039,Malee,Sukhumvit,1998-10-19,M,IT Specialist,Udon Thani,0863078880,malee.sukhumvit2039@example.co.th,2018-06-21
C02040,Nan,Kanchanaburi,1966-07-25,M,IT Specialist,Surat Thani,0825351874,nan.kanchanaburi2040@example.co.th,2019-04-18
C02041,Kanya,Watcharaphon,1960-12-19,F,Engineer,Nonthaburi,0844426734,kanya.watcharaphon2041@example.co.th,2025-08-20
C02042,Nan,Inthanon,1980-07-20,F,Nurse,Lampang,0886518645,nan.inthanon2042@example.co.th,2020-12-07
C02043,Suda,Phongphan,1990-06-06,M,Office Worker,Songkhla,0876836028,suda.phongphan2043@example.co.th,2020-04-02
C02044,Pim,Saetang,1958-03-15,F,Teacher,Krabi,0824952744,pim.saetang2044@example.co.th,2020-07-25
C02045,Niran,Inthanon,1971-07-20,M,Doctor,Phuket,0868512034,niran.inthanon2045@example.co.th,2024-11-25
C02046,Daeng,Kanchanaburi,1967-10-22,M,IT Specialist,Hat Yai,0877594636,daeng.kanchanaburi2046@example.co.th,2020-02-14
C02047,Mai,Sukhumvit,1983-07-10,M,Engineer,Chiang Mai,0855814884,mai.sukhumvit2047@example.co.th,2020-10-24
C02048,Mild,Kittikun,1986-05-30,M,Construction Worker,Hat Yai,0896454359,mild.kittikun2048@example.co.th,2018-08-20
C02049,Eak,Inthanon,1968-09-25,M,Doctor,Nakhon Ratchasima,0834691117,eak.inthanon2049@example.co.th,2025-01-13
C02050,Tawan,Charoensuk,1994-05-16,F,Teacher,Bangkok,0842987512,tawan.charoensuk2050@example.co.th,2024-09-30
C02051,Pat,Thongdee,2004-12-15,M,Office Worker,Nonthaburi,0852621317,pat.thongdee2051@example.co.th,2018-08-21
C02052,Suda,Wongchai,1991-10-11,M,Sales,Chiang Rai,0832805637,suda.wongchai2052@example.co.th,2026-02-13
C02053,Mild,Charoensuk,1988-03-24,M,Construction Worker,Chiang Mai,0823930806,mild.charoensuk2053@example.co.th,2025-09-03
C02054,Wichai,Boonmee,1989-03-14,M,Restaurant Owner,Bangkok,0862013029,wichai.boonmee2054@example.co.th,2024-05-11
C02055,Suda,Rattanapan,1958-02-27,M,Government Officer,Phitsanulok,0897088867,suda.rattanapan2055@example.co.th,2023-05-06
C02056,Mild,Phromsiri,1989-08-20,F,Farmer,Nakhon Ratchasima,0841899399,mild.phromsiri2056@example.co.th,2025-08-29
C02057,Ploy,Chaisawat,1977-06-07,F,Farmer,Samut Prakan,0830553823,ploy.chaisawat2057@example.co.th,2023-02-04
C02058,Praew,Sangthong,1975-01-30,F,IT Specialist,Chonburi,0833401284,praew.sangthong2058@example.co.th,2022-05-11
C02059,Malee,Kittikun,1988-01-09,F,Hotel Staff,Bangkok,0850246214,malee.kittikun2059@example.co.th,2019-08-13
C02060,Niran,Kanchanaburi,1991-10-26,M,Driver,Lampang,0826780466,niran.kanchanaburi2060@example.co.th,2025-01-10
C02061,Daeng,Sukhumvit,1991-05-29,F,Farmer,Ayutthaya,0870708263,daeng.sukhumvit2061@example.co.th,2022-12-24
C02062,Eak,Kanchanaburi,1987-08-14,F,IT Specialist,Pathum Thani,0863537178,eak.kanchanaburi2062@example.co.th,2019-06-30
C02063,Beam,Saetang,1973-06-22,M,Accountant,Surat Thani,0835630898,beam.saetang2063@example.co.th,2024-05-17
C02064,Tawan,Chaisawat,1987-08-09,F,Shop Owner,Hat Yai,0896436223,tawan.chaisawat2064@example.co.th,2021-06-11
C02065,Tawan,Inthanon,1967-09-06,M,Office Worker,Krabi,0897541827,tawan.inthanon2065@example.co.th,2023-01-27
C02066,Apinya,Chaisawat,1991-12-22,M,Doctor,Chiang Mai,0855323065,apinya.chaisawat2066@example.co.th,2024-03-09
C02067,View,Kittikun,1989-06-23,F,Engineer,Chiang Rai,0869455815,view.kittikun2067@example.co.th,2018-04-08
C02068,Nan,Sukhumvit,1989-08-17,M,Nurse,Phitsanulok,0885613436,nan.sukhumvit2068@example.co.th,2019-10-01
C02069,Mint,Inthanon,1972-09-29,F,Shop Owner,Chonburi,0872891711,mint.inthanon2069@example.co.th,2020-10-03
C02070,Boss,Chaiyaporn,1998-08-30,M,IT Specialist,Pathum Thani,0823027791,boss.chaiyaporn2070@example.co.th,2018-09-25
C02071,Anong,Boonmee,1955-10-12,F,Restaurant Owner,Chiang Mai,0822072478,anong.boonmee2071@example.co.th,2021-07-07
C02072,Mild,Sangthong,1973-03-19,M,Nurse,Chonburi,0818861468,mild.sangthong2072@example.co.th,2022-01-26
C02073,Toon,Charoensuk,1995-01-25,F,Accountant,Krabi,0833517361,toon.charoensuk2073@example.co.th,2021-04-01
C02074,Apinya,Phongphan,2005-05-29,M,Engineer,Nonthaburi,0865725304,apinya.phongphan2074@example.co.th,2019-05-01
C02075,Praew,Chaisawat,1991-10-03,F,Accountant,Nonthaburi,0847746670,praew.chaisawat2075@example.co.th,2025-09-27
C02076,Boss,Rattanapan,1965-03-03,F,Teacher,Chonburi,0815285272,boss.rattanapan2076@example.co.th,2019-07-10
C02077,View,Inthanon,1997-06-02,F,Engineer,Rayong,0812678196,view.inthanon2077@example.co.th,2024-07-28
C02078,Nan,Sangthong,1994-07-23,M,Farmer,Phitsanulok,0812665116,nan.sangthong2078@example.co.th,2023-07-08
C02079,Bua,Phromsiri,1985-11-05,M,Construction Worker,Pathum Thani,0859656286,bua.phromsiri2079@example.co.th,2018-10-10
C02080,Kanya,Chaiyaporn,1981-12-03,M,Teacher,Rayong,0899778757,kanya.chaiyaporn2080@example.co.th,2020-03-18
C02081,Mint,Charoensuk,1981-03-24,F,Sales,Phuket,0876404207,mint.charoensuk2081@example.co.th,2018-03-07
C02082,Toon,Phromsiri,1992-06-23,F,Restaurant Owner,Nonthaburi,0843918937,toon.phromsiri2082@example.co.th,2020-02-26
C02083,Pat,Suwanphon,2001-09-09,F,Shop Owner,Bangkok,0832398512,pat.suwanphon2083@example.co.th,2018-08-02
C02084,Mint,Rattanapan,1982-07-05,F,Driver,Udon Thani,0855300876,mint.rattanapan2084@example.co.th,2018-06-15
C02085,Malee,Kanchanaburi,1962-03-14,M,Engineer,Pathum Thani,0893774633,malee.kanchanaburi2085@example.co.th,2018-02-13
C02086,Beam,Phromsiri,1956-09-21,F,Doctor,Nakhon Ratchasima,0873098568,beam.phromsiri2086@example.co.th,2022-04-06
C02087,Eak,Srisuk,1979-04-01,F,Shop Owner,Rayong,0878797888,eak.srisuk2087@example.co.th,2022-10-05
C02088,Fern,Charoensuk,1966-11-15,F,Office Worker,Samut Prakan,0835891060,fern.charoensuk2088@example.co.th,2023-06-26
C02089,Apinya,Suwanphon,1962-06-22,M,Hotel Staff,Hat Yai,0899418882,apinya.suwanphon2089@example.co.th,2021-07-29
C02090,Boss,Saetang,1965-03-08,M,Hotel Staff,Bangkok,0824367955,boss.saetang2090@example.co.th,2020-09-22
C02091,Anong,Kittikun,1988-07-01,M,Sales,Phuket,0841802263,anong.kittikun2091@example.co.th,2018-12-24
C02092,Boss,Wongchai,1955-11-13,F,Restaurant Owner,Bangkok,0892874168,boss.wongchai2092@example.co.th,2018-10-16
C02093,Pim,Phromsiri,1996-05-03,M,Sales,Pathum Thani,0826371663,pim.phromsiri2093@example.co.th,2018-08-19
C02094,Nan,Chaiyaporn,1972-11-24,M,Teacher,Phuket,0822292455,nan.chaiyaporn2094@example.co.th,2018-01-16
C02095,Fern,Rattanapan,1973-11-10,M,Driver,Chiang Mai,0853004024,fern.rattanapan2095@example.co.th,2025-01-05
C02096,Pat,Sukhumvit,1997-09-16,F,Sales,Songkhla,0834973205,pat.sukhumvit2096@example.co.th,2023-04-06
C02097,Apinya,Phromsiri,1960-06-30,M,Office Worker,Hat Yai,0810847369,apinya.phromsiri2097@example.co.th,2018-11-22
C02098,Kanya,Sukhumvit,1978-08-14,M,Accountant,Chonburi,0826644381,kanya.sukhumvit2098@example.co.th,2025-11-18
C02099,Mai,Wongchai,1971-11-19,F,Hotel Staff,Nonthaburi,0840563463,mai.wongchai2099@example.co.th,2019-10-28
C02100,Eak,Phromsiri,1981-08-14,F,Office Worker,Trang,0895979202,eak.phromsiri2100@example.co.th,2021-03-15
C02101,Tawan,Phutthichai,1977-07-07,M,Office Worker,Samut Prakan,0810937251,tawan.phutthichai2101@example.co.th,2025-05-06
C02102,View,Suwanphon,1980-04-01,M,Government Officer,Nonthaburi,0818426588,view.suwanphon2102@example.co.th,2023-07-17
C02103,Daeng,Srisuk,1993-08-02,F,Government Officer,Phuket,0821842256,daeng.srisuk2103@example.co.th,2021-07-28
C02104,Tee,Sangthong,1960-11-28,F,Accountant,Phitsanulok,0852824042,tee.sangthong2104@example.co.th,2023-01-21
C02105,Daeng,Watcharaphon,1988-03-26,F,Hotel Staff,Krabi,0875644207,daeng.watcharaphon2105@example.co.th,2021-07-07
C02106,Praew,Sukhumvit,1975-06-19,M,Government Officer,Phitsanulok,0857364760,praew.sukhumvit2106@example.co.th,2022-08-06
C02107,Nok,Kanchanaburi,1984-02-06,F,Restaurant Owner,Rayong,0872329716,nok.kanchanaburi2107@example.co.th,2023-01-27
C02108,Pim,Chaiyaporn,1989-08-04,M,Restaurant Owner,Ayutthaya,0828714249,pim.chaiyaporn2108@example.co.th,2021-07-21
C02109,Eak,Chaiyaporn,1990-11-01,M,Driver,Samut Prakan,0898821543,eak.chaiyaporn2109@example.co.th,2019-12-09
C02110,Pim,Phromsiri,1971-07-02,M,Government Officer,Songkhla,0862518275,pim.phromsiri2110@example.co.th,2023-04-19
C02111,Pim,Suwanphon,1985-04-06,M,Farmer,Songkhla,0862644474,pim.suwanphon2111@example.co.th,2019-10-11
C02112,Apinya,Limthongkul,1979-11-29,M,Farmer,Surat Thani,0891446672,apinya.limthongkul2112@example.co.th,2026-02-12
C02113,Ploy,Phutthichai,1994-01-13,F,IT Specialist,Nonthaburi,0818020907,ploy.phutthichai2113@example.co.th,2021-12-18
C02114,Suda,Wongchai,1984-01-02,F,Engineer,Krabi,0841561623,suda.wongchai2114@example.co.th,2023-10-26
C02115,Ploy,Sukhumvit,1992-05-08,M,Nurse,Krabi,0894759650,ploy.sukhumvit2115@example.co.th,2019-10-12
C02116,Chai,Thongdee,1993-06-27,M,Sales,Trang,0827371542,chai.thongdee2116@example.co.th,2023-12-10
C02117,Apinya,Charoensuk,1988-06-30,F,Sales,Chonburi,0873555187,apinya.charoensuk2117@example.co.th,2018-09-16
C02118,Somchai,Kanchanaburi,1988-03-12,M,Doctor,Ayutthaya,0853781905,somchai.kanchanaburi2118@example.co.th,2025-09-20
C02119,Wichai,Charoensuk,1997-09-20,F,Sales,Udon Thani,0854434217,wichai.charoensuk2119@example.co.th,2025-10-31
C02120,Tawan,Chaiyaporn,1983-11-15,M,Accountant,Phitsanulok,0889568937,tawan.chaiyaporn2120@example.co.th,2024-11-01
C02121,Wichai,Rattanapan,1998-11-01,F,Construction Worker,Phitsanulok,0812603460,wichai.rattanapan2121@example.co.th,2021-07-07
C02122,Pat,Phongphan,1989-06-18,F,Teacher,Chonburi,0881032794,pat.phongphan2122@example.co.th,2023-07-04
C02123,Nok,Chaisawat,1978-11-12,F,Driver,Phuket,0835928411,nok.chaisawat2123@example.co.th,2021-02-05
C02124,Nan,Chaiyaporn,1987-08-21,F,Doctor,Chiang Mai,0839975290,nan.chaiyaporn2124@example.co.th,2025-02-06
C02125,Somchai,Charoensuk,1986-12-14,F,Office Worker,Trang,0829611920,somchai.charoensuk2125@example.co.th,2021-01-22
C02126,Chai,Watcharaphon,1983-03-09,M,Restaurant Owner,Trang,0896683389,chai.watcharaphon2126@example.co.th,2020-02-10
C02127,Mild,Chaisawat,1965-10-19,M,Accountant,Nakhon Ratchasima,0836164817,mild.chaisawat2127@example.co.th,2023-11-15
C02128,Earth,Saetang,1980-05-04,F,Driver,Surat Thani,0811464854,earth.saetang2128@example.co.th,2021-05-06
C02129,Malee,Sukhumvit,1967-12-04,M,Government Officer,Nakhon Ratchasima,0897460964,malee.sukhumvit2129@example.co.th,2025-03-22
C02130,Mai,Phutthichai,1962-01-23,F,Hotel Staff,Samut Prakan,0829812515,mai.phutthichai2130@example.co.th,2023-01-04
C02131,Mint,Inthanon,2004-10-24,F,Hotel Staff,Nonthaburi,0852156045,mint.inthanon2131@example.co.th,2019-03-18
C02132,Mild,Suwanphon,1995-11-27,M,Accountant,Udon Thani,0891408752,mild.suwanphon2132@example.co.th,2023-01-31
C02133,Apinya,Kittikun,1966-07-13,M,Teacher,Pathum Thani,0817036160,apinya.kittikun2133@example.co.th,2021-08-30
C02134,Praew,Watcharaphon,1988-02-02,F,Restaurant Owner,Chonburi,0860335546,praew.watcharaphon2134@example.co.th,2024-03-03
C02135,Somchai,Phutthichai,1984-01-22,M,Shop Owner,Rayong,0892286480,somchai.phutthichai2135@example.co.th,2018-05-22
C02136,Mint,Thongdee,1984-01-26,M,Construction Worker,Phitsanulok,0878680335,mint.thongdee2136@example.co.th,2018-08-17
C02137,Beam,Chaiyaporn,1999-07-24,M,Engineer,Phuket,0830343371,beam.chaiyaporn2137@example.co.th,2019-02-23
C02138,Pat,Kittikun,1976-01-31,F,Shop Owner,Phuket,0855386805,pat.kittikun2138@example.co.th,2018-11-29
C02139,Fern,Charoensuk,1961-03-29,F,Office Worker,Krabi,0818341692,fern.charoensuk2139@example.co.th,2023-11-20
C02140,Fern,Inthanon,1968-11-26,M,Restaurant Owner,Lampang,0837817237,fern.inthanon2140@example.co.th,2023-01-12
C02141,Kanya,Phongphan,1978-05-24,M,Government Officer,Surat Thani,0896538031,kanya.phongphan2141@example.co.th,2025-08-31
C02142,Praew,Boonmee,1959-09-16,F,Government Officer,Surat Thani,0815660750,praew.boonmee2142@example.co.th,2020-06-16
C02143,Mai,Rattanapan,1968-09-10,F,Shop Owner,Chonburi,0862012760,mai.rattanapan2143@example.co.th,2025-02-11
C02144,Bua,Inthanon,1956-09-22,F,Farmer,Chiang Rai,0813155879,bua.inthanon2144@example.co.th,2025-07-05
C02145,Nan,Phutthichai,2004-05-06,M,Doctor,Phuket,0889143988,nan.phutthichai2145@example.co.th,2018-05-28
C02146,Tawan,Rattanapan,1999-02-03,F,Accountant,Bangkok,0820821631,tawan.rattanapan2146@example.co.th,2024-07-10
C02147,View,Sangthong,2000-09-04,F,Doctor,Nonthaburi,0830435434,view.sangthong2147@example.co.th,2024-01-06
C02148,Somchai,Chaisawat,1980-03-31,F,Office Worker,Udon Thani,0862132821,somchai.chaisawat2148@example.co.th,2019-10-17
C02149,Bank,Sukhumvit,1977-12-28,M,Shop Owner,Pathum Thani,0844942491,bank.sukhumvit2149@example.co.th,2022-05-28
C02150,Suda,Thongdee,1995-07-09,F,Sales,Bangkok,0897430584,suda.thongdee2150@example.co.th,2025-07-14
C02151,Pat,Inthanon,1973-05-10,M,Government Officer,Nonthaburi,0862002935,pat.inthanon2151@example.co.th,2019-03-14
C02152,Beam,Sukhumvit,1972-12-15,F,Restaurant Owner,Phitsanulok,0838768553,beam.sukhumvit2152@example.co.th,2024-08-26
C02153,Bank,Thongdee,1987-05-20,M,IT Specialist,Hat Yai,0894036086,bank.thongdee2153@example.co.th,2020-07-30
C02154,Tee,Suwanphon,1974-06-14,M,Nurse,Chiang Rai,0811658976,tee.suwanphon2154@example.co.th,2020-06-05
C02155,Bank,Kittikun,1984-12-16,F,Accountant,Songkhla,0862153213,bank.kittikun2155@example.co.th,2026-01-27
C02156,Chai,Kanchanaburi,1990-01-21,M,Construction Worker,Trang,0875992475,chai.kanchanaburi2156@example.co.th,2023-05-21
C02157,Praew,Chaisawat,1980-08-07,M,Sales,Surat Thani,0824396406,praew.chaisawat2157@example.co.th,2018-01-02
C02158,Boss,Boonmee,1959-06-28,F,Construction Worker,Bangkok,0810001272,boss.boonmee2158@example.co.th,2021-05-27
C02159,Nok,Inthanon,2005-12-19,M,Government Officer,Nonthaburi,0859398803,nok.inthanon2159@example.co.th,2020-05-31
C02160,Mint,Sukhumvit,1992-12-18,M,Nurse,Samut Prakan,0866034160,mint.sukhumvit2160@example.co.th,2025-05-01
C02161,Somchai,Thongdee,1958-02-20,F,Engineer,Khon Kaen,0845262440,somchai.thongdee2161@example.co.th,2023-02-15
C02162,Mild,Sukhumvit,1965-10-17,F,Engineer,Bangkok,0811925224,mild.sukhumvit2162@example.co.th,2019-04-07
C02163,Anong,Rattanapan,1995-11-04,F,Nurse,Phitsanulok,0813027810,anong.rattanapan2163@example.co.th,2025-11-18
C02164,Tee,Watcharaphon,1960-09-04,M,Teacher,Chonburi,0863356772,tee.watcharaphon2164@example.co.th,2025-08-09
C02165,Eak,Boonmee,1958-05-02,F,Restaurant Owner,Krabi,0872505408,eak.boonmee2165@example.co.th,2022-08-17
C02166,Kanya,Boonmee,1958-12-13,F,Accountant,Phuket,0847791498,kanya.boonmee2166@example.co.th,2026-01-23
C02167,Ploy,Sukhumvit,1978-12-24,F,Restaurant Owner,Bangkok,0835242303,ploy.sukhumvit2167@example.co.th,2020-08-19
C02168,Nan,Kanchanaburi,1955-03-05,F,Office Worker,Chiang Mai,0875569067,nan.kanchanaburi2168@example.co.th,2020-08-06
C02169,Nan,Srisuk,1980-09-14,M,Sales,Samut Prakan,0859297789,nan.srisuk2169@example.co.th,2023-02-12
C02170,Bank,Watcharaphon,2003-11-10,F,IT Specialist,Nonthaburi,0859831321,bank.watcharaphon2170@example.co.th,2026-02-22
C02171,Praew,Limthongkul,1968-01-27,F,Driver,Pathum Thani,0833348882,praew.limthongkul2171@example.co.th,2024-07-04
C02172,Eak,Sangthong,1996-12-09,F,Engineer,Samut Prakan,0876372099,eak.sangthong2172@example.co.th,2025-07-30
C02173,Praew,Phutthichai,1987-04-30,M,Sales,Ayutthaya,0843983969,praew.phutthichai2173@example.co.th,2019-07-18
C02174,Chai,Sangthong,1996-11-09,M,Construction Worker,Hat Yai,0815738577,chai.sangthong2174@example.co.th,2021-11-07
C02175,Pat,Chaiyaporn,1985-08-26,M,Restaurant Owner,Lampang,0886999716,pat.chaiyaporn2175@example.co.th,2019-07-26
C02176,Bank,Sukhumvit,1990-07-23,F,Construction Worker,Phuket,0825016273,bank.sukhumvit2176@example.co.th,2023-08-16
C02177,Praew,Srisuk,2001-08-12,M,Nurse,Khon Kaen,0883879955,praew.srisuk2177@example.co.th,2025-06-15
C02178,Kanya,Rattanapan,1985-01-16,M,Shop Owner,Krabi,0860106447,kanya.rattanapan2178@example.co.th,2024-02-25
C02179,Mild,Inthanon,2001-12-06,M,Sales,Rayong,0857128455,mild.inthanon2179@example.co.th,2022-07-30
C02180,Nan,Phongphan,1975-04-05,M,Restaurant Owner,Hat Yai,0835277376,nan.phongphan2180@example.co.th,2026-01-12
C02181,Somchai,Saetang,1964-09-02,M,Construction Worker,Krabi,0819691415,somchai.saetang2181@example.co.th,2025-10-17
C02182,Apinya,Rattanapan,1991-06-08,M,Office Worker,Nakhon Ratchasima,0895664279,apinya.rattanapan2182@example.co.th,2019-01-31
C02183,Bank,Sukhumvit,1957-02-09,M,Nurse,Bangkok,0826250483,bank.sukhumvit2183@example.co.th,2020-04-28
C02184,Kanya,Wongchai,1961-01-05,F,Teacher,Udon Thani,0866628811,kanya.wongchai2184@example.co.th,2022-01-04
C02185,Bua,Inthanon,1955-12-13,F,Shop Owner,Trang,0862042563,bua.inthanon2185@example.co.th,2022-03-16
C02186,Tawan,Thongdee,1993-06-11,F,IT Specialist,Trang,0892517485,tawan.thongdee2186@example.co.th,2024-08-27
C02187,Niran,Watcharaphon,1957-10-29,F,Shop Owner,Krabi,0814166161,niran.watcharaphon2187@example.co.th,2020-11-13
C02188,Nan,Watcharaphon,1989-06-05,M,Driver,Lampang,0888802545,nan.watcharaphon2188@example.co.th,2024-12-15
C02189,View,Sangthong,1998-12-27,F,Government Officer,Bangkok,0875424216,view.sangthong2189@example.co.th,2018-12-22
C02190,Ploy,Suwanphon,2003-10-13,M,Doctor,Phuket,0894731492,ploy.suwanphon2190@example.co.th,2019-01-21
C02191,Nok,Inthanon,1985-04-08,F,Government Officer,Surat Thani,0853335214,nok.inthanon2191@example.co.th,2021-06-22
C02192,Praew,Kanchanaburi,1974-06-06,F,Teacher,Trang,0811381630,praew.kanchanaburi2192@example.co.th,2025-09-01
C02193,Pim,Phromsiri,1957-07-14,F,Teacher,Chiang Rai,0877387045,pim.phromsiri2193@example.co.th,2020-01-13
C02194,Nok,Suwanphon,2005-09-10,M,Nurse,Rayong,0888606097,nok.suwanphon2194@example.co.th,2019-04-27
C02195,Nan,Saetang,1999-01-22,F,Nurse,Nonthaburi,0831843423,nan.saetang2195@example.co.th,2018-06-13
C02196,Apinya,Chaisawat,1984-09-24,M,IT Specialist,Ayutthaya,0830776392,apinya.chaisawat2196@example.co.th,2018-11-11
C02197,Tawan,Watcharaphon,1998-08-16,M,Driver,Surat Thani,0897761151,tawan.watcharaphon2197@example.co.th,2019-12-25
C02198,Mai,Inthanon,1958-12-08,M,Doctor,Nakhon Ratchasima,0855643477,mai.inthanon2198@example.co.th,2025-08-29
C02199,Tee,Watcharaphon,1975-07-10,M,Teacher,Hat Yai,0832069861,tee.watcharaphon2199@example.co.th,2019-07-25
C02200,Pim,Chaisawat,2005-06-27,F,Farmer,Bangkok,0859214371,pim.chaisawat2200@example.co.th,2025-11-02
C02201,Fern,Boonmee,2002-02-11,M,Driver,Samut Prakan,0873573301,fern.boonmee2201@example.co.th,2018-05-18
C02202,Malee,Phutthichai,2004-12-30,M,Teacher,Ayutthaya,0821709551,malee.phutthichai2202@example.co.th,2020-12-12
C02203,View,Sangthong,1997-07-31,M,Construction Worker,Rayong,0828458598,view.sangthong2203@example.co.th,2019-05-11
C02204,Somchai,Kittikun,1962-10-01,M,IT Specialist,Phitsanulok,0836376071,somchai.kittikun2204@example.co.th,2023-01-02
C02205,Bua,Limthongkul,1988-06-28,F,Farmer,Lampang,0818968278,bua.limthongkul2205@example.co.th,2025-05-12
C02206,Kanya,Phromsiri,1992-01-28,M,Doctor,Khon Kaen,0837172012,kanya.phromsiri2206@example.co.th,2019-08-27
C02207,Apinya,Chaiyaporn,1990-01-19,F,Government Officer,Bangkok,0878477351,apinya.chaiyaporn2207@example.co.th,2018-02-19
C02208,Suda,Saetang,1978-11-08,M,Nurse,Phitsanulok,0828396122,suda.saetang2208@example.co.th,2021-08-01
C02209,Mild,Rattanapan,1998-02-05,M,IT Specialist,Songkhla,0873721148,mild.rattanapan2209@example.co.th,2023-05-14
C02210,Ploy,Sukhumvit,1963-11-20,F,Office Worker,Nonthaburi,0895013047,ploy.sukhumvit2210@example.co.th,2025-01-12
C02211,Praew,Wongchai,1968-02-09,M,Restaurant Owner,Chonburi,0819126002,praew.wongchai2211@example.co.th,2023-05-11
C02212,Pat,Wongchai,2005-10-16,M,IT Specialist,Nonthaburi,0865500187,pat.wongchai2212@example.co.th,2025-01-06
C02213,Daeng,Rattanapan,1978-07-19,M,Hotel Staff,Ayutthaya,0867964749,daeng.rattanapan2213@example.co.th,2018-06-25
C02214,Boss,Charoensuk,1990-05-28,M,IT Specialist,Bangkok,0860154780,boss.charoensuk2214@example.co.th,2022-05-20
C02215,Nok,Chaisawat,1975-02-28,F,Sales,Chonburi,0878390278,nok.chaisawat2215@example.co.th,2022-07-24
C02216,Mint,Kittikun,1976-08-26,F,Farmer,Trang,0820073766,mint.kittikun2216@example.co.th,2022-11-08
C02217,Toon,Boonmee,1992-06-09,M,Accountant,Phuket,0829537240,toon.boonmee2217@example.co.th,2025-03-12
C02218,Niran,Sangthong,1979-11-20,F,Farmer,Rayong,0897263918,niran.sangthong2218@example.co.th,2021-10-30
C02219,Apinya,Limthongkul,1984-05-06,F,Office Worker,Nakhon Ratchasima,0875469731,apinya.limthongkul2219@example.co.th,2022-05-01
C02220,Mai,Phromsiri,2005-04-04,M,Farmer,Trang,0855241475,mai.phromsiri2220@example.co.th,2019-01-08
C02221,Nan,Watcharaphon,1985-09-20,M,Nurse,Lampang,0894439241,nan.watcharaphon2221@example.co.th,2021-01-03
C02222,Mild,Suwanphon,1980-12-03,M,Shop Owner,Trang,0853508602,mild.suwanphon2222@example.co.th,2020-09-07
C02223,Tee,Sukhumvit,1986-04-08,M,Restaurant Owner,Nakhon Ratchasima,0854962735,tee.sukhumvit2223@example.co.th,2023-10-22
C02224,Bua,Phutthichai,1979-12-27,F,IT Specialist,Udon Thani,0898464398,bua.phutthichai2224@example.co.th,2020-02-11
C02225,Mai,Chaisawat,1967-06-30,M,IT Specialist,Nakhon Ratchasima,0858517955,mai.chaisawat2225@example.co.th,2025-12-28
C02226,Praew,Limthongkul,1983-10-24,F,Sales,Songkhla,0879808342,praew.limthongkul2226@example.co.th,2019-12-12
C02227,Suda,Thongdee,1977-02-28,F,Engineer,Songkhla,0896902936,suda.thongdee2227@example.co.th,2023-07-29
C02228,Daeng,Rattanapan,1990-02-18,F,Construction Worker,Krabi,0886261088,daeng.rattanapan2228@example.co.th,2023-02-24
C02229,Praew,Charoensuk,1968-02-17,M,Nurse,Udon Thani,0826700614,praew.charoensuk2229@example.co.th,2022-03-23
C02230,Bank,Limthongkul,1990-04-07,M,Doctor,Bangkok,0844200134,bank.limthongkul2230@example.co.th,2023-07-21
C02231,Nok,Limthongkul,1979-11-10,F,Doctor,Chiang Rai,0845661812,nok.limthongkul2231@example.co.th,2018-07-28
C02232,Fern,Watcharaphon,1964-09-11,F,Driver,Krabi,0852029205,fern.watcharaphon2232@example.co.th,2019-05-05
C02233,Pim,Kittikun,1966-01-10,M,Government Officer,Samut Prakan,0819432819,pim.kittikun2233@example.co.th,2021-02-10
C02234,Suda,Limthongkul,2003-01-07,M,Hotel Staff,Udon Thani,0822870221,suda.limthongkul2234@example.co.th,2026-05-02
C02235,Bua,Phutthichai,1973-05-19,M,Government Officer,Chiang Mai,0824956155,bua.phutthichai2235@example.co.th,2021-10-14
C02236,Toon,Suwanphon,1980-06-30,M,Doctor,Ayutthaya,0839586634,toon.suwanphon2236@example.co.th,2024-12-07
C02237,Toon,Phromsiri,1978-12-06,F,Restaurant Owner,Lampang,0841724015,toon.phromsiri2237@example.co.th,2019-09-14
C02238,Somchai,Limthongkul,1983-06-01,M,Hotel Staff,Surat Thani,0861441896,somchai.limthongkul2238@example.co.th,2020-04-12
C02239,Praew,Chaisawat,1956-07-25,M,Sales,Nonthaburi,0892427437,praew.chaisawat2239@example.co.th,2021-01-09
C02240,Earth,Watcharaphon,1966-03-05,M,Restaurant Owner,Khon Kaen,0864546380,earth.watcharaphon2240@example.co.th,2020-06-24
C02241,Wichai,Kanchanaburi,1969-11-10,M,Nurse,Nonthaburi,0824413227,wichai.kanchanaburi2241@example.co.th,2018-01-13
C02242,Wichai,Thongdee,1994-01-16,F,Farmer,Phitsanulok,0838640427,wichai.thongdee2242@example.co.th,2020-08-09
C02243,Suda,Wongchai,1991-08-26,F,Engineer,Hat Yai,0861603430,suda.wongchai2243@example.co.th,2024-11-24
C02244,Mai,Inthanon,1957-01-24,F,Doctor,Lampang,0875970674,mai.inthanon2244@example.co.th,2022-11-24
C02245,Earth,Saetang,1985-09-16,M,Farmer,Pathum Thani,0878123460,earth.saetang2245@example.co.th,2024-11-26
C02246,Eak,Kanchanaburi,1973-06-07,M,Accountant,Samut Prakan,0820382674,eak.kanchanaburi2246@example.co.th,2024-09-27
C02247,Bank,Inthanon,1970-02-08,M,Doctor,Rayong,0852172791,bank.inthanon2247@example.co.th,2021-12-17
C02248,Eak,Suwanphon,1977-04-26,M,Driver,Nakhon Ratchasima,0890589106,eak.suwanphon2248@example.co.th,2023-04-08
C02249,Somchai,Phromsiri,1976-11-23,F,Accountant,Phuket,0812936591,somchai.phromsiri2249@example.co.th,2022-05-12
C02250,Tee,Sangthong,1987-04-03,M,Farmer,Rayong,0868558100,tee.sangthong2250@example.co.th,2026-02-14
C02251,Nok,Phutthichai,1963-01-10,F,Shop Owner,Ayutthaya,0840676379,nok.phutthichai2251@example.co.th,2021-01-07
C02252,Daeng,Suwanphon,1997-12-06,M,Doctor,Nonthaburi,0888583752,daeng.suwanphon2252@example.co.th,2025-03-26
C02253,Pat,Chaisawat,2002-08-19,M,Driver,Songkhla,0858932004,pat.chaisawat2253@example.co.th,2018-07-16
C02254,Mai,Rattanapan,1963-01-27,M,Sales,Nonthaburi,0884198784,mai.rattanapan2254@example.co.th,2018-07-25
C02255,Malee,Wongchai,2002-02-14,F,Engineer,Udon Thani,0849346304,malee.wongchai2255@example.co.th,2019-08-04
C02256,Boss,Phutthichai,1979-12-27,M,Driver,Nonthaburi,0851822022,boss.phutthichai2256@example.co.th,2019-11-14
C02257,Pat,Wongchai,1975-10-19,M,Sales,Phuket,0897861865,pat.wongchai2257@example.co.th,2026-04-24
C02258,Kanya,Thongdee,2004-02-27,F,Construction Worker,Krabi,0832538675,kanya.thongdee2258@example.co.th,2020-08-25
C02259,Somchai,Sukhumvit,1961-11-29,M,Nurse,Phuket,0833988814,somchai.sukhumvit2259@example.co.th,2023-12-28
C02260,Suda,Kanchanaburi,2004-08-26,M,Engineer,Samut Prakan,0881626275,suda.kanchanaburi2260@example.co.th,2020-02-05
C02261,Wichai,Boonmee,1984-03-14,F,Office Worker,Nonthaburi,0812780717,wichai.boonmee2261@example.co.th,2023-08-14
C02262,Pat,Srisuk,1990-05-01,M,Government Officer,Chonburi,0872957092,pat.srisuk2262@example.co.th,2019-10-01
C02263,Boss,Chaiyaporn,1976-09-14,F,Sales,Trang,0847483931,boss.chaiyaporn2263@example.co.th,2023-03-10
C02264,Wichai,Kanchanaburi,1970-09-18,M,Engineer,Khon Kaen,0895917615,wichai.kanchanaburi2264@example.co.th,2024-10-18
C02265,Mai,Srisuk,1961-01-06,M,Government Officer,Rayong,0848547666,mai.srisuk2265@example.co.th,2023-03-03
C02266,Pat,Watcharaphon,1990-06-09,F,Construction Worker,Lampang,0880471123,pat.watcharaphon2266@example.co.th,2023-03-27
C02267,Mint,Saetang,1986-10-02,F,Hotel Staff,Trang,0843746338,mint.saetang2267@example.co.th,2023-11-15
C02268,Mild,Phutthichai,1969-12-21,F,Engineer,Chiang Rai,0814887763,mild.phutthichai2268@example.co.th,2020-04-27
C02269,Anong,Chaisawat,1987-12-21,M,Sales,Nakhon Ratchasima,0865353136,anong.chaisawat2269@example.co.th,2022-04-17
C02270,Eak,Thongdee,1988-07-08,F,Farmer,Bangkok,0836669444,eak.thongdee2270@example.co.th,2018-03-07
C02271,Tawan,Phutthichai,1968-03-15,M,IT Specialist,Hat Yai,0850530014,tawan.phutthichai2271@example.co.th,2022-06-12
C02272,Wichai,Chaiyaporn,1956-06-20,F,Nurse,Surat Thani,0875333946,wichai.chaiyaporn2272@example.co.th,2022-06-24
C02273,Nok,Kanchanaburi,1988-05-02,F,Engineer,Songkhla,0865807734,nok.kanchanaburi2273@example.co.th,2018-07-30
C02274,Wichai,Chaiyaporn,1964-02-01,F,Government Officer,Nakhon Ratchasima,0857050710,wichai.chaiyaporn2274@example.co.th,2023-03-21
C02275,Mild,Inthanon,1993-11-18,F,Shop Owner,Phuket,0878794840,mild.inthanon2275@example.co.th,2024-03-09
C02276,Ploy,Srisuk,1998-01-05,F,Shop Owner,Phuket,0835968352,ploy.srisuk2276@example.co.th,2021-06-25
C02277,Mild,Saetang,1969-11-20,M,Engineer,Bangkok,0885375348,mild.saetang2277@example.co.th,2021-01-09
C02278,Niran,Boonmee,2000-09-16,F,Government Officer,Songkhla,0870177680,niran.boonmee2278@example.co.th,2022-07-11
C02279,Chai,Chaisawat,1996-04-17,F,Nurse,Samut Prakan,0859387766,chai.chaisawat2279@example.co.th,2018-07-28
C02280,Earth,Saetang,1966-01-23,F,Driver,Hat Yai,0878984106,earth.saetang2280@example.co.th,2018-05-29
C02281,Bua,Limthongkul,2005-10-23,M,Engineer,Chiang Rai,0860724233,bua.limthongkul2281@example.co.th,2021-09-14
C02282,Bua,Kanchanaburi,1978-12-18,M,Hotel Staff,Chonburi,0836351536,bua.kanchanaburi2282@example.co.th,2019-01-17
C02283,Toon,Inthanon,1979-09-28,M,Government Officer,Rayong,0815907381,toon.inthanon2283@example.co.th,2021-05-25
C02284,Somchai,Chaiyaporn,1972-06-13,M,Driver,Ayutthaya,0830353642,somchai.chaiyaporn2284@example.co.th,2022-10-15
C02285,Praew,Phromsiri,1977-11-21,M,Teacher,Songkhla,0831930027,praew.phromsiri2285@example.co.th,2018-06-03
C02286,Malee,Watcharaphon,1960-12-05,F,Construction Worker,Surat Thani,0832226983,malee.watcharaphon2286@example.co.th,2025-07-18
C02287,Ploy,Phongphan,1962-03-05,F,Sales,Hat Yai,0859944615,ploy.phongphan2287@example.co.th,2023-04-05
C02288,Malee,Phromsiri,2005-02-10,F,IT Specialist,Lampang,0899246937,malee.phromsiri2288@example.co.th,2021-08-30
C02289,Pat,Chaiyaporn,2001-08-27,M,Doctor,Udon Thani,0812983015,pat.chaiyaporn2289@example.co.th,2022-11-13
C02290,Ploy,Suwanphon,1984-06-09,F,Farmer,Chiang Rai,0864319134,ploy.suwanphon2290@example.co.th,2018-07-30
C02291,Tee,Thongdee,1978-02-11,M,Office Worker,Khon Kaen,0840014467,tee.thongdee2291@example.co.th,2020-06-15
C02292,View,Rattanapan,1996-08-28,M,Accountant,Chonburi,0882774096,view.rattanapan2292@example.co.th,2023-09-03
C02293,Daeng,Phutthichai,1990-11-15,F,Nurse,Ayutthaya,0820888977,daeng.phutthichai2293@example.co.th,2020-09-20
C02294,Kanya,Chaisawat,1998-03-03,F,Construction Worker,Phuket,0817637396,kanya.chaisawat2294@example.co.th,2022-11-20
C02295,Eak,Phutthichai,1968-10-26,F,Government Officer,Ayutthaya,0854799978,eak.phutthichai2295@example.co.th,2022-02-26
C02296,Suda,Thongdee,1976-02-22,F,Construction Worker,Krabi,0863196481,suda.thongdee2296@example.co.th,2024-08-07
C02297,Tawan,Inthanon,1993-08-02,F,Doctor,Surat Thani,0891949683,tawan.inthanon2297@example.co.th,2019-11-07
C02298,Chai,Kittikun,1984-05-07,F,Restaurant Owner,Phitsanulok,0821123747,chai.kittikun2298@example.co.th,2019-02-17
C02299,Anong,Wongchai,1955-10-06,F,Farmer,Chonburi,0822390315,anong.wongchai2299@example.co.th,2025-10-27
C02300,Mint,Chaiyaporn,1959-08-10,F,Engineer,Bangkok,0814386856,mint.chaiyaporn2300@example.co.th,2019-07-01
C02301,Apinya,Sangthong,1987-01-19,M,Government Officer,Phitsanulok,0832175662,apinya.sangthong2301@example.co.th,2021-06-22
C02302,Chai,Phongphan,1958-06-30,M,Government Officer,Phitsanulok,0892458452,chai.phongphan2302@example.co.th,2018-01-01
C02303,Bank,Sukhumvit,1970-03-31,F,Teacher,Rayong,0845880464,bank.sukhumvit2303@example.co.th,2024-08-27
C02304,Apinya,Chaisawat,2002-03-13,F,Engineer,Phuket,0818716437,apinya.chaisawat2304@example.co.th,2023-03-09
C02305,Toon,Suwanphon,1969-02-13,M,Farmer,Chiang Rai,0891400849,toon.suwanphon2305@example.co.th,2020-07-05
C02306,Nan,Thongdee,1957-11-15,F,IT Specialist,Rayong,0831851520,nan.thongdee2306@example.co.th,2025-10-17
C02307,Ploy,Kanchanaburi,1987-03-09,F,Nurse,Chiang Rai,0897709864,ploy.kanchanaburi2307@example.co.th,2025-11-30
C02308,Bank,Inthanon,1992-07-01,F,IT Specialist,Surat Thani,0853836805,bank.inthanon2308@example.co.th,2020-05-12
C02309,Wichai,Kanchanaburi,1968-05-05,M,Teacher,Chonburi,0817885034,wichai.kanchanaburi2309@example.co.th,2024-08-04
C02310,View,Phongphan,1968-04-01,F,Engineer,Khon Kaen,0830042306,view.phongphan2310@example.co.th,2026-02-08
C02311,Anong,Thongdee,1984-11-06,M,Accountant,Pathum Thani,0874638823,anong.thongdee2311@example.co.th,2022-11-19
C02312,Fern,Phongphan,2004-07-13,F,Construction Worker,Phitsanulok,0838155104,fern.phongphan2312@example.co.th,2023-04-23
C02313,Mint,Srisuk,1987-09-04,F,Doctor,Nonthaburi,0856316611,mint.srisuk2313@example.co.th,2018-09-28
C02314,Niran,Srisuk,1977-08-16,M,Restaurant Owner,Rayong,0876789013,niran.srisuk2314@example.co.th,2023-03-14
C02315,Bua,Inthanon,1984-01-12,M,Restaurant Owner,Hat Yai,0853876873,bua.inthanon2315@example.co.th,2026-05-11
C02316,Nan,Phutthichai,1983-03-29,M,Government Officer,Phitsanulok,0832035748,nan.phutthichai2316@example.co.th,2020-10-23
C02317,Fern,Wongchai,1998-09-06,M,Government Officer,Pathum Thani,0828836248,fern.wongchai2317@example.co.th,2020-09-10
C02318,Pat,Chaisawat,1999-06-10,M,Accountant,Udon Thani,0834228034,pat.chaisawat2318@example.co.th,2022-09-08
C02319,Niran,Boonmee,1987-05-13,F,Shop Owner,Pathum Thani,0810367395,niran.boonmee2319@example.co.th,2019-03-05
C02320,Ploy,Saetang,1973-02-04,M,Shop Owner,Songkhla,0898404605,ploy.saetang2320@example.co.th,2026-04-05
C02321,Beam,Saetang,1979-07-14,F,Construction Worker,Chiang Rai,0880965631,beam.saetang2321@example.co.th,2024-08-15
C02322,Toon,Chaisawat,1972-08-23,M,Farmer,Ayutthaya,0889319341,toon.chaisawat2322@example.co.th,2024-02-20
C02323,Apinya,Limthongkul,1995-12-13,F,Shop Owner,Chiang Mai,0812404497,apinya.limthongkul2323@example.co.th,2022-07-27
C02324,Tee,Wongchai,1997-07-27,F,Construction Worker,Ayutthaya,0891706445,tee.wongchai2324@example.co.th,2024-05-31
C02325,Wichai,Charoensuk,1974-12-30,F,Nurse,Hat Yai,0897517299,wichai.charoensuk2325@example.co.th,2018-06-08
C02326,Bank,Rattanapan,1977-10-19,F,Government Officer,Rayong,0881235095,bank.rattanapan2326@example.co.th,2020-07-27
C02327,Niran,Rattanapan,1995-04-22,F,Government Officer,Surat Thani,0867715067,niran.rattanapan2327@example.co.th,2018-07-15
C02328,Anong,Suwanphon,2003-01-08,F,Government Officer,Lampang,0877343991,anong.suwanphon2328@example.co.th,2026-03-21
C02329,Earth,Thongdee,1959-08-05,M,Office Worker,Krabi,0898756651,earth.thongdee2329@example.co.th,2024-03-12
C02330,Apinya,Phongphan,1976-01-26,F,Engineer,Rayong,0883157151,apinya.phongphan2330@example.co.th,2025-05-11
C02331,Tawan,Boonmee,1993-07-13,F,IT Specialist,Phuket,0842963378,tawan.boonmee2331@example.co.th,2023-05-20
C02332,Somchai,Phongphan,1966-08-26,M,IT Specialist,Udon Thani,0849234073,somchai.phongphan2332@example.co.th,2025-07-14
C02333,Malee,Phutthichai,1969-07-09,M,Accountant,Ayutthaya,0831999265,malee.phutthichai2333@example.co.th,2022-01-20
C02334,Suda,Thongdee,1982-10-07,M,Teacher,Lampang,0830880066,suda.thongdee2334@example.co.th,2019-05-13
C02335,Boss,Boonmee,1976-06-28,F,Engineer,Phuket,0825216365,boss.boonmee2335@example.co.th,2023-01-23
C02336,Chai,Phongphan,1999-11-25,F,Office Worker,Lampang,0826387650,chai.phongphan2336@example.co.th,2023-05-26
C02337,Bua,Chaisawat,1979-12-20,F,Hotel Staff,Phuket,0822352071,bua.chaisawat2337@example.co.th,2021-12-17
C02338,Kanya,Inthanon,1971-12-25,F,Accountant,Lampang,0812446459,kanya.inthanon2338@example.co.th,2024-12-15
C02339,Earth,Wongchai,1960-09-09,M,Shop Owner,Nonthaburi,0831520447,earth.wongchai2339@example.co.th,2023-11-09
C02340,Bank,Limthongkul,1972-06-02,F,Government Officer,Krabi,0855658290,bank.limthongkul2340@example.co.th,2022-05-14
C02341,Earth,Phutthichai,1964-04-16,F,Doctor,Chiang Rai,0832484558,earth.phutthichai2341@example.co.th,2020-02-18
C02342,Toon,Watcharaphon,1961-01-01,F,Office Worker,Surat Thani,0871452014,toon.watcharaphon2342@example.co.th,2022-05-06
C02343,Chai,Sangthong,1972-11-11,M,Farmer,Chiang Mai,0835243741,chai.sangthong2343@example.co.th,2018-01-16
C02344,Tee,Sangthong,1956-07-15,F,Driver,Samut Prakan,0810998284,tee.sangthong2344@example.co.th,2021-07-14
C02345,Boss,Kanchanaburi,1962-08-24,M,Sales,Chonburi,0879862230,boss.kanchanaburi2345@example.co.th,2024-04-18
C02346,Mai,Phongphan,1967-03-07,F,Office Worker,Krabi,0884035112,mai.phongphan2346@example.co.th,2026-02-21
C02347,Mai,Charoensuk,1965-09-29,M,Hotel Staff,Trang,0895641687,mai.charoensuk2347@example.co.th,2021-07-22
C02348,Wichai,Thongdee,2003-03-09,F,Government Officer,Ayutthaya,0824304153,wichai.thongdee2348@example.co.th,2018-08-13
C02349,Apinya,Chaiyaporn,1978-03-04,M,Nurse,Rayong,0855626134,apinya.chaiyaporn2349@example.co.th,2022-08-15
C02350,Anong,Saetang,1987-08-21,F,Nurse,Phuket,0850241177,anong.saetang2350@example.co.th,2022-07-25
C02351,Somchai,Boonmee,1980-07-31,M,Accountant,Pathum Thani,0822492482,somchai.boonmee2351@example.co.th,2019-07-17
C02352,Mild,Saetang,1963-12-25,M,Teacher,Samut Prakan,0845460303,mild.saetang2352@example.co.th,2021-09-29
C02353,Chai,Phongphan,1971-05-21,M,Sales,Phitsanulok,0820581573,chai.phongphan2353@example.co.th,2020-08-06
C02354,Niran,Suwanphon,1982-12-11,M,Hotel Staff,Lampang,0883677009,niran.suwanphon2354@example.co.th,2024-06-22
C02355,Boss,Limthongkul,1981-08-30,F,Teacher,Lampang,0864176956,boss.limthongkul2355@example.co.th,2018-06-16
C02356,Apinya,Phutthichai,1963-05-05,F,Accountant,Pathum Thani,0816986498,apinya.phutthichai2356@example.co.th,2019-07-15
C02357,Anong,Phongphan,1955-05-12,F,Government Officer,Khon Kaen,0872978060,anong.phongphan2357@example.co.th,2022-01-19
C02358,Eak,Limthongkul,1964-08-03,M,Sales,Udon Thani,0885321709,eak.limthongkul2358@example.co.th,2020-10-11
C02359,Anong,Charoensuk,1970-02-08,M,IT Specialist,Nonthaburi,0812260963,anong.charoensuk2359@example.co.th,2023-04-11
C02360,Tawan,Chaiyaporn,1970-03-12,M,Driver,Chiang Rai,0810709540,tawan.chaiyaporn2360@example.co.th,2025-08-23
C02361,Pat,Suwanphon,1971-10-29,M,Government Officer,Krabi,0867676460,pat.suwanphon2361@example.co.th,2020-05-14
C02362,Toon,Inthanon,1972-04-07,F,Shop Owner,Chiang Rai,0828281865,toon.inthanon2362@example.co.th,2022-07-15
C02363,Tee,Phutthichai,1980-10-22,M,Sales,Udon Thani,0826730079,tee.phutthichai2363@example.co.th,2025-12-05
C02364,Fern,Suwanphon,1999-08-25,M,Driver,Bangkok,0889287426,fern.suwanphon2364@example.co.th,2020-02-23
C02365,Beam,Suwanphon,1966-07-02,M,Restaurant Owner,Phitsanulok,0896009479,beam.suwanphon2365@example.co.th,2024-07-04
C02366,Suda,Rattanapan,1966-11-19,M,Doctor,Chiang Mai,0816249742,suda.rattanapan2366@example.co.th,2026-03-15
C02367,Anong,Inthanon,1966-12-05,F,Teacher,Songkhla,0887118114,anong.inthanon2367@example.co.th,2018-01-12
C02368,Mint,Sukhumvit,1964-12-08,F,Teacher,Bangkok,0855816159,mint.sukhumvit2368@example.co.th,2020-04-25
C02369,Nok,Chaiyaporn,1968-03-09,F,Shop Owner,Khon Kaen,0865180510,nok.chaiyaporn2369@example.co.th,2022-04-01
C02370,Bua,Saetang,1979-09-05,M,Restaurant Owner,Hat Yai,0895235179,bua.saetang2370@example.co.th,2019-08-21
C02371,Tawan,Inthanon,1986-09-07,M,Farmer,Songkhla,0875620860,tawan.inthanon2371@example.co.th,2021-01-26
C02372,Fern,Srisuk,1977-08-14,F,Farmer,Bangkok,0831287616,fern.srisuk2372@example.co.th,2018-09-09
C02373,Earth,Srisuk,1996-02-27,F,Doctor,Chiang Rai,0865486192,earth.srisuk2373@example.co.th,2019-03-29
C02374,View,Thongdee,1967-08-16,F,Engineer,Nakhon Ratchasima,0867197191,view.thongdee2374@example.co.th,2018-02-26
C02375,Ploy,Saetang,1960-11-09,F,Shop Owner,Phitsanulok,0850694236,ploy.saetang2375@example.co.th,2025-03-23
C02376,Wichai,Kanchanaburi,1973-01-09,F,Driver,Udon Thani,0846190400,wichai.kanchanaburi2376@example.co.th,2019-10-20
C02377,Ploy,Rattanapan,1994-04-22,M,Hotel Staff,Chonburi,0841463449,ploy.rattanapan2377@example.co.th,2025-03-27
C02378,Ploy,Inthanon,1974-08-21,M,Teacher,Lampang,0845926836,ploy.inthanon2378@example.co.th,2026-02-02
C02379,Daeng,Saetang,1977-11-10,F,Restaurant Owner,Khon Kaen,0898354700,daeng.saetang2379@example.co.th,2023-10-17
C02380,Earth,Thongdee,1991-03-21,M,Sales,Bangkok,0824377289,earth.thongdee2380@example.co.th,2020-09-15
C02381,View,Thongdee,1977-08-13,M,IT Specialist,Surat Thani,0876711135,view.thongdee2381@example.co.th,2023-12-05
C02382,Somchai,Chaiyaporn,1956-10-03,F,Sales,Pathum Thani,0855808008,somchai.chaiyaporn2382@example.co.th,2018-01-06
C02383,Ploy,Sukhumvit,1971-10-23,F,Accountant,Khon Kaen,0867022224,ploy.sukhumvit2383@example.co.th,2020-10-25
C02384,Nan,Suwanphon,1972-11-23,F,Teacher,Rayong,0860992202,nan.suwanphon2384@example.co.th,2023-04-17
C02385,Toon,Sukhumvit,1976-12-20,M,Restaurant Owner,Pathum Thani,0855117017,toon.sukhumvit2385@example.co.th,2022-01-01
C02386,Ploy,Rattanapan,2002-10-09,F,Doctor,Pathum Thani,0867824109,ploy.rattanapan2386@example.co.th,2024-04-22
C02387,Somchai,Wongchai,1964-04-04,M,Doctor,Phitsanulok,0865127958,somchai.wongchai2387@example.co.th,2018-06-29
C02388,Tawan,Kanchanaburi,1991-12-30,M,Teacher,Lampang,0883627558,tawan.kanchanaburi2388@example.co.th,2022-12-13
C02389,Nan,Chaiyaporn,1974-10-20,M,Shop Owner,Songkhla,0822999817,nan.chaiyaporn2389@example.co.th,2018-05-30
C02390,Malee,Boonmee,1991-09-15,F,IT Specialist,Khon Kaen,0889004075,malee.boonmee2390@example.co.th,2023-01-17
C02391,View,Sukhumvit,1963-05-22,M,Sales,Pathum Thani,0825942261,view.sukhumvit2391@example.co.th,2019-01-19
C02392,Earth,Suwanphon,2003-03-02,M,Farmer,Surat Thani,0847189249,earth.suwanphon2392@example.co.th,2024-01-26
C02393,Kanya,Boonmee,1998-12-02,F,Construction Worker,Songkhla,0854391723,kanya.boonmee2393@example.co.th,2019-02-14
C02394,Anong,Saetang,1975-07-29,F,Government Officer,Phitsanulok,0867325158,anong.saetang2394@example.co.th,2025-10-23
C02395,Daeng,Sangthong,1995-08-01,M,Government Officer,Lampang,0823087728,daeng.sangthong2395@example.co.th,2025-01-13
C02396,Tee,Boonmee,1979-09-11,M,Restaurant Owner,Songkhla,0831066031,tee.boonmee2396@example.co.th,2020-08-17
C02397,Beam,Srisuk,1971-02-04,M,Doctor,Songkhla,0827801051,beam.srisuk2397@example.co.th,2021-04-23
C02398,Nok,Srisuk,1995-04-29,M,Government Officer,Surat Thani,0825821079,nok.srisuk2398@example.co.th,2026-02-20
C02399,Mild,Sukhumvit,1987-11-23,F,Engineer,Nakhon Ratchasima,0818491684,mild.sukhumvit2399@example.co.th,2019-10-14
C02400,Ploy,Inthanon,1955-09-07,F,Government Officer,Nonthaburi,0881542030,ploy.inthanon2400@example.co.th,2019-12-19
C02401,Bua,Phutthichai,1964-09-26,M,Doctor,Phuket,0819826486,bua.phutthichai2401@example.co.th,2019-09-22
C02402,Fern,Phongphan,1993-12-28,M,Nurse,Surat Thani,0879828365,fern.phongphan2402@example.co.th,2026-01-02
C02403,Praew,Saetang,1984-08-11,M,Restaurant Owner,Hat Yai,0889761514,praew.saetang2403@example.co.th,2023-12-23
C02404,Bua,Phromsiri,1974-05-05,F,Engineer,Hat Yai,0892000153,bua.phromsiri2404@example.co.th,2022-12-29
C02405,Malee,Charoensuk,1978-05-07,M,Construction Worker,Trang,0812688078,malee.charoensuk2405@example.co.th,2020-03-14
C02406,Eak,Thongdee,1988-09-09,F,Construction Worker,Lampang,0822217134,eak.thongdee2406@example.co.th,2024-07-09
C02407,Suda,Chaiyaporn,1959-10-29,M,Office Worker,Surat Thani,0874333466,suda.chaiyaporn2407@example.co.th,2022-06-05
C02408,Mild,Phromsiri,1967-02-17,M,Office Worker,Chiang Mai,0841111726,mild.phromsiri2408@example.co.th,2019-06-02
C02409,Wichai,Srisuk,2000-08-11,M,Doctor,Trang,0882343742,wichai.srisuk2409@example.co.th,2024-03-12
C02410,Anong,Charoensuk,2002-02-08,M,Nurse,Lampang,0845049643,anong.charoensuk2410@example.co.th,2021-09-22
C02411,Praew,Chaiyaporn,1970-12-30,F,Farmer,Chiang Mai,0837554949,praew.chaiyaporn2411@example.co.th,2019-07-27
C02412,Earth,Rattanapan,1963-01-07,M,Sales,Chiang Rai,0869370896,earth.rattanapan2412@example.co.th,2018-10-20
C02413,Fern,Limthongkul,1962-03-11,F,Engineer,Pathum Thani,0847085870,fern.limthongkul2413@example.co.th,2021-10-15
C02414,Somchai,Srisuk,1956-01-13,M,Restaurant Owner,Bangkok,0814073160,somchai.srisuk2414@example.co.th,2018-12-09
C02415,Chai,Kittikun,1962-04-10,M,Farmer,Phuket,0823188314,chai.kittikun2415@example.co.th,2022-12-04
C02416,Earth,Limthongkul,1988-05-01,M,Accountant,Chiang Mai,0830102493,earth.limthongkul2416@example.co.th,2021-12-18
C02417,Chai,Inthanon,1965-05-01,F,Hotel Staff,Chiang Rai,0849210089,chai.inthanon2417@example.co.th,2020-12-04
C02418,Kanya,Wongchai,2003-12-18,F,Nurse,Chonburi,0875919584,kanya.wongchai2418@example.co.th,2023-11-10
C02419,Mild,Wongchai,1968-07-05,F,Office Worker,Nonthaburi,0893437116,mild.wongchai2419@example.co.th,2018-06-23
C02420,Chai,Inthanon,1997-01-24,F,Farmer,Chiang Mai,0813523397,chai.inthanon2420@example.co.th,2018-06-30
C02421,Toon,Srisuk,1955-04-02,M,Driver,Udon Thani,0856352382,toon.srisuk2421@example.co.th,2025-02-20
C02422,Chai,Wongchai,1987-06-06,F,Office Worker,Chiang Rai,0830127103,chai.wongchai2422@example.co.th,2022-07-18
C02423,Eak,Phromsiri,1966-01-11,F,Engineer,Surat Thani,0846159501,eak.phromsiri2423@example.co.th,2023-09-27
C02424,Wichai,Charoensuk,1988-02-26,F,Nurse,Chiang Mai,0832848643,wichai.charoensuk2424@example.co.th,2024-06-20
C02425,Eak,Srisuk,2004-07-27,F,Government Officer,Chiang Mai,0864590632,eak.srisuk2425@example.co.th,2020-05-01
C02426,Wichai,Phutthichai,2005-01-31,F,Hotel Staff,Hat Yai,0812280944,wichai.phutthichai2426@example.co.th,2025-01-01
C02427,Mai,Saetang,1971-07-30,M,Government Officer,Chonburi,0845944941,mai.saetang2427@example.co.th,2018-07-12
C02428,Mild,Phongphan,1990-02-20,M,Construction Worker,Udon Thani,0884597332,mild.phongphan2428@example.co.th,2023-12-08
C02429,Beam,Boonmee,1978-06-21,M,Office Worker,Udon Thani,0873571122,beam.boonmee2429@example.co.th,2023-08-04
C02430,View,Rattanapan,2001-04-06,F,Accountant,Songkhla,0835190520,view.rattanapan2430@example.co.th,2023-12-05
C02431,Mint,Wongchai,1990-11-10,M,Engineer,Udon Thani,0818795362,mint.wongchai2431@example.co.th,2019-08-03
C02432,Nan,Inthanon,1981-06-24,F,Driver,Nonthaburi,0849941414,nan.inthanon2432@example.co.th,2019-10-12
C02433,Somchai,Rattanapan,1992-08-29,F,Accountant,Chonburi,0880910050,somchai.rattanapan2433@example.co.th,2022-10-31
C02434,Tawan,Phongphan,1982-10-10,M,Farmer,Udon Thani,0815473245,tawan.phongphan2434@example.co.th,2022-05-18
C02435,Apinya,Inthanon,1969-01-20,F,Hotel Staff,Samut Prakan,0849005267,apinya.inthanon2435@example.co.th,2018-06-23
C02436,Kanya,Inthanon,1975-07-21,F,Office Worker,Samut Prakan,0835092717,kanya.inthanon2436@example.co.th,2021-04-18
C02437,Tawan,Boonmee,1962-08-04,F,Nurse,Krabi,0865189205,tawan.boonmee2437@example.co.th,2021-02-20
C02438,Boss,Thongdee,2001-01-08,M,Hotel Staff,Phitsanulok,0840315274,boss.thongdee2438@example.co.th,2026-03-13
C02439,Suda,Sangthong,1976-08-29,M,Restaurant Owner,Lampang,0846968017,suda.sangthong2439@example.co.th,2021-09-20
C02440,Beam,Chaiyaporn,1996-10-11,M,IT Specialist,Trang,0855624499,beam.chaiyaporn2440@example.co.th,2018-06-03
C02441,Apinya,Srisuk,1981-02-20,M,Construction Worker,Surat Thani,0839008943,apinya.srisuk2441@example.co.th,2020-05-05
C02442,Mai,Sangthong,1972-06-07,F,Sales,Chiang Rai,0852288490,mai.sangthong2442@example.co.th,2025-12-13
C02443,Suda,Inthanon,1974-11-27,M,Teacher,Chonburi,0822693626,suda.inthanon2443@example.co.th,2025-12-23
C02444,Toon,Kanchanaburi,2002-03-17,M,Office Worker,Hat Yai,0816486787,toon.kanchanaburi2444@example.co.th,2024-10-20
C02445,Tawan,Rattanapan,1963-03-15,F,Doctor,Songkhla,0828080062,tawan.rattanapan2445@example.co.th,2022-07-17
C02446,Mint,Charoensuk,1975-04-02,F,Restaurant Owner,Chiang Mai,0814665068,mint.charoensuk2446@example.co.th,2026-02-10
C02447,Anong,Wongchai,2000-04-18,F,Driver,Krabi,0822791995,anong.wongchai2447@example.co.th,2023-03-07
C02448,Pat,Phutthichai,2004-07-27,M,Government Officer,Chiang Rai,0834807303,pat.phutthichai2448@example.co.th,2020-05-04
C02449,Bank,Boonmee,1957-08-21,M,Shop Owner,Phitsanulok,0865703402,bank.boonmee2449@example.co.th,2019-04-04
C02450,Praew,Chaiyaporn,2001-12-31,M,Accountant,Bangkok,0860639157,praew.chaiyaporn2450@example.co.th,2021-09-29
C02451,Ploy,Watcharaphon,1978-09-04,M,Accountant,Nakhon Ratchasima,0865768929,ploy.watcharaphon2451@example.co.th,2018-01-13
C02452,View,Chaisawat,1974-03-04,F,Sales,Rayong,0856411493,view.chaisawat2452@example.co.th,2019-07-03
C02453,View,Srisuk,1961-11-03,M,Hotel Staff,Nakhon Ratchasima,0826532086,view.srisuk2453@example.co.th,2023-11-25
C02454,Mint,Phromsiri,1980-09-25,F,Doctor,Khon Kaen,0841051205,mint.phromsiri2454@example.co.th,2022-06-15
C02455,Pat,Watcharaphon,1985-10-07,M,Hotel Staff,Bangkok,0864664065,pat.watcharaphon2455@example.co.th,2020-03-08
C02456,Kanya,Kittikun,1974-05-05,M,Teacher,Trang,0842231365,kanya.kittikun2456@example.co.th,2023-01-23
C02457,Malee,Charoensuk,1985-04-18,M,Teacher,Ayutthaya,0844245294,malee.charoensuk2457@example.co.th,2018-05-30
C02458,Nan,Thongdee,1966-09-01,F,Accountant,Chiang Rai,0815751690,nan.thongdee2458@example.co.th,2022-02-11
C02459,Mint,Boonmee,1985-04-11,F,Construction Worker,Surat Thani,0863082648,mint.boonmee2459@example.co.th,2022-10-22
C02460,Fern,Srisuk,2001-08-04,M,Accountant,Khon Kaen,0827285424,fern.srisuk2460@example.co.th,2022-10-14
C02461,Mai,Boonmee,1958-10-13,M,Office Worker,Songkhla,0837270654,mai.boonmee2461@example.co.th,2022-01-19
C02462,Eak,Inthanon,1962-12-06,F,Engineer,Bangkok,0871153456,eak.inthanon2462@example.co.th,2018-10-25
C02463,Chai,Sukhumvit,1963-12-20,M,Nurse,Nonthaburi,0855705619,chai.sukhumvit2463@example.co.th,2021-12-28
C02464,Niran,Phutthichai,2000-09-02,M,Driver,Lampang,0886778111,niran.phutthichai2464@example.co.th,2019-03-22
C02465,Ploy,Watcharaphon,1993-01-30,M,Sales,Lampang,0838300963,ploy.watcharaphon2465@example.co.th,2023-11-19
C02466,Bank,Suwanphon,1981-01-19,M,Doctor,Chiang Mai,0850803020,bank.suwanphon2466@example.co.th,2024-03-21
C02467,Somchai,Saetang,1995-02-21,F,Nurse,Songkhla,0841866734,somchai.saetang2467@example.co.th,2023-05-08
C02468,Boss,Limthongkul,2002-06-04,F,Government Officer,Chonburi,0838448890,boss.limthongkul2468@example.co.th,2020-08-15
C02469,Mint,Sangthong,1966-02-19,M,IT Specialist,Chiang Mai,0859736100,mint.sangthong2469@example.co.th,2023-01-24
C02470,Nan,Boonmee,1959-04-06,F,Sales,Chiang Rai,0887959511,nan.boonmee2470@example.co.th,2025-12-08
C02471,Anong,Thongdee,1980-08-20,M,Construction Worker,Phitsanulok,0812117054,anong.thongdee2471@example.co.th,2026-01-06
C02472,Nok,Suwanphon,1969-11-09,F,Hotel Staff,Rayong,0893816810,nok.suwanphon2472@example.co.th,2024-06-03
C02473,Earth,Inthanon,1981-08-04,F,Teacher,Lampang,0880090164,earth.inthanon2473@example.co.th,2021-04-25
C02474,Pim,Limthongkul,1987-11-08,F,IT Specialist,Phitsanulok,0886337836,pim.limthongkul2474@example.co.th,2020-10-13
C02475,Pim,Charoensuk,2005-09-20,F,Government Officer,Khon Kaen,0877167702,pim.charoensuk2475@example.co.th,2021-06-22
C02476,Tee,Chaisawat,1972-06-11,M,Teacher,Nonthaburi,0834824185,tee.chaisawat2476@example.co.th,2020-07-02
C02477,Apinya,Chaiyaporn,1993-07-26,M,Driver,Rayong,0893512668,apinya.chaiyaporn2477@example.co.th,2025-11-05
C02478,Somchai,Limthongkul,1997-06-07,F,IT Specialist,Chonburi,0825799663,somchai.limthongkul2478@example.co.th,2023-02-16
C02479,Mai,Phutthichai,1957-09-27,M,Accountant,Hat Yai,0838978527,mai.phutthichai2479@example.co.th,2021-06-21
C02480,Praew,Rattanapan,2001-08-26,M,Shop Owner,Trang,0899945548,praew.rattanapan2480@example.co.th,2025-06-06
C02481,Toon,Sangthong,1976-11-20,M,IT Specialist,Chiang Rai,0885316719,toon.sangthong2481@example.co.th,2018-03-13
C02482,Bank,Thongdee,1955-04-11,F,Construction Worker,Samut Prakan,0899064587,bank.thongdee2482@example.co.th,2019-04-28
C02483,Pim,Phromsiri,1993-12-13,M,Office Worker,Pathum Thani,0829762536,pim.phromsiri2483@example.co.th,2022-07-22
C02484,Tee,Sangthong,2003-11-07,F,IT Specialist,Chonburi,0845707089,tee.sangthong2484@example.co.th,2019-01-18
C02485,Earth,Limthongkul,1989-04-23,F,Shop Owner,Phitsanulok,0864616541,earth.limthongkul2485@example.co.th,2025-01-25
C02486,Anong,Sukhumvit,1956-05-04,F,Hotel Staff,Lampang,0867170552,anong.sukhumvit2486@example.co.th,2019-02-07
C02487,Bua,Chaiyaporn,1972-01-27,F,Sales,Chiang Rai,0855211575,bua.chaiyaporn2487@example.co.th,2019-05-08
C02488,Malee,Sukhumvit,1978-12-16,M,Doctor,Rayong,0888867841,malee.sukhumvit2488@example.co.th,2021-06-26
C02489,Boss,Saetang,1979-05-24,M,Restaurant Owner,Chiang Mai,0832044652,boss.saetang2489@example.co.th,2023-05-14
C02490,Mai,Rattanapan,1955-02-02,F,Sales,Bangkok,0862435239,mai.rattanapan2490@example.co.th,2022-05-14
C02491,Anong,Srisuk,1965-06-23,M,Teacher,Rayong,0820900372,anong.srisuk2491@example.co.th,2025-06-30
C02492,Tawan,Chaisawat,1985-01-15,M,Teacher,Bangkok,0860357342,tawan.chaisawat2492@example.co.th,2023-12-02
C02493,Niran,Chaisawat,1980-01-20,F,IT Specialist,Phuket,0891407573,niran.chaisawat2493@example.co.th,2018-10-27
C02494,Boss,Charoensuk,1959-11-16,F,Hotel Staff,Hat Yai,0833781932,boss.charoensuk2494@example.co.th,2025-01-22
C02495,Pat,Sukhumvit,1994-10-09,M,Government Officer,Ayutthaya,0859440584,pat.sukhumvit2495@example.co.th,2020-06-22
C02496,Mint,Suwanphon,1979-03-27,F,Farmer,Bangkok,0869417509,mint.suwanphon2496@example.co.th,2024-09-18
C02497,Apinya,Inthanon,1969-07-24,F,Construction Worker,Chiang Mai,0828754310,apinya.inthanon2497@example.co.th,2026-02-21
C02498,Eak,Phutthichai,1966-08-31,M,Shop Owner,Trang,0812612210,eak.phutthichai2498@example.co.th,2024-03-25
C02499,Earth,Wongchai,1999-02-23,F,Construction Worker,Krabi,0816401529,earth.wongchai2499@example.co.th,2019-10-22
C02500,Tee,Chaisawat,1960-12-28,M,Driver,Udon Thani,0880327598,tee.chaisawat2500@example.co.th,2025-07-26
C02501,Praew,Suwanphon,1961-01-09,M,Doctor,Songkhla,0870916922,praew.suwanphon2501@example.co.th,2020-08-08
C02502,Anong,Chaiyaporn,1983-03-10,M,Doctor,Samut Prakan,0856270369,anong.chaiyaporn2502@example.co.th,2022-07-02
C02503,Suda,Kanchanaburi,2003-11-13,F,Government Officer,Phuket,0837503499,suda.kanchanaburi2503@example.co.th,2019-11-04
C02504,Bua,Phongphan,1962-01-19,M,Government Officer,Trang,0860979859,bua.phongphan2504@example.co.th,2019-04-07
C02505,Wichai,Phutthichai,1976-05-07,F,Engineer,Chiang Rai,0872777350,wichai.phutthichai2505@example.co.th,2023-07-24
C02506,Praew,Phromsiri,1985-12-12,M,Doctor,Rayong,0839293518,praew.phromsiri2506@example.co.th,2023-01-07
C02507,Anong,Limthongkul,1981-08-15,F,Sales,Nakhon Ratchasima,0816601392,anong.limthongkul2507@example.co.th,2026-02-21
C02508,Kanya,Phromsiri,1983-12-24,M,Restaurant Owner,Chiang Mai,0863094995,kanya.phromsiri2508@example.co.th,2021-04-19
C02509,Pat,Srisuk,1963-06-25,F,Nurse,Ayutthaya,0817100134,pat.srisuk2509@example.co.th,2020-08-26
C02510,Nok,Sukhumvit,1977-06-10,F,Farmer,Khon Kaen,0881696670,nok.sukhumvit2510@example.co.th,2019-03-20
C02511,Mild,Chaiyaporn,1996-07-22,M,Construction Worker,Krabi,0835051514,mild.chaiyaporn2511@example.co.th,2018-11-04
C02512,Somchai,Kittikun,1963-04-12,M,Teacher,Krabi,0894324385,somchai.kittikun2512@example.co.th,2020-03-03
C02513,Malee,Saetang,1992-09-01,F,Accountant,Nonthaburi,0875941954,malee.saetang2513@example.co.th,2026-03-15
C02514,Bua,Chaisawat,1994-04-16,F,Restaurant Owner,Surat Thani,0841088690,bua.chaisawat2514@example.co.th,2024-01-19
C02515,Wichai,Phongphan,2001-03-25,F,Driver,Nonthaburi,0813913380,wichai.phongphan2515@example.co.th,2021-10-18
C02516,Wichai,Phromsiri,1995-05-04,F,Hotel Staff,Bangkok,0889002110,wichai.phromsiri2516@example.co.th,2024-02-09
C02517,Beam,Phutthichai,1991-02-19,F,Farmer,Khon Kaen,0818199219,beam.phutthichai2517@example.co.th,2022-07-08
C02518,Boss,Watcharaphon,1976-03-02,M,Restaurant Owner,Rayong,0812075251,boss.watcharaphon2518@example.co.th,2022-02-04
C02519,Mai,Boonmee,1988-09-28,M,Teacher,Lampang,0898437475,mai.boonmee2519@example.co.th,2019-12-02
C02520,Kanya,Rattanapan,1986-05-03,M,Teacher,Pathum Thani,0862795451,kanya.rattanapan2520@example.co.th,2025-08-12
C02521,Boss,Sangthong,1956-05-01,F,Construction Worker,Pathum Thani,0824079562,boss.sangthong2521@example.co.th,2025-09-13
C02522,Malee,Inthanon,1968-06-27,M,Teacher,Phuket,0886587087,malee.inthanon2522@example.co.th,2019-07-23
C02523,Chai,Phromsiri,1990-09-13,M,Office Worker,Hat Yai,0889273380,chai.phromsiri2523@example.co.th,2023-12-29
C02524,Mai,Suwanphon,1976-02-07,F,Hotel Staff,Ayutthaya,0883380336,mai.suwanphon2524@example.co.th,2018-03-08
C02525,Kanya,Chaiyaporn,1958-05-23,M,Sales,Pathum Thani,0840843108,kanya.chaiyaporn2525@example.co.th,2025-06-05
C02526,Bank,Limthongkul,1993-11-10,F,Office Worker,Trang,0849173807,bank.limthongkul2526@example.co.th,2025-04-09
C02527,Pim,Thongdee,1985-04-19,M,IT Specialist,Trang,0821276185,pim.thongdee2527@example.co.th,2021-03-07
C02528,Daeng,Kanchanaburi,2003-12-16,F,Hotel Staff,Chiang Rai,0814804924,daeng.kanchanaburi2528@example.co.th,2025-10-18
C02529,Mint,Kanchanaburi,1963-03-23,M,Doctor,Samut Prakan,0883010270,mint.kanchanaburi2529@example.co.th,2022-07-04
C02530,Nok,Inthanon,1997-11-06,M,Government Officer,Songkhla,0892622134,nok.inthanon2530@example.co.th,2023-01-26
C02531,Malee,Inthanon,1961-12-30,M,Accountant,Trang,0894264437,malee.inthanon2531@example.co.th,2025-06-11
C02532,Nok,Watcharaphon,2002-09-30,F,Office Worker,Krabi,0830121529,nok.watcharaphon2532@example.co.th,2024-12-29
C02533,Tee,Phutthichai,2000-05-18,M,Restaurant Owner,Krabi,0827379520,tee.phutthichai2533@example.co.th,2021-08-04
C02534,Pat,Phromsiri,1972-08-06,M,Hotel Staff,Krabi,0896343023,pat.phromsiri2534@example.co.th,2023-12-20
C02535,Chai,Saetang,1955-01-22,M,IT Specialist,Rayong,0893912944,chai.saetang2535@example.co.th,2020-08-30
C02536,Daeng,Srisuk,1979-03-01,F,Hotel Staff,Bangkok,0862365641,daeng.srisuk2536@example.co.th,2022-04-10
C02537,Beam,Chaisawat,1984-10-09,M,Government Officer,Hat Yai,0826753792,beam.chaisawat2537@example.co.th,2019-11-19
C02538,Malee,Limthongkul,1970-10-13,F,Nurse,Pathum Thani,0843716263,malee.limthongkul2538@example.co.th,2020-01-18
C02539,Mild,Saetang,1990-04-10,F,Doctor,Hat Yai,0828838016,mild.saetang2539@example.co.th,2021-12-16
C02540,Bank,Chaisawat,1981-05-23,M,IT Specialist,Nonthaburi,0827864098,bank.chaisawat2540@example.co.th,2025-08-31
C02541,Praew,Phromsiri,1979-02-26,M,Restaurant Owner,Rayong,0836114449,praew.phromsiri2541@example.co.th,2024-02-16
C02542,View,Phromsiri,1964-04-01,F,Engineer,Pathum Thani,0844994374,view.phromsiri2542@example.co.th,2018-11-23
C02543,Bua,Charoensuk,1971-09-28,F,Accountant,Lampang,0874867809,bua.charoensuk2543@example.co.th,2019-12-30
C02544,Mild,Charoensuk,1989-11-27,M,Driver,Nonthaburi,0889070916,mild.charoensuk2544@example.co.th,2020-06-26
C02545,Boss,Rattanapan,1985-10-20,F,Teacher,Chiang Rai,0840004863,boss.rattanapan2545@example.co.th,2023-08-29
C02546,Suda,Limthongkul,1990-02-05,F,Government Officer,Samut Prakan,0896680604,suda.limthongkul2546@example.co.th,2023-06-29
C02547,Pat,Suwanphon,1989-08-27,F,Government Officer,Lampang,0891857225,pat.suwanphon2547@example.co.th,2021-08-05
C02548,Mai,Watcharaphon,1980-10-10,M,Government Officer,Udon Thani,0836059652,mai.watcharaphon2548@example.co.th,2021-06-09
C02549,Mint,Chaisawat,1965-10-06,M,Construction Worker,Chiang Rai,0825193029,mint.chaisawat2549@example.co.th,2023-05-26
C02550,Toon,Watcharaphon,1969-10-14,M,Office Worker,Chiang Mai,0854777065,toon.watcharaphon2550@example.co.th,2024-07-11
C02551,Wichai,Suwanphon,1958-05-20,F,Doctor,Phuket,0862953021,wichai.suwanphon2551@example.co.th,2021-06-13
C02552,Anong,Charoensuk,1981-05-06,M,Shop Owner,Hat Yai,0853992027,anong.charoensuk2552@example.co.th,2020-04-08
C02553,Suda,Sukhumvit,1970-07-26,M,Restaurant Owner,Samut Prakan,0866302151,suda.sukhumvit2553@example.co.th,2023-05-04
C02554,Beam,Saetang,1963-09-26,F,Farmer,Surat Thani,0852590001,beam.saetang2554@example.co.th,2018-07-07
C02555,Somchai,Chaisawat,1978-11-04,M,Nurse,Chonburi,0821695334,somchai.chaisawat2555@example.co.th,2018-05-25
C02556,Mai,Sangthong,1970-11-28,F,Sales,Hat Yai,0881029647,mai.sangthong2556@example.co.th,2019-05-15
C02557,Nan,Phromsiri,2001-12-26,M,Sales,Krabi,0827667669,nan.phromsiri2557@example.co.th,2023-05-12
C02558,Somchai,Suwanphon,1987-05-21,M,Restaurant Owner,Chonburi,0879022241,somchai.suwanphon2558@example.co.th,2023-11-28
C02559,Praew,Sangthong,1991-01-31,M,Construction Worker,Nonthaburi,0854411736,praew.sangthong2559@example.co.th,2024-04-02
C02560,Earth,Phutthichai,1992-04-30,F,Restaurant Owner,Chiang Mai,0888325053,earth.phutthichai2560@example.co.th,2023-09-06
C02561,Fern,Kanchanaburi,2003-05-08,F,Nurse,Hat Yai,0832493530,fern.kanchanaburi2561@example.co.th,2019-07-21
C02562,Ploy,Charoensuk,2000-10-09,F,Office Worker,Pathum Thani,0894848743,ploy.charoensuk2562@example.co.th,2021-10-22
C02563,Beam,Phromsiri,1992-11-08,F,Hotel Staff,Samut Prakan,0892362416,beam.phromsiri2563@example.co.th,2021-03-25
C02564,Kanya,Saetang,1966-07-25,M,Teacher,Nakhon Ratchasima,0867459585,kanya.saetang2564@example.co.th,2021-09-23
C02565,Somchai,Chaiyaporn,1955-07-25,M,Engineer,Chiang Mai,0851183538,somchai.chaiyaporn2565@example.co.th,2022-03-06
C02566,Mint,Rattanapan,1975-10-28,M,Engineer,Phuket,0896255089,mint.rattanapan2566@example.co.th,2019-04-20
C02567,Earth,Charoensuk,1983-06-22,M,Government Officer,Phuket,0853483402,earth.charoensuk2567@example.co.th,2021-10-24
C02568,Ploy,Srisuk,2001-10-23,F,Office Worker,Songkhla,0834447629,ploy.srisuk2568@example.co.th,2025-08-25
C02569,Suda,Thongdee,1982-03-17,F,Driver,Nakhon Ratchasima,0888709772,suda.thongdee2569@example.co.th,2024-12-14
C02570,Nan,Watcharaphon,1967-12-04,M,Driver,Krabi,0870264344,nan.watcharaphon2570@example.co.th,2025-02-23
C02571,Earth,Kanchanaburi,1981-04-04,M,Accountant,Ayutthaya,0810854347,earth.kanchanaburi2571@example.co.th,2019-06-16
C02572,Daeng,Saetang,1970-01-17,F,Doctor,Samut Prakan,0819340643,daeng.saetang2572@example.co.th,2023-11-24
C02573,Tawan,Kittikun,2003-09-30,M,Doctor,Khon Kaen,0818444387,tawan.kittikun2573@example.co.th,2019-06-02
C02574,Tawan,Chaisawat,1967-11-06,F,Sales,Bangkok,0822429110,tawan.chaisawat2574@example.co.th,2018-08-30
C02575,Eak,Boonmee,1963-01-23,M,Driver,Chiang Rai,0845217439,eak.boonmee2575@example.co.th,2023-06-29
C02576,Kanya,Sukhumvit,2004-08-03,F,Government Officer,Hat Yai,0881472700,kanya.sukhumvit2576@example.co.th,2019-11-08
C02577,Mai,Watcharaphon,1991-04-01,M,IT Specialist,Chiang Rai,0871206971,mai.watcharaphon2577@example.co.th,2019-12-26
C02578,Earth,Kittikun,1986-05-29,F,Shop Owner,Krabi,0844942332,earth.kittikun2578@example.co.th,2022-01-27
C02579,Praew,Suwanphon,1998-05-29,F,Engineer,Chonburi,0886667691,praew.suwanphon2579@example.co.th,2018-05-14
C02580,Chai,Chaiyaporn,1963-02-04,F,Driver,Chiang Rai,0898272028,chai.chaiyaporn2580@example.co.th,2024-03-18
C02581,Wichai,Phongphan,1990-03-19,M,Accountant,Chiang Mai,0868993592,wichai.phongphan2581@example.co.th,2019-05-11
C02582,Mint,Watcharaphon,1970-10-01,F,IT Specialist,Phuket,0838866008,mint.watcharaphon2582@example.co.th,2020-03-23
C02583,Nok,Sukhumvit,2005-08-23,M,Restaurant Owner,Phitsanulok,0813928091,nok.sukhumvit2583@example.co.th,2021-08-27
C02584,Kanya,Kittikun,1968-12-03,M,Accountant,Phitsanulok,0865289687,kanya.kittikun2584@example.co.th,2019-12-03
C02585,Suda,Phutthichai,1984-05-01,M,IT Specialist,Phitsanulok,0850694620,suda.phutthichai2585@example.co.th,2020-08-25
C02586,Praew,Limthongkul,1967-11-28,M,Shop Owner,Surat Thani,0897687081,praew.limthongkul2586@example.co.th,2022-01-29
C02587,Nan,Rattanapan,2003-06-18,F,Office Worker,Songkhla,0851347303,nan.rattanapan2587@example.co.th,2020-12-28
C02588,Fern,Phongphan,1998-11-17,F,Doctor,Hat Yai,0831684442,fern.phongphan2588@example.co.th,2022-05-30
C02589,Apinya,Rattanapan,1956-10-02,F,Nurse,Phitsanulok,0844077377,apinya.rattanapan2589@example.co.th,2024-06-23
C02590,Earth,Watcharaphon,1965-06-13,F,Sales,Nonthaburi,0888150391,earth.watcharaphon2590@example.co.th,2022-12-03
C02591,Somchai,Kittikun,1970-08-22,M,Engineer,Hat Yai,0817440698,somchai.kittikun2591@example.co.th,2021-09-18
C02592,Wichai,Chaisawat,1997-01-12,F,Accountant,Chiang Rai,0825101251,wichai.chaisawat2592@example.co.th,2020-05-27
C02593,Ploy,Charoensuk,1967-05-29,M,Engineer,Phitsanulok,0830030597,ploy.charoensuk2593@example.co.th,2018-04-26
C02594,Earth,Phongphan,1967-02-01,F,Accountant,Samut Prakan,0817286763,earth.phongphan2594@example.co.th,2024-02-23
C02595,Tawan,Kittikun,1958-05-18,F,Hotel Staff,Chiang Mai,0884384809,tawan.kittikun2595@example.co.th,2023-06-26
C02596,Toon,Kanchanaburi,2001-07-12,F,Shop Owner,Chiang Rai,0838264338,toon.kanchanaburi2596@example.co.th,2025-10-10
C02597,Beam,Sangthong,2001-02-21,M,Doctor,Samut Prakan,0895554021,beam.sangthong2597@example.co.th,2024-01-01
C02598,Eak,Srisuk,1958-08-18,M,Nurse,Songkhla,0850547649,eak.srisuk2598@example.co.th,2020-08-25
C02599,Mild,Inthanon,1962-05-11,F,Teacher,Phitsanulok,0871768981,mild.inthanon2599@example.co.th,2018-09-30
C02600,Daeng,Kittikun,1973-11-04,M,Government Officer,Phitsanulok,0830027348,daeng.kittikun2600@example.co.th,2025-03-18
C02601,Tee,Kittikun,1986-03-30,M,Nurse,Bangkok,0836687785,tee.kittikun2601@example.co.th,2023-05-12
C02602,Malee,Saetang,1972-04-20,M,Construction Worker,Chiang Mai,0810659341,malee.saetang2602@example.co.th,2024-06-19
C02603,Fern,Watcharaphon,1962-06-01,F,Teacher,Songkhla,0891697955,fern.watcharaphon2603@example.co.th,2019-04-17
C02604,Pim,Inthanon,1959-05-06,M,Teacher,Chonburi,0837816036,pim.inthanon2604@example.co.th,2019-10-07
C02605,Suda,Kanchanaburi,1991-10-17,M,Government Officer,Hat Yai,0825457307,suda.kanchanaburi2605@example.co.th,2024-10-17
C02606,Mai,Wongchai,1965-05-26,F,Driver,Khon Kaen,0824026495,mai.wongchai2606@example.co.th,2019-06-15
C02607,Mild,Kittikun,1958-10-03,M,Farmer,Khon Kaen,0828251835,mild.kittikun2607@example.co.th,2026-02-09
C02608,Chai,Saetang,1994-04-06,M,Construction Worker,Surat Thani,0893614156,chai.saetang2608@example.co.th,2026-03-08
C02609,Tawan,Srisuk,1981-05-05,M,Driver,Phitsanulok,0861040801,tawan.srisuk2609@example.co.th,2021-10-13
C02610,Tawan,Limthongkul,1956-03-15,F,IT Specialist,Nonthaburi,0899274089,tawan.limthongkul2610@example.co.th,2021-05-19
C02611,Mai,Saetang,1964-04-18,F,Engineer,Chonburi,0823483335,mai.saetang2611@example.co.th,2019-01-05
C02612,Apinya,Boonmee,2005-02-04,M,Construction Worker,Rayong,0855252261,apinya.boonmee2612@example.co.th,2018-02-05
C02613,Tee,Charoensuk,1967-01-29,F,Driver,Chonburi,0827288238,tee.charoensuk2613@example.co.th,2018-03-12
C02614,Bank,Phromsiri,1972-05-16,F,Accountant,Samut Prakan,0861069257,bank.phromsiri2614@example.co.th,2018-09-28
C02615,Earth,Boonmee,1974-04-03,F,Engineer,Phitsanulok,0888310524,earth.boonmee2615@example.co.th,2023-07-27
C02616,Bank,Boonmee,1963-09-20,F,Teacher,Surat Thani,0829042679,bank.boonmee2616@example.co.th,2021-02-02
C02617,Tawan,Phutthichai,1987-03-18,F,Office Worker,Lampang,0859216380,tawan.phutthichai2617@example.co.th,2022-05-06
C02618,Apinya,Chaiyaporn,1974-01-08,F,Teacher,Bangkok,0830960858,apinya.chaiyaporn2618@example.co.th,2018-04-16
C02619,Pim,Watcharaphon,1959-10-30,M,Shop Owner,Ayutthaya,0892443394,pim.watcharaphon2619@example.co.th,2019-10-26
C02620,Ploy,Rattanapan,2005-01-07,F,Government Officer,Krabi,0832327365,ploy.rattanapan2620@example.co.th,2024-09-19
C02621,Toon,Srisuk,1994-10-02,F,Driver,Phuket,0889297534,toon.srisuk2621@example.co.th,2018-04-02
C02622,Fern,Rattanapan,1966-08-30,F,Office Worker,Chonburi,0897254175,fern.rattanapan2622@example.co.th,2019-03-15
C02623,Chai,Charoensuk,1978-06-03,M,Doctor,Nonthaburi,0848313228,chai.charoensuk2623@example.co.th,2018-05-13
C02624,Wichai,Srisuk,1966-03-09,F,Construction Worker,Bangkok,0864430657,wichai.srisuk2624@example.co.th,2023-07-27
C02625,Tee,Kanchanaburi,1988-01-25,F,Sales,Ayutthaya,0818708366,tee.kanchanaburi2625@example.co.th,2022-02-28
C02626,Nok,Phromsiri,1986-03-23,F,Driver,Samut Prakan,0833150209,nok.phromsiri2626@example.co.th,2020-10-05
C02627,Malee,Watcharaphon,1964-07-19,F,Farmer,Chonburi,0868275307,malee.watcharaphon2627@example.co.th,2018-01-12
C02628,Suda,Srisuk,2004-10-14,M,Hotel Staff,Chiang Mai,0879012477,suda.srisuk2628@example.co.th,2019-05-18
C02629,Niran,Sukhumvit,1957-05-23,M,Teacher,Ayutthaya,0870307484,niran.sukhumvit2629@example.co.th,2022-06-21
C02630,Malee,Wongchai,1998-11-14,F,Office Worker,Nonthaburi,0815720821,malee.wongchai2630@example.co.th,2024-02-08
C02631,Somchai,Saetang,1963-09-28,F,Teacher,Samut Prakan,0829881959,somchai.saetang2631@example.co.th,2024-08-24
C02632,Somchai,Phongphan,1985-09-30,F,Teacher,Chiang Mai,0836237653,somchai.phongphan2632@example.co.th,2023-09-14
C02633,Niran,Phutthichai,1995-08-21,M,Government Officer,Khon Kaen,0872001364,niran.phutthichai2633@example.co.th,2025-12-28
C02634,Wichai,Charoensuk,1962-02-24,F,Shop Owner,Chiang Mai,0881228560,wichai.charoensuk2634@example.co.th,2021-02-02
C02635,Ploy,Thongdee,1972-11-24,M,Teacher,Rayong,0836380976,ploy.thongdee2635@example.co.th,2018-04-12
C02636,Somchai,Phromsiri,1994-01-13,F,Office Worker,Nonthaburi,0880883378,somchai.phromsiri2636@example.co.th,2025-08-02
C02637,Daeng,Kanchanaburi,1993-03-18,F,Farmer,Ayutthaya,0813984125,daeng.kanchanaburi2637@example.co.th,2020-04-17
C02638,Suda,Limthongkul,1955-06-29,M,IT Specialist,Pathum Thani,0836892617,suda.limthongkul2638@example.co.th,2024-10-22
C02639,Eak,Kittikun,1994-06-05,F,Construction Worker,Udon Thani,0862831328,eak.kittikun2639@example.co.th,2022-11-25
C02640,Bank,Chaiyaporn,1962-01-30,M,Office Worker,Samut Prakan,0842285783,bank.chaiyaporn2640@example.co.th,2019-07-21
C02641,Nan,Watcharaphon,1956-09-13,M,Nurse,Chiang Mai,0864087642,nan.watcharaphon2641@example.co.th,2022-08-27
C02642,Fern,Phongphan,1982-11-12,M,Hotel Staff,Pathum Thani,0819101470,fern.phongphan2642@example.co.th,2019-04-23
C02643,Niran,Kanchanaburi,1998-07-27,M,Construction Worker,Hat Yai,0843865364,niran.kanchanaburi2643@example.co.th,2018-06-02
C02644,Somchai,Suwanphon,1976-03-02,M,Restaurant Owner,Lampang,0885553948,somchai.suwanphon2644@example.co.th,2025-11-06
C02645,Boss,Suwanphon,1955-04-10,M,IT Specialist,Pathum Thani,0818828684,boss.suwanphon2645@example.co.th,2021-07-21
C02646,Earth,Kittikun,1958-10-17,M,Hotel Staff,Udon Thani,0889140910,earth.kittikun2646@example.co.th,2021-05-04
C02647,Mint,Chaisawat,1999-07-31,F,IT Specialist,Rayong,0840021918,mint.chaisawat2647@example.co.th,2025-04-08
C02648,Anong,Sukhumvit,1996-07-23,F,IT Specialist,Phitsanulok,0826143430,anong.sukhumvit2648@example.co.th,2022-08-26
C02649,Eak,Chaisawat,2004-12-05,M,Driver,Nakhon Ratchasima,0861271711,eak.chaisawat2649@example.co.th,2019-02-12
C02650,Pim,Sukhumvit,1998-07-05,M,Farmer,Nakhon Ratchasima,0874409997,pim.sukhumvit2650@example.co.th,2024-05-27
C02651,Malee,Rattanapan,1975-12-06,F,Driver,Nonthaburi,0834563902,malee.rattanapan2651@example.co.th,2020-05-13
C02652,Beam,Saetang,1980-12-08,M,Sales,Phitsanulok,0869870230,beam.saetang2652@example.co.th,2018-03-02
C02653,Anong,Suwanphon,1969-10-25,M,Government Officer,Ayutthaya,0838768529,anong.suwanphon2653@example.co.th,2023-03-29
C02654,Niran,Saetang,1996-05-02,M,Teacher,Lampang,0821948440,niran.saetang2654@example.co.th,2022-08-10
C02655,Niran,Kittikun,1957-06-17,M,Restaurant Owner,Udon Thani,0883249011,niran.kittikun2655@example.co.th,2018-12-09
C02656,Wichai,Sangthong,2001-01-07,F,Construction Worker,Trang,0829677109,wichai.sangthong2656@example.co.th,2019-04-04
C02657,Anong,Kanchanaburi,1957-01-04,F,Construction Worker,Lampang,0898783194,anong.kanchanaburi2657@example.co.th,2023-09-13
C02658,Somchai,Wongchai,2004-01-15,F,Nurse,Rayong,0881820436,somchai.wongchai2658@example.co.th,2019-07-21
C02659,Kanya,Phongphan,1995-06-27,M,Sales,Samut Prakan,0869103258,kanya.phongphan2659@example.co.th,2023-09-08
C02660,Daeng,Kanchanaburi,1956-01-13,M,Government Officer,Lampang,0813448448,daeng.kanchanaburi2660@example.co.th,2020-11-28
C02661,Praew,Srisuk,1992-07-27,F,Farmer,Krabi,0899467394,praew.srisuk2661@example.co.th,2019-01-19
C02662,Bank,Kittikun,1971-12-13,M,Nurse,Rayong,0889950868,bank.kittikun2662@example.co.th,2022-07-10
C02663,Anong,Wongchai,1969-02-27,F,IT Specialist,Chiang Rai,0889246165,anong.wongchai2663@example.co.th,2021-01-12
C02664,Earth,Kittikun,1992-12-28,M,Farmer,Lampang,0862627379,earth.kittikun2664@example.co.th,2024-06-27
C02665,Bua,Watcharaphon,1959-06-28,M,Sales,Udon Thani,0857599142,bua.watcharaphon2665@example.co.th,2020-07-28
C02666,Nan,Phongphan,1978-03-16,F,Teacher,Phuket,0857594954,nan.phongphan2666@example.co.th,2022-10-16
C02667,Niran,Watcharaphon,2004-07-04,M,Farmer,Surat Thani,0848133600,niran.watcharaphon2667@example.co.th,2025-07-24
C02668,View,Limthongkul,2005-01-28,F,Accountant,Surat Thani,0860652004,view.limthongkul2668@example.co.th,2021-12-21
C02669,Suda,Kanchanaburi,1990-09-20,F,IT Specialist,Nonthaburi,0816062289,suda.kanchanaburi2669@example.co.th,2024-10-13
C02670,Mild,Phutthichai,1980-05-23,F,Driver,Trang,0883390044,mild.phutthichai2670@example.co.th,2020-10-15
C02671,Beam,Suwanphon,1993-07-07,F,Farmer,Bangkok,0878679294,beam.suwanphon2671@example.co.th,2021-07-03
C02672,Pim,Wongchai,1994-10-30,M,Office Worker,Bangkok,0855367996,pim.wongchai2672@example.co.th,2019-02-23
C02673,Eak,Chaiyaporn,1969-05-03,M,Restaurant Owner,Samut Prakan,0894599602,eak.chaiyaporn2673@example.co.th,2022-07-24
C02674,Malee,Limthongkul,2004-01-18,M,Office Worker,Chonburi,0887023573,malee.limthongkul2674@example.co.th,2020-06-28
C02675,Malee,Limthongkul,1990-11-24,M,Sales,Lampang,0815514729,malee.limthongkul2675@example.co.th,2022-11-21
C02676,Pim,Suwanphon,1990-06-15,M,Hotel Staff,Krabi,0880760834,pim.suwanphon2676@example.co.th,2022-12-29
C02677,Toon,Phromsiri,1961-02-11,M,Sales,Ayutthaya,0818510743,toon.phromsiri2677@example.co.th,2019-01-01
C02678,Apinya,Wongchai,1974-03-29,M,Shop Owner,Khon Kaen,0898742229,apinya.wongchai2678@example.co.th,2024-09-22
C02679,Mint,Kittikun,1973-05-09,M,Doctor,Ayutthaya,0838634519,mint.kittikun2679@example.co.th,2023-05-01
C02680,Beam,Phutthichai,1955-01-14,M,Doctor,Pathum Thani,0815877509,beam.phutthichai2680@example.co.th,2020-11-08
C02681,Chai,Limthongkul,2000-11-05,F,Shop Owner,Khon Kaen,0812943511,chai.limthongkul2681@example.co.th,2019-11-10
C02682,Daeng,Suwanphon,1982-02-06,M,Nurse,Krabi,0826719412,daeng.suwanphon2682@example.co.th,2024-11-29
C02683,Suda,Phutthichai,1983-07-09,M,Accountant,Chiang Mai,0848809347,suda.phutthichai2683@example.co.th,2021-01-25
C02684,Somchai,Phromsiri,1992-05-10,M,Farmer,Rayong,0874993537,somchai.phromsiri2684@example.co.th,2018-09-25
C02685,Mai,Saetang,1966-05-17,M,Office Worker,Udon Thani,0882617403,mai.saetang2685@example.co.th,2026-03-07
C02686,Somchai,Inthanon,1996-06-03,M,Teacher,Lampang,0846439924,somchai.inthanon2686@example.co.th,2018-11-23
C02687,Nok,Suwanphon,1992-02-12,M,Hotel Staff,Chiang Rai,0840396847,nok.suwanphon2687@example.co.th,2021-08-30
C02688,Toon,Kittikun,1990-05-24,F,Office Worker,Rayong,0866664725,toon.kittikun2688@example.co.th,2024-11-30
C02689,Bua,Limthongkul,1977-05-03,F,Accountant,Phitsanulok,0893019717,bua.limthongkul2689@example.co.th,2024-02-29
C02690,Nok,Thongdee,2000-06-17,F,Accountant,Rayong,0822119306,nok.thongdee2690@example.co.th,2021-09-02
C02691,Chai,Phromsiri,1978-06-08,M,Teacher,Pathum Thani,0826658677,chai.phromsiri2691@example.co.th,2024-11-18
C02692,Pim,Chaisawat,1971-03-15,F,Shop Owner,Chiang Mai,0843070778,pim.chaisawat2692@example.co.th,2025-10-25
C02693,Mild,Inthanon,1958-12-28,M,Teacher,Samut Prakan,0873683739,mild.inthanon2693@example.co.th,2018-11-18
C02694,Fern,Srisuk,1975-05-16,F,Doctor,Trang,0866539060,fern.srisuk2694@example.co.th,2021-07-11
C02695,Wichai,Phutthichai,1966-04-14,F,Shop Owner,Khon Kaen,0859981121,wichai.phutthichai2695@example.co.th,2024-09-21
C02696,Niran,Inthanon,1998-07-23,M,Government Officer,Bangkok,0889741086,niran.inthanon2696@example.co.th,2025-05-11
C02697,Mint,Phromsiri,1982-01-06,F,Office Worker,Chonburi,0887895123,mint.phromsiri2697@example.co.th,2020-10-21
C02698,Kanya,Srisuk,1981-04-25,F,IT Specialist,Rayong,0846771858,kanya.srisuk2698@example.co.th,2026-04-22
C02699,Boss,Limthongkul,1994-01-07,F,Driver,Ayutthaya,0816711201,boss.limthongkul2699@example.co.th,2021-08-31
C02700,Earth,Phutthichai,1978-07-08,M,Restaurant Owner,Nonthaburi,0851707096,earth.phutthichai2700@example.co.th,2021-07-13
C02701,Fern,Sangthong,1998-12-18,F,Office Worker,Hat Yai,0813917037,fern.sangthong2701@example.co.th,2024-05-28
C02702,Nok,Thongdee,1983-08-12,M,Hotel Staff,Surat Thani,0877970791,nok.thongdee2702@example.co.th,2024-10-28
C02703,Somchai,Phutthichai,1966-09-27,F,Nurse,Surat Thani,0864282556,somchai.phutthichai2703@example.co.th,2022-04-11
C02704,Earth,Chaiyaporn,1971-07-15,F,Accountant,Ayutthaya,0848814484,earth.chaiyaporn2704@example.co.th,2018-08-10
C02705,Suda,Inthanon,1984-12-18,F,Doctor,Trang,0817207367,suda.inthanon2705@example.co.th,2018-02-07
C02706,Nan,Phutthichai,1969-05-18,M,Engineer,Nonthaburi,0830422009,nan.phutthichai2706@example.co.th,2021-04-19
C02707,Kanya,Kanchanaburi,1993-05-31,F,Nurse,Krabi,0863852997,kanya.kanchanaburi2707@example.co.th,2019-07-05
C02708,Mai,Charoensuk,1961-01-15,M,Teacher,Rayong,0820611935,mai.charoensuk2708@example.co.th,2019-12-26
C02709,Malee,Phongphan,1963-04-13,F,Office Worker,Samut Prakan,0879399893,malee.phongphan2709@example.co.th,2025-03-04
C02710,Eak,Srisuk,1955-07-20,M,Teacher,Lampang,0873697764,eak.srisuk2710@example.co.th,2024-08-08
C02711,Pat,Inthanon,1998-03-03,M,Doctor,Krabi,0820620936,pat.inthanon2711@example.co.th,2019-12-10
C02712,Tee,Chaisawat,1987-02-24,M,Construction Worker,Hat Yai,0846667896,tee.chaisawat2712@example.co.th,2023-01-02
C02713,Pim,Phutthichai,1978-08-09,F,Teacher,Nonthaburi,0829766881,pim.phutthichai2713@example.co.th,2026-03-11
C02714,Suda,Kittikun,1959-10-19,F,Doctor,Songkhla,0874252953,suda.kittikun2714@example.co.th,2021-11-02
C02715,Wichai,Phutthichai,1986-01-06,F,Restaurant Owner,Phitsanulok,0881442747,wichai.phutthichai2715@example.co.th,2018-07-16
C02716,Nok,Limthongkul,1986-06-07,F,Nurse,Nonthaburi,0878995442,nok.limthongkul2716@example.co.th,2019-12-18
C02717,Apinya,Chaiyaporn,1966-01-26,M,Office Worker,Lampang,0853526658,apinya.chaiyaporn2717@example.co.th,2020-11-03
C02718,Daeng,Suwanphon,1959-03-25,F,Nurse,Chiang Mai,0851003929,daeng.suwanphon2718@example.co.th,2025-04-27
C02719,Daeng,Thongdee,1996-11-30,M,Restaurant Owner,Pathum Thani,0836415300,daeng.thongdee2719@example.co.th,2018-11-11
C02720,Suda,Chaiyaporn,1972-05-13,F,Nurse,Chonburi,0882110743,suda.chaiyaporn2720@example.co.th,2024-11-23
C02721,Mai,Watcharaphon,1962-08-12,F,Construction Worker,Hat Yai,0863437980,mai.watcharaphon2721@example.co.th,2020-04-24
C02722,Wichai,Thongdee,1969-12-04,M,Government Officer,Krabi,0835719895,wichai.thongdee2722@example.co.th,2024-03-23
C02723,Praew,Inthanon,1970-03-24,F,Shop Owner,Phuket,0811693235,praew.inthanon2723@example.co.th,2025-05-07
C02724,Praew,Srisuk,1961-01-13,F,Doctor,Trang,0815597221,praew.srisuk2724@example.co.th,2020-11-10
C02725,Chai,Sukhumvit,1957-12-23,M,Shop Owner,Rayong,0883191432,chai.sukhumvit2725@example.co.th,2023-08-23
C02726,Bank,Chaiyaporn,1978-12-07,M,Shop Owner,Trang,0840805436,bank.chaiyaporn2726@example.co.th,2021-06-05
C02727,Somchai,Srisuk,1964-04-25,M,Accountant,Chiang Rai,0863195723,somchai.srisuk2727@example.co.th,2022-12-10
C02728,Ploy,Saetang,1980-09-17,M,Restaurant Owner,Chiang Rai,0867040474,ploy.saetang2728@example.co.th,2021-11-15
C02729,Kanya,Suwanphon,1977-10-18,F,Nurse,Udon Thani,0845149954,kanya.suwanphon2729@example.co.th,2022-10-18
C02730,Niran,Limthongkul,1973-11-11,F,Accountant,Lampang,0818852650,niran.limthongkul2730@example.co.th,2023-05-01
C02731,Toon,Chaisawat,1974-07-05,M,Government Officer,Hat Yai,0896139190,toon.chaisawat2731@example.co.th,2025-09-11
C02732,Mint,Charoensuk,1976-08-12,M,Engineer,Trang,0882025376,mint.charoensuk2732@example.co.th,2023-02-13
C02733,Pat,Saetang,1977-12-01,F,Hotel Staff,Lampang,0893496702,pat.saetang2733@example.co.th,2024-05-15
C02734,Tee,Phutthichai,2002-05-05,M,Construction Worker,Chiang Rai,0890376344,tee.phutthichai2734@example.co.th,2018-09-07
C02735,Apinya,Charoensuk,1998-03-05,M,Restaurant Owner,Phitsanulok,0874336097,apinya.charoensuk2735@example.co.th,2019-03-05
C02736,Malee,Kanchanaburi,1967-05-04,F,Doctor,Udon Thani,0814889442,malee.kanchanaburi2736@example.co.th,2019-01-02
C02737,Boss,Chaisawat,2003-06-27,F,Engineer,Rayong,0845943456,boss.chaisawat2737@example.co.th,2019-06-26
C02738,View,Sukhumvit,2004-12-12,F,Engineer,Surat Thani,0879989640,view.sukhumvit2738@example.co.th,2020-08-22
C02739,Wichai,Phromsiri,1964-04-04,M,IT Specialist,Chonburi,0898520749,wichai.phromsiri2739@example.co.th,2024-03-01
C02740,Ploy,Boonmee,1990-02-27,M,Engineer,Nonthaburi,0879401450,ploy.boonmee2740@example.co.th,2023-10-10
C02741,Mild,Srisuk,2004-12-22,M,Engineer,Songkhla,0826257335,mild.srisuk2741@example.co.th,2018-07-03
C02742,Bank,Phongphan,1956-05-03,M,Engineer,Nonthaburi,0810283548,bank.phongphan2742@example.co.th,2018-03-08
C02743,Anong,Saetang,1989-08-16,F,Driver,Hat Yai,0825383275,anong.saetang2743@example.co.th,2018-07-05
C02744,Mild,Boonmee,2000-07-26,F,Accountant,Trang,0861839427,mild.boonmee2744@example.co.th,2019-05-14
C02745,Somchai,Limthongkul,1962-07-02,M,Shop Owner,Nakhon Ratchasima,0861501475,somchai.limthongkul2745@example.co.th,2019-01-16
C02746,Apinya,Srisuk,1976-02-08,F,Construction Worker,Lampang,0852859035,apinya.srisuk2746@example.co.th,2025-04-15
C02747,Wichai,Wongchai,2000-10-13,F,Nurse,Chiang Mai,0866524475,wichai.wongchai2747@example.co.th,2024-03-04
C02748,Mint,Chaiyaporn,1972-06-29,F,Driver,Pathum Thani,0889014190,mint.chaiyaporn2748@example.co.th,2021-07-19
C02749,Bank,Phongphan,1958-02-16,M,Accountant,Bangkok,0812268507,bank.phongphan2749@example.co.th,2023-02-16
C02750,Bank,Inthanon,1971-05-13,F,Restaurant Owner,Bangkok,0847439726,bank.inthanon2750@example.co.th,2021-09-11
C02751,Beam,Phromsiri,1989-01-07,M,Shop Owner,Hat Yai,0812623306,beam.phromsiri2751@example.co.th,2025-09-23
C02752,Niran,Phutthichai,1993-10-31,F,Nurse,Rayong,0822351726,niran.phutthichai2752@example.co.th,2018-10-30
C02753,Somchai,Inthanon,1988-04-12,M,Accountant,Nakhon Ratchasima,0822119360,somchai.inthanon2753@example.co.th,2025-11-23
C02754,Bank,Rattanapan,1980-04-25,F,Office Worker,Bangkok,0853477284,bank.rattanapan2754@example.co.th,2019-02-16
C02755,Eak,Chaisawat,1979-02-14,F,Government Officer,Trang,0880168054,eak.chaisawat2755@example.co.th,2024-11-24
C02756,Somchai,Sangthong,2005-05-23,F,Driver,Songkhla,0883582824,somchai.sangthong2756@example.co.th,2020-04-08
C02757,Apinya,Limthongkul,1967-08-20,F,Engineer,Rayong,0862132081,apinya.limthongkul2757@example.co.th,2024-10-21
C02758,Nok,Boonmee,2002-05-14,F,Office Worker,Surat Thani,0884547316,nok.boonmee2758@example.co.th,2023-11-01
C02759,View,Phromsiri,1965-08-12,F,Hotel Staff,Krabi,0892458705,view.phromsiri2759@example.co.th,2018-10-25
C02760,Daeng,Boonmee,1988-04-13,F,Engineer,Phitsanulok,0858723900,daeng.boonmee2760@example.co.th,2023-02-01
C02761,Boss,Wongchai,1995-10-10,M,Accountant,Rayong,0889819497,boss.wongchai2761@example.co.th,2020-08-27
C02762,Pim,Boonmee,1962-10-21,F,Construction Worker,Chonburi,0858117953,pim.boonmee2762@example.co.th,2023-02-05
C02763,Boss,Saetang,2005-02-26,F,Government Officer,Nonthaburi,0850631151,boss.saetang2763@example.co.th,2018-11-19
C02764,Praew,Boonmee,1988-01-24,M,Hotel Staff,Chonburi,0871872428,praew.boonmee2764@example.co.th,2022-01-19
C02765,Chai,Saetang,1983-03-15,F,Farmer,Khon Kaen,0871326516,chai.saetang2765@example.co.th,2021-04-06
C02766,Nan,Wongchai,1967-05-18,F,Driver,Krabi,0890815605,nan.wongchai2766@example.co.th,2020-01-28
C02767,Earth,Wongchai,1963-08-31,M,Nurse,Lampang,0822334885,earth.wongchai2767@example.co.th,2024-10-28
C02768,Nan,Phromsiri,1991-02-20,F,Nurse,Chonburi,0833760048,nan.phromsiri2768@example.co.th,2019-10-29
C02769,Pim,Chaisawat,1997-11-03,M,Farmer,Pathum Thani,0817166497,pim.chaisawat2769@example.co.th,2025-12-06
C02770,View,Suwanphon,1987-11-16,M,Teacher,Udon Thani,0884296506,view.suwanphon2770@example.co.th,2021-11-20
C02771,Bua,Thongdee,1988-06-13,M,Shop Owner,Krabi,0868400503,bua.thongdee2771@example.co.th,2023-09-03
C02772,Pim,Boonmee,1967-09-12,F,Farmer,Chonburi,0810008169,pim.boonmee2772@example.co.th,2025-12-19
C02773,Tee,Boonmee,1959-06-20,F,Doctor,Phuket,0855925432,tee.boonmee2773@example.co.th,2022-08-07
C02774,Malee,Srisuk,1996-03-18,M,Restaurant Owner,Nonthaburi,0828255279,malee.srisuk2774@example.co.th,2021-02-14
C02775,Boss,Watcharaphon,1970-12-08,M,Construction Worker,Chiang Rai,0885160586,boss.watcharaphon2775@example.co.th,2024-11-07
C02776,Chai,Suwanphon,1955-06-15,M,Farmer,Chiang Mai,0879816122,chai.suwanphon2776@example.co.th,2025-04-24
C02777,Mild,Saetang,1971-05-25,F,Accountant,Nonthaburi,0870750160,mild.saetang2777@example.co.th,2020-09-11
C02778,Anong,Chaiyaporn,1992-08-26,F,Construction Worker,Phuket,0882778882,anong.chaiyaporn2778@example.co.th,2022-03-09
C02779,Somchai,Watcharaphon,1960-11-29,F,Office Worker,Chiang Mai,0896098044,somchai.watcharaphon2779@example.co.th,2025-10-30
C02780,Mai,Srisuk,1963-03-17,F,Government Officer,Khon Kaen,0891928972,mai.srisuk2780@example.co.th,2019-12-31
C02781,Boss,Kanchanaburi,1964-10-18,F,Engineer,Phuket,0867365150,boss.kanchanaburi2781@example.co.th,2018-11-28
C02782,Beam,Srisuk,1987-07-17,F,Government Officer,Surat Thani,0886438590,beam.srisuk2782@example.co.th,2019-07-12
C02783,Tawan,Srisuk,1957-12-11,M,Hotel Staff,Hat Yai,0867738851,tawan.srisuk2783@example.co.th,2024-08-28
C02784,Chai,Boonmee,1955-05-31,F,Construction Worker,Krabi,0897730855,chai.boonmee2784@example.co.th,2018-12-21
C02785,View,Saetang,1983-01-06,F,Accountant,Lampang,0849330568,view.saetang2785@example.co.th,2020-07-18
C02786,Earth,Chaiyaporn,2005-11-29,F,Driver,Chiang Rai,0889604276,earth.chaiyaporn2786@example.co.th,2024-03-24
C02787,Tee,Sukhumvit,1991-12-22,M,Sales,Samut Prakan,0844506148,tee.sukhumvit2787@example.co.th,2021-02-16
C02788,Ploy,Phongphan,1992-02-02,M,Farmer,Phuket,0837136755,ploy.phongphan2788@example.co.th,2021-06-27
C02789,Earth,Limthongkul,1962-06-01,M,Government Officer,Songkhla,0844603602,earth.limthongkul2789@example.co.th,2021-09-23
C02790,Niran,Chaiyaporn,1986-07-24,F,Doctor,Lampang,0834585451,niran.chaiyaporn2790@example.co.th,2018-10-09
C02791,Nok,Thongdee,1974-02-20,F,Nurse,Samut Prakan,0880332493,nok.thongdee2791@example.co.th,2020-09-18
C02792,Chai,Chaiyaporn,1992-09-27,M,Driver,Chiang Rai,0846642579,chai.chaiyaporn2792@example.co.th,2024-02-14
C02793,Fern,Srisuk,1993-07-06,M,Sales,Hat Yai,0883545099,fern.srisuk2793@example.co.th,2020-06-16
C02794,Nan,Suwanphon,1981-11-16,M,Office Worker,Lampang,0850753834,nan.suwanphon2794@example.co.th,2019-12-26
C02795,Chai,Rattanapan,1989-04-29,F,Construction Worker,Nakhon Ratchasima,0828508590,chai.rattanapan2795@example.co.th,2024-01-22
C02796,Niran,Charoensuk,1984-12-18,F,Restaurant Owner,Chiang Mai,0869637432,niran.charoensuk2796@example.co.th,2021-02-07
C02797,Nan,Srisuk,1990-04-20,F,Sales,Samut Prakan,0855038576,nan.srisuk2797@example.co.th,2021-12-14
C02798,Anong,Sangthong,1990-08-16,M,Sales,Nonthaburi,0834531277,anong.sangthong2798@example.co.th,2026-03-06
C02799,Bank,Boonmee,1958-01-19,F,Construction Worker,Lampang,0853560692,bank.boonmee2799@example.co.th,2019-03-15
C02800,Niran,Watcharaphon,1982-10-06,M,Construction Worker,Bangkok,0841349369,niran.watcharaphon2800@example.co.th,2019-02-13
C02801,Anong,Phongphan,1996-07-05,F,Teacher,Chiang Rai,0890668480,anong.phongphan2801@example.co.th,2025-09-13
C02802,Somchai,Chaiyaporn,1984-06-22,F,IT Specialist,Nakhon Ratchasima,0862219432,somchai.chaiyaporn2802@example.co.th,2018-08-10
C02803,Bua,Kittikun,1970-02-02,F,Accountant,Bangkok,0893346861,bua.kittikun2803@example.co.th,2022-02-28
C02804,Mild,Rattanapan,1983-04-10,M,IT Specialist,Udon Thani,0833773513,mild.rattanapan2804@example.co.th,2018-01-03
C02805,View,Wongchai,1967-02-18,F,Construction Worker,Nonthaburi,0852110410,view.wongchai2805@example.co.th,2024-05-06
C02806,Daeng,Srisuk,1955-12-13,F,Hotel Staff,Nonthaburi,0816814758,daeng.srisuk2806@example.co.th,2018-11-20
C02807,Chai,Phongphan,1985-04-04,M,Construction Worker,Songkhla,0856576842,chai.phongphan2807@example.co.th,2025-05-05
C02808,Bua,Phromsiri,1978-04-17,F,Government Officer,Hat Yai,0868795644,bua.phromsiri2808@example.co.th,2021-03-03
C02809,Niran,Watcharaphon,1963-12-18,M,Restaurant Owner,Hat Yai,0827332224,niran.watcharaphon2809@example.co.th,2023-03-15
C02810,Toon,Limthongkul,1959-06-11,F,IT Specialist,Samut Prakan,0813764851,toon.limthongkul2810@example.co.th,2020-08-02
C02811,Bua,Wongchai,1959-04-27,F,Nurse,Bangkok,0893488889,bua.wongchai2811@example.co.th,2020-06-04
C02812,Apinya,Boonmee,1973-03-27,M,Government Officer,Phitsanulok,0847236581,apinya.boonmee2812@example.co.th,2021-11-27
C02813,Pim,Srisuk,1974-03-31,M,Office Worker,Ayutthaya,0892084161,pim.srisuk2813@example.co.th,2025-11-01
C02814,Mai,Thongdee,1960-10-11,F,IT Specialist,Phuket,0892333304,mai.thongdee2814@example.co.th,2019-01-20
C02815,Wichai,Charoensuk,1970-08-20,F,Shop Owner,Lampang,0842699596,wichai.charoensuk2815@example.co.th,2022-03-12
C02816,Bua,Phromsiri,1985-07-18,M,Shop Owner,Chonburi,0862066056,bua.phromsiri2816@example.co.th,2018-10-17
C02817,Niran,Srisuk,1991-07-25,M,IT Specialist,Krabi,0812579877,niran.srisuk2817@example.co.th,2022-06-18
C02818,Tee,Phutthichai,2004-02-13,M,Office Worker,Chiang Mai,0861923119,tee.phutthichai2818@example.co.th,2026-01-16
C02819,Nok,Watcharaphon,1978-07-29,M,Farmer,Chiang Mai,0877236886,nok.watcharaphon2819@example.co.th,2020-12-29
C02820,Nan,Chaiyaporn,1974-07-17,F,Nurse,Songkhla,0887987635,nan.chaiyaporn2820@example.co.th,2025-11-02
C02821,Daeng,Rattanapan,1956-11-03,F,Farmer,Bangkok,0871535643,daeng.rattanapan2821@example.co.th,2022-03-25
C02822,Mai,Kittikun,1984-12-24,M,Doctor,Pathum Thani,0831566119,mai.kittikun2822@example.co.th,2025-02-05
C02823,Daeng,Boonmee,1961-07-16,M,Driver,Krabi,0852024054,daeng.boonmee2823@example.co.th,2020-11-10
C02824,Pim,Inthanon,1971-06-23,M,Farmer,Nakhon Ratchasima,0882106986,pim.inthanon2824@example.co.th,2020-11-09
C02825,Kanya,Phromsiri,1960-06-26,M,Doctor,Nonthaburi,0839705384,kanya.phromsiri2825@example.co.th,2021-06-14
C02826,Chai,Phongphan,1961-04-04,M,Sales,Bangkok,0815346404,chai.phongphan2826@example.co.th,2025-03-19
C02827,View,Phutthichai,1959-03-01,M,Government Officer,Samut Prakan,0895524438,view.phutthichai2827@example.co.th,2024-01-25
C02828,Praew,Phutthichai,2000-10-16,M,Government Officer,Udon Thani,0830329530,praew.phutthichai2828@example.co.th,2019-04-23
C02829,Anong,Inthanon,1990-03-22,M,Hotel Staff,Hat Yai,0828264493,anong.inthanon2829@example.co.th,2024-11-29
C02830,Mild,Boonmee,1980-04-06,F,Shop Owner,Pathum Thani,0885507244,mild.boonmee2830@example.co.th,2024-03-29
C02831,Earth,Limthongkul,1995-06-23,M,Teacher,Pathum Thani,0832950147,earth.limthongkul2831@example.co.th,2024-08-27
C02832,Beam,Phromsiri,1992-12-29,M,Driver,Nakhon Ratchasima,0816231220,beam.phromsiri2832@example.co.th,2020-08-03
C02833,Bank,Rattanapan,1992-08-06,M,Construction Worker,Nonthaburi,0828987151,bank.rattanapan2833@example.co.th,2023-02-18
C02834,Daeng,Sangthong,2001-09-17,M,Nurse,Nonthaburi,0872001039,daeng.sangthong2834@example.co.th,2023-03-13
C02835,View,Boonmee,1966-04-24,F,Teacher,Bangkok,0822191547,view.boonmee2835@example.co.th,2021-11-11
C02836,Bank,Kittikun,1975-03-31,M,Engineer,Lampang,0835373207,bank.kittikun2836@example.co.th,2022-11-03
C02837,Nan,Kittikun,1963-11-18,M,Teacher,Trang,0857321364,nan.kittikun2837@example.co.th,2023-11-19
C02838,Earth,Phongphan,2001-11-08,F,Accountant,Phitsanulok,0810573904,earth.phongphan2838@example.co.th,2025-09-12
C02839,Daeng,Phromsiri,1963-06-23,M,Hotel Staff,Ayutthaya,0825041051,daeng.phromsiri2839@example.co.th,2023-08-23
C02840,Fern,Sukhumvit,2003-01-17,F,Office Worker,Samut Prakan,0883900430,fern.sukhumvit2840@example.co.th,2018-12-01
C02841,Beam,Phromsiri,1983-01-28,F,Accountant,Phitsanulok,0873142083,beam.phromsiri2841@example.co.th,2019-11-17
C02842,Nan,Phongphan,1989-03-31,M,Accountant,Lampang,0816757047,nan.phongphan2842@example.co.th,2021-10-23
C02843,Mild,Rattanapan,1997-12-13,M,Teacher,Lampang,0883482715,mild.rattanapan2843@example.co.th,2022-03-18
C02844,Toon,Chaiyaporn,2000-08-15,F,Construction Worker,Phitsanulok,0833136216,toon.chaiyaporn2844@example.co.th,2023-09-17
C02845,Malee,Charoensuk,1982-11-25,M,Office Worker,Chiang Mai,0828535751,malee.charoensuk2845@example.co.th,2019-11-20
C02846,Beam,Watcharaphon,1969-07-31,M,Engineer,Bangkok,0883980790,beam.watcharaphon2846@example.co.th,2020-05-25
C02847,Toon,Thongdee,2003-02-23,M,Engineer,Chonburi,0898917279,toon.thongdee2847@example.co.th,2019-09-29
C02848,Niran,Suwanphon,1962-12-15,F,Farmer,Udon Thani,0847414684,niran.suwanphon2848@example.co.th,2025-05-06
C02849,Tawan,Chaiyaporn,2002-02-02,M,Driver,Khon Kaen,0858305167,tawan.chaiyaporn2849@example.co.th,2024-06-22
C02850,Toon,Sukhumvit,1955-12-01,M,Engineer,Chonburi,0814847364,toon.sukhumvit2850@example.co.th,2025-02-10
C02851,Tawan,Srisuk,1979-11-07,M,Restaurant Owner,Chonburi,0827609439,tawan.srisuk2851@example.co.th,2019-06-19
C02852,Nan,Kanchanaburi,1999-09-06,M,Accountant,Samut Prakan,0823856023,nan.kanchanaburi2852@example.co.th,2020-09-25
C02853,Daeng,Sukhumvit,1958-09-19,M,Driver,Chonburi,0855025369,daeng.sukhumvit2853@example.co.th,2018-07-12
C02854,Fern,Suwanphon,1990-07-07,M,IT Specialist,Songkhla,0817709617,fern.suwanphon2854@example.co.th,2021-11-11
C02855,Nan,Chaisawat,1975-09-16,F,Farmer,Hat Yai,0857762576,nan.chaisawat2855@example.co.th,2022-06-18
C02856,View,Phromsiri,1963-08-11,M,Engineer,Trang,0819534513,view.phromsiri2856@example.co.th,2025-09-01
C02857,Somchai,Kittikun,1963-01-16,M,Farmer,Ayutthaya,0850069088,somchai.kittikun2857@example.co.th,2022-03-29
C02858,Boss,Chaisawat,1958-09-01,M,Teacher,Nonthaburi,0813915350,boss.chaisawat2858@example.co.th,2020-12-15
C02859,Wichai,Limthongkul,1979-10-02,F,Driver,Phuket,0831770432,wichai.limthongkul2859@example.co.th,2019-09-10
C02860,Tee,Wongchai,1973-03-19,F,Farmer,Khon Kaen,0811877988,tee.wongchai2860@example.co.th,2023-08-15
C02861,Niran,Sangthong,1991-05-31,F,Restaurant Owner,Lampang,0866060603,niran.sangthong2861@example.co.th,2022-05-30
C02862,Nok,Srisuk,1989-05-17,F,Construction Worker,Surat Thani,0830531509,nok.srisuk2862@example.co.th,2018-12-11
C02863,Tee,Saetang,1990-04-28,F,Government Officer,Samut Prakan,0850694371,tee.saetang2863@example.co.th,2024-07-08
C02864,Apinya,Suwanphon,1981-12-16,F,Driver,Chiang Mai,0862548420,apinya.suwanphon2864@example.co.th,2020-03-15
C02865,Bua,Thongdee,1971-12-01,F,Shop Owner,Surat Thani,0811145701,bua.thongdee2865@example.co.th,2021-05-23
C02866,Mint,Chaisawat,1988-10-25,F,Doctor,Nonthaburi,0827377943,mint.chaisawat2866@example.co.th,2019-11-23
C02867,Eak,Chaiyaporn,1993-12-03,M,Nurse,Khon Kaen,0829710954,eak.chaiyaporn2867@example.co.th,2020-11-13
C02868,Tawan,Phutthichai,1967-05-01,F,Nurse,Pathum Thani,0830307891,tawan.phutthichai2868@example.co.th,2019-02-20
C02869,Bua,Saetang,2001-01-16,F,Sales,Chiang Mai,0892906190,bua.saetang2869@example.co.th,2019-02-06
C02870,Beam,Chaisawat,1991-07-26,M,Accountant,Chonburi,0851759819,beam.chaisawat2870@example.co.th,2025-12-23
C02871,Anong,Chaisawat,1989-02-11,M,Doctor,Udon Thani,0885122416,anong.chaisawat2871@example.co.th,2021-10-19
C02872,Earth,Rattanapan,1967-01-08,F,Engineer,Nakhon Ratchasima,0859074470,earth.rattanapan2872@example.co.th,2025-06-23
C02873,Niran,Sangthong,2002-09-11,M,Doctor,Surat Thani,0844996204,niran.sangthong2873@example.co.th,2020-04-08
C02874,Bank,Srisuk,1976-08-11,M,Accountant,Phuket,0859102796,bank.srisuk2874@example.co.th,2025-07-01
C02875,Pat,Watcharaphon,1991-05-24,F,Accountant,Bangkok,0845846358,pat.watcharaphon2875@example.co.th,2022-02-23
C02876,Boss,Kanchanaburi,1990-01-09,F,Farmer,Phitsanulok,0854402602,boss.kanchanaburi2876@example.co.th,2023-02-01
C02877,Eak,Phromsiri,1979-01-25,M,Shop Owner,Pathum Thani,0842202747,eak.phromsiri2877@example.co.th,2022-11-24
C02878,Daeng,Phromsiri,1997-05-12,F,Driver,Udon Thani,0889812200,daeng.phromsiri2878@example.co.th,2023-08-22
C02879,Eak,Wongchai,1993-08-28,F,Engineer,Songkhla,0820613757,eak.wongchai2879@example.co.th,2019-12-27
C02880,Chai,Thongdee,1988-03-10,M,Sales,Bangkok,0854565710,chai.thongdee2880@example.co.th,2024-12-07
C02881,Mild,Thongdee,2000-07-30,F,Engineer,Phuket,0863566423,mild.thongdee2881@example.co.th,2024-09-06
C02882,Pim,Charoensuk,1988-04-20,F,Driver,Phitsanulok,0850545437,pim.charoensuk2882@example.co.th,2023-01-04
C02883,Kanya,Phongphan,1976-06-27,F,Restaurant Owner,Bangkok,0847068773,kanya.phongphan2883@example.co.th,2019-07-14
C02884,Wichai,Sangthong,1965-08-24,M,Driver,Udon Thani,0826447014,wichai.sangthong2884@example.co.th,2021-03-17
C02885,Niran,Suwanphon,2003-11-05,M,Doctor,Phitsanulok,0831127637,niran.suwanphon2885@example.co.th,2022-08-29
C02886,Bank,Phongphan,1982-01-02,F,Doctor,Pathum Thani,0817494253,bank.phongphan2886@example.co.th,2023-01-29
C02887,Tee,Phutthichai,1974-09-27,M,Teacher,Hat Yai,0812425579,tee.phutthichai2887@example.co.th,2018-05-03
C02888,Praew,Phongphan,1999-06-21,F,Construction Worker,Chiang Rai,0832415998,praew.phongphan2888@example.co.th,2019-08-05
C02889,Mild,Phongphan,1962-02-14,F,Teacher,Samut Prakan,0884756776,mild.phongphan2889@example.co.th,2021-02-24
C02890,Chai,Kittikun,1973-10-05,F,Accountant,Samut Prakan,0833651605,chai.kittikun2890@example.co.th,2022-11-09
C02891,View,Saetang,1996-04-29,F,Restaurant Owner,Udon Thani,0897306866,view.saetang2891@example.co.th,2025-08-12
C02892,Ploy,Srisuk,1965-02-01,M,IT Specialist,Krabi,0831958106,ploy.srisuk2892@example.co.th,2025-04-08
C02893,Mild,Boonmee,2002-06-18,F,Construction Worker,Ayutthaya,0829808913,mild.boonmee2893@example.co.th,2020-06-30
C02894,View,Kanchanaburi,1996-07-09,M,Sales,Hat Yai,0867710226,view.kanchanaburi2894@example.co.th,2022-06-28
C02895,Bua,Charoensuk,1991-06-28,M,Farmer,Songkhla,0810457051,bua.charoensuk2895@example.co.th,2019-04-02
C02896,Malee,Srisuk,1959-03-09,M,Restaurant Owner,Samut Prakan,0868965657,malee.srisuk2896@example.co.th,2024-01-09
C02897,Anong,Boonmee,1987-12-20,M,Government Officer,Pathum Thani,0813398022,anong.boonmee2897@example.co.th,2019-09-15
C02898,Ploy,Kittikun,1966-06-27,F,Engineer,Phuket,0852921300,ploy.kittikun2898@example.co.th,2023-03-12
C02899,Bua,Sukhumvit,1965-10-04,M,Sales,Ayutthaya,0850416168,bua.sukhumvit2899@example.co.th,2020-07-17
C02900,Tee,Phongphan,1974-07-10,M,Farmer,Rayong,0832075919,tee.phongphan2900@example.co.th,2018-05-24
C02901,Tawan,Phongphan,1972-10-09,F,Shop Owner,Rayong,0830692977,tawan.phongphan2901@example.co.th,2023-10-24
C02902,Mai,Inthanon,1970-10-16,M,Sales,Bangkok,0894713882,mai.inthanon2902@example.co.th,2023-06-09
C02903,Earth,Rattanapan,1985-11-10,F,Sales,Chonburi,0857278045,earth.rattanapan2903@example.co.th,2025-05-24
C02904,Bua,Sukhumvit,1976-01-19,M,Engineer,Chonburi,0895890840,bua.sukhumvit2904@example.co.th,2025-10-10
C02905,Mai,Kanchanaburi,1975-05-09,M,Construction Worker,Trang,0880090170,mai.kanchanaburi2905@example.co.th,2024-10-07
C02906,Toon,Kittikun,1955-02-16,F,Restaurant Owner,Nakhon Ratchasima,0873576443,toon.kittikun2906@example.co.th,2025-10-02
C02907,Nan,Rattanapan,1986-10-06,M,Doctor,Surat Thani,0866804545,nan.rattanapan2907@example.co.th,2022-10-15
C02908,Anong,Saetang,1986-05-27,F,Driver,Chiang Mai,0822299448,anong.saetang2908@example.co.th,2018-07-20
C02909,Praew,Kanchanaburi,1959-02-01,M,Driver,Chiang Rai,0891488185,praew.kanchanaburi2909@example.co.th,2023-08-02
C02910,Earth,Phongphan,2000-05-13,M,Driver,Nonthaburi,0815177367,earth.phongphan2910@example.co.th,2019-02-09
C02911,Somchai,Watcharaphon,1966-03-09,F,Teacher,Chonburi,0857542705,somchai.watcharaphon2911@example.co.th,2025-03-26
C02912,Boss,Limthongkul,1974-12-10,M,Accountant,Lampang,0822031352,boss.limthongkul2912@example.co.th,2023-07-13
C02913,Bua,Phutthichai,1978-07-08,F,Hotel Staff,Lampang,0864027629,bua.phutthichai2913@example.co.th,2023-05-14
C02914,Tawan,Charoensuk,1994-09-16,M,Engineer,Udon Thani,0838161588,tawan.charoensuk2914@example.co.th,2020-06-06
C02915,Nan,Chaiyaporn,1967-09-16,M,IT Specialist,Nonthaburi,0824244604,nan.chaiyaporn2915@example.co.th,2024-10-24
C02916,Apinya,Suwanphon,1968-10-24,M,Accountant,Samut Prakan,0899255332,apinya.suwanphon2916@example.co.th,2025-09-08
C02917,Mint,Kittikun,1971-01-10,F,Government Officer,Samut Prakan,0860603699,mint.kittikun2917@example.co.th,2020-01-20
C02918,Bank,Chaisawat,1985-04-13,F,IT Specialist,Songkhla,0816618133,bank.chaisawat2918@example.co.th,2022-05-15
C02919,Wichai,Watcharaphon,1976-12-12,M,Office Worker,Phuket,0817438597,wichai.watcharaphon2919@example.co.th,2021-01-17
C02920,Eak,Watcharaphon,1979-09-28,M,Government Officer,Khon Kaen,0875171676,eak.watcharaphon2920@example.co.th,2025-07-03
C02921,Chai,Rattanapan,2005-02-20,M,IT Specialist,Nakhon Ratchasima,0885388033,chai.rattanapan2921@example.co.th,2021-08-19
C02922,Pim,Boonmee,1961-06-08,F,Engineer,Surat Thani,0863860585,pim.boonmee2922@example.co.th,2025-05-31
C02923,Niran,Saetang,1980-09-24,M,Sales,Rayong,0873555662,niran.saetang2923@example.co.th,2025-05-14
C02924,Daeng,Inthanon,1960-09-03,F,Hotel Staff,Pathum Thani,0873906952,daeng.inthanon2924@example.co.th,2018-07-04
C02925,Daeng,Charoensuk,1977-07-22,M,Hotel Staff,Phitsanulok,0833391451,daeng.charoensuk2925@example.co.th,2025-01-08
C02926,Bua,Wongchai,1988-01-16,F,Accountant,Phuket,0845925808,bua.wongchai2926@example.co.th,2018-10-22
C02927,Anong,Phromsiri,1985-09-13,F,Nurse,Pathum Thani,0812269217,anong.phromsiri2927@example.co.th,2024-05-21
C02928,Mild,Wongchai,1988-09-23,M,Sales,Phitsanulok,0853089333,mild.wongchai2928@example.co.th,2023-01-21
C02929,Praew,Watcharaphon,1987-02-04,M,Farmer,Nonthaburi,0810070858,praew.watcharaphon2929@example.co.th,2019-07-16
C02930,Somchai,Suwanphon,1970-02-19,M,IT Specialist,Ayutthaya,0812001043,somchai.suwanphon2930@example.co.th,2018-10-19
C02931,Toon,Watcharaphon,1963-08-15,M,Engineer,Chonburi,0851269401,toon.watcharaphon2931@example.co.th,2018-10-28
C02932,Tawan,Phromsiri,1976-11-09,F,Farmer,Ayutthaya,0881401187,tawan.phromsiri2932@example.co.th,2024-05-09
C02933,Mint,Kanchanaburi,1991-06-04,F,Doctor,Chiang Mai,0819958063,mint.kanchanaburi2933@example.co.th,2019-11-07
C02934,Fern,Watcharaphon,1998-05-30,M,Hotel Staff,Surat Thani,0890791303,fern.watcharaphon2934@example.co.th,2020-01-30
C02935,Pim,Kanchanaburi,1989-12-07,F,Shop Owner,Bangkok,0887413513,pim.kanchanaburi2935@example.co.th,2023-12-13
C02936,Praew,Chaisawat,1997-08-17,F,Shop Owner,Lampang,0841840662,praew.chaisawat2936@example.co.th,2025-02-23
C02937,Mild,Sukhumvit,1982-09-13,M,Sales,Songkhla,0822307163,mild.sukhumvit2937@example.co.th,2025-01-24
C02938,Mai,Inthanon,1984-07-01,M,Government Officer,Nakhon Ratchasima,0878785805,mai.inthanon2938@example.co.th,2025-07-15
C02939,Beam,Phromsiri,1985-01-16,M,Teacher,Nonthaburi,0829425562,beam.phromsiri2939@example.co.th,2018-07-07
C02940,Kanya,Phongphan,1961-03-19,M,Hotel Staff,Samut Prakan,0856856138,kanya.phongphan2940@example.co.th,2023-06-15
C02941,Earth,Inthanon,1979-06-06,F,Hotel Staff,Nakhon Ratchasima,0848130237,earth.inthanon2941@example.co.th,2023-05-20
C02942,Somchai,Srisuk,1955-02-09,F,Office Worker,Chonburi,0872312890,somchai.srisuk2942@example.co.th,2022-06-09
C02943,Apinya,Thongdee,2003-11-15,F,Driver,Ayutthaya,0849962506,apinya.thongdee2943@example.co.th,2024-06-02
C02944,Nok,Phromsiri,1995-05-21,M,Driver,Nakhon Ratchasima,0837018872,nok.phromsiri2944@example.co.th,2022-04-29
C02945,View,Sangthong,1993-04-10,F,Restaurant Owner,Chiang Mai,0854375853,view.sangthong2945@example.co.th,2018-05-16
C02946,Somchai,Phutthichai,1976-11-30,F,Accountant,Samut Prakan,0839607195,somchai.phutthichai2946@example.co.th,2023-04-11
C02947,Tawan,Srisuk,1989-08-22,F,Sales,Udon Thani,0835027777,tawan.srisuk2947@example.co.th,2023-03-18
C02948,Nok,Wongchai,1964-11-10,F,Engineer,Phitsanulok,0886411462,nok.wongchai2948@example.co.th,2025-10-21
C02949,Eak,Rattanapan,1983-10-22,M,Accountant,Songkhla,0859789640,eak.rattanapan2949@example.co.th,2024-08-28
C02950,Nok,Boonmee,1971-01-30,F,Teacher,Samut Prakan,0831677773,nok.boonmee2950@example.co.th,2023-12-07
C02951,Kanya,Kanchanaburi,1992-02-06,F,Nurse,Songkhla,0841510394,kanya.kanchanaburi2951@example.co.th,2018-11-17
C02952,Boss,Charoensuk,1981-01-06,F,Sales,Chiang Rai,0862810773,boss.charoensuk2952@example.co.th,2021-11-29
C02953,Mild,Thongdee,1992-02-20,M,Nurse,Ayutthaya,0854346554,mild.thongdee2953@example.co.th,2020-12-08
C02954,Boss,Thongdee,1974-11-12,F,Hotel Staff,Nakhon Ratchasima,0819797079,boss.thongdee2954@example.co.th,2021-06-04
C02955,Toon,Phongphan,1990-06-26,M,Hotel Staff,Phitsanulok,0891532029,toon.phongphan2955@example.co.th,2020-09-20
C02956,Bank,Suwanphon,1979-09-29,F,Nurse,Phitsanulok,0840388900,bank.suwanphon2956@example.co.th,2024-06-12
C02957,View,Suwanphon,1991-10-11,M,Office Worker,Udon Thani,0898232407,view.suwanphon2957@example.co.th,2025-11-05
C02958,Praew,Kittikun,1968-02-09,M,Sales,Surat Thani,0854048648,praew.kittikun2958@example.co.th,2023-08-13
C02959,Fern,Chaiyaporn,1997-10-18,F,Teacher,Songkhla,0843444000,fern.chaiyaporn2959@example.co.th,2019-10-08
C02960,Suda,Boonmee,1994-12-21,M,Accountant,Chonburi,0833264910,suda.boonmee2960@example.co.th,2019-04-17
C02961,Boss,Watcharaphon,1958-11-21,F,Nurse,Krabi,0879601571,boss.watcharaphon2961@example.co.th,2021-11-25
C02962,Tawan,Thongdee,1992-01-13,F,Farmer,Samut Prakan,0888598588,tawan.thongdee2962@example.co.th,2019-06-25
C02963,Boss,Chaiyaporn,1958-05-06,M,Government Officer,Surat Thani,0850503050,boss.chaiyaporn2963@example.co.th,2021-02-13
C02964,Tee,Phutthichai,1982-04-23,M,Engineer,Rayong,0891998766,tee.phutthichai2964@example.co.th,2020-07-04
C02965,Tee,Srisuk,1957-06-16,F,Teacher,Chonburi,0828301985,tee.srisuk2965@example.co.th,2019-04-16
C02966,Tawan,Kanchanaburi,1984-11-26,F,Office Worker,Rayong,0889846877,tawan.kanchanaburi2966@example.co.th,2022-05-24
C02967,Tawan,Charoensuk,1985-04-08,M,Office Worker,Krabi,0867746387,tawan.charoensuk2967@example.co.th,2018-11-20
C02968,Mild,Phromsiri,1974-08-05,F,Accountant,Phuket,0858384982,mild.phromsiri2968@example.co.th,2024-03-13
C02969,Apinya,Sukhumvit,1978-04-09,F,Driver,Pathum Thani,0839700674,apinya.sukhumvit2969@example.co.th,2018-12-13
C02970,Anong,Rattanapan,2003-08-18,F,Government Officer,Lampang,0837474847,anong.rattanapan2970@example.co.th,2021-04-29
C02971,View,Kittikun,1972-02-03,M,Construction Worker,Ayutthaya,0828217622,view.kittikun2971@example.co.th,2018-05-18
C02972,Boss,Rattanapan,1972-06-26,F,Nurse,Nakhon Ratchasima,0834576822,boss.rattanapan2972@example.co.th,2020-12-21
C02973,Fern,Sukhumvit,1964-09-01,F,Doctor,Bangkok,0899024698,fern.sukhumvit2973@example.co.th,2023-01-21
C02974,Nan,Phromsiri,1992-04-17,F,Hotel Staff,Chiang Rai,0882514117,nan.phromsiri2974@example.co.th,2018-04-25
C02975,Niran,Limthongkul,1983-02-25,F,Driver,Chonburi,0888190778,niran.limthongkul2975@example.co.th,2018-07-25
C02976,Pim,Wongchai,1998-09-19,F,Teacher,Hat Yai,0872520793,pim.wongchai2976@example.co.th,2020-12-15
C02977,Tawan,Srisuk,1982-02-07,F,Government Officer,Songkhla,0830825995,tawan.srisuk2977@example.co.th,2020-07-24
C02978,Praew,Sangthong,1959-03-18,M,Restaurant Owner,Nonthaburi,0885039056,praew.sangthong2978@example.co.th,2024-11-01
C02979,Malee,Phutthichai,1990-01-24,M,Farmer,Pathum Thani,0855201053,malee.phutthichai2979@example.co.th,2026-03-09
C02980,Boss,Kittikun,1972-11-06,M,Office Worker,Songkhla,0830577994,boss.kittikun2980@example.co.th,2024-12-29
C02981,Earth,Rattanapan,1955-11-02,M,Engineer,Chonburi,0854317225,earth.rattanapan2981@example.co.th,2022-07-02
C02982,Tee,Phongphan,1974-05-03,M,Doctor,Songkhla,0812948302,tee.phongphan2982@example.co.th,2020-06-17
C02983,Tawan,Suwanphon,1991-08-18,F,Teacher,Hat Yai,0826489417,tawan.suwanphon2983@example.co.th,2025-07-08
C02984,View,Phutthichai,1995-12-08,M,Farmer,Samut Prakan,0867293274,view.phutthichai2984@example.co.th,2019-08-05
C02985,Mai,Watcharaphon,1986-03-01,M,Construction Worker,Pathum Thani,0817605519,mai.watcharaphon2985@example.co.th,2019-12-12
C02986,Malee,Sangthong,1973-11-23,M,Construction Worker,Chiang Mai,0833225244,malee.sangthong2986@example.co.th,2020-08-03
C02987,Beam,Phromsiri,2004-11-22,F,Engineer,Udon Thani,0841539529,beam.phromsiri2987@example.co.th,2018-04-29
C02988,Tawan,Suwanphon,1966-10-29,M,Office Worker,Chiang Mai,0849729133,tawan.suwanphon2988@example.co.th,2023-02-21
C02989,Anong,Phromsiri,1956-06-20,F,Accountant,Phuket,0831883430,anong.phromsiri2989@example.co.th,2019-11-01
C02990,Bua,Chaiyaporn,1981-04-04,F,Government Officer,Chiang Mai,0868968103,bua.chaiyaporn2990@example.co.th,2026-02-06
C02991,Fern,Suwanphon,2004-01-10,M,Restaurant Owner,Hat Yai,0873926166,fern.suwanphon2991@example.co.th,2025-03-15
C02992,Mint,Watcharaphon,1983-10-23,F,Teacher,Udon Thani,0893523502,mint.watcharaphon2992@example.co.th,2024-09-26
C02993,Mild,Kittikun,1978-08-29,F,Shop Owner,Chiang Mai,0895875021,mild.kittikun2993@example.co.th,2024-01-28
C02994,Wichai,Limthongkul,1994-07-16,F,IT Specialist,Chonburi,0829909582,wichai.limthongkul2994@example.co.th,2021-10-22
C02995,Pat,Wongchai,1971-02-20,F,Sales,Chonburi,0815382566,pat.wongchai2995@example.co.th,2024-07-23
C02996,Earth,Charoensuk,1989-07-25,F,Accountant,Rayong,0844188269,earth.charoensuk2996@example.co.th,2023-09-09
C02997,Beam,Chaiyaporn,1977-03-12,M,IT Specialist,Krabi,0835182800,beam.chaiyaporn2997@example.co.th,2023-01-23
C02998,Tee,Wongchai,1971-09-18,M,Teacher,Khon Kaen,0821536372,tee.wongchai2998@example.co.th,2018-07-13
C02999,Suda,Saetang,1996-01-30,M,Doctor,Chiang Rai,0856527328,suda.saetang2999@example.co.th,2025-09-20
C03000,Praew,Phutthichai,1959-06-27,F,Restaurant Owner,Phuket,0816641596,praew.phutthichai3000@example.co.th,2023-06-09
