policy_id,customer_id,agent_id,product_line,product_subtype,effective_date,expiry_date,sum_insured_thb,annual_premium_thb,payment_frequency,status
P000001,C02845,A0023,motor,motor_voluntary,2023-09-27,2024-09-26,1145963,43486,monthly,active
P000002,C01043,A0016,motor,motor_voluntary,2023-05-20,2024-05-19,2271951,52392,monthly,lapsed
P000003,C01544,A0044,motor,motor_voluntary,2022-04-26,2023-04-26,885977,18290,quarterly,active
P000004,C00007,A0045,motor,motor_compulsory,2024-01-29,2025-01-28,1804321,82096,annual,active
P000005,C01249,A0033,property,property_fire,2025-06-25,2026-06-25,10727321,60607,annual,lapsed
P000006,C01533,A0040,motor,motor_compulsory,2023-02-12,2024-02-12,249256,7011,annual,active
P000007,C01055,A0040,motor,motor_compulsory,2023-11-30,2024-11-29,499353,19156,annual,active
P000008,C01697,A0015,property,property_allrisk,2023-09-05,2024-09-04,15332395,133575,quarterly,active
P000009,C00072,A0027,motor,motor_compulsory,2023-01-03,2024-01-03,2188793,64716,monthly,active
P000010,C00646,A0010,property,property_allrisk,2023-01-13,2024-01-13,19211230,72108,annual,active
P000011,C01294,A0049,motor,motor_voluntary,2022-06-05,2023-06-05,1552999,74111,annual,active
P000012,C02646,A0027,property,property_allrisk,2025-08-06,2026-08-06,8804471,60953,monthly,active
P000013,C02717,A0017,property,property_flood,2023-01-22,2024-01-22,10954223,98333,annual,active
P000014,C00166,A0003,motor,motor_compulsory,2023-07-06,2024-07-05,607250,15688,quarterly,active
P000015,C00709,A0005,motor,motor_voluntary,2022-06-05,2023-06-05,858648,18827,quarterly,active
P000016,C02195,A0032,property,property_flood,2023-03-22,2024-03-21,4779998,44937,quarterly,active
P000017,C02201,A0004,motor,motor_voluntary,2023-08-13,2024-08-12,636128,27294,quarterly,active
P000018,C02059,A0032,motor,motor_compulsory,2023-02-02,2024-02-02,760213,34297,quarterly,active
P000019,C01589,A0041,motor,motor_compulsory,2025-12-02,2026-12-02,1225725,55105,quarterly,active
P000020,C00892,A0019,motor,motor_compulsory,2023-09-01,2024-08-31,1503557,65032,annual,active
P000021,C02827,A0005,motor,motor_voluntary,2022-07-07,2023-07-07,2029214,89812,monthly,active
P000022,C02328,A0050,motor,motor_compulsory,2023-05-13,2024-05-12,2430939,64441,annual,lapsed
P000023,C02497,A0039,property,property_fire,2024-02-18,2025-02-17,16806131,180906,annual,active
P000024,C00899,A0028,motor,motor_voluntary,2023-07-17,2024-07-16,874794,30976,quarterly,active
P000025,C02209,A0022,motor,motor_voluntary,2024-12-13,2025-12-13,208937,4569,monthly,active
P000026,C01001,A0034,motor,motor_voluntary,2023-04-06,2024-04-05,604168,12153,monthly,active
P000027,C02523,A0011,motor,motor_voluntary,2023-11-28,2024-11-27,1690144,61850,annual,lapsed
P000028,C01874,A0049,property,property_flood,2025-03-26,2026-03-26,3095399,10947,quarterly,active
P000029,C01579,A0044,property,property_fire,2024-02-28,2025-02-27,6949549,73627,monthly,active
P000030,C02586,A0035,motor,motor_compulsory,2023-06-20,2024-06-19,1909216,89740,quarterly,active
P000031,C00004,A0005,motor,motor_compulsory,2026-02-04,2027-02-04,639373,17541,monthly,active
P000032,C02995,A0015,motor,motor_voluntary,2023-07-08,2024-07-07,1043579,49050,quarterly,lapsed
P000033,C02869,A0002,property,property_allrisk,2024-10-28,2025-10-28,3124018,24227,quarterly,active
P000034,C01517,A0038,property,property_allrisk,2023-03-30,2024-03-29,17542614,113514,monthly,active
P000035,C01822,A0027,motor,motor_voluntary,2023-06-03,2024-06-02,1317366,36123,monthly,active
P000036,C01012,A0035,motor,motor_voluntary,2025-05-08,2026-05-08,1677834,82378,annual,active
P000037,C00618,A0045,motor,motor_compulsory,2023-02-04,2024-02-04,947404,39821,quarterly,lapsed
P000038,C00386,A0009,motor,motor_compulsory,2023-12-16,2024-12-15,2439198,76918,quarterly,active
P000039,C01118,A0043,motor,motor_compulsory,2023-11-29,2024-11-28,2327475,87967,quarterly,active
P000040,C01823,A0018,motor,motor_voluntary,2023-10-07,2024-10-06,2063687,86974,annual,active
P000041,C01624,A0032,motor,motor_compulsory,2023-03-25,2024-03-24,1974406,74450,monthly,active
P000042,C02339,A0019,motor,motor_compulsory,2022-12-27,2023-12-27,1487624,60367,quarterly,active
P000043,C01878,A0034,motor,motor_voluntary,2023-08-19,2024-08-18,2314215,105087,annual,active
P000044,C02394,A0035,motor,motor_compulsory,2023-08-07,2024-08-06,2449970,108418,monthly,active
P000045,C01616,A0001,motor,motor_compulsory,2023-12-08,2024-12-07,241424,10567,quarterly,active
P000046,C01640,A0019,property,property_fire,2023-10-13,2024-10-12,2053576,9192,annual,active
P000047,C02131,A0007,motor,motor_voluntary,2024-05-03,2025-05-03,275825,12466,monthly,active
P000048,C00971,A0040,motor,motor_voluntary,2024-09-16,2025-09-16,372591,11139,annual,active
P000049,C00612,A0029,property,property_allrisk,2025-05-01,2026-05-01,4556310,36359,quarterly,active
P000050,C01652,A0007,property,property_fire,2024-12-07,2025-12-07,1021202,5019,annual,active
P000051,C01587,A0019,property,property_flood,2023-02-05,2024-02-05,12941719,113957,monthly,cancelled
P000052,C02059,A0049,motor,motor_voluntary,2024-08-25,2025-08-25,2038258,100613,quarterly,active
P000053,C00144,A0002,property,property_fire,2023-11-28,2024-11-27,4969997,38653,monthly,active
P000054,C01242,A0017,motor,motor_voluntary,2022-10-05,2023-10-05,1994016,62155,monthly,lapsed
P000055,C01642,A0024,motor,motor_voluntary,2024-12-03,2025-12-03,1850016,63859,monthly,active
P000056,C01787,A0031,motor,motor_voluntary,2022-12-19,2023-12-19,1784733,43284,monthly,active
P000057,C00883,A0041,motor,motor_compulsory,2022-01-09,2023-01-09,947678,24191,annual,active
P000058,C02217,A0019,motor,motor_compulsory,2024-09-21,2025-09-21,323310,8974,annual,active
P000059,C00950,A0035,property,property_allrisk,2024-05-18,2025-05-18,8477180,71267,monthly,lapsed
P000060,C00417,A0011,motor,motor_compulsory,2024-08-11,2025-08-11,543243,26664,annual,active
P000061,C00375,A0005,property,property_flood,2024-05-25,2025-05-25,2891013,8759,annual,active
P000062,C01109,A0035,property,property_fire,2025-08-06,2026-08-06,5804537,50498,annual,active
P000063,C02394,A0043,motor,motor_voluntary,2024-10-19,2025-10-19,1653347,60629,quarterly,active
P000064,C01343,A0032,motor,motor_compulsory,2022-04-29,2023-04-29,786963,32567,quarterly,cancelled
P000065,C01488,A0020,motor,motor_compulsory,2023-04-17,2024-04-16,479173,10370,annual,active
P000066,C01461,A0050,motor,motor_compulsory,2023-01-10,2024-01-10,2104667,61493,monthly,active
P000067,C02340,A0030,motor,motor_compulsory,2023-08-18,2024-08-17,670328,30163,monthly,active
P000068,C00800,A0008,motor,motor_voluntary,2025-09-27,2026-09-27,353708,10611,annual,active
P000069,C02462,A0012,motor,motor_voluntary,2024-05-05,2025-05-05,487929,19835,quarterly,active
P000070,C01445,A0012,property,property_flood,2023-12-25,2024-12-24,16919372,127813,quarterly,active
P000071,C00257,A0021,motor,motor_voluntary,2026-02-10,2027-02-10,240444,6866,monthly,active
P000072,C01977,A0033,motor,motor_compulsory,2024-03-11,2025-03-11,1913766,57032,monthly,active
P000073,C02034,A0006,motor,motor_voluntary,2022-10-13,2023-10-13,1694180,55477,annual,lapsed
P000074,C01272,A0015,motor,motor_compulsory,2025-03-25,2026-03-25,881932,33314,monthly,active
P000075,C02407,A0037,property,property_fire,2022-12-16,2023-12-16,9621896,105820,annual,active
P000076,C00934,A0037,property,property_flood,2025-12-26,2026-12-26,2239205,8978,monthly,active
P000077,C02139,A0019,motor,motor_voluntary,2023-06-24,2024-06-23,1627659,40547,quarterly,active
P000078,C02745,A0040,motor,motor_compulsory,2025-11-19,2026-11-19,1835201,51950,annual,active
P000079,C01346,A0041,motor,motor_compulsory,2025-01-29,2026-01-29,2037274,51178,annual,lapsed
P000080,C02392,A0030,motor,motor_voluntary,2022-05-27,2023-05-27,2373961,100316,annual,active
P000081,C01851,A0006,motor,motor_voluntary,2023-09-16,2024-09-15,777383,22526,quarterly,lapsed
P000082,C01090,A0014,motor,motor_compulsory,2024-06-21,2025-06-21,2419293,70104,quarterly,active
P000083,C02615,A0002,motor,motor_voluntary,2022-07-06,2023-07-06,2393924,119330,monthly,active
P000084,C02498,A0032,motor,motor_compulsory,2023-08-22,2024-08-21,2022078,91939,annual,active
P000085,C02950,A0037,motor,motor_compulsory,2023-02-16,2024-02-16,247632,11545,annual,active
P000086,C01742,A0028,property,property_fire,2023-04-07,2024-04-06,15941617,114972,annual,active
P000087,C00085,A0049,motor,motor_compulsory,2024-10-03,2025-10-03,575097,22336,annual,active
P000088,C02358,A0016,motor,motor_voluntary,2024-02-02,2025-02-01,1535537,39700,annual,active
P000089,C02648,A0021,motor,motor_voluntary,2026-03-20,2027-03-20,2434046,57856,quarterly,active
P000090,C00414,A0033,motor,motor_compulsory,2025-12-23,2026-12-23,377261,14041,annual,active
P000091,C01641,A0005,motor,motor_compulsory,2024-01-02,2025-01-01,1574642,34374,quarterly,active
P000092,C02828,A0023,property,property_flood,2023-03-27,2024-03-26,17649351,85613,annual,active
P000093,C00030,A0041,property,property_allrisk,2024-05-10,2025-05-10,9232446,45062,quarterly,active
P000094,C02666,A0022,motor,motor_compulsory,2024-08-20,2025-08-20,578945,17948,quarterly,active
P000095,C00415,A0025,property,property_fire,2025-01-01,2026-01-01,17352531,140779,quarterly,lapsed
P000096,C00116,A0011,motor,motor_voluntary,2024-05-06,2025-05-06,762137,34410,annual,active
P000097,C01045,A0017,motor,motor_compulsory,2023-06-18,2024-06-17,1919074,38651,monthly,active
P000098,C01325,A0041,property,property_flood,2023-08-03,2024-08-02,14831427,54711,monthly,active
P000099,C00154,A0013,motor,motor_compulsory,2023-03-29,2024-03-28,1917964,86015,annual,cancelled
P000100,C00855,A0028,motor,motor_voluntary,2022-05-27,2023-05-27,767778,26651,monthly,active
P000101,C02167,A0049,property,property_flood,2024-06-14,2025-06-14,4437604,23828,annual,active
P000102,C01714,A0032,motor,motor_compulsory,2026-03-24,2027-03-24,1086737,51942,quarterly,active
P000103,C02514,A0033,motor,motor_voluntary,2026-01-03,2027-01-03,928552,23393,quarterly,active
P000104,C02203,A0048,property,property_allrisk,2024-04-30,2025-04-30,12764351,51146,quarterly,active
P000105,C02294,A0008,motor,motor_compulsory,2023-03-12,2024-03-11,717098,24098,monthly,active
P000106,C00267,A0033,property,property_allrisk,2024-03-02,2025-03-02,2178256,10516,quarterly,active
P000107,C00959,A0014,motor,motor_compulsory,2025-01-05,2026-01-05,2058862,81442,quarterly,active
P000108,C00052,A0040,motor,motor_compulsory,2024-01-05,2025-01-04,2085369,42578,monthly,active
P000109,C00524,A0026,property,property_allrisk,2025-05-08,2026-05-08,7476051,56921,monthly,active
P000110,C00953,A0006,motor,motor_voluntary,2023-05-19,2024-05-18,365755,17451,annual,active
P000111,C00232,A0046,motor,motor_compulsory,2022-10-14,2023-10-14,2088318,70699,annual,active
P000112,C02257,A0042,motor,motor_compulsory,2024-03-10,2025-03-10,618192,22842,monthly,active
P000113,C01908,A0002,motor,motor_compulsory,2022-10-11,2023-10-11,1498415,34409,annual,active
P000114,C02353,A0027,property,property_flood,2025-03-09,2026-03-09,16927263,73789,monthly,lapsed
P000115,C00058,A0017,motor,motor_compulsory,2024-09-03,2025-09-03,527695,26255,annual,active
P000116,C00146,A0013,motor,motor_voluntary,2023-08-09,2024-08-08,923061,30070,quarterly,active
P000117,C01636,A0029,motor,motor_compulsory,2022-01-13,2023-01-13,616145,25031,annual,active
P000118,C00969,A0026,motor,motor_voluntary,2023-03-07,2024-03-06,835212,36224,quarterly,active
P000119,C01905,A0031,property,property_fire,2026-01-18,2027-01-18,13092714,62443,annual,active
P000120,C00051,A0002,motor,motor_voluntary,2023-10-07,2024-10-06,601729,20969,quarterly,active
P000121,C00384,A0007,motor,motor_compulsory,2023-03-12,2024-03-11,575286,14776,monthly,active
P000122,C02031,A0010,motor,motor_compulsory,2025-08-25,2026-08-25,373042,15778,monthly,active
P000123,C02032,A0008,motor,motor_compulsory,2024-07-26,2025-07-26,1526294,70368,annual,active
P000124,C00593,A0015,motor,motor_voluntary,2022-09-08,2023-09-08,2187936,98516,quarterly,active
P000125,C01403,A0012,motor,motor_voluntary,2023-07-10,2024-07-09,970355,29902,monthly,active
P000126,C01828,A0031,property,property_allrisk,2023-02-04,2024-02-04,3760931,16086,monthly,active
P000127,C00387,A0015,motor,motor_voluntary,2025-05-11,2026-05-11,1073439,43186,monthly,active
P000128,C02774,A0009,motor,motor_voluntary,2024-09-06,2025-09-06,2152946,81984,quarterly,active
P000129,C00436,A0037,property,property_flood,2022-02-07,2023-02-07,13049070,107773,annual,active
P000130,C02880,A0019,motor,motor_voluntary,2026-01-11,2027-01-11,916091,40457,annual,cancelled
P000131,C02105,A0044,motor,motor_compulsory,2025-05-26,2026-05-26,1270802,43676,quarterly,lapsed
P000132,C01869,A0017,motor,motor_compulsory,2023-01-20,2024-01-20,1791189,89512,monthly,active
P000133,C00449,A0037,motor,motor_voluntary,2026-02-15,2027-02-15,2038455,90967,monthly,cancelled
P000134,C02168,A0050,motor,motor_voluntary,2023-08-08,2024-08-07,559678,18534,monthly,active
P000135,C01108,A0029,motor,motor_voluntary,2022-10-03,2023-10-03,1027873,44776,monthly,active
P000136,C00768,A0010,motor,motor_voluntary,2025-12-16,2026-12-16,1139530,42416,annual,active
P000137,C00608,A0001,property,property_fire,2024-02-13,2025-02-12,3211843,38480,quarterly,active
P000138,C01544,A0016,property,property_fire,2022-01-19,2023-01-19,7983929,78659,quarterly,active
P000139,C02135,A0037,property,property_allrisk,2023-08-16,2024-08-15,16214822,83562,annual,active
P000140,C01575,A0037,property,property_fire,2024-05-26,2025-05-26,9459829,38520,annual,lapsed
P000141,C02384,A0044,motor,motor_voluntary,2024-02-17,2025-02-16,782436,31739,annual,active
P000142,C01380,A0020,property,property_flood,2023-04-02,2024-04-01,16429372,158709,annual,active
P000143,C00095,A0039,property,property_fire,2024-06-12,2025-06-12,19374848,132278,annual,active
P000144,C01826,A0006,motor,motor_voluntary,2023-07-18,2024-07-17,1244554,41116,monthly,active
P000145,C01351,A0033,motor,motor_voluntary,2026-02-11,2027-02-11,1535217,34963,monthly,active
P000146,C02723,A0001,property,property_allrisk,2024-01-23,2025-01-22,6035890,70951,monthly,active
P000147,C02355,A0039,motor,motor_compulsory,2022-11-26,2023-11-26,1203166,34088,annual,active
P000148,C02255,A0009,motor,motor_compulsory,2023-10-31,2024-10-30,1896268,62497,quarterly,active
P000149,C00624,A0009,property,property_flood,2026-01-09,2027-01-09,1537943,15827,annual,active
P000150,C00138,A0034,motor,motor_compulsory,2023-11-02,2024-11-01,1412094,69255,quarterly,active
P000151,C01469,A0041,motor,motor_voluntary,2024-10-27,2025-10-27,2284068,63639,monthly,active
P000152,C02539,A0007,motor,motor_voluntary,2022-10-29,2023-10-29,1132264,34345,annual,active
P000153,C02574,A0012,property,property_flood,2023-08-26,2024-08-25,12140593,48133,annual,lapsed
P000154,C02465,A0012,property,property_allrisk,2022-02-02,2023-02-02,19940162,63032,monthly,active
P000155,C01878,A0006,motor,motor_compulsory,2022-09-06,2023-09-06,1912947,39609,monthly,active
P000156,C02569,A0028,motor,motor_voluntary,2023-09-18,2024-09-17,1040974,51536,monthly,cancelled
P000157,C00048,A0032,motor,motor_voluntary,2024-06-25,2025-06-25,323166,12812,annual,active
P000158,C01252,A0042,motor,motor_compulsory,2024-06-13,2025-06-13,1141152,55541,monthly,active
P000159,C00439,A0040,property,property_allrisk,2024-09-06,2025-09-06,15058029,179012,monthly,cancelled
P000160,C00610,A0017,motor,motor_voluntary,2024-02-24,2025-02-23,1734909,60681,monthly,active
P000161,C01302,A0049,motor,motor_compulsory,2025-04-19,2026-04-19,548438,19050,monthly,active
P000162,C02087,A0026,property,property_fire,2024-01-11,2025-01-10,16396360,147790,quarterly,cancelled
P000163,C01131,A0005,property,property_allrisk,2025-03-30,2026-03-30,12780370,145529,annual,lapsed
P000164,C01914,A0006,property,property_allrisk,2024-07-06,2025-07-06,19313257,134767,annual,active
P000165,C02091,A0020,motor,motor_voluntary,2023-03-16,2024-03-15,1071129,33042,annual,lapsed
P000166,C01260,A0004,motor,motor_compulsory,2024-10-03,2025-10-03,810583,19264,quarterly,active
P000167,C01773,A0017,property,property_flood,2022-12-11,2023-12-11,13697121,108606,annual,active
P000168,C01638,A0043,property,property_allrisk,2026-03-23,2027-03-23,6490409,40320,annual,active
P000169,C00802,A0035,motor,motor_compulsory,2023-07-27,2024-07-26,568853,24456,annual,active
P000170,C02404,A0019,motor,motor_voluntary,2022-08-19,2023-08-19,2144476,58913,annual,active
P000171,C01720,A0035,property,property_flood,2025-12-17,2026-12-17,6998529,66598,monthly,active
P000172,C00413,A0003,property,property_allrisk,2023-02-07,2024-02-07,9713091,104858,monthly,active
P000173,C00121,A0008,motor,motor_compulsory,2024-01-14,2025-01-13,1504437,38938,annual,active
P000174,C02991,A0042,motor,motor_compulsory,2024-05-05,2025-05-05,2414141,78982,annual,active
P000175,C02426,A0040,motor,motor_voluntary,2023-04-03,2024-04-02,1049915,26137,annual,active
P000176,C01945,A0008,property,property_fire,2022-01-14,2023-01-14,3690458,14042,monthly,active
P000177,C00187,A0050,motor,motor_compulsory,2025-08-13,2026-08-13,614822,23173,annual,active
P000178,C00209,A0047,motor,motor_compulsory,2024-12-27,2025-12-27,852583,36504,annual,active
P000179,C02576,A0008,motor,motor_compulsory,2024-11-04,2025-11-04,2157311,96311,monthly,lapsed
P000180,C00682,A0036,motor,motor_compulsory,2022-05-03,2023-05-03,1629108,43503,annual,active
P000181,C00231,A0046,motor,motor_compulsory,2023-04-25,2024-04-24,2391885,101273,monthly,active
P000182,C02522,A0031,motor,motor_compulsory,2026-02-05,2027-02-05,643688,21114,monthly,active
P000183,C01988,A0022,motor,motor_voluntary,2025-10-01,2026-10-01,1811440,49886,monthly,active
P000184,C02760,A0047,motor,motor_compulsory,2022-10-21,2023-10-21,644773,30297,annual,active
P000185,C02741,A0019,motor,motor_compulsory,2022-06-23,2023-06-23,2152541,99046,monthly,active
P000186,C02397,A0003,property,property_fire,2024-04-24,2025-04-24,8156733,88802,quarterly,active
P000187,C01594,A0029,motor,motor_compulsory,2024-06-15,2025-06-15,1678121,76199,annual,active
P000188,C01494,A0045,motor,motor_voluntary,2024-05-20,2025-05-20,2032620,78443,annual,cancelled
P000189,C00595,A0025,property,property_fire,2023-08-25,2024-08-24,4001198,23593,monthly,lapsed
P000190,C02658,A0034,motor,motor_voluntary,2023-04-06,2024-04-05,1112620,28848,quarterly,cancelled
P000191,C02368,A0009,property,property_fire,2023-08-19,2024-08-18,10464675,111310,quarterly,lapsed
P000192,C02461,A0005,motor,motor_compulsory,2022-04-20,2023-04-20,2311367,50800,monthly,active
P000193,C02948,A0024,motor,motor_voluntary,2025-01-24,2026-01-24,396506,9682,annual,active
P000194,C00954,A0020,motor,motor_compulsory,2023-09-22,2024-09-21,1419710,45613,annual,lapsed
P000195,C02043,A0027,motor,motor_voluntary,2023-08-31,2024-08-30,1566720,32136,quarterly,active
P000196,C00501,A0021,property,property_fire,2026-04-13,2027-04-13,17461266,131833,quarterly,lapsed
P000197,C01840,A0032,motor,motor_compulsory,2024-02-28,2025-02-27,1546168,65455,quarterly,active
P000198,C01484,A0017,property,property_fire,2026-02-26,2027-02-26,8858790,73797,monthly,active
P000199,C01783,A0049,motor,motor_voluntary,2022-10-30,2023-10-30,2137180,53051,annual,active
P000200,C00265,A0029,property,property_allrisk,2025-08-05,2026-08-05,10401401,70788,monthly,active
P000201,C02672,A0031,motor,motor_voluntary,2023-01-29,2024-01-29,456465,20452,annual,active
P000202,C00935,A0034,property,property_fire,2023-05-14,2024-05-13,17144863,153981,monthly,active
P000203,C01881,A0043,property,property_allrisk,2024-09-09,2025-09-09,10949118,113783,monthly,active
P000204,C00605,A0029,motor,motor_voluntary,2025-03-18,2026-03-18,924600,27710,monthly,active
P000205,C01546,A0044,motor,motor_compulsory,2022-01-11,2023-01-11,391651,13104,monthly,active
P000206,C01643,A0031,motor,motor_voluntary,2024-03-02,2025-03-02,1066237,51491,quarterly,cancelled
P000207,C01947,A0039,motor,motor_compulsory,2025-12-19,2026-12-19,725883,19262,monthly,active
P000208,C00958,A0012,motor,motor_voluntary,2025-12-07,2026-12-07,1304134,46310,monthly,active
P000209,C02474,A0050,motor,motor_compulsory,2024-12-11,2025-12-11,1186991,32987,monthly,active
P000210,C01055,A0050,motor,motor_compulsory,2024-11-01,2025-11-01,551516,26864,monthly,active
P000211,C02048,A0046,motor,motor_compulsory,2025-08-28,2026-08-28,1925930,64532,quarterly,lapsed
P000212,C02159,A0017,motor,motor_voluntary,2026-04-16,2027-04-16,2030118,92403,monthly,active
P000213,C00245,A0046,property,property_allrisk,2023-09-24,2024-09-23,8048373,86462,monthly,active
P000214,C02668,A0032,motor,motor_voluntary,2023-06-03,2024-06-02,2222264,51331,quarterly,lapsed
P000215,C02225,A0024,motor,motor_compulsory,2023-04-28,2024-04-27,647146,21153,monthly,active
P000216,C02370,A0001,motor,motor_compulsory,2023-12-26,2024-12-25,1175968,24661,monthly,lapsed
P000217,C02330,A0036,motor,motor_voluntary,2024-01-05,2025-01-04,985091,20576,monthly,cancelled
P000218,C01730,A0035,motor,motor_compulsory,2024-07-04,2025-07-04,973365,39283,monthly,active
P000219,C00330,A0026,property,property_allrisk,2023-02-09,2024-02-09,16587815,181667,monthly,active
P000220,C01693,A0030,motor,motor_voluntary,2022-07-23,2023-07-23,1636269,66363,monthly,active
P000221,C02307,A0018,motor,motor_compulsory,2023-08-20,2024-08-19,1780141,66447,quarterly,active
P000222,C01332,A0017,motor,motor_voluntary,2023-02-12,2024-02-12,222353,8048,monthly,active
P000223,C01893,A0045,motor,motor_compulsory,2024-03-24,2025-03-24,1563358,36366,monthly,active
P000224,C01588,A0015,property,property_allrisk,2023-08-10,2024-08-09,7045916,55439,quarterly,active
P000225,C02646,A0022,motor,motor_compulsory,2025-05-31,2026-05-31,2000354,43577,monthly,active
P000226,C02567,A0038,motor,motor_voluntary,2024-02-25,2025-02-24,1473904,45214,quarterly,active
P000227,C02029,A0024,motor,motor_voluntary,2025-06-09,2026-06-09,2320914,106239,quarterly,active
P000228,C02315,A0011,property,property_fire,2023-01-21,2024-01-21,6692380,22763,annual,lapsed
P000229,C00134,A0018,motor,motor_voluntary,2024-09-04,2025-09-04,526125,24792,quarterly,active
P000230,C00845,A0012,motor,motor_voluntary,2023-11-18,2024-11-17,1144433,28840,monthly,active
P000231,C01358,A0023,property,property_fire,2023-11-12,2024-11-11,12996410,46853,monthly,lapsed
P000232,C02271,A0036,motor,motor_voluntary,2023-02-19,2024-02-19,1616184,46078,quarterly,active
P000233,C01009,A0026,motor,motor_voluntary,2022-06-16,2023-06-16,1012189,43171,monthly,active
P000234,C02206,A0042,motor,motor_voluntary,2023-02-24,2024-02-24,230377,10218,monthly,active
P000235,C02452,A0026,motor,motor_compulsory,2024-03-09,2025-03-09,1333396,30286,quarterly,active
P000236,C00309,A0031,property,property_flood,2023-05-24,2024-05-23,5492847,63510,quarterly,active
P000237,C01099,A0042,motor,motor_compulsory,2023-01-31,2024-01-31,1365409,33864,monthly,active
P000238,C01829,A0005,motor,motor_compulsory,2023-07-20,2024-07-19,1634023,63177,annual,active
P000239,C01123,A0031,motor,motor_compulsory,2023-03-10,2024-03-09,1761862,47506,quarterly,lapsed
P000240,C01744,A0008,motor,motor_compulsory,2023-10-18,2024-10-17,1256438,39568,quarterly,lapsed
P000241,C01101,A0021,property,property_fire,2024-01-30,2025-01-29,1887504,5739,monthly,lapsed
P000242,C01360,A0023,motor,motor_voluntary,2023-05-09,2024-05-08,897157,36922,monthly,active
P000243,C00974,A0043,motor,motor_compulsory,2023-10-18,2024-10-17,1080316,44934,monthly,active
P000244,C02480,A0009,motor,motor_compulsory,2025-08-02,2026-08-02,2234717,106193,quarterly,active
P000245,C01042,A0041,motor,motor_compulsory,2023-07-11,2024-07-10,750679,18466,annual,active
P000246,C02018,A0003,motor,motor_voluntary,2023-01-16,2024-01-16,956370,40242,quarterly,active
P000247,C02287,A0028,motor,motor_compulsory,2024-04-25,2025-04-25,1031622,50393,quarterly,active
P000248,C01127,A0004,motor,motor_voluntary,2026-01-16,2027-01-16,895957,27065,annual,cancelled
P000249,C01791,A0046,motor,motor_compulsory,2024-03-04,2025-03-04,2411621,86606,quarterly,active
P000250,C02395,A0050,motor,motor_voluntary,2024-06-29,2025-06-29,275453,11621,monthly,active
P000251,C02276,A0011,motor,motor_voluntary,2023-06-14,2024-06-13,1537488,64748,monthly,active
P000252,C02604,A0026,motor,motor_compulsory,2024-01-17,2025-01-16,236166,10072,monthly,active
P000253,C00739,A0042,property,property_allrisk,2024-02-18,2025-02-17,16006284,72811,monthly,active
P000254,C02434,A0001,motor,motor_voluntary,2023-08-07,2024-08-06,881680,24132,monthly,active
P000255,C01075,A0022,motor,motor_compulsory,2023-02-24,2024-02-24,1854313,46556,monthly,active
P000256,C00162,A0002,property,property_allrisk,2023-05-17,2024-05-16,15438759,73300,annual,active
P000257,C00823,A0035,motor,motor_voluntary,2023-06-22,2024-06-21,409305,17239,annual,active
P000258,C00024,A0045,motor,motor_voluntary,2023-08-30,2024-08-29,1449393,65354,monthly,active
P000259,C01151,A0026,motor,motor_voluntary,2025-09-22,2026-09-22,2418269,58780,monthly,active
P000260,C00532,A0026,property,property_flood,2023-04-23,2024-04-22,15025259,157443,quarterly,active
P000261,C01736,A0006,motor,motor_compulsory,2022-06-27,2023-06-27,243299,4973,quarterly,active
P000262,C00470,A0001,property,property_flood,2022-07-22,2023-07-22,5919520,63436,annual,active
P000263,C00820,A0046,property,property_flood,2023-07-10,2024-07-09,9689766,53759,monthly,active
P000264,C02698,A0025,motor,motor_compulsory,2024-02-07,2025-02-06,1406724,33042,annual,active
P000265,C00738,A0040,motor,motor_compulsory,2024-03-02,2025-03-02,332733,10866,monthly,active
P000266,C00355,A0032,property,property_allrisk,2023-07-18,2024-07-17,3330739,24182,annual,active
P000267,C00898,A0029,motor,motor_voluntary,2022-06-22,2023-06-22,923247,26768,quarterly,active
P000268,C01374,A0013,motor,motor_compulsory,2022-12-20,2023-12-20,526188,22656,annual,active
P000269,C01515,A0048,property,property_flood,2022-10-28,2023-10-28,9574111,67379,monthly,active
P000270,C02113,A0028,motor,motor_voluntary,2023-04-24,2024-04-23,1953309,71847,annual,active
P000271,C01382,A0041,property,property_fire,2023-01-07,2024-01-07,1405603,16604,quarterly,active
P000272,C00066,A0003,motor,motor_compulsory,2024-03-09,2025-03-09,931407,21181,annual,active
P000273,C02602,A0027,property,property_allrisk,2023-05-16,2024-05-15,18905669,69929,annual,lapsed
P000274,C01623,A0047,motor,motor_voluntary,2022-08-06,2023-08-06,2110969,74212,quarterly,active
P000275,C00539,A0044,motor,motor_compulsory,2024-06-09,2025-06-09,1673889,77591,quarterly,lapsed
P000276,C02843,A0006,property,property_allrisk,2023-05-18,2024-05-17,19570790,221571,annual,active
P000277,C00451,A0001,motor,motor_voluntary,2025-08-31,2026-08-31,450863,11034,annual,active
P000278,C00968,A0024,motor,motor_voluntary,2026-02-25,2027-02-25,2105984,83174,quarterly,active
P000279,C01741,A0038,property,property_allrisk,2022-09-11,2023-09-11,2116228,12775,annual,active
P000280,C01658,A0031,motor,motor_voluntary,2025-06-20,2026-06-20,1862446,64238,annual,active
P000281,C01948,A0037,property,property_fire,2024-01-10,2025-01-09,19387615,220963,annual,active
P000282,C01348,A0014,motor,motor_voluntary,2025-07-14,2026-07-14,267715,11547,annual,active
P000283,C02785,A0011,property,property_flood,2024-02-25,2025-02-24,2566684,16644,annual,active
P000284,C00090,A0043,motor,motor_compulsory,2024-10-06,2025-10-06,1876903,38893,annual,active
P000285,C01731,A0049,motor,motor_voluntary,2023-10-26,2024-10-25,783003,35120,annual,lapsed
P000286,C00251,A0049,property,property_flood,2023-02-05,2024-02-05,14471189,132341,monthly,active
P000287,C02085,A0040,motor,motor_voluntary,2026-04-03,2027-04-03,262201,8976,monthly,active
P000288,C00836,A0050,motor,motor_voluntary,2023-11-12,2024-11-11,2257465,53276,monthly,active
P000289,C02406,A0019,motor,motor_compulsory,2024-09-22,2025-09-22,225483,8121,monthly,active
P000290,C02621,A0039,motor,motor_voluntary,2024-05-01,2025-05-01,565315,22746,annual,active
P000291,C02453,A0012,motor,motor_compulsory,2025-05-07,2026-05-07,1704884,73740,monthly,cancelled
P000292,C01113,A0015,motor,motor_compulsory,2024-06-13,2025-06-13,996292,19985,annual,active
P000293,C02842,A0044,property,property_flood,2024-05-17,2025-05-17,10325986,92192,annual,active
P000294,C02626,A0018,motor,motor_voluntary,2023-01-12,2024-01-12,1937638,66159,annual,active
P000295,C00213,A0007,motor,motor_voluntary,2025-12-16,2026-12-16,1641749,76326,quarterly,active
P000296,C01839,A0050,motor,motor_compulsory,2022-01-02,2023-01-02,795242,37406,monthly,active
P000297,C02102,A0041,motor,motor_voluntary,2022-02-19,2023-02-19,854629,27662,annual,active
P000298,C01699,A0036,motor,motor_voluntary,2023-11-04,2024-11-03,2105311,52169,monthly,active
P000299,C00079,A0030,motor,motor_compulsory,2024-10-30,2025-10-30,1454715,65859,monthly,active
P000300,C01717,A0035,motor,motor_compulsory,2025-08-14,2026-08-14,971125,38114,monthly,active
P000301,C00543,A0001,motor,motor_voluntary,2023-12-18,2024-12-17,1814297,83017,annual,active
P000302,C00718,A0027,motor,motor_voluntary,2023-09-03,2024-09-02,270225,7350,monthly,active
P000303,C02667,A0012,motor,motor_compulsory,2024-10-29,2025-10-29,1376967,38664,annual,active
P000304,C02712,A0043,motor,motor_compulsory,2023-01-23,2024-01-23,224619,5039,monthly,active
P000305,C00640,A0015,motor,motor_compulsory,2023-02-08,2024-02-08,1101564,35508,quarterly,lapsed
P000306,C02885,A0004,motor,motor_voluntary,2024-06-29,2025-06-29,966046,35298,monthly,active
P000307,C02826,A0020,motor,motor_compulsory,2022-11-22,2023-11-22,203226,4868,monthly,active
P000308,C01505,A0050,motor,motor_voluntary,2023-06-12,2024-06-11,1982219,54858,quarterly,active
P000309,C02240,A0010,motor,motor_voluntary,2024-07-11,2025-07-11,1878173,84164,monthly,lapsed
P000310,C00624,A0013,motor,motor_compulsory,2023-12-31,2024-12-30,2290495,62904,monthly,active
P000311,C02167,A0027,motor,motor_voluntary,2025-08-07,2026-08-07,1798698,57732,quarterly,active
P000312,C02731,A0012,motor,motor_voluntary,2026-03-07,2027-03-07,1763775,66043,monthly,cancelled
P000313,C00528,A0001,property,property_allrisk,2023-02-25,2024-02-25,7240965,61139,quarterly,active
P000314,C01413,A0025,motor,motor_voluntary,2026-03-11,2027-03-11,2102976,101907,annual,active
P000315,C01956,A0026,property,property_flood,2022-11-25,2023-11-25,6178117,51228,annual,active
P000316,C01234,A0008,motor,motor_compulsory,2025-02-01,2026-02-01,2091378,80157,monthly,active
P000317,C00392,A0021,motor,motor_voluntary,2024-05-30,2025-05-30,404915,14454,monthly,active
P000318,C00273,A0019,motor,motor_voluntary,2023-09-16,2024-09-15,554996,13676,quarterly,active
P000319,C02671,A0043,motor,motor_compulsory,2023-05-18,2024-05-17,1873091,45710,monthly,active
P000320,C02355,A0032,property,property_allrisk,2022-07-29,2023-07-29,19925471,72458,quarterly,active
P000321,C02750,A0025,motor,motor_compulsory,2026-01-11,2027-01-11,755305,15857,quarterly,active
P000322,C00620,A0004,motor,motor_voluntary,2024-11-05,2025-11-05,1445085,68291,annual,active
P000323,C00420,A0040,motor,motor_compulsory,2025-09-19,2026-09-19,1173613,24563,quarterly,active
P000324,C02234,A0003,motor,motor_compulsory,2026-03-10,2027-03-10,724717,34395,annual,lapsed
P000325,C02573,A0001,property,property_allrisk,2023-11-06,2024-11-05,14498888,113171,quarterly,active
P000326,C00627,A0049,motor,motor_compulsory,2025-05-31,2026-05-31,621544,29892,annual,cancelled
P000327,C01259,A0032,property,property_flood,2023-01-14,2024-01-14,10743525,114377,quarterly,active
P000328,C02535,A0021,motor,motor_voluntary,2023-05-29,2024-05-28,1533736,41052,quarterly,active
P000329,C01433,A0004,motor,motor_voluntary,2024-02-07,2025-02-06,2281216,79171,monthly,active
P000330,C02392,A0039,motor,motor_voluntary,2024-11-14,2025-11-14,388695,9483,annual,active
P000331,C02998,A0012,motor,motor_voluntary,2024-03-06,2025-03-06,2362735,81581,quarterly,active
P000332,C01110,A0032,property,property_allrisk,2024-08-09,2025-08-09,10229538,108634,quarterly,active
P000333,C00022,A0045,motor,motor_compulsory,2024-10-07,2025-10-07,739684,31979,quarterly,lapsed
P000334,C01464,A0006,motor,motor_voluntary,2023-03-11,2024-03-10,499022,21753,quarterly,active
P000335,C01048,A0003,motor,motor_voluntary,2023-01-28,2024-01-28,2457428,92872,annual,active
P000336,C02986,A0048,property,property_flood,2024-12-06,2025-12-06,12878864,97621,monthly,active
P000337,C02730,A0008,motor,motor_compulsory,2025-03-14,2026-03-14,1292918,36379,quarterly,active
P000338,C00052,A0046,motor,motor_compulsory,2022-09-09,2023-09-09,2183045,43837,quarterly,lapsed
P000339,C02916,A0035,motor,motor_compulsory,2023-02-07,2024-02-07,691696,25030,monthly,active
P000340,C02996,A0003,motor,motor_voluntary,2025-03-17,2026-03-17,1076635,40542,monthly,active
P000341,C00051,A0010,motor,motor_compulsory,2023-02-13,2024-02-13,1368957,53184,quarterly,active
P000342,C00847,A0014,motor,motor_compulsory,2023-03-24,2024-03-23,579764,28480,annual,active
P000343,C01080,A0002,motor,motor_compulsory,2024-01-24,2025-01-23,754282,19613,annual,active
P000344,C01979,A0003,property,property_fire,2025-11-01,2026-11-01,15495600,114457,annual,active
P000345,C00818,A0044,motor,motor_voluntary,2024-07-31,2025-07-31,588629,21323,monthly,active
P000346,C01405,A0011,property,property_allrisk,2022-12-13,2023-12-13,4364166,16872,quarterly,active
P000347,C02754,A0011,motor,motor_voluntary,2023-04-11,2024-04-10,667406,25241,monthly,active
P000348,C02913,A0018,motor,motor_voluntary,2025-09-01,2026-09-01,2172932,87663,quarterly,active
P000349,C00328,A0029,motor,motor_voluntary,2023-10-09,2024-10-08,2430625,98116,monthly,lapsed
P000350,C01588,A0027,motor,motor_voluntary,2024-03-22,2025-03-22,1621694,67909,monthly,active
P000351,C00951,A0001,property,property_fire,2026-03-26,2027-03-26,9328115,55413,monthly,active
P000352,C01837,A0001,property,property_fire,2023-09-23,2024-09-22,18938889,108157,monthly,active
P000353,C01622,A0016,property,property_flood,2023-04-17,2024-04-16,14464882,49697,quarterly,active
P000354,C02594,A0028,property,property_allrisk,2025-12-23,2026-12-23,2476958,10312,quarterly,active
P000355,C02427,A0008,property,property_flood,2023-01-23,2024-01-23,19287791,159894,monthly,active
P000356,C02821,A0013,motor,motor_voluntary,2022-09-26,2023-09-26,320848,7794,quarterly,active
P000357,C00765,A0026,property,property_flood,2022-04-25,2023-04-25,16686391,154599,monthly,active
P000358,C02020,A0019,motor,motor_compulsory,2025-08-07,2026-08-07,380346,9125,annual,active
P000359,C01154,A0045,motor,motor_compulsory,2024-08-08,2025-08-08,774880,16516,quarterly,cancelled
P000360,C02245,A0039,property,property_fire,2023-07-29,2024-07-28,18240089,69587,quarterly,active
P000361,C01664,A0011,motor,motor_compulsory,2024-08-02,2025-08-02,2420433,63756,monthly,active
P000362,C00050,A0016,motor,motor_compulsory,2023-12-18,2024-12-17,826662,19592,quarterly,active
P000363,C02623,A0010,motor,motor_compulsory,2022-01-11,2023-01-11,785272,22998,quarterly,active
P000364,C02065,A0024,property,property_allrisk,2024-12-24,2025-12-24,1538059,6428,monthly,active
P000365,C00370,A0028,motor,motor_voluntary,2024-04-16,2025-04-16,218320,4810,quarterly,active
P000366,C00529,A0012,property,property_allrisk,2025-12-14,2026-12-14,15201804,52989,quarterly,active
P000367,C02907,A0025,motor,motor_voluntary,2024-09-21,2025-09-21,1228841,46354,quarterly,active
P000368,C01916,A0038,property,property_allrisk,2024-10-17,2025-10-17,8173741,31662,monthly,cancelled
P000369,C02611,A0037,motor,motor_compulsory,2023-06-13,2024-06-12,716353,26634,annual,lapsed
P000370,C02269,A0016,motor,motor_compulsory,2025-05-29,2026-05-29,1897081,70992,monthly,lapsed
P000371,C00029,A0024,property,property_flood,2026-02-19,2027-02-19,17605959,94624,annual,active
P000372,C00364,A0035,motor,motor_voluntary,2025-09-06,2026-09-06,1218743,60711,quarterly,active
P000373,C00991,A0014,motor,motor_voluntary,2023-01-04,2024-01-04,620527,22903,monthly,active
P000374,C01062,A0003,property,property_fire,2024-05-31,2025-05-31,17074518,83909,monthly,active
P000375,C01885,A0025,property,property_fire,2023-12-02,2024-12-01,11809896,60946,annual,lapsed
P000376,C02905,A0011,property,property_flood,2025-06-18,2026-06-18,7269030,38704,monthly,active
P000377,C00385,A0017,property,property_allrisk,2024-05-03,2025-05-03,5720818,19568,annual,active
P000378,C01143,A0019,property,property_fire,2024-04-11,2025-04-11,15202914,130009,monthly,active
P000379,C00038,A0044,motor,motor_compulsory,2026-04-25,2027-04-25,2274687,90521,quarterly,lapsed
P000380,C01594,A0004,motor,motor_compulsory,2024-07-04,2025-07-04,552756,16498,quarterly,active
P000381,C01612,A0019,motor,motor_voluntary,2022-01-04,2023-01-04,1046156,38219,monthly,active
P000382,C00617,A0009,motor,motor_voluntary,2025-06-04,2026-06-04,973031,42038,quarterly,active
P000383,C02867,A0003,motor,motor_compulsory,2023-06-04,2024-06-03,1115800,29136,quarterly,active
P000384,C00976,A0025,motor,motor_compulsory,2023-07-26,2024-07-25,2205474,45980,monthly,active
P000385,C00154,A0041,motor,motor_compulsory,2022-10-22,2023-10-22,910790,35263,quarterly,active
P000386,C01780,A0031,property,property_allrisk,2023-11-23,2024-11-22,2800052,11733,quarterly,active
P000387,C01761,A0011,motor,motor_compulsory,2025-01-30,2026-01-30,2101878,68536,monthly,active
P000388,C01653,A0017,property,property_fire,2025-11-07,2026-11-07,14584108,68810,quarterly,active
P000389,C02142,A0014,property,property_allrisk,2025-09-21,2026-09-21,16026233,86628,annual,active
P000390,C00141,A0038,motor,motor_compulsory,2023-12-25,2024-12-24,2471985,101949,annual,active
P000391,C00851,A0010,motor,motor_compulsory,2024-07-31,2025-07-31,1515261,30950,quarterly,active
P000392,C01054,A0025,property,property_allrisk,2023-09-27,2024-09-26,10952206,54194,monthly,cancelled
P000393,C00428,A0022,motor,motor_voluntary,2025-12-28,2026-12-28,2498699,93880,annual,active
P000394,C01845,A0028,motor,motor_compulsory,2023-01-09,2024-01-09,1156210,31847,annual,active
P000395,C01246,A0032,motor,motor_voluntary,2026-04-26,2027-04-26,776593,36723,quarterly,active
P000396,C00264,A0033,motor,motor_voluntary,2025-08-02,2026-08-02,1630291,52056,annual,active
P000397,C02693,A0035,motor,motor_voluntary,2026-01-23,2027-01-23,1059956,35516,quarterly,active
P000398,C02632,A0024,motor,motor_voluntary,2024-02-14,2025-02-13,1812372,74172,quarterly,active
P000399,C02554,A0018,motor,motor_compulsory,2024-10-26,2025-10-26,1841713,38187,annual,active
P000400,C01822,A0010,property,property_allrisk,2022-01-04,2023-01-04,7469218,81805,monthly,lapsed
P000401,C00343,A0025,motor,motor_voluntary,2023-05-02,2024-05-01,412631,18643,quarterly,active
P000402,C01665,A0018,motor,motor_voluntary,2024-10-14,2025-10-14,1956132,58057,quarterly,active
P000403,C00706,A0017,motor,motor_compulsory,2025-01-04,2026-01-04,1552552,46317,quarterly,active
P000404,C01700,A0034,motor,motor_voluntary,2025-12-08,2026-12-08,228725,4933,monthly,active
P000405,C00631,A0012,motor,motor_voluntary,2025-02-22,2026-02-22,1699100,37615,quarterly,active
P000406,C00021,A0010,property,property_allrisk,2026-04-20,2027-04-20,3305561,32819,monthly,lapsed
P000407,C01304,A0031,motor,motor_compulsory,2023-02-04,2024-02-04,2441480,121935,monthly,active
P000408,C01097,A0010,property,property_allrisk,2023-09-30,2024-09-29,1667057,19379,monthly,active
P000409,C02191,A0015,motor,motor_compulsory,2024-11-12,2025-11-12,454859,11462,monthly,active
P000410,C00272,A0039,property,property_allrisk,2024-02-28,2025-02-27,3320729,16315,quarterly,active
P000411,C00449,A0014,motor,motor_compulsory,2024-11-20,2025-11-20,765935,34636,quarterly,active
P000412,C01450,A0049,motor,motor_compulsory,2024-10-12,2025-10-12,2408832,49129,quarterly,active
P000413,C02618,A0015,property,property_allrisk,2023-01-30,2024-01-30,11037980,131249,annual,active
P000414,C00005,A0011,motor,motor_voluntary,2023-11-05,2024-11-04,1612567,60526,annual,cancelled
P000415,C01450,A0034,motor,motor_compulsory,2023-04-01,2024-03-31,817145,32293,annual,cancelled
P000416,C00630,A0003,property,property_fire,2023-02-05,2024-02-05,12144216,93331,monthly,lapsed
P000417,C01497,A0008,motor,motor_compulsory,2025-12-26,2026-12-26,2128693,72662,annual,active
P000418,C02052,A0034,motor,motor_compulsory,2025-12-06,2026-12-06,1321157,65797,annual,active
P000419,C02337,A0027,motor,motor_compulsory,2025-11-19,2026-11-19,2381036,110036,monthly,active
P000420,C02248,A0025,motor,motor_voluntary,2023-10-21,2024-10-20,905965,44512,annual,active
P000421,C01817,A0013,motor,motor_compulsory,2023-06-13,2024-06-12,895190,30237,annual,active
P000422,C02791,A0006,motor,motor_compulsory,2024-03-13,2025-03-13,962496,43603,quarterly,active
P000423,C01482,A0022,motor,motor_voluntary,2022-05-31,2023-05-31,2166034,78467,annual,lapsed
P000424,C02678,A0031,motor,motor_voluntary,2024-01-13,2025-01-12,1963320,93916,monthly,active
P000425,C00232,A0003,motor,motor_voluntary,2024-04-11,2025-04-11,835455,38862,annual,lapsed
P000426,C02749,A0036,property,property_allrisk,2026-01-15,2027-01-15,11615226,120976,quarterly,active
P000427,C02034,A0021,property,property_allrisk,2023-05-25,2024-05-24,11836765,110429,quarterly,active
P000428,C01896,A0033,motor,motor_voluntary,2023-03-23,2024-03-22,2484411,89994,monthly,active
P000429,C02089,A0039,motor,motor_voluntary,2023-04-29,2024-04-28,1543878,53763,annual,active
P000430,C01816,A0027,motor,motor_voluntary,2024-03-06,2025-03-06,1898638,85065,monthly,active
P000431,C02791,A0007,motor,motor_voluntary,2022-09-01,2023-09-01,270859,10985,monthly,active
P000432,C00634,A0037,motor,motor_voluntary,2026-01-25,2027-01-25,1599805,67426,annual,active
P000433,C00109,A0042,property,property_flood,2023-07-21,2024-07-20,13984442,148598,quarterly,active
P000434,C02401,A0009,motor,motor_compulsory,2023-03-17,2024-03-16,1827490,75764,monthly,active
P000435,C01789,A0043,motor,motor_voluntary,2023-12-25,2024-12-24,803889,25425,quarterly,active
P000436,C02094,A0040,motor,motor_compulsory,2023-05-18,2024-05-17,393861,10743,quarterly,active
P000437,C00055,A0032,property,property_flood,2024-01-27,2025-01-26,8559358,102446,quarterly,active
P000438,C00175,A0044,motor,motor_voluntary,2022-12-04,2023-12-04,916422,41418,quarterly,active
P000439,C02767,A0048,motor,motor_voluntary,2023-07-11,2024-07-10,1699364,40460,monthly,active
P000440,C00429,A0005,motor,motor_compulsory,2025-01-22,2026-01-22,1304811,27846,quarterly,active
P000441,C02655,A0021,motor,motor_compulsory,2023-07-29,2024-07-28,415613,16434,monthly,lapsed
P000442,C02465,A0005,motor,motor_compulsory,2025-03-16,2026-03-16,677441,20139,annual,active
P000443,C01240,A0050,motor,motor_compulsory,2022-05-26,2023-05-26,2088838,80498,annual,active
P000444,C01202,A0002,motor,motor_compulsory,2025-04-23,2026-04-23,2349069,67553,monthly,active
P000445,C02512,A0021,property,property_allrisk,2022-08-12,2023-08-12,15336901,177662,quarterly,lapsed
P000446,C01500,A0029,motor,motor_compulsory,2023-09-01,2024-08-31,2322451,92566,annual,lapsed
P000447,C00854,A0046,property,property_flood,2023-02-07,2024-02-07,5942639,53263,monthly,cancelled
P000448,C00929,A0015,motor,motor_voluntary,2024-09-15,2025-09-15,1590104,58478,monthly,cancelled
P000449,C01014,A0038,motor,motor_compulsory,2024-12-11,2025-12-11,1763839,38926,quarterly,active
P000450,C02905,A0017,property,property_fire,2023-01-29,2024-01-29,16655282,186429,quarterly,lapsed
P000451,C00338,A0041,motor,motor_voluntary,2026-03-18,2027-03-18,1648615,69720,quarterly,active
P000452,C00679,A0005,motor,motor_voluntary,2023-01-07,2024-01-07,1981299,43408,annual,lapsed
P000453,C01229,A0018,motor,motor_compulsory,2024-08-10,2025-08-10,501173,19729,annual,active
P000454,C01179,A0002,motor,motor_voluntary,2024-02-21,2025-02-20,1270157,56546,annual,active
P000455,C00825,A0050,property,property_flood,2024-08-14,2025-08-14,5206884,40739,monthly,cancelled
P000456,C01575,A0046,property,property_allrisk,2023-03-02,2024-03-01,12672945,148567,monthly,active
P000457,C01702,A0027,motor,motor_voluntary,2024-02-04,2025-02-03,1943220,60848,quarterly,active
P000458,C00132,A0009,property,property_fire,2025-03-18,2026-03-18,5682515,68056,monthly,active
P000459,C01735,A0036,motor,motor_voluntary,2022-08-02,2023-08-02,1326862,50966,monthly,active
P000460,C01342,A0010,property,property_allrisk,2023-04-09,2024-04-08,13015285,111342,annual,active
P000461,C01436,A0005,motor,motor_compulsory,2023-02-25,2024-02-25,704564,19890,quarterly,active
P000462,C00216,A0008,motor,motor_compulsory,2024-04-08,2025-04-08,1712031,56545,annual,active
P000463,C01462,A0048,motor,motor_compulsory,2023-05-17,2024-05-16,737880,23160,annual,active
P000464,C01797,A0025,motor,motor_compulsory,2023-11-20,2024-11-19,1693235,63461,quarterly,active
P000465,C01371,A0022,property,property_allrisk,2026-01-26,2027-01-26,2509318,8122,monthly,cancelled
P000466,C00577,A0012,property,property_fire,2024-06-07,2025-06-07,10096142,101116,annual,active
P000467,C01480,A0018,property,property_fire,2024-05-08,2025-05-08,1026629,5858,quarterly,active
P000468,C01465,A0006,property,property_flood,2024-04-29,2025-04-29,3808239,24236,monthly,active
P000469,C00549,A0045,motor,motor_compulsory,2026-04-22,2027-04-22,2406133,85446,monthly,active
P000470,C02105,A0013,motor,motor_compulsory,2025-10-11,2026-10-11,1397116,38163,monthly,active
P000471,C00997,A0006,motor,motor_compulsory,2023-07-24,2024-07-23,2305743,49684,quarterly,active
P000472,C01690,A0011,motor,motor_voluntary,2023-03-20,2024-03-19,1561355,35541,annual,active
P000473,C02520,A0043,motor,motor_voluntary,2023-06-08,2024-06-07,2237950,98364,quarterly,active
P000474,C01666,A0042,motor,motor_compulsory,2024-11-08,2025-11-08,1975216,57351,annual,lapsed
P000475,C02956,A0005,motor,motor_voluntary,2026-03-30,2027-03-30,798895,36678,quarterly,active
P000476,C02058,A0028,property,property_fire,2022-07-19,2023-07-19,7582572,23582,quarterly,active
P000477,C00566,A0011,property,property_flood,2023-02-08,2024-02-08,12245338,137020,quarterly,lapsed
P000478,C00423,A0021,property,property_fire,2023-02-25,2024-02-25,10706495,108075,monthly,active
P000479,C02128,A0010,motor,motor_voluntary,2025-04-02,2026-04-02,280083,6403,monthly,active
P000480,C02724,A0012,motor,motor_voluntary,2023-08-25,2024-08-24,1365493,28840,monthly,active
P000481,C00851,A0017,motor,motor_voluntary,2023-04-05,2024-04-04,315474,7214,annual,active
P000482,C00479,A0014,motor,motor_voluntary,2023-12-23,2024-12-22,623745,16075,monthly,active
P000483,C00888,A0020,motor,motor_compulsory,2025-04-23,2026-04-23,1607336,72285,monthly,active
P000484,C02391,A0033,motor,motor_compulsory,2025-05-26,2026-05-26,1449688,55497,quarterly,active
P000485,C01859,A0041,motor,motor_compulsory,2026-04-09,2027-04-09,929253,39365,annual,active
P000486,C02548,A0031,motor,motor_voluntary,2026-01-31,2027-01-31,1360680,54231,monthly,active
P000487,C01362,A0037,motor,motor_voluntary,2025-02-24,2026-02-24,1603449,65181,monthly,active
P000488,C02538,A0027,motor,motor_compulsory,2024-05-19,2025-05-19,861467,26784,quarterly,active
P000489,C02859,A0024,motor,motor_compulsory,2023-02-19,2024-02-19,2182783,94913,monthly,lapsed
P000490,C00956,A0022,motor,motor_compulsory,2025-03-17,2026-03-17,1335796,63736,monthly,active
P000491,C01024,A0010,motor,motor_compulsory,2026-03-26,2027-03-26,733858,31450,quarterly,active
P000492,C00642,A0042,motor,motor_compulsory,2022-12-13,2023-12-13,2271374,108374,quarterly,active
P000493,C00871,A0043,property,property_flood,2026-01-25,2027-01-25,15037420,173804,quarterly,active
P000494,C00415,A0026,motor,motor_compulsory,2024-05-19,2025-05-19,2298038,97603,annual,active
P000495,C02238,A0043,motor,motor_compulsory,2024-04-29,2025-04-29,2172954,81935,monthly,active
P000496,C02111,A0042,motor,motor_compulsory,2023-02-08,2024-02-08,1142054,45926,monthly,lapsed
P000497,C01555,A0004,motor,motor_voluntary,2025-10-15,2026-10-15,322586,8821,quarterly,active
P000498,C02915,A0002,motor,motor_voluntary,2025-05-17,2026-05-17,600215,16935,annual,cancelled
P000499,C01632,A0013,property,property_allrisk,2022-05-06,2023-05-06,10230773,83529,annual,cancelled
P000500,C02593,A0011,property,property_allrisk,2024-07-23,2025-07-23,14316431,66650,quarterly,active
P000501,C00446,A0030,property,property_allrisk,2024-02-25,2025-02-24,12558584,122519,monthly,active
P000502,C02724,A0006,property,property_flood,2025-03-20,2026-03-20,11085630,34389,annual,active
P000503,C01850,A0044,motor,motor_compulsory,2026-03-07,2027-03-07,1807541,75118,monthly,active
P000504,C01434,A0050,motor,motor_voluntary,2023-02-03,2024-02-03,1116249,33330,annual,active
P000505,C00334,A0013,motor,motor_compulsory,2024-07-11,2025-07-11,1235567,45753,monthly,active
P000506,C00841,A0044,motor,motor_compulsory,2025-05-08,2026-05-08,1103638,37840,quarterly,active
P000507,C00363,A0047,motor,motor_voluntary,2026-02-27,2027-02-27,1380473,29497,monthly,active
P000508,C00374,A0007,property,property_allrisk,2022-09-15,2023-09-15,17563266,147609,quarterly,lapsed
P000509,C00662,A0003,motor,motor_compulsory,2023-04-08,2024-04-07,548286,23658,monthly,active
P000510,C00297,A0040,motor,motor_compulsory,2025-04-07,2026-04-07,1948998,93113,annual,cancelled
P000511,C01239,A0036,motor,motor_compulsory,2024-01-31,2025-01-30,805571,19059,quarterly,lapsed
P000512,C02317,A0043,property,property_fire,2023-06-02,2024-06-01,8030655,47166,monthly,active
P000513,C00406,A0045,motor,motor_voluntary,2022-11-28,2023-11-28,1061547,50554,monthly,active
P000514,C00067,A0009,property,property_fire,2023-07-20,2024-07-19,7820883,85186,quarterly,active
P000515,C01186,A0006,property,property_flood,2025-12-02,2026-12-02,1144556,5098,monthly,active
P000516,C02489,A0014,motor,motor_compulsory,2025-09-19,2026-09-19,1454407,42924,quarterly,active
P000517,C00327,A0003,motor,motor_compulsory,2022-03-15,2023-03-15,2258813,70964,annual,active
P000518,C02628,A0010,motor,motor_voluntary,2026-03-28,2027-03-28,1789434,42344,monthly,active
P000519,C00211,A0027,motor,motor_voluntary,2023-06-18,2024-06-17,519333,21448,annual,active
P000520,C01324,A0012,motor,motor_voluntary,2022-12-19,2023-12-19,1829638,40239,annual,active
P000521,C02899,A0030,motor,motor_compulsory,2024-01-08,2025-01-07,514790,10326,annual,active
P000522,C02076,A0037,motor,motor_compulsory,2025-01-05,2026-01-05,2383539,85262,annual,active
P000523,C01396,A0028,motor,motor_voluntary,2026-04-25,2027-04-25,328452,10207,quarterly,active
P000524,C00755,A0029,motor,motor_compulsory,2022-05-30,2023-05-30,1073284,33238,annual,lapsed
P000525,C01504,A0002,property,property_allrisk,2023-09-30,2024-09-29,6236582,40584,quarterly,active
P000526,C01125,A0008,motor,motor_voluntary,2024-05-29,2025-05-29,2198212,45451,monthly,cancelled
P000527,C02869,A0033,motor,motor_compulsory,2025-05-12,2026-05-12,2335924,92148,quarterly,active
P000528,C02754,A0018,property,property_fire,2025-04-23,2026-04-23,1172741,3554,monthly,active
P000529,C01439,A0043,motor,motor_voluntary,2024-01-08,2025-01-07,232328,7934,monthly,active
P000530,C01930,A0021,motor,motor_voluntary,2022-01-14,2023-01-14,821106,20880,monthly,active
P000531,C01098,A0029,motor,motor_compulsory,2024-01-14,2025-01-13,1446380,30313,annual,active
P000532,C01422,A0043,property,property_fire,2023-07-28,2024-07-27,13516665,148807,monthly,lapsed
P000533,C02635,A0034,property,property_allrisk,2025-06-26,2026-06-26,7517610,44114,annual,active
P000534,C00168,A0039,motor,motor_voluntary,2025-01-06,2026-01-06,2031571,58261,quarterly,active
P000535,C01230,A0007,motor,motor_voluntary,2023-02-05,2024-02-05,735301,35146,annual,active
P000536,C02092,A0049,motor,motor_compulsory,2024-11-12,2025-11-12,1217474,35353,monthly,active
P000537,C02576,A0009,property,property_allrisk,2025-04-19,2026-04-19,10660697,77031,annual,active
P000538,C02039,A0036,motor,motor_voluntary,2022-08-16,2023-08-16,2338840,94077,annual,active
P000539,C00399,A0015,property,property_fire,2026-04-13,2027-04-13,8628415,61968,annual,active
P000540,C02359,A0001,motor,motor_compulsory,2024-05-05,2025-05-05,1251012,59967,quarterly,active
P000541,C01254,A0045,property,property_flood,2025-10-06,2026-10-06,11843547,137626,monthly,active
P000542,C01761,A0037,motor,motor_compulsory,2023-01-02,2024-01-02,982541,36626,annual,active
P000543,C00061,A0025,motor,motor_compulsory,2025-11-30,2026-11-30,1706955,79912,monthly,active
P000544,C01819,A0003,property,property_allrisk,2024-02-14,2025-02-13,12125289,82250,monthly,active
P000545,C01225,A0038,motor,motor_voluntary,2024-04-01,2025-04-01,2062939,66903,annual,active
P000546,C02523,A0040,motor,motor_compulsory,2023-05-06,2024-05-05,1122545,43835,monthly,active
P000547,C00739,A0021,motor,motor_compulsory,2025-07-30,2026-07-30,1440511,40450,monthly,active
P000548,C00131,A0018,motor,motor_voluntary,2022-11-05,2023-11-05,1208261,51131,monthly,active
P000549,C01632,A0039,motor,motor_voluntary,2024-11-08,2025-11-08,1491066,34769,monthly,lapsed
P000550,C02044,A0037,motor,motor_compulsory,2026-04-12,2027-04-12,1522570,51395,quarterly,active
P000551,C02692,A0010,motor,motor_compulsory,2024-02-21,2025-02-20,890140,27654,annual,active
P000552,C02203,A0009,property,property_flood,2024-03-31,2025-03-31,10768254,67081,annual,active
P000553,C02827,A0040,motor,motor_voluntary,2023-10-14,2024-10-13,1372451,28283,annual,active
P000554,C00109,A0020,motor,motor_voluntary,2023-11-18,2024-11-17,616111,21293,monthly,lapsed
P000555,C01567,A0039,motor,motor_voluntary,2024-05-08,2025-05-08,700059,21544,monthly,lapsed
P000556,C00883,A0008,motor,motor_voluntary,2023-09-16,2024-09-15,1861846,49597,monthly,active
P000557,C00391,A0043,motor,motor_voluntary,2022-06-04,2023-06-04,1466974,52736,annual,active
P000558,C02473,A0004,motor,motor_voluntary,2024-04-07,2025-04-07,1221391,32182,monthly,active
P000559,C00755,A0022,motor,motor_voluntary,2024-11-30,2025-11-30,970942,40063,quarterly,active
P000560,C02457,A0020,property,property_flood,2023-05-12,2024-05-11,10421177,96918,monthly,active
P000561,C00890,A0009,property,property_flood,2024-08-08,2025-08-08,5785751,29172,annual,active
P000562,C01544,A0019,motor,motor_compulsory,2025-12-30,2026-12-30,2165967,73565,quarterly,active
P000563,C01445,A0013,property,property_fire,2023-08-31,2024-08-30,15896083,49526,annual,lapsed
P000564,C01754,A0022,motor,motor_voluntary,2025-10-18,2026-10-18,536716,21523,monthly,active
P000565,C00355,A0045,motor,motor_compulsory,2023-02-24,2024-02-24,1953598,42992,annual,active
P000566,C00467,A0026,motor,motor_voluntary,2022-09-09,2023-09-09,1906156,75989,quarterly,active
P000567,C01008,A0009,motor,motor_compulsory,2025-09-05,2026-09-05,300832,9503,monthly,active
P000568,C02605,A0034,motor,motor_compulsory,2022-05-22,2023-05-22,716336,25913,annual,active
P000569,C02484,A0020,motor,motor_compulsory,2022-10-20,2023-10-20,1936798,51557,monthly,lapsed
P000570,C02204,A0037,motor,motor_voluntary,2024-11-20,2025-11-20,1226938,41233,annual,active
P000571,C02566,A0033,motor,motor_voluntary,2024-06-15,2025-06-15,506811,13286,quarterly,active
P000572,C02700,A0036,motor,motor_voluntary,2026-01-01,2027-01-01,731879,35954,monthly,active
P000573,C00862,A0034,property,property_allrisk,2023-05-27,2024-05-26,14849073,90319,monthly,active
P000574,C00671,A0045,motor,motor_voluntary,2023-03-04,2024-03-03,1352556,54127,quarterly,active
P000575,C00592,A0032,motor,motor_voluntary,2024-03-27,2025-03-27,2008091,66976,monthly,active
P000576,C02756,A0026,property,property_allrisk,2024-05-24,2025-05-24,12590580,62769,quarterly,lapsed
P000577,C02412,A0028,property,property_allrisk,2024-06-16,2025-06-16,16745808,197547,monthly,active
P000578,C01290,A0001,motor,motor_compulsory,2023-02-14,2024-02-14,1741860,78233,quarterly,active
P000579,C02754,A0004,motor,motor_compulsory,2024-11-14,2025-11-14,1571499,49490,quarterly,active
P000580,C01309,A0045,property,property_allrisk,2024-01-03,2025-01-02,15022082,141187,monthly,active
P000581,C02358,A0008,motor,motor_voluntary,2024-07-05,2025-07-05,1279616,51881,quarterly,active
P000582,C02825,A0045,motor,motor_compulsory,2023-05-21,2024-05-20,218330,5585,annual,active
P000583,C00561,A0024,property,property_fire,2025-10-06,2026-10-06,10625910,118971,monthly,active
P000584,C00384,A0019,property,property_allrisk,2023-09-18,2024-09-17,2742802,19557,quarterly,active
P000585,C02862,A0046,motor,motor_voluntary,2023-11-16,2024-11-15,1219280,31447,quarterly,lapsed
P000586,C00900,A0043,motor,motor_compulsory,2022-07-21,2023-07-21,2247817,71943,monthly,active
P000587,C00621,A0002,property,property_flood,2022-05-22,2023-05-22,15305546,73530,monthly,lapsed
P000588,C02225,A0014,property,property_flood,2024-04-16,2025-04-16,18380939,103477,monthly,active
P000589,C02087,A0011,property,property_fire,2026-03-26,2027-03-26,15188813,161639,annual,lapsed
P000590,C01375,A0041,motor,motor_compulsory,2023-06-25,2024-06-24,2291973,95606,annual,active
P000591,C01147,A0037,motor,motor_compulsory,2023-01-15,2024-01-15,2023959,93711,annual,lapsed
P000592,C02310,A0014,property,property_fire,2025-01-26,2026-01-26,7301429,31470,quarterly,active
P000593,C02174,A0046,motor,motor_voluntary,2022-04-23,2023-04-23,524829,12201,annual,active
P000594,C02364,A0041,property,property_flood,2023-06-21,2024-06-20,3013748,23712,annual,active
P000595,C01428,A0026,property,property_allrisk,2022-10-06,2023-10-06,9565805,83629,quarterly,active
P000596,C01125,A0033,property,property_allrisk,2023-10-12,2024-10-11,3545029,32557,annual,active
P000597,C00050,A0007,motor,motor_compulsory,2022-02-13,2023-02-13,2121332,62773,quarterly,active
P000598,C02249,A0017,motor,motor_compulsory,2023-08-14,2024-08-13,1799846,51214,monthly,active
P000599,C02843,A0036,motor,motor_voluntary,2023-07-30,2024-07-29,849142,39618,annual,active
P000600,C01738,A0034,property,property_allrisk,2023-08-07,2024-08-06,4450425,30811,quarterly,lapsed
P000601,C02720,A0013,motor,motor_compulsory,2026-04-01,2027-04-01,1816401,60224,monthly,active
P000602,C00850,A0024,motor,motor_compulsory,2023-02-27,2024-02-27,374837,15586,monthly,cancelled
P000603,C01012,A0024,motor,motor_voluntary,2025-06-19,2026-06-19,1658684,54171,monthly,active
P000604,C00387,A0030,property,property_flood,2023-11-23,2024-11-22,18085241,80802,annual,active
P000605,C01753,A0036,motor,motor_voluntary,2026-01-09,2027-01-09,479071,19373,quarterly,lapsed
P000606,C00838,A0011,motor,motor_voluntary,2024-03-18,2025-03-18,218037,9690,quarterly,active
P000607,C02909,A0004,motor,motor_compulsory,2022-03-13,2023-03-13,2003540,75685,monthly,active
P000608,C00781,A0001,motor,motor_compulsory,2023-07-12,2024-07-11,1457553,47799,annual,active
P000609,C00917,A0036,property,property_allrisk,2023-01-17,2024-01-17,5196372,57025,annual,active
P000610,C00575,A0021,property,property_allrisk,2024-02-18,2025-02-17,16942241,122361,monthly,active
P000611,C01813,A0006,motor,motor_compulsory,2023-09-10,2024-09-09,2313737,110240,monthly,active
P000612,C02777,A0004,motor,motor_voluntary,2024-08-27,2025-08-27,1368776,33157,quarterly,active
P000613,C02916,A0028,property,property_allrisk,2023-07-12,2024-07-11,16000014,189905,monthly,lapsed
P000614,C01865,A0027,motor,motor_compulsory,2025-06-08,2026-06-08,654395,20473,quarterly,active
P000615,C02520,A0046,motor,motor_compulsory,2022-09-30,2023-09-30,2397878,109441,quarterly,active
P000616,C01880,A0040,motor,motor_compulsory,2025-02-16,2026-02-16,780532,38708,monthly,active
P000617,C02555,A0046,property,property_fire,2022-09-22,2023-09-22,5267591,55520,monthly,active
P000618,C01371,A0032,motor,motor_compulsory,2024-05-13,2025-05-13,1393337,47857,annual,active
P000619,C00621,A0027,motor,motor_voluntary,2023-02-11,2024-02-11,1578890,33337,monthly,active
P000620,C01072,A0030,motor,motor_voluntary,2026-02-21,2027-02-21,764344,24489,quarterly,active
P000621,C02016,A0006,motor,motor_voluntary,2025-11-05,2026-11-05,1125502,33269,annual,active
P000622,C02912,A0033,motor,motor_compulsory,2023-07-06,2024-07-05,1889967,64560,quarterly,active
P000623,C00851,A0006,property,property_allrisk,2024-05-06,2025-05-06,10517082,95800,quarterly,active
P000624,C01081,A0038,motor,motor_compulsory,2023-02-07,2024-02-07,1975375,61129,monthly,active
P000625,C02767,A0043,property,property_allrisk,2023-03-22,2024-03-21,5312942,29810,monthly,active
P000626,C02414,A0002,motor,motor_compulsory,2025-02-11,2026-02-11,408161,9220,annual,active
P000627,C02670,A0013,property,property_allrisk,2025-10-11,2026-10-11,7995142,83270,annual,active
P000628,C01563,A0039,motor,motor_voluntary,2025-05-11,2026-05-11,1183445,35039,annual,lapsed
P000629,C02156,A0039,property,property_fire,2022-02-08,2023-02-08,1431626,5446,annual,active
P000630,C02178,A0003,motor,motor_compulsory,2023-01-08,2024-01-08,2385404,55863,monthly,active
P000631,C02459,A0049,motor,motor_voluntary,2023-07-11,2024-07-10,1608960,65920,monthly,lapsed
P000632,C01709,A0028,motor,motor_voluntary,2024-06-21,2025-06-21,1165172,25029,monthly,active
P000633,C00575,A0009,motor,motor_compulsory,2023-02-20,2024-02-20,1852170,46511,annual,active
P000634,C02857,A0017,motor,motor_voluntary,2026-03-17,2027-03-17,1662931,75815,quarterly,active
P000635,C00869,A0044,property,property_allrisk,2022-12-24,2023-12-24,8391638,30737,annual,active
P000636,C00572,A0007,motor,motor_compulsory,2025-07-06,2026-07-06,2285385,109460,annual,active
P000637,C01672,A0047,motor,motor_voluntary,2025-05-14,2026-05-14,1493627,36142,quarterly,active
P000638,C02086,A0032,motor,motor_voluntary,2025-05-24,2026-05-24,1900941,84342,quarterly,lapsed
P000639,C02232,A0034,motor,motor_voluntary,2024-03-19,2025-03-19,2426212,88024,annual,active
P000640,C00662,A0030,motor,motor_voluntary,2025-03-23,2026-03-23,568182,23784,quarterly,active
P000641,C02109,A0001,motor,motor_voluntary,2025-06-09,2026-06-09,972068,31838,annual,lapsed
P000642,C01331,A0011,motor,motor_voluntary,2023-06-25,2024-06-24,2077145,81647,monthly,cancelled
P000643,C00435,A0009,motor,motor_voluntary,2022-11-22,2023-11-22,2145316,61662,quarterly,active
P000644,C02032,A0025,motor,motor_compulsory,2025-06-07,2026-06-07,2214407,75169,quarterly,active
P000645,C02911,A0019,motor,motor_voluntary,2022-01-31,2023-01-31,1749197,85339,monthly,lapsed
P000646,C00570,A0038,property,property_fire,2026-02-03,2027-02-03,14003402,83557,quarterly,active
P000647,C01264,A0034,property,property_allrisk,2022-04-27,2023-04-27,4114272,32130,quarterly,lapsed
P000648,C00742,A0034,motor,motor_compulsory,2023-09-01,2024-08-31,382816,7706,quarterly,active
P000649,C00579,A0038,motor,motor_compulsory,2023-04-12,2024-04-11,1666248,65289,monthly,active
P000650,C02563,A0003,motor,motor_voluntary,2023-06-04,2024-06-03,828833,25028,quarterly,active
P000651,C00775,A0027,motor,motor_voluntary,2022-07-05,2023-07-05,1884013,75072,annual,active
P000652,C00082,A0009,motor,motor_voluntary,2023-05-26,2024-05-25,265755,8380,quarterly,active
P000653,C02602,A0019,property,property_allrisk,2026-03-21,2027-03-21,15209447,64640,monthly,active
P000654,C01250,A0026,motor,motor_compulsory,2023-07-08,2024-07-07,2275417,105861,annual,active
P000655,C02020,A0014,property,property_allrisk,2024-01-08,2025-01-07,14690434,133750,quarterly,active
P000656,C02685,A0028,motor,motor_compulsory,2024-11-07,2025-11-07,1763123,46839,annual,active
P000657,C02076,A0013,property,property_flood,2024-02-05,2025-02-04,15053706,93113,quarterly,lapsed
P000658,C02026,A0014,motor,motor_voluntary,2025-05-28,2026-05-28,1681317,66659,quarterly,lapsed
P000659,C01937,A0024,property,property_allrisk,2023-11-10,2024-11-09,18367277,106873,annual,active
P000660,C00895,A0043,motor,motor_compulsory,2025-04-16,2026-04-16,1222165,30275,annual,active
P000661,C00098,A0049,motor,motor_voluntary,2024-11-21,2025-11-21,2006166,100116,annual,active
P000662,C01643,A0030,property,property_allrisk,2023-03-07,2024-03-06,2998951,18745,monthly,active
P000663,C00804,A0037,property,property_fire,2024-02-16,2025-02-15,2715860,19339,monthly,active
P000664,C02418,A0021,motor,motor_compulsory,2025-09-30,2026-09-30,1153266,54711,quarterly,lapsed
P000665,C01439,A0008,motor,motor_compulsory,2022-05-22,2023-05-22,220078,5997,quarterly,active
P000666,C00386,A0020,motor,motor_voluntary,2022-07-09,2023-07-09,220407,6391,monthly,cancelled
P000667,C02804,A0015,motor,motor_voluntary,2024-06-26,2025-06-26,784137,37062,monthly,active
P000668,C02360,A0002,property,property_flood,2022-09-02,2023-09-02,12093489,56752,quarterly,active
P000669,C01779,A0044,property,property_fire,2025-08-01,2026-08-01,14458850,89959,quarterly,active
P000670,C02165,A0013,property,property_flood,2023-04-15,2024-04-14,12540913,50152,annual,active
P000671,C00168,A0039,property,property_allrisk,2024-02-14,2025-02-13,12695786,71515,annual,active
P000672,C01410,A0023,motor,motor_voluntary,2025-09-03,2026-09-03,1559705,35581,quarterly,lapsed
P000673,C00441,A0027,property,property_fire,2022-07-10,2023-07-10,16225507,150683,quarterly,active
P000674,C01949,A0024,motor,motor_compulsory,2023-10-15,2024-10-14,1249330,39426,quarterly,active
P000675,C01738,A0002,property,property_flood,2024-06-11,2025-06-11,6596415,64971,annual,active
P000676,C02546,A0004,motor,motor_voluntary,2025-06-24,2026-06-24,2343977,115490,quarterly,active
P000677,C00303,A0028,motor,motor_voluntary,2024-04-26,2025-04-26,2009789,54696,annual,active
P000678,C02212,A0010,motor,motor_voluntary,2024-11-06,2025-11-06,1503441,45204,monthly,lapsed
P000679,C00882,A0018,property,property_flood,2023-07-24,2024-07-23,15051690,104856,monthly,cancelled
P000680,C00371,A0043,property,property_flood,2023-03-20,2024-03-19,19658057,152847,quarterly,active
P000681,C02784,A0010,motor,motor_voluntary,2024-05-11,2025-05-11,809221,25149,annual,active
P000682,C01809,A0025,motor,motor_voluntary,2023-09-29,2024-09-28,649071,17777,quarterly,active
P000683,C02576,A0017,motor,motor_voluntary,2024-08-22,2025-08-22,662208,27514,monthly,active
P000684,C00922,A0006,property,property_flood,2024-05-24,2025-05-24,7815686,68950,monthly,active
P000685,C02799,A0038,motor,motor_voluntary,2023-08-08,2024-08-07,2229241,76929,monthly,active
P000686,C00876,A0011,property,property_allrisk,2024-11-26,2025-11-26,5244872,34135,annual,lapsed
P000687,C02004,A0015,motor,motor_compulsory,2023-06-20,2024-06-19,792464,32141,annual,active
P000688,C02783,A0030,motor,motor_voluntary,2023-06-04,2024-06-03,1232577,39334,quarterly,active
P000689,C00005,A0029,property,property_fire,2026-03-02,2027-03-02,1902782,11855,annual,active
P000690,C00728,A0001,motor,motor_voluntary,2022-11-22,2023-11-22,1765146,81023,monthly,active
P000691,C00873,A0048,property,property_allrisk,2025-10-09,2026-10-09,18473237,95992,quarterly,active
P000692,C00194,A0016,motor,motor_voluntary,2025-10-27,2026-10-27,913455,34559,annual,active
P000693,C02783,A0023,property,property_allrisk,2023-12-03,2024-12-02,1285508,10851,quarterly,active
P000694,C00998,A0036,motor,motor_voluntary,2026-01-14,2027-01-14,1207025,52703,annual,active
P000695,C00247,A0007,motor,motor_voluntary,2022-09-08,2023-09-08,500609,10740,annual,active
P000696,C00967,A0012,motor,motor_voluntary,2026-01-01,2027-01-01,212255,4872,monthly,active
P000697,C02143,A0008,property,property_flood,2023-06-07,2024-06-06,7609782,69753,annual,active
P000698,C02787,A0006,property,property_allrisk,2023-08-02,2024-08-01,8457929,56989,annual,active
P000699,C02894,A0020,property,property_allrisk,2023-01-26,2024-01-26,9238720,89102,annual,active
P000700,C02863,A0046,motor,motor_compulsory,2023-02-17,2024-02-17,972537,20797,monthly,active
P000701,C00113,A0042,property,property_allrisk,2023-07-29,2024-07-28,1296452,9218,annual,active
P000702,C00452,A0050,motor,motor_compulsory,2023-01-16,2024-01-16,637044,16186,annual,active
P000703,C01722,A0039,property,property_flood,2024-09-14,2025-09-14,9886267,100710,quarterly,lapsed
P000704,C02042,A0006,motor,motor_compulsory,2023-08-24,2024-08-23,1643331,49551,monthly,active
P000705,C01452,A0026,motor,motor_voluntary,2023-10-17,2024-10-16,2301454,80583,monthly,active
P000706,C01525,A0024,motor,motor_compulsory,2025-06-21,2026-06-21,1800893,85920,quarterly,lapsed
P000707,C00191,A0011,motor,motor_voluntary,2025-12-10,2026-12-10,1020394,37075,annual,active
P000708,C00721,A0032,motor,motor_compulsory,2023-02-05,2024-02-05,1797110,87775,quarterly,lapsed
P000709,C00397,A0044,motor,motor_voluntary,2023-04-14,2024-04-13,203558,5883,quarterly,active
P000710,C02179,A0048,motor,motor_voluntary,2023-09-08,2024-09-07,1771158,45283,quarterly,active
P000711,C02316,A0025,motor,motor_compulsory,2024-05-27,2025-05-27,1298621,44641,annual,active
P000712,C00013,A0002,motor,motor_compulsory,2026-02-02,2027-02-02,291634,7726,quarterly,cancelled
P000713,C01412,A0037,motor,motor_compulsory,2024-04-09,2025-04-09,1155619,37034,monthly,active
P000714,C01351,A0039,property,property_fire,2023-12-10,2024-12-09,4812280,43078,monthly,active
P000715,C01851,A0011,motor,motor_voluntary,2023-10-25,2024-10-24,1308229,28122,monthly,active
P000716,C02853,A0038,motor,motor_compulsory,2023-07-04,2024-07-03,2212486,52485,quarterly,active
P000717,C02979,A0034,motor,motor_compulsory,2025-12-12,2026-12-12,1603690,64651,annual,active
P000718,C00661,A0009,motor,motor_compulsory,2025-07-08,2026-07-08,1394787,52233,monthly,active
P000719,C01458,A0034,motor,motor_voluntary,2025-04-18,2026-04-18,1370879,49884,annual,cancelled
P000720,C02895,A0021,motor,motor_voluntary,2024-03-31,2025-03-31,239481,7898,quarterly,active
P000721,C01502,A0023,property,property_fire,2023-04-18,2024-04-17,14688014,70517,quarterly,cancelled
P000722,C02297,A0033,property,property_flood,2024-09-16,2025-09-16,14905551,58581,monthly,active
P000723,C00220,A0026,motor,motor_voluntary,2026-04-23,2027-04-23,2404340,109609,annual,lapsed
P000724,C00315,A0028,property,property_fire,2024-02-29,2025-02-28,2589176,10420,quarterly,active
P000725,C00992,A0005,motor,motor_voluntary,2024-02-03,2025-02-02,682006,21599,quarterly,active
P000726,C00231,A0016,motor,motor_compulsory,2023-04-03,2024-04-02,1323070,49419,quarterly,active
P000727,C01725,A0016,motor,motor_compulsory,2024-11-12,2025-11-12,1440899,44879,annual,active
P000728,C02590,A0010,motor,motor_voluntary,2024-07-24,2025-07-24,842351,29023,monthly,active
P000729,C00755,A0021,property,property_allrisk,2023-09-07,2024-09-06,4551447,31593,annual,active
P000730,C00436,A0046,property,property_fire,2025-05-12,2026-05-12,9524865,99902,monthly,lapsed
P000731,C01070,A0023,property,property_allrisk,2026-01-15,2027-01-15,2252340,9220,quarterly,active
P000732,C00216,A0039,motor,motor_voluntary,2023-07-12,2024-07-11,1255660,37104,monthly,active
P000733,C02665,A0038,motor,motor_compulsory,2024-11-22,2025-11-22,1877481,66912,quarterly,active
P000734,C01137,A0047,motor,motor_compulsory,2026-04-01,2027-04-01,1719858,79900,monthly,active
P000735,C00381,A0027,motor,motor_voluntary,2024-01-21,2025-01-20,651353,22033,quarterly,lapsed
P000736,C01959,A0045,motor,motor_voluntary,2023-03-16,2024-03-15,1064847,28190,monthly,active
P000737,C02648,A0011,motor,motor_voluntary,2024-01-05,2025-01-04,1432010,70510,annual,active
P000738,C00941,A0004,property,property_allrisk,2025-12-11,2026-12-11,4156049,38215,quarterly,lapsed
P000739,C00386,A0035,motor,motor_voluntary,2025-06-07,2026-06-07,975222,40964,monthly,lapsed
P000740,C01109,A0010,motor,motor_compulsory,2024-08-30,2025-08-30,1417142,39756,annual,active
P000741,C00030,A0045,property,property_fire,2024-05-16,2025-05-16,6279518,58011,annual,active
P000742,C02693,A0005,motor,motor_compulsory,2024-01-24,2025-01-23,1672357,68644,quarterly,active
P000743,C00789,A0040,motor,motor_compulsory,2022-11-13,2023-11-13,233824,8974,annual,active
P000744,C01230,A0021,motor,motor_voluntary,2024-10-17,2025-10-17,1007489,34278,monthly,active
P000745,C00290,A0002,motor,motor_voluntary,2024-01-02,2025-01-01,2333100,110306,annual,active
P000746,C00719,A0003,motor,motor_compulsory,2024-01-07,2025-01-06,1540184,59289,annual,active
P000747,C01735,A0039,property,property_fire,2025-02-20,2026-02-20,17115687,110226,monthly,active
P000748,C00381,A0005,property,property_flood,2026-01-05,2027-01-05,12642519,64521,annual,active
P000749,C01149,A0042,property,property_fire,2024-04-17,2025-04-17,1545010,16256,annual,active
P000750,C01680,A0013,property,property_allrisk,2023-12-30,2024-12-29,1073840,6880,monthly,active
P000751,C01936,A0024,property,property_flood,2024-04-16,2025-04-16,18360805,144117,monthly,active
P000752,C01483,A0019,property,property_flood,2024-06-05,2025-06-05,18676815,120115,monthly,active
P000753,C01843,A0018,motor,motor_voluntary,2023-10-01,2024-09-30,1809434,87419,monthly,active
P000754,C02546,A0024,motor,motor_voluntary,2026-02-19,2027-02-19,1657084,41249,annual,lapsed
P000755,C01729,A0019,motor,motor_compulsory,2025-05-24,2026-05-24,234631,6443,quarterly,active
P000756,C02143,A0013,motor,motor_voluntary,2022-05-08,2023-05-08,2172682,69842,monthly,active
P000757,C01126,A0019,motor,motor_compulsory,2025-11-07,2026-11-07,1349108,32501,annual,active
P000758,C02413,A0035,property,property_flood,2025-11-23,2026-11-23,14487712,130427,annual,active
P000759,C02632,A0002,motor,motor_compulsory,2023-08-07,2024-08-06,268791,8670,quarterly,lapsed
P000760,C02145,A0017,motor,motor_voluntary,2024-02-16,2025-02-15,1294135,50001,annual,active
P000761,C02982,A0021,property,property_allrisk,2025-09-10,2026-09-10,4443658,26797,monthly,active
P000762,C01575,A0032,motor,motor_voluntary,2025-05-15,2026-05-15,2476750,103625,annual,active
P000763,C02621,A0028,motor,motor_voluntary,2024-02-29,2025-02-28,1057358,30158,annual,active
P000764,C01674,A0046,motor,motor_voluntary,2023-02-04,2024-02-04,1367018,40636,annual,active
P000765,C01083,A0012,property,property_fire,2023-12-31,2024-12-30,17256201,105062,annual,active
P000766,C00137,A0009,motor,motor_compulsory,2024-11-09,2025-11-09,2452590,92302,quarterly,active
P000767,C01542,A0020,motor,motor_voluntary,2025-10-01,2026-10-01,2460382,73102,annual,active
P000768,C01002,A0049,property,property_fire,2024-05-25,2025-05-25,14800001,145710,annual,active
P000769,C00347,A0002,motor,motor_voluntary,2025-11-14,2026-11-14,1816327,46999,monthly,active
P000770,C02501,A0042,property,property_fire,2025-02-11,2026-02-11,15739621,125026,monthly,active
P000771,C02006,A0030,motor,motor_compulsory,2023-10-29,2024-10-28,2312734,105899,quarterly,lapsed
P000772,C00796,A0048,motor,motor_compulsory,2025-03-04,2026-03-04,404567,18911,quarterly,active
P000773,C01547,A0048,motor,motor_compulsory,2024-06-12,2025-06-12,1379685,36338,annual,active
P000774,C01728,A0006,property,property_fire,2023-01-15,2024-01-15,4521591,35426,quarterly,active
P000775,C01235,A0018,property,property_flood,2024-03-26,2025-03-26,2604477,18326,quarterly,lapsed
P000776,C01821,A0035,motor,motor_compulsory,2023-10-06,2024-10-05,925863,37271,quarterly,lapsed
P000777,C02512,A0018,motor,motor_compulsory,2025-10-12,2026-10-12,2279946,63722,annual,lapsed
P000778,C01828,A0048,motor,motor_voluntary,2022-12-29,2023-12-29,1396465,63091,quarterly,lapsed
P000779,C00103,A0017,property,property_fire,2025-08-11,2026-08-11,9053940,65965,monthly,active
P000780,C00819,A0020,motor,motor_compulsory,2023-06-14,2024-06-13,1966852,66907,monthly,active
P000781,C00133,A0042,motor,motor_compulsory,2023-08-26,2024-08-25,1071144,42366,annual,active
P000782,C00615,A0016,motor,motor_compulsory,2025-02-02,2026-02-02,340497,14944,annual,active
P000783,C01008,A0022,motor,motor_compulsory,2024-11-14,2025-11-14,1640346,44822,monthly,active
P000784,C02749,A0049,property,property_flood,2025-05-30,2026-05-30,5366561,61572,monthly,active
P000785,C01006,A0020,property,property_fire,2026-03-14,2027-03-14,9731816,70047,annual,active
P000786,C02056,A0037,property,property_flood,2023-12-07,2024-12-06,13135735,136877,annual,active
P000787,C00881,A0048,property,property_allrisk,2023-07-28,2024-07-27,3696091,13974,quarterly,active
P000788,C01742,A0006,property,property_allrisk,2024-09-30,2025-09-30,14481936,99019,annual,active
P000789,C01686,A0026,motor,motor_compulsory,2023-04-18,2024-04-17,2343799,81109,annual,active
P000790,C01511,A0026,motor,motor_compulsory,2023-02-02,2024-02-02,2496633,116251,quarterly,active
P000791,C02834,A0015,property,property_flood,2022-06-18,2023-06-18,13580470,42791,monthly,active
P000792,C01971,A0044,property,property_flood,2024-08-08,2025-08-08,7238970,54056,monthly,active
P000793,C00362,A0035,motor,motor_compulsory,2022-12-30,2023-12-30,932892,44255,quarterly,active
P000794,C01038,A0030,motor,motor_compulsory,2023-08-28,2024-08-27,2232364,65242,annual,lapsed
P000795,C00011,A0013,property,property_allrisk,2024-09-04,2025-09-04,6625723,35449,quarterly,lapsed
P000796,C02067,A0031,motor,motor_compulsory,2023-12-07,2024-12-06,632481,12966,annual,active
P000797,C02036,A0031,motor,motor_compulsory,2025-04-12,2026-04-12,544296,19658,quarterly,lapsed
P000798,C00579,A0023,motor,motor_voluntary,2023-06-06,2024-06-05,1053774,50117,annual,active
P000799,C02548,A0034,motor,motor_compulsory,2025-12-30,2026-12-30,1954930,84400,annual,active
P000800,C02540,A0004,motor,motor_voluntary,2024-11-02,2025-11-02,698817,24227,annual,active
P000801,C02126,A0008,motor,motor_voluntary,2026-02-08,2027-02-08,916425,45027,quarterly,active
P000802,C02343,A0006,motor,motor_voluntary,2023-07-18,2024-07-17,1102329,39839,annual,active
P000803,C00775,A0017,property,property_fire,2022-09-22,2023-09-22,2861840,34155,monthly,lapsed
P000804,C02353,A0030,property,property_fire,2023-07-30,2024-07-29,11460820,128734,annual,lapsed
P000805,C00792,A0019,property,property_fire,2025-11-20,2026-11-20,4409293,20108,monthly,active
P000806,C00802,A0004,property,property_allrisk,2023-10-19,2024-10-18,14474701,54903,monthly,active
P000807,C00361,A0043,motor,motor_voluntary,2023-04-06,2024-04-05,996117,21682,annual,active
P000808,C01310,A0030,motor,motor_voluntary,2026-01-29,2027-01-29,1908202,58804,quarterly,active
P000809,C00491,A0036,property,property_flood,2024-09-17,2025-09-17,15500846,79618,annual,lapsed
P000810,C01257,A0044,property,property_flood,2024-06-30,2025-06-30,4297747,18360,monthly,active
P000811,C02625,A0025,property,property_flood,2023-08-03,2024-08-02,4455394,14284,annual,active
P000812,C01025,A0009,motor,motor_voluntary,2025-12-14,2026-12-14,446933,20941,annual,active
P000813,C02045,A0023,motor,motor_voluntary,2022-03-27,2023-03-27,1950716,87249,annual,active
P000814,C02034,A0037,motor,motor_compulsory,2023-03-04,2024-03-03,1799953,87546,annual,active
P000815,C02596,A0023,motor,motor_voluntary,2024-03-29,2025-03-29,246650,7487,quarterly,active
P000816,C02644,A0043,motor,motor_voluntary,2022-02-01,2023-02-01,2112036,45355,quarterly,active
P000817,C00784,A0036,property,property_allrisk,2025-10-07,2026-10-07,19752121,119626,quarterly,active
P000818,C01357,A0044,property,property_fire,2024-01-05,2025-01-04,12732245,48323,annual,active
P000819,C01637,A0002,property,property_flood,2023-10-29,2024-10-28,1774034,16602,quarterly,lapsed
P000820,C01231,A0031,motor,motor_voluntary,2023-03-05,2024-03-04,927722,40577,quarterly,active
P000821,C02985,A0038,motor,motor_compulsory,2022-03-27,2023-03-27,1630531,34648,annual,active
P000822,C01452,A0028,motor,motor_compulsory,2023-07-12,2024-07-11,1288779,33672,monthly,active
P000823,C01424,A0028,motor,motor_compulsory,2025-11-11,2026-11-11,2426517,85558,annual,lapsed
P000824,C02651,A0009,property,property_flood,2025-03-08,2026-03-08,8974378,32905,monthly,active
P000825,C01145,A0031,property,property_fire,2024-02-01,2025-01-31,3958971,47232,annual,active
P000826,C00497,A0049,motor,motor_compulsory,2022-01-18,2023-01-18,534040,22755,annual,active
P000827,C01262,A0005,property,property_flood,2024-01-06,2025-01-05,11826409,113163,annual,active
P000828,C00956,A0020,property,property_fire,2026-02-27,2027-02-27,9711250,69303,quarterly,cancelled
P000829,C02312,A0022,motor,motor_voluntary,2025-04-17,2026-04-17,1703268,79169,annual,active
P000830,C01655,A0041,motor,motor_compulsory,2023-06-07,2024-06-06,2269571,45924,annual,active
P000831,C02718,A0043,property,property_allrisk,2023-11-02,2024-11-01,12130967,77880,annual,active
P000832,C00454,A0034,motor,motor_voluntary,2026-01-03,2027-01-03,2404262,113449,monthly,active
P000833,C02980,A0020,motor,motor_compulsory,2025-11-10,2026-11-10,1079413,22939,annual,active
P000834,C01636,A0018,property,property_allrisk,2025-10-11,2026-10-11,17272505,192758,quarterly,active
P000835,C01946,A0022,property,property_fire,2024-07-28,2025-07-28,17093712,201057,monthly,lapsed
P000836,C02905,A0022,motor,motor_compulsory,2025-09-05,2026-09-05,1041654,23369,annual,active
P000837,C02810,A0005,motor,motor_compulsory,2025-07-25,2026-07-25,1351495,48820,annual,active
P000838,C02671,A0008,motor,motor_compulsory,2024-10-23,2025-10-23,856367,28137,annual,lapsed
P000839,C01304,A0005,motor,motor_compulsory,2024-07-03,2025-07-03,1278657,38410,quarterly,active
P000840,C00974,A0047,property,property_allrisk,2025-04-05,2026-04-05,11424707,125448,monthly,active
P000841,C00250,A0008,property,property_fire,2024-12-19,2025-12-19,19982565,231772,quarterly,active
P000842,C00636,A0012,property,property_fire,2024-11-01,2025-11-01,3881033,38140,quarterly,active
P000843,C00686,A0031,motor,motor_compulsory,2024-03-16,2025-03-16,2471006,108122,quarterly,active
P000844,C00340,A0041,motor,motor_voluntary,2025-06-11,2026-06-11,2380618,102339,annual,active
P000845,C00295,A0022,property,property_allrisk,2024-02-07,2025-02-06,1272014,12901,monthly,active
P000846,C01991,A0007,motor,motor_voluntary,2025-12-15,2026-12-15,1771722,77666,quarterly,cancelled
P000847,C00168,A0040,motor,motor_compulsory,2022-06-07,2023-06-07,1948306,90445,quarterly,lapsed
P000848,C01363,A0048,motor,motor_compulsory,2023-10-10,2024-10-09,1889887,73686,monthly,active
P000849,C01430,A0027,motor,motor_compulsory,2023-11-10,2024-11-09,464100,10772,quarterly,lapsed
P000850,C00351,A0023,property,property_flood,2025-01-16,2026-01-16,6152748,62925,quarterly,active
P000851,C01311,A0036,property,property_flood,2023-02-10,2024-02-10,8298356,66500,monthly,active
P000852,C01957,A0042,motor,motor_voluntary,2023-09-14,2024-09-13,1820164,46362,annual,active
P000853,C00337,A0043,motor,motor_compulsory,2023-02-15,2024-02-15,210601,7028,annual,lapsed
P000854,C02346,A0044,motor,motor_voluntary,2025-09-16,2026-09-16,2317588,50848,annual,active
P000855,C01760,A0018,motor,motor_voluntary,2023-12-05,2024-12-04,1486891,56680,annual,active
P000856,C01803,A0029,motor,motor_voluntary,2024-11-19,2025-11-19,2369920,102898,quarterly,active
P000857,C01079,A0042,motor,motor_compulsory,2025-01-10,2026-01-10,353932,12190,annual,active
P000858,C00418,A0022,motor,motor_compulsory,2025-06-03,2026-06-03,1133883,56149,quarterly,active
P000859,C00221,A0032,property,property_fire,2023-09-20,2024-09-19,5726612,54593,quarterly,lapsed
P000860,C01900,A0030,property,property_flood,2023-08-19,2024-08-18,9086315,51665,monthly,active
P000861,C00937,A0050,property,property_flood,2024-11-13,2025-11-13,2601844,10376,quarterly,active
P000862,C00709,A0023,motor,motor_compulsory,2024-06-21,2025-06-21,1208276,48205,quarterly,active
P000863,C02996,A0041,motor,motor_compulsory,2024-04-02,2025-04-02,1883135,52043,quarterly,active
P000864,C01287,A0010,motor,motor_compulsory,2025-02-05,2026-02-05,2439620,72856,monthly,active
P000865,C02762,A0048,property,property_flood,2024-12-16,2025-12-16,13305032,155677,annual,lapsed
P000866,C02055,A0007,property,property_allrisk,2024-09-09,2025-09-09,17306930,168249,annual,active
P000867,C02623,A0008,motor,motor_voluntary,2025-12-23,2026-12-23,851727,37154,monthly,active
P000868,C01905,A0007,motor,motor_voluntary,2024-09-10,2025-09-10,1095085,46267,quarterly,active
P000869,C02841,A0016,motor,motor_compulsory,2025-10-06,2026-10-06,602720,16655,quarterly,active
P000870,C01161,A0024,motor,motor_compulsory,2023-03-27,2024-03-26,1539416,57200,annual,active
P000871,C00080,A0005,property,property_fire,2024-01-27,2025-01-26,5115827,36595,quarterly,active
P000872,C01885,A0037,motor,motor_voluntary,2025-06-16,2026-06-16,364893,15595,annual,lapsed
P000873,C02785,A0007,motor,motor_voluntary,2023-12-31,2024-12-30,2250516,81670,quarterly,active
P000874,C02723,A0036,property,property_fire,2025-01-17,2026-01-17,4685684,45654,annual,active
P000875,C00984,A0024,motor,motor_compulsory,2024-02-10,2025-02-09,1248520,38190,annual,active
P000876,C00545,A0035,property,property_flood,2023-04-04,2024-04-03,18689499,156040,annual,active
P000877,C02508,A0001,motor,motor_voluntary,2024-12-08,2025-12-08,1096034,29499,monthly,active
P000878,C02517,A0015,motor,motor_voluntary,2023-10-13,2024-10-12,2163334,102376,quarterly,active
P000879,C00257,A0045,motor,motor_voluntary,2026-03-08,2027-03-08,1515536,52124,quarterly,active
P000880,C02759,A0047,motor,motor_voluntary,2023-01-23,2024-01-23,1022155,42018,monthly,lapsed
P000881,C00104,A0033,property,property_flood,2026-02-22,2027-02-22,15661706,165878,monthly,active
P000882,C02422,A0017,property,property_allrisk,2024-01-17,2025-01-16,7089281,81790,annual,active
P000883,C00425,A0006,property,property_fire,2025-12-07,2026-12-07,5747631,63092,monthly,lapsed
P000884,C01547,A0006,motor,motor_voluntary,2023-12-07,2024-12-06,897290,19979,monthly,active
P000885,C01305,A0029,motor,motor_voluntary,2024-09-18,2025-09-18,1597318,70761,quarterly,active
P000886,C01148,A0019,motor,motor_compulsory,2023-12-04,2024-12-03,1783527,84613,monthly,active
P000887,C00769,A0033,motor,motor_voluntary,2023-01-27,2024-01-27,2432726,97240,monthly,lapsed
P000888,C02959,A0028,motor,motor_voluntary,2023-08-31,2024-08-30,443012,11599,annual,active
P000889,C01066,A0025,motor,motor_voluntary,2024-07-26,2025-07-26,2452583,106338,annual,lapsed
P000890,C00245,A0007,motor,motor_voluntary,2022-09-06,2023-09-06,512479,14262,monthly,active
P000891,C01618,A0019,motor,motor_voluntary,2022-01-02,2023-01-02,2472065,64797,quarterly,active
P000892,C00972,A0050,property,property_fire,2025-09-16,2026-09-16,1354573,16149,quarterly,cancelled
P000893,C01705,A0012,motor,motor_compulsory,2025-09-15,2026-09-15,210836,7272,monthly,active
P000894,C01228,A0007,motor,motor_voluntary,2025-11-23,2026-11-23,1382537,50280,annual,active
P000895,C01346,A0026,motor,motor_voluntary,2023-11-28,2024-11-27,387552,10380,quarterly,active
P000896,C02805,A0049,motor,motor_compulsory,2023-06-20,2024-06-19,1452044,33797,monthly,active
P000897,C02313,A0047,motor,motor_voluntary,2024-05-27,2025-05-27,1822791,79362,annual,active
P000898,C00469,A0046,property,property_flood,2023-09-25,2024-09-24,1518946,7693,annual,active
P000899,C01627,A0035,motor,motor_voluntary,2025-02-04,2026-02-04,717505,26238,monthly,active
P000900,C00275,A0039,motor,motor_compulsory,2022-12-07,2023-12-07,245192,8304,monthly,lapsed
P000901,C00015,A0009,motor,motor_compulsory,2024-11-29,2025-11-29,781109,33922,monthly,active
P000902,C02472,A0015,motor,motor_voluntary,2024-07-19,2025-07-19,2339279,78751,monthly,active
P000903,C02546,A0041,property,property_allrisk,2025-10-28,2026-10-28,19295097,97963,monthly,active
P000904,C01385,A0017,motor,motor_compulsory,2024-10-30,2025-10-30,2081709,56579,quarterly,active
P000905,C00363,A0010,motor,motor_compulsory,2023-11-30,2024-11-29,712198,14799,annual,active
P000906,C00049,A0015,motor,motor_voluntary,2026-04-08,2027-04-08,1585877,49208,quarterly,active
P000907,C00788,A0003,property,property_flood,2023-05-13,2024-05-12,16226860,63279,quarterly,active
P000908,C02862,A0025,motor,motor_compulsory,2022-09-17,2023-09-17,439007,20544,monthly,lapsed
P000909,C02420,A0021,motor,motor_compulsory,2024-04-19,2025-04-19,1262710,45743,monthly,active
P000910,C01874,A0030,motor,motor_compulsory,2026-02-15,2027-02-15,1285769,30162,annual,lapsed
P000911,C02688,A0046,motor,motor_voluntary,2024-04-04,2025-04-04,239384,7572,annual,lapsed
P000912,C00925,A0012,property,property_allrisk,2025-08-25,2026-08-25,8824149,93402,quarterly,active
P000913,C01394,A0008,motor,motor_compulsory,2025-10-20,2026-10-20,2092422,62772,monthly,active
P000914,C01798,A0047,motor,motor_compulsory,2026-04-16,2027-04-16,2436945,111523,monthly,lapsed
P000915,C00665,A0031,property,property_flood,2022-12-16,2023-12-16,4111490,48998,monthly,lapsed
P000916,C00210,A0031,motor,motor_compulsory,2025-04-26,2026-04-26,1453660,64080,annual,active
P000917,C02097,A0037,motor,motor_compulsory,2024-12-20,2025-12-20,2085654,64366,quarterly,active
P000918,C00833,A0038,motor,motor_compulsory,2023-11-28,2024-11-27,1081174,31225,monthly,active
P000919,C01778,A0025,motor,motor_compulsory,2024-12-15,2025-12-15,1794781,64347,annual,active
P000920,C01952,A0003,motor,motor_voluntary,2023-02-24,2024-02-24,1910116,42080,annual,active
P000921,C02680,A0014,property,property_allrisk,2025-06-18,2026-06-18,15787681,173875,annual,active
P000922,C01819,A0005,motor,motor_compulsory,2025-10-14,2026-10-14,805301,25195,annual,active
P000923,C00707,A0012,property,property_fire,2023-07-22,2024-07-21,15690292,154292,annual,active
P000924,C02804,A0050,property,property_allrisk,2022-06-17,2023-06-17,19107286,223584,monthly,active
P000925,C01644,A0046,motor,motor_voluntary,2023-01-24,2024-01-24,1104607,42531,monthly,active
P000926,C00010,A0026,property,property_allrisk,2024-06-13,2025-06-13,19991767,237186,annual,active
P000927,C00576,A0039,motor,motor_voluntary,2026-01-06,2027-01-06,999976,30229,quarterly,active
P000928,C01086,A0017,motor,motor_compulsory,2023-01-27,2024-01-27,1216867,41947,annual,lapsed
P000929,C00437,A0008,property,property_flood,2025-09-07,2026-09-07,12285420,68619,annual,active
P000930,C02169,A0001,motor,motor_voluntary,2024-12-17,2025-12-17,1273427,31837,quarterly,lapsed
P000931,C00123,A0031,motor,motor_compulsory,2024-09-11,2025-09-11,1920491,82204,annual,active
P000932,C00740,A0003,property,property_allrisk,2025-07-03,2026-07-03,19476699,151339,monthly,active
P000933,C00382,A0040,property,property_fire,2023-06-03,2024-06-02,6663444,27327,annual,active
P000934,C02711,A0009,property,property_flood,2024-03-03,2025-03-03,14464848,168951,annual,active
P000935,C00832,A0045,property,property_flood,2023-11-23,2024-11-22,18598744,185813,monthly,active
P000936,C02731,A0037,motor,motor_voluntary,2024-04-17,2025-04-17,1499039,55496,quarterly,active
P000937,C02075,A0001,motor,motor_voluntary,2024-02-03,2025-02-02,1991430,40326,quarterly,active
P000938,C02805,A0006,motor,motor_compulsory,2024-01-02,2025-01-01,529592,21738,monthly,active
P000939,C01502,A0018,property,property_fire,2023-05-16,2024-05-15,6342231,60730,monthly,active
P000940,C00540,A0030,motor,motor_compulsory,2022-10-03,2023-10-03,776670,30877,quarterly,active
P000941,C01036,A0018,motor,motor_voluntary,2025-04-10,2026-04-10,609679,18696,monthly,active
P000942,C02224,A0013,property,property_fire,2025-12-30,2026-12-30,14362817,50250,monthly,active
P000943,C00886,A0026,motor,motor_compulsory,2023-10-18,2024-10-17,2329400,113139,annual,active
P000944,C02435,A0010,property,property_fire,2023-06-30,2024-06-29,15302397,52652,monthly,active
P000945,C02544,A0041,motor,motor_compulsory,2025-12-24,2026-12-24,516574,14483,quarterly,active
P000946,C01980,A0043,motor,motor_compulsory,2026-03-04,2027-03-04,385743,16074,monthly,active
P000947,C02252,A0047,motor,motor_voluntary,2024-05-18,2025-05-18,1669673,37080,annual,active
P000948,C01101,A0037,motor,motor_voluntary,2026-03-03,2027-03-03,1151455,47383,annual,active
P000949,C02588,A0024,property,property_allrisk,2026-04-30,2027-04-30,12424138,93798,quarterly,active
P000950,C00080,A0030,property,property_fire,2023-09-08,2024-09-07,15406807,163017,quarterly,active
P000951,C00752,A0020,property,property_allrisk,2023-08-15,2024-08-14,11157058,103358,annual,cancelled
P000952,C02235,A0016,property,property_fire,2023-09-24,2024-09-23,14825949,65620,annual,active
P000953,C02902,A0030,motor,motor_compulsory,2024-04-27,2025-04-27,2170596,90792,quarterly,active
P000954,C02551,A0030,motor,motor_compulsory,2022-12-17,2023-12-17,1445989,37216,annual,lapsed
P000955,C01260,A0015,motor,motor_compulsory,2024-11-22,2025-11-22,1717931,58919,annual,active
P000956,C02188,A0042,property,property_flood,2024-04-05,2025-04-05,2443196,25688,monthly,active
P000957,C02954,A0004,motor,motor_voluntary,2025-05-07,2026-05-07,1428979,48766,annual,active
P000958,C00688,A0026,motor,motor_voluntary,2023-03-02,2024-03-01,1957204,80186,quarterly,active
P000959,C02456,A0015,motor,motor_voluntary,2022-02-03,2023-02-03,728024,22553,monthly,active
P000960,C00608,A0030,motor,motor_voluntary,2023-05-01,2024-04-30,1325877,63229,monthly,active
P000961,C01060,A0032,motor,motor_voluntary,2024-01-09,2025-01-08,2129861,54376,quarterly,lapsed
P000962,C00891,A0022,motor,motor_voluntary,2023-09-18,2024-09-17,248341,9691,annual,active
P000963,C02652,A0049,motor,motor_compulsory,2023-07-06,2024-07-05,2080621,91617,quarterly,active
P000964,C02438,A0002,motor,motor_compulsory,2023-06-18,2024-06-17,2218716,96792,monthly,active
P000965,C02948,A0013,motor,motor_voluntary,2024-04-28,2025-04-28,1463302,49677,monthly,active
P000966,C01666,A0005,motor,motor_voluntary,2023-04-24,2024-04-23,359113,14757,annual,lapsed
P000967,C01303,A0017,motor,motor_voluntary,2024-05-25,2025-05-25,2094190,73500,annual,active
P000968,C00589,A0047,property,property_flood,2023-09-27,2024-09-26,10534162,48292,annual,active
P000969,C02339,A0015,property,property_flood,2025-01-14,2026-01-14,15524637,108453,annual,active
P000970,C02752,A0038,motor,motor_voluntary,2024-07-21,2025-07-21,1878751,70686,monthly,active
P000971,C01871,A0013,property,property_flood,2025-08-18,2026-08-18,12635322,57751,monthly,active
P000972,C01395,A0016,property,property_flood,2023-05-08,2024-05-07,4308735,47514,annual,active
P000973,C00733,A0010,property,property_flood,2024-04-16,2025-04-16,7985744,27584,quarterly,active
P000974,C01879,A0011,property,property_allrisk,2026-01-08,2027-01-08,1726077,15020,monthly,active
P000975,C00541,A0021,motor,motor_compulsory,2023-05-29,2024-05-28,387998,11533,monthly,active
P000976,C00222,A0038,property,property_allrisk,2024-12-31,2025-12-31,4012329,25240,quarterly,lapsed
P000977,C00292,A0006,motor,motor_voluntary,2024-09-04,2025-09-04,1346650,33069,annual,active
P000978,C00146,A0032,motor,motor_compulsory,2023-09-27,2024-09-26,1761378,80451,annual,active
P000979,C00915,A0047,motor,motor_voluntary,2024-12-08,2025-12-08,1246337,55672,annual,active
P000980,C01287,A0023,motor,motor_compulsory,2023-12-10,2024-12-09,486813,18739,quarterly,active
P000981,C00539,A0018,property,property_allrisk,2023-12-22,2024-12-21,15503658,157794,quarterly,active
P000982,C02743,A0035,motor,motor_compulsory,2023-10-02,2024-10-01,704677,29842,annual,active
P000983,C01786,A0005,motor,motor_compulsory,2023-01-19,2024-01-19,1195922,35253,quarterly,active
P000984,C01469,A0043,motor,motor_voluntary,2026-02-25,2027-02-25,429575,12643,annual,active
P000985,C01731,A0002,motor,motor_compulsory,2022-08-09,2023-08-09,2131808,98740,annual,active
P000986,C00394,A0004,motor,motor_voluntary,2024-08-05,2025-08-05,658455,14040,annual,active
P000987,C02433,A0014,motor,motor_voluntary,2025-12-10,2026-12-10,2236721,100499,monthly,active
P000988,C02082,A0031,motor,motor_compulsory,2024-05-12,2025-05-12,680584,21490,annual,active
P000989,C00188,A0023,motor,motor_compulsory,2024-12-24,2025-12-24,571594,20476,annual,lapsed
P000990,C01961,A0012,motor,motor_compulsory,2026-02-14,2027-02-14,1601196,79736,annual,active
P000991,C02270,A0008,motor,motor_compulsory,2023-11-17,2024-11-16,854657,35413,annual,active
P000992,C01159,A0002,motor,motor_compulsory,2024-01-31,2025-01-30,2076651,51148,quarterly,active
P000993,C02132,A0049,motor,motor_voluntary,2025-03-30,2026-03-30,2437523,64980,annual,cancelled
P000994,C00838,A0027,motor,motor_compulsory,2024-12-10,2025-12-10,633020,24843,quarterly,active
P000995,C02110,A0047,property,property_allrisk,2023-03-22,2024-03-21,14003289,102605,quarterly,active
P000996,C00187,A0023,motor,motor_voluntary,2022-11-08,2023-11-08,1616107,69308,annual,active
P000997,C00200,A0041,motor,motor_compulsory,2024-02-08,2025-02-07,1886826,49466,annual,active
P000998,C01418,A0028,motor,motor_voluntary,2023-10-03,2024-10-02,268188,11154,quarterly,lapsed
P000999,C02774,A0013,property,property_fire,2025-09-03,2026-09-03,9060661,90015,monthly,active
P001000,C01160,A0036,motor,motor_compulsory,2023-11-26,2024-11-25,654097,24696,quarterly,active
P001001,C01189,A0022,motor,motor_voluntary,2023-01-19,2024-01-19,634095,15413,quarterly,cancelled
P001002,C00150,A0043,motor,motor_voluntary,2023-03-06,2024-03-05,1634877,47204,annual,active
P001003,C01270,A0025,motor,motor_voluntary,2023-06-07,2024-06-06,2280271,73068,monthly,active
P001004,C00244,A0002,motor,motor_voluntary,2022-08-14,2023-08-14,1048079,46063,monthly,active
P001005,C00073,A0032,motor,motor_compulsory,2024-09-21,2025-09-21,1137014,33412,annual,active
P001006,C01287,A0018,property,property_allrisk,2026-03-09,2027-03-09,4568735,31703,quarterly,active
P001007,C01547,A0011,property,property_fire,2024-02-03,2025-02-02,18179354,155847,monthly,active
P001008,C00532,A0015,motor,motor_compulsory,2022-05-11,2023-05-11,1572822,61269,quarterly,active
P001009,C02125,A0037,motor,motor_compulsory,2022-03-22,2023-03-22,2163344,72576,annual,active
P001010,C00050,A0022,motor,motor_compulsory,2023-12-06,2024-12-05,629031,29999,monthly,active
P001011,C00521,A0032,motor,motor_compulsory,2023-08-24,2024-08-23,382219,15781,annual,active
P001012,C00794,A0027,motor,motor_compulsory,2023-03-10,2024-03-09,2238071,87388,monthly,active
P001013,C01155,A0020,motor,motor_compulsory,2026-02-03,2027-02-03,1839587,70538,quarterly,lapsed
P001014,C02199,A0035,motor,motor_voluntary,2024-06-15,2025-06-15,871385,38321,quarterly,active
P001015,C00171,A0015,motor,motor_voluntary,2024-04-25,2025-04-25,1224737,56398,monthly,active
P001016,C02406,A0008,property,property_fire,2023-11-09,2024-11-08,18884967,62020,quarterly,active
P001017,C01861,A0006,property,property_flood,2022-03-29,2023-03-29,9339497,84296,annual,active
P001018,C01550,A0043,motor,motor_voluntary,2023-09-14,2024-09-13,627549,27886,annual,lapsed
P001019,C00260,A0003,motor,motor_compulsory,2026-02-04,2027-02-04,2239278,72275,monthly,active
P001020,C02304,A0041,motor,motor_compulsory,2023-05-23,2024-05-22,591061,15332,monthly,active
P001021,C02406,A0043,motor,motor_compulsory,2023-10-14,2024-10-13,560390,22932,monthly,active
P001022,C00196,A0025,motor,motor_compulsory,2024-02-02,2025-02-01,361700,12684,quarterly,active
P001023,C01449,A0049,motor,motor_compulsory,2022-09-26,2023-09-26,2408582,63539,quarterly,active
P001024,C01935,A0039,motor,motor_compulsory,2023-11-09,2024-11-08,724888,35078,quarterly,active
P001025,C01088,A0017,property,property_allrisk,2024-03-15,2025-03-15,9983496,32405,annual,lapsed
P001026,C01611,A0048,motor,motor_compulsory,2022-04-20,2023-04-20,215560,8218,annual,active
P001027,C00688,A0028,motor,motor_voluntary,2023-01-30,2024-01-30,1896681,92755,quarterly,active
P001028,C00333,A0002,motor,motor_voluntary,2023-12-03,2024-12-02,390728,11890,annual,lapsed
P001029,C01592,A0019,motor,motor_compulsory,2022-08-20,2023-08-20,1438673,46339,monthly,active
P001030,C02300,A0025,motor,motor_compulsory,2025-03-30,2026-03-30,1418835,68838,annual,active
P001031,C01010,A0026,motor,motor_compulsory,2023-05-23,2024-05-22,2333917,64345,monthly,lapsed
P001032,C00909,A0042,motor,motor_voluntary,2023-01-09,2024-01-09,2112581,92822,quarterly,active
P001033,C00303,A0029,motor,motor_compulsory,2023-03-17,2024-03-16,1027413,45481,monthly,active
P001034,C00381,A0018,motor,motor_compulsory,2024-07-23,2025-07-23,418400,20828,quarterly,active
P001035,C00956,A0043,motor,motor_compulsory,2025-05-16,2026-05-16,1601684,72838,annual,active
P001036,C02785,A0002,motor,motor_compulsory,2022-04-22,2023-04-22,1636310,51086,monthly,active
P001037,C02399,A0038,property,property_allrisk,2023-04-24,2024-04-23,9180674,102473,monthly,active
P001038,C02513,A0031,motor,motor_compulsory,2025-03-01,2026-03-01,1659549,43867,annual,cancelled
P001039,C01752,A0045,property,property_fire,2024-03-19,2025-03-19,4481797,53557,monthly,lapsed
P001040,C01430,A0034,motor,motor_compulsory,2024-02-06,2025-02-05,838526,40142,quarterly,active
P001041,C01590,A0036,property,property_flood,2023-11-11,2024-11-10,9173904,96512,quarterly,active
P001042,C01973,A0039,motor,motor_compulsory,2022-07-25,2023-07-25,528166,26266,quarterly,active
P001043,C00938,A0021,motor,motor_voluntary,2025-01-15,2026-01-15,2005316,40459,quarterly,active
P001044,C02283,A0040,motor,motor_voluntary,2023-12-16,2024-12-15,709335,22455,monthly,active
P001045,C02442,A0029,property,property_allrisk,2023-08-30,2024-08-29,9823925,64231,monthly,active
P001046,C02939,A0016,motor,motor_compulsory,2023-01-11,2024-01-11,1574295,48517,quarterly,active
P001047,C00619,A0024,motor,motor_compulsory,2025-03-20,2026-03-20,615472,25683,quarterly,active
P001048,C00197,A0043,motor,motor_voluntary,2023-12-22,2024-12-21,1581046,32752,monthly,active
P001049,C02398,A0030,property,property_fire,2024-10-31,2025-10-31,2858337,10714,monthly,active
P001050,C02755,A0048,motor,motor_compulsory,2023-06-29,2024-06-28,2357004,52931,annual,active
P001051,C02787,A0044,motor,motor_voluntary,2025-02-07,2026-02-07,2426570,110677,annual,active
P001052,C02168,A0008,property,property_allrisk,2022-09-28,2023-09-28,17041411,70733,quarterly,active
P001053,C01299,A0047,motor,motor_compulsory,2025-04-25,2026-04-25,1227654,47686,quarterly,lapsed
P001054,C00086,A0027,motor,motor_voluntary,2025-12-22,2026-12-22,730349,36250,monthly,lapsed
P001055,C02580,A0041,property,property_flood,2023-09-06,2024-09-05,14342424,149125,annual,active
P001056,C01788,A0039,motor,motor_voluntary,2024-06-20,2025-06-20,852384,21895,monthly,active
P001057,C01122,A0001,motor,motor_voluntary,2024-05-17,2025-05-17,1529024,72463,monthly,active
P001058,C02602,A0026,motor,motor_voluntary,2023-07-01,2024-06-30,1156787,45991,quarterly,active
P001059,C02559,A0037,property,property_fire,2024-05-07,2025-05-07,13768612,151352,quarterly,active
P001060,C02801,A0034,property,property_fire,2025-04-28,2026-04-28,7257904,42220,quarterly,active
P001061,C00476,A0005,property,property_fire,2026-01-15,2027-01-15,15401716,152487,quarterly,active
P001062,C01313,A0036,property,property_fire,2023-12-26,2024-12-25,8408363,28731,quarterly,active
P001063,C00229,A0050,motor,motor_compulsory,2026-05-01,2027-05-01,1530701,62872,annual,active
P001064,C00704,A0023,property,property_flood,2025-12-22,2026-12-22,6600216,66134,annual,active
P001065,C01917,A0011,motor,motor_voluntary,2024-06-29,2025-06-29,266317,11024,monthly,cancelled
P001066,C00297,A0035,motor,motor_compulsory,2022-11-28,2023-11-28,1857881,77557,monthly,active
P001067,C00932,A0047,motor,motor_compulsory,2026-04-22,2027-04-22,1645778,65397,quarterly,active
P001068,C01294,A0049,property,property_flood,2025-01-05,2026-01-05,7562084,63633,quarterly,lapsed
P001069,C01964,A0044,motor,motor_voluntary,2024-07-05,2025-07-05,1268943,52780,monthly,active
P001070,C01610,A0042,property,property_allrisk,2025-12-16,2026-12-16,1397601,6940,quarterly,cancelled
P001071,C00852,A0002,property,property_fire,2024-05-20,2025-05-20,4469866,19858,monthly,active
P001072,C00599,A0037,motor,motor_compulsory,2023-03-07,2024-03-06,1869008,90996,monthly,active
P001073,C01933,A0044,motor,motor_voluntary,2023-12-17,2024-12-16,2344448,79688,annual,active
P001074,C01191,A0035,motor,motor_voluntary,2023-03-14,2024-03-13,549069,13810,quarterly,cancelled
P001075,C02255,A0019,motor,motor_voluntary,2023-05-12,2024-05-11,2179444,52332,monthly,lapsed
P001076,C00858,A0041,motor,motor_compulsory,2023-11-25,2024-11-24,490894,16251,quarterly,active
P001077,C01489,A0006,motor,motor_voluntary,2023-07-07,2024-07-06,1572534,48126,monthly,active
P001078,C00196,A0001,motor,motor_compulsory,2022-06-27,2023-06-27,2455554,105730,monthly,active
P001079,C00946,A0001,motor,motor_compulsory,2024-02-03,2025-02-02,764722,18253,annual,active
P001080,C00839,A0037,property,property_flood,2023-04-13,2024-04-12,10117294,92524,monthly,active
P001081,C01703,A0046,property,property_flood,2023-09-13,2024-09-12,5749489,61202,quarterly,active
P001082,C00038,A0016,motor,motor_compulsory,2026-02-17,2027-02-17,1987916,76269,monthly,active
P001083,C01786,A0026,property,property_allrisk,2022-01-20,2023-01-20,13543194,74569,quarterly,active
P001084,C00113,A0007,motor,motor_voluntary,2024-01-23,2025-01-22,328461,13326,quarterly,active
P001085,C02840,A0011,property,property_fire,2023-10-20,2024-10-19,17435009,116203,annual,active
P001086,C02498,A0027,motor,motor_voluntary,2024-04-17,2025-04-17,1440331,32950,annual,active
P001087,C01358,A0024,motor,motor_compulsory,2024-05-06,2025-05-06,614042,25743,monthly,active
P001088,C02246,A0013,motor,motor_voluntary,2026-02-05,2027-02-05,758509,30203,quarterly,active
P001089,C02921,A0020,motor,motor_compulsory,2024-07-09,2025-07-09,1185710,36158,quarterly,cancelled
P001090,C00437,A0006,property,property_fire,2024-02-11,2025-02-10,12403888,120508,monthly,active
P001091,C02885,A0035,property,property_fire,2025-06-10,2026-06-10,11892568,69857,annual,active
P001092,C00975,A0002,motor,motor_compulsory,2023-08-25,2024-08-24,369352,9836,quarterly,active
P001093,C00483,A0035,property,property_allrisk,2024-02-17,2025-02-16,18906213,208309,quarterly,active
P001094,C02835,A0050,motor,motor_compulsory,2024-03-26,2025-03-26,750486,19019,quarterly,active
P001095,C01823,A0032,motor,motor_compulsory,2024-12-23,2025-12-23,959364,20488,annual,active
P001096,C00916,A0002,motor,motor_voluntary,2025-07-08,2026-07-08,648684,26218,annual,active
P001097,C02797,A0007,motor,motor_compulsory,2023-10-20,2024-10-19,2161826,69935,monthly,active
P001098,C00160,A0049,property,property_fire,2024-12-31,2025-12-31,19437901,158027,monthly,active
P001099,C01540,A0004,property,property_flood,2023-12-28,2024-12-27,6633344,30737,monthly,active
P001100,C02115,A0038,property,property_fire,2023-06-04,2024-06-03,10136690,72239,annual,active
P001101,C02993,A0037,property,property_fire,2023-08-05,2024-08-04,17637698,97481,annual,active
P001102,C00903,A0014,property,property_allrisk,2024-11-03,2025-11-03,5249528,37790,annual,lapsed
P001103,C02100,A0042,motor,motor_compulsory,2026-02-22,2027-02-22,810413,28689,monthly,active
P001104,C02916,A0037,motor,motor_compulsory,2025-08-15,2026-08-15,1185040,58155,monthly,active
P001105,C02982,A0042,motor,motor_compulsory,2024-08-05,2025-08-05,1194938,41695,quarterly,cancelled
P001106,C00452,A0003,property,property_allrisk,2024-06-01,2025-06-01,16520763,151262,quarterly,active
P001107,C01852,A0023,motor,motor_voluntary,2022-08-26,2023-08-26,1986954,47812,annual,active
P001108,C02112,A0014,motor,motor_compulsory,2023-08-17,2024-08-16,329992,15872,annual,active
P001109,C01288,A0029,motor,motor_voluntary,2026-03-18,2027-03-18,2138025,94866,annual,active
P001110,C00894,A0020,property,property_flood,2023-05-04,2024-05-03,17672501,105483,annual,active
P001111,C01908,A0025,motor,motor_voluntary,2023-07-20,2024-07-19,438191,21858,monthly,lapsed
P001112,C02081,A0035,property,property_flood,2023-02-22,2024-02-22,7486245,43770,monthly,active
P001113,C00775,A0027,motor,motor_voluntary,2025-10-23,2026-10-23,823324,21177,annual,active
P001114,C00768,A0015,motor,motor_compulsory,2024-11-13,2025-11-13,744822,36211,monthly,active
P001115,C02749,A0046,property,property_fire,2023-11-21,2024-11-20,14173065,82707,quarterly,active
P001116,C00525,A0016,property,property_allrisk,2026-05-01,2027-05-01,16115946,70956,quarterly,active
P001117,C02910,A0023,motor,motor_voluntary,2024-11-06,2025-11-06,1424817,46614,quarterly,active
P001118,C01031,A0005,motor,motor_compulsory,2023-02-25,2024-02-25,375748,17809,monthly,active
P001119,C01605,A0008,motor,motor_compulsory,2025-01-08,2026-01-08,1313457,63191,monthly,active
P001120,C00059,A0027,motor,motor_voluntary,2023-10-30,2024-10-29,591092,28784,quarterly,active
P001121,C02217,A0042,motor,motor_compulsory,2023-12-12,2024-12-11,633556,29893,monthly,lapsed
P001122,C01018,A0043,motor,motor_voluntary,2024-08-03,2025-08-03,1729569,54630,monthly,active
P001123,C01671,A0014,property,property_allrisk,2024-11-27,2025-11-27,13405638,79288,annual,active
P001124,C00887,A0015,motor,motor_voluntary,2026-01-08,2027-01-08,2295987,80250,annual,active
P001125,C00120,A0034,motor,motor_compulsory,2024-04-23,2025-04-23,1003990,37445,monthly,active
P001126,C02306,A0002,motor,motor_voluntary,2023-10-19,2024-10-18,1879010,69461,monthly,active
P001127,C00096,A0026,property,property_fire,2025-06-28,2026-06-28,6021980,21429,monthly,active
P001128,C01396,A0044,motor,motor_voluntary,2024-01-09,2025-01-08,2010538,79013,monthly,active
P001129,C01788,A0039,motor,motor_voluntary,2023-09-19,2024-09-18,1069086,40112,quarterly,active
P001130,C00974,A0049,property,property_fire,2023-06-01,2024-05-31,13830964,64188,annual,active
P001131,C02658,A0040,property,property_flood,2023-11-19,2024-11-18,3434981,33201,monthly,active
P001132,C00228,A0036,motor,motor_compulsory,2023-03-04,2024-03-03,1140913,23670,monthly,active
P001133,C00222,A0021,property,property_flood,2025-06-29,2026-06-29,8824006,78280,quarterly,active
P001134,C02243,A0010,motor,motor_compulsory,2026-01-01,2027-01-01,2259384,95030,monthly,active
P001135,C00106,A0006,motor,motor_voluntary,2025-11-27,2026-11-27,865969,35322,monthly,active
P001136,C00563,A0048,motor,motor_voluntary,2025-05-08,2026-05-08,1421114,39450,quarterly,active
P001137,C01087,A0029,motor,motor_voluntary,2023-02-09,2024-02-09,1948840,86829,monthly,lapsed
P001138,C01027,A0031,motor,motor_compulsory,2023-07-18,2024-07-17,1637141,41430,quarterly,active
P001139,C01877,A0050,motor,motor_compulsory,2024-07-12,2025-07-12,259114,8614,monthly,active
P001140,C00628,A0035,property,property_fire,2025-11-18,2026-11-18,5774097,64346,quarterly,active
P001141,C00292,A0046,motor,motor_voluntary,2023-10-28,2024-10-27,771813,27306,annual,active
P001142,C00306,A0042,property,property_allrisk,2023-01-03,2024-01-03,5010639,34763,annual,lapsed
P001143,C00825,A0005,property,property_fire,2025-03-25,2026-03-25,12230294,79310,annual,active
P001144,C01507,A0041,property,property_flood,2025-08-24,2026-08-24,14469396,92632,monthly,active
P001145,C01529,A0044,motor,motor_voluntary,2023-12-03,2024-12-02,716783,33261,annual,active
P001146,C01072,A0036,motor,motor_compulsory,2023-06-25,2024-06-24,275521,6210,monthly,active
P001147,C01991,A0007,motor,motor_voluntary,2025-11-19,2026-11-19,697024,23795,quarterly,active
P001148,C01168,A0015,motor,motor_compulsory,2023-04-23,2024-04-22,2160163,85252,monthly,active
P001149,C01203,A0027,motor,motor_compulsory,2025-07-16,2026-07-16,2056543,77969,monthly,active
P001150,C01921,A0004,motor,motor_compulsory,2026-03-14,2027-03-14,482585,10977,monthly,active
P001151,C02725,A0019,motor,motor_compulsory,2023-01-25,2024-01-25,317763,13281,annual,active
P001152,C01928,A0024,motor,motor_voluntary,2023-01-25,2024-01-25,936625,19653,annual,active
P001153,C01730,A0021,property,property_allrisk,2024-11-14,2025-11-14,10027162,88597,annual,lapsed
P001154,C02778,A0044,property,property_allrisk,2023-12-09,2024-12-08,11376107,60175,annual,active
P001155,C02945,A0014,property,property_allrisk,2023-06-20,2024-06-19,6562100,23002,quarterly,active
P001156,C00942,A0029,motor,motor_compulsory,2024-03-10,2025-03-10,589716,27724,quarterly,cancelled
P001157,C00020,A0034,property,property_allrisk,2023-08-24,2024-08-23,16008517,102676,quarterly,lapsed
P001158,C02521,A0047,motor,motor_voluntary,2023-04-06,2024-04-05,2120173,61559,quarterly,active
P001159,C01383,A0033,motor,motor_voluntary,2023-03-13,2024-03-12,1353569,38151,quarterly,active
P001160,C02366,A0036,motor,motor_voluntary,2024-06-27,2025-06-27,1691011,56355,quarterly,active
P001161,C00448,A0007,motor,motor_compulsory,2023-03-28,2024-03-27,1768188,75935,monthly,active
P001162,C02775,A0028,motor,motor_voluntary,2023-05-26,2024-05-25,2372977,73938,annual,active
P001163,C00483,A0033,motor,motor_compulsory,2024-04-26,2025-04-26,1132697,50467,annual,active
P001164,C00640,A0010,motor,motor_compulsory,2024-02-17,2025-02-16,1032819,40822,annual,active
P001165,C01372,A0022,property,property_allrisk,2025-10-11,2026-10-11,6196349,37893,quarterly,active
P001166,C00418,A0046,motor,motor_voluntary,2025-09-18,2026-09-18,2368629,109175,annual,active
P001167,C01831,A0020,motor,motor_voluntary,2024-06-07,2025-06-07,1382440,47161,quarterly,active
P001168,C01033,A0044,motor,motor_voluntary,2023-08-01,2024-07-31,1239795,59589,quarterly,active
P001169,C02193,A0004,property,property_fire,2023-06-10,2024-06-09,3704623,19857,quarterly,active
P001170,C02659,A0040,motor,motor_voluntary,2025-05-26,2026-05-26,958872,31369,quarterly,active
P001171,C01852,A0049,motor,motor_compulsory,2024-07-24,2025-07-24,2173995,65044,quarterly,active
P001172,C02835,A0014,property,property_fire,2023-10-06,2024-10-05,10315882,31344,quarterly,active
P001173,C00263,A0045,property,property_fire,2023-04-10,2024-04-09,12015693,140139,annual,active
P001174,C02163,A0019,motor,motor_compulsory,2024-05-10,2025-05-10,1245202,44177,quarterly,active
P001175,C00287,A0024,motor,motor_voluntary,2024-12-16,2025-12-16,1969712,81867,quarterly,lapsed
P001176,C01907,A0002,motor,motor_compulsory,2024-05-06,2025-05-06,770857,31726,annual,active
P001177,C00144,A0009,motor,motor_compulsory,2024-10-09,2025-10-09,2374579,49646,annual,active
P001178,C00722,A0042,motor,motor_compulsory,2024-03-12,2025-03-12,1211970,33259,annual,cancelled
P001179,C01443,A0027,property,property_allrisk,2023-04-13,2024-04-12,3261762,25546,monthly,lapsed
P001180,C02231,A0012,property,property_fire,2024-03-05,2025-03-05,5364038,46291,annual,active
P001181,C01421,A0040,property,property_flood,2023-12-15,2024-12-14,2593368,28930,annual,lapsed
P001182,C00328,A0034,motor,motor_compulsory,2025-06-05,2026-06-05,1780031,47970,monthly,lapsed
P001183,C02214,A0025,motor,motor_voluntary,2023-12-17,2024-12-16,1620143,39183,quarterly,active
P001184,C02055,A0011,motor,motor_compulsory,2025-12-13,2026-12-13,1342985,42577,annual,active
P001185,C00903,A0044,property,property_allrisk,2022-09-06,2023-09-06,16066192,175938,monthly,active
P001186,C00687,A0014,property,property_flood,2024-01-22,2025-01-21,19639078,212169,annual,active
P001187,C00520,A0029,motor,motor_voluntary,2025-02-20,2026-02-20,1072352,49353,annual,cancelled
P001188,C00763,A0031,motor,motor_compulsory,2026-01-14,2027-01-14,771197,25313,monthly,active
P001189,C00928,A0018,motor,motor_compulsory,2023-05-10,2024-05-09,321887,13413,quarterly,active
P001190,C02594,A0023,property,property_flood,2022-08-16,2023-08-16,1243375,8281,annual,active
P001191,C01856,A0032,property,property_allrisk,2023-10-28,2024-10-27,9144260,55588,annual,active
P001192,C02393,A0031,property,property_fire,2024-03-12,2025-03-12,2876856,15224,monthly,active
P001193,C01836,A0002,motor,motor_voluntary,2022-12-19,2023-12-19,2138951,56936,quarterly,active
P001194,C01682,A0034,property,property_allrisk,2023-11-09,2024-11-08,2401193,23699,annual,active
P001195,C02660,A0003,property,property_flood,2025-07-10,2026-07-10,8480347,100321,quarterly,cancelled
P001196,C02392,A0027,motor,motor_compulsory,2026-01-05,2027-01-05,2199324,108057,annual,active
P001197,C01407,A0025,property,property_allrisk,2023-02-05,2024-02-05,14412743,156018,annual,lapsed
P001198,C00935,A0014,motor,motor_compulsory,2024-06-25,2025-06-25,2359644,94706,monthly,active
P001199,C02190,A0030,property,property_flood,2023-09-09,2024-09-08,3367369,39342,annual,active
P001200,C01282,A0038,motor,motor_voluntary,2024-05-04,2025-05-04,1975199,92310,annual,active
P001201,C02274,A0039,motor,motor_compulsory,2023-03-07,2024-03-06,869662,28396,quarterly,active
P001202,C00119,A0045,motor,motor_voluntary,2022-09-08,2023-09-08,740115,35763,monthly,active
P001203,C01738,A0036,motor,motor_compulsory,2022-08-18,2023-08-18,582174,26788,annual,active
P001204,C00895,A0014,motor,motor_voluntary,2023-02-04,2024-02-04,360184,13047,quarterly,active
P001205,C00679,A0033,motor,motor_voluntary,2023-11-03,2024-11-02,1567667,50339,quarterly,active
P001206,C02855,A0038,motor,motor_compulsory,2025-06-02,2026-06-02,1797910,55689,annual,active
P001207,C01507,A0002,property,property_allrisk,2024-12-03,2025-12-03,17597277,106738,quarterly,active
P001208,C01494,A0019,motor,motor_voluntary,2023-06-19,2024-06-18,1822032,43765,monthly,active
P001209,C01504,A0010,motor,motor_compulsory,2023-09-26,2024-09-25,872991,35522,monthly,active
P001210,C02663,A0021,property,property_flood,2024-02-17,2025-02-16,18770209,165311,monthly,active
P001211,C01310,A0010,property,property_flood,2025-02-05,2026-02-05,7206698,27621,monthly,active
P001212,C01898,A0013,property,property_fire,2025-02-28,2026-02-28,5546835,40282,monthly,lapsed
P001213,C00992,A0012,motor,motor_voluntary,2024-01-22,2025-01-21,1459069,70811,annual,active
P001214,C00821,A0050,property,property_fire,2023-12-21,2024-12-20,10546684,114985,quarterly,active
P001215,C01482,A0046,motor,motor_voluntary,2023-07-01,2024-06-30,1250733,28401,annual,lapsed
P001216,C01960,A0039,motor,motor_compulsory,2023-05-06,2024-05-05,1529529,57341,quarterly,active
P001217,C00357,A0008,motor,motor_voluntary,2023-07-21,2024-07-20,845349,25147,monthly,lapsed
P001218,C00828,A0014,property,property_flood,2025-10-25,2026-10-25,8825679,47286,annual,active
P001219,C00761,A0032,property,property_flood,2025-08-03,2026-08-03,15509115,143104,monthly,active
P001220,C02851,A0046,motor,motor_voluntary,2022-06-19,2023-06-19,686432,29544,monthly,active
P001221,C00667,A0040,motor,motor_voluntary,2026-04-27,2027-04-27,365396,8319,annual,active
P001222,C02775,A0027,property,property_fire,2025-12-17,2026-12-17,19658210,155404,quarterly,active
P001223,C00148,A0033,property,property_fire,2023-08-13,2024-08-12,7316820,29656,monthly,lapsed
P001224,C00386,A0029,motor,motor_voluntary,2026-02-24,2027-02-24,1006117,29809,monthly,active
P001225,C02850,A0005,motor,motor_compulsory,2024-09-07,2025-09-07,1872237,64913,quarterly,active
P001226,C01963,A0019,motor,motor_voluntary,2023-07-08,2024-07-07,2497873,117543,monthly,lapsed
P001227,C01020,A0018,motor,motor_voluntary,2024-02-26,2025-02-25,669822,18202,quarterly,active
P001228,C01601,A0023,motor,motor_compulsory,2023-06-16,2024-06-15,316668,15435,monthly,active
P001229,C01882,A0010,property,property_allrisk,2023-11-11,2024-11-10,16226395,99318,monthly,lapsed
P001230,C02632,A0033,motor,motor_compulsory,2023-02-23,2024-02-23,1076473,25329,annual,active
P001231,C00770,A0049,motor,motor_voluntary,2025-06-19,2026-06-19,1523123,65671,annual,cancelled
P001232,C01151,A0026,motor,motor_voluntary,2022-12-20,2023-12-20,453449,14844,annual,active
P001233,C01016,A0014,property,property_allrisk,2024-05-17,2025-05-17,14328260,131501,annual,active
P001234,C00109,A0038,motor,motor_voluntary,2024-10-13,2025-10-13,2268430,52724,quarterly,active
P001235,C00886,A0020,property,property_fire,2026-02-19,2027-02-19,10205600,90867,monthly,active
P001236,C02156,A0036,property,property_allrisk,2023-12-14,2024-12-13,12329494,135698,monthly,active
P001237,C00583,A0034,motor,motor_voluntary,2023-01-11,2024-01-11,1220918,41564,quarterly,active
P001238,C01459,A0021,property,property_flood,2026-02-01,2027-02-01,5743699,52687,monthly,active
P001239,C00677,A0050,motor,motor_voluntary,2024-03-15,2025-03-15,1965091,85386,monthly,active
P001240,C02601,A0013,motor,motor_voluntary,2024-02-05,2025-02-04,2497657,103185,monthly,active
P001241,C02126,A0020,property,property_flood,2024-04-27,2025-04-27,1570222,5170,quarterly,active
P001242,C01610,A0015,motor,motor_compulsory,2025-09-09,2026-09-09,2369548,78009,quarterly,active
P001243,C00691,A0037,property,property_fire,2023-08-05,2024-08-04,2294903,15153,quarterly,active
P001244,C00455,A0048,motor,motor_voluntary,2025-11-17,2026-11-17,710984,19768,quarterly,active
P001245,C02880,A0025,motor,motor_voluntary,2022-11-16,2023-11-16,1751353,58114,monthly,active
P001246,C01537,A0005,motor,motor_compulsory,2025-03-02,2026-03-02,696029,16049,monthly,lapsed
P001247,C02906,A0041,motor,motor_voluntary,2023-02-15,2024-02-15,1876331,79660,quarterly,active
P001248,C02075,A0049,motor,motor_compulsory,2025-03-26,2026-03-26,1282987,32412,quarterly,active
P001249,C02772,A0018,property,property_fire,2024-06-30,2025-06-30,17771574,125621,annual,active
P001250,C00118,A0001,motor,motor_compulsory,2024-12-26,2025-12-26,1617517,73480,monthly,active
P001251,C02034,A0050,property,property_fire,2025-04-27,2026-04-27,4111027,34568,monthly,active
P001252,C02829,A0007,property,property_flood,2025-08-23,2026-08-23,13630131,139010,annual,active
P001253,C00227,A0038,property,property_allrisk,2023-01-12,2024-01-12,7967892,51912,quarterly,active
P001254,C02477,A0037,property,property_flood,2022-01-31,2023-01-31,16132426,51515,monthly,active
P001255,C01064,A0049,motor,motor_compulsory,2024-04-02,2025-04-02,339025,12309,monthly,active
P001256,C02831,A0027,motor,motor_compulsory,2025-08-28,2026-08-28,1340893,34413,monthly,active
P001257,C01249,A0012,property,property_flood,2026-03-26,2027-03-26,12097107,113867,annual,active
P001258,C00567,A0006,property,property_allrisk,2025-03-03,2026-03-03,10565825,89994,annual,active
P001259,C00032,A0001,property,property_allrisk,2023-09-25,2024-09-24,12869154,136447,monthly,active
P001260,C01166,A0045,motor,motor_voluntary,2024-09-18,2025-09-18,2074136,54219,quarterly,active
P001261,C00665,A0028,motor,motor_voluntary,2025-04-18,2026-04-18,1513003,60860,quarterly,active
P001262,C02279,A0007,property,property_flood,2023-04-01,2024-03-31,17321323,163961,monthly,active
P001263,C01109,A0050,motor,motor_compulsory,2023-06-03,2024-06-02,1617007,54095,annual,active
P001264,C01005,A0021,motor,motor_compulsory,2023-12-24,2024-12-23,576909,23633,annual,lapsed
P001265,C01933,A0046,motor,motor_voluntary,2024-03-12,2025-03-12,2472565,64434,quarterly,active
P001266,C00568,A0027,property,property_flood,2022-08-02,2023-08-02,17506857,142926,quarterly,active
P001267,C02986,A0047,motor,motor_compulsory,2023-06-19,2024-06-18,2181192,49896,monthly,active
P001268,C02956,A0001,property,property_allrisk,2025-12-04,2026-12-04,2258934,20502,quarterly,active
P001269,C01564,A0046,property,property_fire,2023-02-15,2024-02-15,4892097,58214,annual,active
P001270,C00707,A0047,motor,motor_voluntary,2026-03-26,2027-03-26,2317441,63112,quarterly,active
P001271,C01379,A0046,property,property_allrisk,2025-11-23,2026-11-23,8143258,94759,monthly,lapsed
P001272,C02296,A0036,motor,motor_compulsory,2025-10-11,2026-10-11,1426380,52472,monthly,active
P001273,C02273,A0002,motor,motor_compulsory,2024-02-08,2025-02-07,1216072,30617,annual,active
P001274,C01688,A0047,property,property_fire,2023-02-23,2024-02-23,14629103,107489,monthly,active
P001275,C02340,A0042,motor,motor_compulsory,2024-02-21,2025-02-20,1712406,81025,quarterly,active
P001276,C00005,A0001,motor,motor_compulsory,2022-04-22,2023-04-22,1489492,47775,monthly,active
P001277,C00192,A0016,motor,motor_compulsory,2026-04-30,2027-04-30,240375,10807,quarterly,active
P001278,C01781,A0049,motor,motor_voluntary,2025-05-03,2026-05-03,2413459,93993,annual,active
P001279,C02109,A0016,motor,motor_voluntary,2023-03-13,2024-03-12,2291743,100874,quarterly,lapsed
P001280,C02803,A0012,motor,motor_voluntary,2024-09-15,2025-09-15,2025336,70382,annual,lapsed
P001281,C01809,A0009,motor,motor_voluntary,2024-07-04,2025-07-04,2191337,96316,quarterly,active
P001282,C02401,A0018,motor,motor_compulsory,2022-04-16,2023-04-16,1358368,30827,quarterly,active
P001283,C00611,A0004,motor,motor_compulsory,2022-12-08,2023-12-08,214648,9825,monthly,active
P001284,C01594,A0043,motor,motor_voluntary,2022-05-09,2023-05-09,1865985,71548,quarterly,lapsed
P001285,C00136,A0030,motor,motor_compulsory,2023-01-21,2024-01-21,2059340,54944,quarterly,active
P001286,C02652,A0010,property,property_fire,2023-06-27,2024-06-26,13787503,69542,quarterly,active
P001287,C02593,A0037,motor,motor_compulsory,2024-12-02,2025-12-02,1743906,41269,annual,active
P001288,C01672,A0039,property,property_fire,2024-03-05,2025-03-05,13017886,137534,monthly,lapsed
P001289,C02856,A0026,motor,motor_compulsory,2023-06-30,2024-06-29,2022322,54433,monthly,lapsed
P001290,C01381,A0049,property,property_flood,2024-03-24,2025-03-24,8746974,62874,annual,active
P001291,C02927,A0004,motor,motor_voluntary,2025-08-23,2026-08-23,1177598,52164,monthly,active
P001292,C01826,A0001,motor,motor_compulsory,2024-05-29,2025-05-29,798002,31640,quarterly,active
P001293,C02185,A0018,motor,motor_voluntary,2026-01-05,2027-01-05,1024822,41488,quarterly,active
P001294,C00052,A0018,motor,motor_voluntary,2025-09-24,2026-09-24,736378,22681,quarterly,active
P001295,C00466,A0031,motor,motor_voluntary,2025-01-31,2026-01-31,2396828,105528,quarterly,active
P001296,C01259,A0020,motor,motor_compulsory,2024-05-14,2025-05-14,2466407,50553,annual,active
P001297,C02740,A0011,property,property_fire,2026-01-09,2027-01-09,4216497,26601,quarterly,active
P001298,C02169,A0024,motor,motor_compulsory,2023-09-09,2024-09-08,1065111,44094,annual,active
P001299,C00906,A0039,motor,motor_voluntary,2024-03-13,2025-03-13,2406929,119772,quarterly,active
P001300,C00676,A0007,motor,motor_compulsory,2023-01-17,2024-01-17,2372152,108823,annual,active
P001301,C00524,A0022,motor,motor_compulsory,2023-06-15,2024-06-14,1648902,72446,monthly,active
P001302,C01220,A0032,motor,motor_compulsory,2023-03-17,2024-03-16,2397849,77075,quarterly,active
P001303,C02522,A0006,motor,motor_compulsory,2023-10-19,2024-10-18,2430917,79872,annual,active
P001304,C01333,A0023,motor,motor_compulsory,2025-08-19,2026-08-19,976778,28631,annual,active
P001305,C02444,A0039,property,property_fire,2026-03-19,2027-03-19,15823214,89474,quarterly,active
P001306,C01172,A0027,motor,motor_compulsory,2026-02-26,2027-02-26,230294,5994,quarterly,active
P001307,C00220,A0010,motor,motor_compulsory,2023-04-30,2024-04-29,1032092,22948,annual,active
P001308,C01541,A0015,property,property_fire,2025-08-15,2026-08-15,5914763,56939,annual,active
P001309,C00697,A0047,property,property_fire,2023-12-23,2024-12-22,12775055,122927,monthly,lapsed
P001310,C00394,A0038,motor,motor_compulsory,2023-05-14,2024-05-13,1323661,48880,monthly,active
P001311,C00094,A0048,motor,motor_voluntary,2025-06-01,2026-06-01,1468205,53532,quarterly,cancelled
P001312,C02339,A0041,motor,motor_voluntary,2025-07-05,2026-07-05,1933716,56631,annual,active
P001313,C01984,A0028,motor,motor_compulsory,2025-01-13,2026-01-13,2356283,72390,monthly,active
P001314,C02897,A0043,property,property_flood,2023-03-01,2024-02-29,1778761,14933,annual,active
P001315,C01715,A0028,motor,motor_voluntary,2025-10-02,2026-10-02,260729,7448,annual,active
P001316,C00234,A0048,property,property_allrisk,2024-04-23,2025-04-23,17567754,178048,annual,active
P001317,C00784,A0029,motor,motor_voluntary,2024-12-07,2025-12-07,1591481,50401,annual,active
P001318,C02059,A0016,property,property_allrisk,2026-04-30,2027-04-30,16078017,112270,quarterly,active
P001319,C02062,A0003,motor,motor_compulsory,2025-04-05,2026-04-05,1687972,35956,quarterly,active
P001320,C02424,A0044,motor,motor_compulsory,2023-04-03,2024-04-02,442253,10832,quarterly,active
P001321,C01029,A0034,motor,motor_voluntary,2024-09-02,2025-09-02,1312403,62877,quarterly,active
P001322,C00964,A0033,motor,motor_voluntary,2023-07-29,2024-07-28,670173,17156,quarterly,active
P001323,C01750,A0001,motor,motor_voluntary,2024-09-27,2025-09-27,1079029,32266,quarterly,active
P001324,C02388,A0008,motor,motor_voluntary,2024-06-15,2025-06-15,1088930,37359,annual,active
P001325,C00974,A0047,property,property_fire,2022-12-13,2023-12-13,15295169,57044,annual,active
P001326,C02913,A0045,property,property_allrisk,2026-02-02,2027-02-02,11502862,135863,monthly,active
P001327,C00881,A0014,motor,motor_voluntary,2023-06-18,2024-06-17,377860,16487,quarterly,active
P001328,C00002,A0050,motor,motor_compulsory,2024-04-02,2025-04-02,1882304,37717,monthly,active
P001329,C01206,A0023,motor,motor_compulsory,2022-02-01,2023-02-01,2221320,57289,quarterly,active
P001330,C00372,A0039,motor,motor_voluntary,2025-02-27,2026-02-27,1771951,65151,quarterly,active
P001331,C02358,A0007,motor,motor_voluntary,2022-12-31,2023-12-31,995629,47193,annual,active
P001332,C02055,A0028,property,property_flood,2026-03-26,2027-03-26,8469592,88929,annual,active
P001333,C00836,A0046,motor,motor_compulsory,2024-09-29,2025-09-29,232660,8396,monthly,active
P001334,C02421,A0015,property,property_flood,2023-07-27,2024-07-26,13268853,41869,monthly,active
P001335,C01087,A0003,property,property_fire,2022-05-19,2023-05-19,7533493,41547,annual,active
P001336,C01488,A0034,motor,motor_voluntary,2023-05-30,2024-05-29,2204879,101828,annual,active
P001337,C02829,A0012,motor,motor_voluntary,2023-01-15,2024-01-15,2083099,57590,quarterly,active
P001338,C02425,A0024,property,property_flood,2024-04-15,2025-04-15,5405972,51288,monthly,cancelled
P001339,C02635,A0005,motor,motor_compulsory,2023-08-30,2024-08-29,591338,14807,annual,active
P001340,C02494,A0015,motor,motor_voluntary,2024-04-16,2025-04-16,752640,34549,monthly,active
P001341,C00556,A0004,motor,motor_compulsory,2025-11-06,2026-11-06,1698109,63698,quarterly,active
P001342,C02817,A0033,property,property_fire,2024-11-29,2025-11-29,4859501,49160,annual,active
P001343,C01658,A0036,motor,motor_voluntary,2025-03-03,2026-03-03,284573,13216,monthly,active
P001344,C00890,A0028,property,property_allrisk,2024-02-12,2025-02-11,2034870,12400,monthly,active
P001345,C01668,A0003,motor,motor_compulsory,2026-02-14,2027-02-14,1349596,58409,annual,active
P001346,C00968,A0018,property,property_flood,2024-03-04,2025-03-04,17762558,198289,quarterly,active
P001347,C02786,A0048,motor,motor_compulsory,2023-02-18,2024-02-18,1376458,50903,quarterly,active
P001348,C01395,A0026,property,property_flood,2023-09-27,2024-09-26,2165396,14563,quarterly,active
P001349,C01057,A0010,motor,motor_voluntary,2024-12-14,2025-12-14,2491692,118197,annual,active
P001350,C02665,A0029,property,property_fire,2023-01-03,2024-01-03,11235749,48175,quarterly,active
P001351,C02460,A0023,motor,motor_voluntary,2025-04-11,2026-04-11,2438307,69807,monthly,active
P001352,C01923,A0019,motor,motor_compulsory,2025-12-10,2026-12-10,1398275,48745,annual,active
P001353,C01587,A0009,property,property_flood,2024-03-12,2025-03-12,11743081,96787,annual,cancelled
P001354,C02213,A0026,property,property_allrisk,2025-03-10,2026-03-10,3845494,15722,quarterly,active
P001355,C02436,A0041,motor,motor_voluntary,2023-02-14,2024-02-14,1493697,56615,annual,lapsed
P001356,C02801,A0019,motor,motor_voluntary,2023-05-25,2024-05-24,724019,23078,monthly,active
P001357,C01121,A0012,motor,motor_compulsory,2022-06-01,2023-06-01,2285577,110977,monthly,active
P001358,C02141,A0040,motor,motor_compulsory,2023-01-02,2024-01-02,1836945,82541,quarterly,active
P001359,C00616,A0001,motor,motor_voluntary,2025-01-11,2026-01-11,2098409,53284,annual,active
P001360,C01522,A0027,motor,motor_voluntary,2022-05-02,2023-05-02,1586041,41199,monthly,active
P001361,C00507,A0001,motor,motor_voluntary,2024-01-14,2025-01-13,1408609,56226,annual,active
P001362,C01136,A0045,motor,motor_voluntary,2024-04-08,2025-04-08,1336100,63454,annual,active
P001363,C00912,A0017,property,property_allrisk,2026-01-07,2027-01-07,2039142,20935,annual,active
P001364,C02823,A0020,property,property_fire,2025-09-13,2026-09-13,16622147,180908,monthly,active
P001365,C02551,A0037,property,property_fire,2022-04-05,2023-04-05,4850614,33196,annual,active
P001366,C02322,A0025,property,property_flood,2023-02-01,2024-02-01,3711545,27911,monthly,active
P001367,C01783,A0014,property,property_fire,2025-08-06,2026-08-06,14703626,89607,annual,active
P001368,C02877,A0020,motor,motor_compulsory,2024-12-11,2025-12-11,2094393,102985,annual,active
P001369,C01274,A0019,motor,motor_voluntary,2025-10-08,2026-10-08,1019657,43304,annual,active
P001370,C02784,A0036,motor,motor_compulsory,2023-05-19,2024-05-18,1049762,31291,monthly,cancelled
P001371,C02160,A0012,motor,motor_compulsory,2024-05-30,2025-05-30,393199,19481,annual,active
P001372,C01552,A0046,property,property_fire,2025-06-22,2026-06-22,1238751,14720,monthly,active
P001373,C00530,A0004,motor,motor_compulsory,2025-10-22,2026-10-22,1455053,43111,annual,active
P001374,C01475,A0039,motor,motor_voluntary,2024-03-16,2025-03-16,503060,20384,monthly,active
P001375,C00337,A0017,motor,motor_voluntary,2023-03-12,2024-03-11,1861499,44400,quarterly,active
P001376,C02421,A0039,motor,motor_voluntary,2022-10-21,2023-10-21,263859,11651,quarterly,active
P001377,C01962,A0007,property,property_allrisk,2023-09-02,2024-09-01,16480700,95703,monthly,active
P001378,C01847,A0011,motor,motor_compulsory,2024-05-12,2025-05-12,1151191,30866,annual,active
P001379,C01240,A0015,motor,motor_compulsory,2023-04-04,2024-04-03,319497,7274,quarterly,active
P001380,C02937,A0027,motor,motor_compulsory,2026-01-16,2027-01-16,1727970,72862,annual,active
P001381,C00536,A0008,motor,motor_voluntary,2023-04-20,2024-04-19,2197170,77674,quarterly,cancelled
P001382,C00900,A0033,motor,motor_voluntary,2024-03-21,2025-03-21,2293549,87636,monthly,cancelled
P001383,C00939,A0039,motor,motor_compulsory,2022-06-14,2023-06-14,388895,18891,quarterly,active
P001384,C02998,A0048,motor,motor_voluntary,2022-05-01,2023-05-01,2041181,41667,annual,cancelled
P001385,C00027,A0030,motor,motor_compulsory,2025-08-23,2026-08-23,2143320,62777,monthly,active
P001386,C01841,A0025,motor,motor_compulsory,2024-12-24,2025-12-24,1924404,88116,annual,active
P001387,C00521,A0008,motor,motor_voluntary,2024-01-06,2025-01-05,703929,32355,annual,active
P001388,C01804,A0009,property,property_fire,2023-07-23,2024-07-22,17892821,120562,quarterly,active
P001389,C01476,A0042,motor,motor_voluntary,2023-01-23,2024-01-23,1063986,27585,annual,active
P001390,C01627,A0003,property,property_allrisk,2023-03-17,2024-03-16,6573382,58899,quarterly,active
P001391,C01393,A0034,motor,motor_voluntary,2024-05-31,2025-05-31,596364,15178,annual,active
P001392,C01440,A0007,motor,motor_voluntary,2024-09-25,2025-09-25,671712,32912,monthly,active
P001393,C02795,A0006,property,property_fire,2025-03-07,2026-03-07,4971224,16215,quarterly,active
P001394,C02167,A0007,property,property_fire,2024-04-06,2025-04-06,11298852,90752,monthly,active
P001395,C02346,A0017,motor,motor_compulsory,2026-02-05,2027-02-05,1666382,79605,monthly,active
P001396,C01680,A0013,motor,motor_voluntary,2024-02-09,2025-02-08,2295644,85430,annual,active
P001397,C02000,A0024,motor,motor_compulsory,2025-08-02,2026-08-02,943507,32707,annual,active
P001398,C00299,A0038,motor,motor_compulsory,2022-09-21,2023-09-21,501581,13170,quarterly,cancelled
P001399,C00534,A0013,motor,motor_voluntary,2024-03-16,2025-03-16,2497328,98821,monthly,active
P001400,C00385,A0005,motor,motor_voluntary,2023-08-24,2024-08-23,2255244,102581,monthly,active
P001401,C00815,A0027,motor,motor_voluntary,2023-01-01,2024-01-01,1602207,46846,quarterly,active
P001402,C02975,A0034,motor,motor_voluntary,2026-04-13,2027-04-13,512835,14280,quarterly,active
P001403,C02698,A0039,motor,motor_compulsory,2023-02-07,2024-02-07,1248950,55909,annual,active
P001404,C02345,A0025,property,property_allrisk,2023-02-24,2024-02-24,17146647,86034,quarterly,active
P001405,C00185,A0012,motor,motor_compulsory,2023-03-16,2024-03-15,2096205,53338,monthly,active
P001406,C02325,A0037,motor,motor_compulsory,2023-06-06,2024-06-05,1481580,39575,quarterly,active
P001407,C01492,A0024,property,property_allrisk,2024-05-14,2025-05-14,13182676,113160,annual,active
P001408,C02791,A0022,motor,motor_voluntary,2025-09-28,2026-09-28,858320,36947,quarterly,active
P001409,C01695,A0001,motor,motor_voluntary,2024-02-26,2025-02-25,2156830,86872,annual,active
P001410,C01721,A0049,motor,motor_compulsory,2026-01-02,2027-01-02,1904149,67124,monthly,active
P001411,C01962,A0038,motor,motor_compulsory,2024-12-11,2025-12-11,2189286,56952,quarterly,cancelled
P001412,C01568,A0013,property,property_flood,2023-05-24,2024-05-23,7527924,89851,monthly,active
P001413,C01081,A0048,motor,motor_compulsory,2024-12-19,2025-12-19,1979630,92153,quarterly,active
P001414,C00321,A0023,motor,motor_compulsory,2026-04-09,2027-04-09,1814852,69999,quarterly,cancelled
P001415,C02654,A0003,property,property_flood,2025-06-26,2026-06-26,9006537,49316,annual,lapsed
P001416,C02652,A0001,motor,motor_compulsory,2024-05-09,2025-05-09,298641,12913,annual,active
P001417,C01060,A0022,property,property_flood,2024-10-06,2025-10-06,18589847,158018,monthly,active
P001418,C00030,A0024,motor,motor_compulsory,2023-03-08,2024-03-07,1372969,50276,monthly,active
P001419,C02487,A0008,motor,motor_voluntary,2025-04-05,2026-04-05,2438407,75971,monthly,active
P001420,C00120,A0031,motor,motor_compulsory,2022-10-11,2023-10-11,1470638,72473,monthly,active
P001421,C00724,A0046,motor,motor_voluntary,2023-01-03,2024-01-03,1352747,30600,quarterly,active
P001422,C02184,A0029,property,property_allrisk,2023-10-17,2024-10-16,4468178,15249,annual,active
P001423,C01092,A0045,motor,motor_voluntary,2025-03-19,2026-03-19,1047631,48951,quarterly,active
P001424,C02337,A0040,property,property_flood,2023-10-07,2024-10-06,2253013,11780,quarterly,active
P001425,C00364,A0002,motor,motor_compulsory,2024-04-15,2025-04-15,815038,35435,monthly,active
P001426,C01605,A0020,motor,motor_compulsory,2023-09-03,2024-09-02,388410,13395,annual,active
P001427,C00089,A0028,motor,motor_compulsory,2022-07-21,2023-07-21,2195551,81177,monthly,cancelled
P001428,C00862,A0022,motor,motor_voluntary,2023-04-30,2024-04-29,1548183,51733,monthly,active
P001429,C01653,A0034,property,property_allrisk,2024-01-16,2025-01-15,7154671,47857,quarterly,active
P001430,C00656,A0039,motor,motor_compulsory,2026-01-14,2027-01-14,453598,15615,monthly,active
P001431,C01039,A0024,motor,motor_compulsory,2022-07-12,2023-07-12,597841,27429,annual,active
P001432,C01685,A0033,motor,motor_compulsory,2024-02-29,2025-02-28,629723,25816,quarterly,active
P001433,C02627,A0024,motor,motor_voluntary,2023-04-02,2024-04-01,2252184,84149,monthly,active
P001434,C02204,A0044,property,property_allrisk,2023-03-15,2024-03-14,9970043,33573,annual,active
P001435,C01439,A0030,motor,motor_compulsory,2023-06-14,2024-06-13,2348701,115249,monthly,lapsed
P001436,C02541,A0009,motor,motor_compulsory,2023-01-15,2024-01-15,1394320,56753,quarterly,lapsed
P001437,C01003,A0043,motor,motor_voluntary,2025-07-14,2026-07-14,241485,6199,quarterly,active
P001438,C01334,A0048,property,property_allrisk,2023-06-19,2024-06-18,9244474,89248,annual,active
P001439,C01293,A0048,motor,motor_compulsory,2023-03-27,2024-03-26,1295101,64515,annual,active
P001440,C01785,A0001,motor,motor_voluntary,2023-03-10,2024-03-09,980938,48214,annual,lapsed
P001441,C02659,A0003,property,property_fire,2023-01-06,2024-01-06,15204447,130360,monthly,active
P001442,C00677,A0016,motor,motor_compulsory,2023-02-13,2024-02-13,1798438,46534,quarterly,lapsed
P001443,C02447,A0042,property,property_allrisk,2023-01-07,2024-01-07,12832105,69070,annual,active
P001444,C00854,A0011,motor,motor_compulsory,2023-05-04,2024-05-03,1354182,59790,monthly,active
P001445,C00322,A0043,motor,motor_compulsory,2022-10-27,2023-10-27,1101783,25123,annual,active
P001446,C02165,A0008,motor,motor_voluntary,2023-09-16,2024-09-15,1812749,87009,annual,active
P001447,C00891,A0034,motor,motor_voluntary,2022-10-22,2023-10-22,434527,20547,quarterly,active
P001448,C00616,A0018,motor,motor_compulsory,2026-04-16,2027-04-16,2075151,96596,annual,lapsed
P001449,C00643,A0032,motor,motor_compulsory,2023-08-03,2024-08-02,1192800,42687,monthly,active
P001450,C02404,A0023,property,property_fire,2025-06-13,2026-06-13,18287909,198113,monthly,lapsed
P001451,C02155,A0043,motor,motor_voluntary,2025-08-14,2026-08-14,1719749,53232,annual,active
P001452,C02542,A0022,motor,motor_compulsory,2023-03-10,2024-03-09,372044,10160,quarterly,active
P001453,C02100,A0036,motor,motor_compulsory,2023-12-27,2024-12-26,1826050,42180,quarterly,active
P001454,C01181,A0027,motor,motor_voluntary,2025-11-11,2026-11-11,1564575,65888,annual,active
P001455,C01444,A0039,motor,motor_voluntary,2025-04-25,2026-04-25,1594338,33166,annual,active
P001456,C02080,A0049,property,property_fire,2025-11-07,2026-11-07,13356999,143567,annual,lapsed
P001457,C01852,A0041,motor,motor_voluntary,2024-11-06,2025-11-06,2073330,68749,quarterly,active
P001458,C00482,A0009,property,property_allrisk,2024-01-04,2025-01-03,13485734,110175,monthly,lapsed
P001459,C00158,A0002,motor,motor_voluntary,2024-05-23,2025-05-23,1409880,59355,quarterly,active
P001460,C02819,A0048,motor,motor_compulsory,2024-08-05,2025-08-05,1588037,74290,quarterly,active
P001461,C01728,A0043,motor,motor_compulsory,2023-08-01,2024-07-31,642594,21264,quarterly,active
P001462,C01845,A0028,motor,motor_compulsory,2024-12-04,2025-12-04,1726784,64898,quarterly,lapsed
P001463,C02011,A0010,motor,motor_voluntary,2023-11-14,2024-11-13,1775397,51546,annual,cancelled
P001464,C02841,A0041,motor,motor_compulsory,2024-08-02,2025-08-02,1027722,45382,monthly,lapsed
P001465,C00986,A0019,motor,motor_compulsory,2024-08-02,2025-08-02,407304,8828,quarterly,active
P001466,C02287,A0043,motor,motor_compulsory,2024-01-19,2025-01-18,1724757,82286,monthly,active
P001467,C01459,A0049,motor,motor_compulsory,2023-04-21,2024-04-20,1939010,62906,monthly,active
P001468,C01518,A0022,motor,motor_voluntary,2022-03-23,2023-03-23,325700,11426,annual,active
P001469,C01602,A0036,motor,motor_compulsory,2026-03-31,2027-03-31,865533,19738,quarterly,active
P001470,C02121,A0033,property,property_flood,2023-08-13,2024-08-12,9139293,99006,annual,cancelled
P001471,C02447,A0006,motor,motor_voluntary,2025-01-31,2026-01-31,569078,11951,monthly,active
P001472,C00778,A0044,motor,motor_voluntary,2022-02-03,2023-02-03,926501,19744,annual,active
P001473,C00010,A0043,property,property_flood,2023-08-25,2024-08-24,8285791,94987,annual,active
P001474,C00258,A0036,property,property_flood,2023-11-02,2024-11-01,19807805,172853,annual,cancelled
P001475,C01689,A0050,motor,motor_compulsory,2025-07-10,2026-07-10,1388357,67443,quarterly,active
P001476,C01225,A0033,motor,motor_voluntary,2023-10-04,2024-10-03,1344915,62431,annual,active
P001477,C00610,A0047,motor,motor_compulsory,2025-04-08,2026-04-08,981599,41507,quarterly,active
P001478,C02028,A0039,motor,motor_voluntary,2023-12-02,2024-12-01,1280692,43406,quarterly,active
P001479,C01239,A0018,motor,motor_compulsory,2026-01-30,2027-01-30,1572635,55904,annual,lapsed
P001480,C01573,A0040,motor,motor_compulsory,2023-06-30,2024-06-29,1828104,65435,monthly,lapsed
P001481,C01274,A0042,property,property_flood,2024-10-31,2025-10-31,12239373,64181,monthly,active
P001482,C00046,A0036,motor,motor_compulsory,2025-02-14,2026-02-14,242936,11720,annual,active
P001483,C02203,A0012,property,property_allrisk,2022-05-05,2023-05-05,14039284,91455,monthly,active
P001484,C00761,A0004,motor,motor_voluntary,2023-07-28,2024-07-27,1219187,48706,monthly,active
P001485,C00264,A0014,motor,motor_voluntary,2023-02-01,2024-02-01,2238307,92240,annual,active
P001486,C01088,A0022,motor,motor_compulsory,2025-10-12,2026-10-12,2384505,116625,quarterly,active
P001487,C01579,A0036,motor,motor_compulsory,2025-01-31,2026-01-31,2084734,83134,annual,active
P001488,C01962,A0042,motor,motor_compulsory,2023-09-27,2024-09-26,1614840,35547,quarterly,active
P001489,C00150,A0024,motor,motor_compulsory,2025-04-28,2026-04-28,1307160,34567,quarterly,active
P001490,C00252,A0019,motor,motor_compulsory,2024-05-29,2025-05-29,1689530,43567,monthly,active
P001491,C01023,A0021,motor,motor_compulsory,2023-07-24,2024-07-23,2058398,56609,monthly,active
P001492,C02570,A0007,motor,motor_voluntary,2023-02-14,2024-02-14,2413255,73430,monthly,active
P001493,C00762,A0046,motor,motor_compulsory,2024-06-22,2025-06-22,408297,14822,annual,lapsed
P001494,C02834,A0046,motor,motor_compulsory,2023-05-17,2024-05-16,1975508,63853,monthly,active
P001495,C02071,A0040,property,property_fire,2022-02-11,2023-02-11,7952721,38491,monthly,lapsed
P001496,C01432,A0030,property,property_allrisk,2022-03-25,2023-03-25,2450147,8191,annual,active
P001497,C00078,A0046,property,property_allrisk,2023-02-12,2024-02-12,14637500,91581,monthly,active
P001498,C00184,A0020,motor,motor_compulsory,2023-05-31,2024-05-30,601321,29298,monthly,lapsed
P001499,C00628,A0009,motor,motor_compulsory,2023-03-24,2024-03-23,1736291,41158,monthly,active
P001500,C01831,A0016,motor,motor_compulsory,2024-02-16,2025-02-15,1405865,42421,monthly,active
P001501,C01695,A0028,motor,motor_voluntary,2024-03-30,2025-03-30,546804,20935,quarterly,active
P001502,C01392,A0033,motor,motor_voluntary,2023-02-28,2024-02-28,936242,24950,monthly,cancelled
P001503,C00569,A0004,motor,motor_voluntary,2024-11-10,2025-11-10,1250869,42042,annual,active
P001504,C01460,A0048,motor,motor_compulsory,2022-01-08,2023-01-08,440933,10723,annual,lapsed
P001505,C00291,A0012,property,property_flood,2023-04-19,2024-04-18,17355377,58574,monthly,cancelled
P001506,C01495,A0013,motor,motor_voluntary,2024-02-19,2025-02-18,1806718,60722,annual,cancelled
P001507,C02871,A0021,property,property_flood,2022-10-16,2023-10-16,8762698,27604,monthly,active
P001508,C00772,A0010,property,property_allrisk,2023-04-25,2024-04-24,12101385,87828,monthly,active
P001509,C02165,A0022,property,property_fire,2023-12-28,2024-12-27,2075997,8991,annual,active
P001510,C02673,A0005,property,property_allrisk,2023-10-20,2024-10-19,4703362,38388,quarterly,active
P001511,C01166,A0026,property,property_flood,2023-09-14,2024-09-13,17925669,59064,quarterly,active
P001512,C01509,A0045,property,property_fire,2023-05-09,2024-05-08,14980373,72321,quarterly,active
P001513,C01080,A0015,motor,motor_voluntary,2026-01-11,2027-01-11,212155,7919,quarterly,active
P001514,C00252,A0008,property,property_fire,2024-02-04,2025-02-03,5923187,22881,monthly,active
P001515,C02630,A0035,motor,motor_voluntary,2026-03-03,2027-03-03,1139418,52274,quarterly,active
P001516,C00387,A0032,motor,motor_voluntary,2025-06-29,2026-06-29,2104269,65985,annual,active
P001517,C02954,A0024,motor,motor_voluntary,2023-05-22,2024-05-21,328037,14074,annual,active
P001518,C01540,A0019,motor,motor_compulsory,2023-05-31,2024-05-30,2499301,64172,annual,active
P001519,C01213,A0023,motor,motor_compulsory,2024-12-18,2025-12-18,1458196,31052,monthly,active
P001520,C01566,A0024,property,property_allrisk,2025-01-24,2026-01-24,7799196,88774,monthly,active
P001521,C01743,A0010,motor,motor_compulsory,2025-08-18,2026-08-18,954666,43991,annual,active
P001522,C02587,A0043,property,property_fire,2023-11-24,2024-11-23,16105090,64354,quarterly,active
P001523,C00482,A0002,property,property_fire,2025-11-15,2026-11-15,5069516,40809,annual,active
P001524,C02342,A0001,property,property_fire,2026-04-18,2027-04-18,15629910,164832,annual,active
P001525,C01664,A0043,motor,motor_compulsory,2024-02-07,2025-02-06,405347,8702,monthly,active
P001526,C00347,A0018,motor,motor_compulsory,2025-10-02,2026-10-02,2397323,81161,annual,active
P001527,C02688,A0050,motor,motor_voluntary,2022-12-10,2023-12-10,1817731,63976,annual,active
P001528,C02436,A0024,motor,motor_compulsory,2025-10-02,2026-10-02,1483074,48971,quarterly,active
P001529,C00493,A0014,motor,motor_voluntary,2024-12-26,2025-12-26,901449,22066,quarterly,lapsed
P001530,C01462,A0007,motor,motor_compulsory,2023-12-24,2024-12-23,1384090,58018,quarterly,active
P001531,C00536,A0047,motor,motor_compulsory,2023-07-09,2024-07-08,2401763,78013,monthly,active
P001532,C01532,A0040,motor,motor_compulsory,2024-07-31,2025-07-31,1299495,45856,annual,active
P001533,C02418,A0031,motor,motor_compulsory,2024-04-26,2025-04-26,1487210,39388,monthly,active
P001534,C01745,A0041,motor,motor_voluntary,2023-01-25,2024-01-25,351399,15908,annual,lapsed
P001535,C02357,A0013,motor,motor_compulsory,2023-07-02,2024-07-01,2258994,52765,monthly,cancelled
P001536,C00888,A0003,motor,motor_voluntary,2024-05-17,2025-05-17,1092914,42419,quarterly,active
P001537,C01358,A0012,motor,motor_voluntary,2025-09-04,2026-09-04,2362581,103800,quarterly,active
P001538,C01039,A0031,motor,motor_voluntary,2024-07-20,2025-07-20,769382,29195,annual,cancelled
P001539,C01852,A0015,motor,motor_voluntary,2024-02-03,2025-02-02,861205,27642,annual,active
P001540,C01768,A0022,property,property_fire,2023-06-19,2024-06-18,5611885,46079,monthly,active
P001541,C02656,A0004,property,property_flood,2025-06-18,2026-06-18,10291322,94381,quarterly,active
P001542,C00515,A0043,motor,motor_compulsory,2022-11-04,2023-11-04,2275965,95005,quarterly,active
P001543,C02826,A0022,motor,motor_compulsory,2025-10-26,2026-10-26,1065686,32495,quarterly,active
P001544,C00771,A0025,motor,motor_voluntary,2024-07-10,2025-07-10,2126977,52616,annual,active
P001545,C00818,A0037,property,property_allrisk,2023-09-19,2024-09-18,16123228,141769,monthly,active
P001546,C01638,A0037,motor,motor_compulsory,2025-12-02,2026-12-02,2131946,105093,quarterly,active
P001547,C01229,A0010,motor,motor_compulsory,2023-05-04,2024-05-03,1315779,57967,quarterly,active
P001548,C00616,A0008,property,property_flood,2024-01-31,2025-01-30,16902897,90328,monthly,lapsed
P001549,C02628,A0008,motor,motor_voluntary,2025-05-01,2026-05-01,2317829,84301,monthly,lapsed
P001550,C02598,A0005,property,property_flood,2022-11-11,2023-11-11,9234926,58433,monthly,active
P001551,C02634,A0006,motor,motor_compulsory,2024-09-05,2025-09-05,357637,16327,quarterly,active
P001552,C00667,A0001,motor,motor_voluntary,2024-11-15,2025-11-15,1812073,46427,monthly,active
P001553,C00591,A0043,property,property_fire,2025-03-08,2026-03-08,12464965,116939,monthly,active
P001554,C01209,A0015,motor,motor_voluntary,2023-06-20,2024-06-19,2256011,101737,quarterly,active
P001555,C02712,A0004,motor,motor_voluntary,2024-06-14,2025-06-14,1628248,73264,quarterly,active
P001556,C01465,A0007,motor,motor_voluntary,2023-08-15,2024-08-14,2404062,109617,quarterly,cancelled
P001557,C00699,A0011,motor,motor_voluntary,2023-06-24,2024-06-23,512721,14249,quarterly,active
P001558,C01383,A0028,motor,motor_compulsory,2025-02-23,2026-02-23,1617481,51728,quarterly,lapsed
P001559,C00808,A0028,motor,motor_voluntary,2022-07-16,2023-07-16,2417870,101448,quarterly,active
P001560,C01309,A0036,motor,motor_voluntary,2023-05-18,2024-05-17,789209,28045,monthly,active
P001561,C00728,A0048,motor,motor_voluntary,2022-03-02,2023-03-02,1765357,73811,quarterly,active
P001562,C01160,A0011,motor,motor_voluntary,2023-08-26,2024-08-25,559218,24847,annual,active
P001563,C02103,A0024,motor,motor_compulsory,2024-02-09,2025-02-08,2312994,54094,annual,active
P001564,C00631,A0001,property,property_flood,2024-08-05,2025-08-05,7360608,60536,monthly,active
P001565,C02537,A0033,property,property_flood,2024-09-10,2025-09-10,2024373,8042,annual,active
P001566,C01652,A0024,motor,motor_compulsory,2025-10-27,2026-10-27,2028044,78177,annual,active
P001567,C01013,A0043,motor,motor_voluntary,2024-01-18,2025-01-17,2475252,60411,quarterly,active
P001568,C02363,A0008,motor,motor_compulsory,2024-10-01,2025-10-01,626901,29711,quarterly,active
P001569,C00253,A0034,motor,motor_voluntary,2023-02-22,2024-02-22,676804,24901,quarterly,active
P001570,C00966,A0019,property,property_fire,2025-12-28,2026-12-28,4433994,27640,monthly,lapsed
P001571,C01953,A0006,motor,motor_voluntary,2024-05-30,2025-05-30,725899,17731,annual,lapsed
P001572,C01037,A0011,motor,motor_voluntary,2024-05-05,2025-05-05,242059,12066,monthly,cancelled
P001573,C00552,A0040,motor,motor_compulsory,2025-08-28,2026-08-28,365064,16211,annual,active
P001574,C02871,A0032,motor,motor_compulsory,2025-08-20,2026-08-20,1989316,82058,quarterly,cancelled
P001575,C00213,A0002,property,property_fire,2022-10-27,2023-10-27,2332688,16420,monthly,lapsed
P001576,C02758,A0049,property,property_flood,2025-01-28,2026-01-28,2201099,24084,annual,active
P001577,C01133,A0012,property,property_allrisk,2025-08-04,2026-08-04,5853342,32503,quarterly,active
P001578,C00729,A0032,motor,motor_voluntary,2025-12-25,2026-12-25,2032357,86066,quarterly,active
P001579,C02694,A0007,property,property_flood,2024-10-15,2025-10-15,8849507,72817,annual,active
P001580,C02667,A0028,motor,motor_voluntary,2023-12-07,2024-12-06,1799400,70973,annual,active
P001581,C02665,A0015,motor,motor_voluntary,2024-04-20,2025-04-20,1350066,34317,monthly,lapsed
P001582,C02430,A0012,motor,motor_compulsory,2023-06-15,2024-06-14,1186771,26255,annual,active
P001583,C01923,A0042,motor,motor_voluntary,2025-08-15,2026-08-15,1536928,42239,monthly,active
P001584,C02320,A0019,motor,motor_compulsory,2026-02-03,2027-02-03,225710,9411,annual,lapsed
P001585,C01699,A0009,motor,motor_compulsory,2025-07-23,2026-07-23,1029716,44758,monthly,active
P001586,C02263,A0018,motor,motor_voluntary,2024-03-10,2025-03-10,1564637,74098,annual,lapsed
P001587,C00774,A0046,motor,motor_voluntary,2026-04-08,2027-04-08,883182,41515,monthly,active
P001588,C02822,A0023,property,property_flood,2023-07-17,2024-07-16,3258914,20072,monthly,active
P001589,C02755,A0015,property,property_flood,2025-04-21,2026-04-21,4338740,14027,quarterly,active
P001590,C02013,A0016,motor,motor_compulsory,2024-11-17,2025-11-17,241173,11644,quarterly,active
P001591,C02058,A0030,property,property_fire,2023-10-03,2024-10-02,5719994,29374,monthly,active
P001592,C00259,A0034,property,property_fire,2023-06-13,2024-06-12,6787775,33588,annual,active
P001593,C01312,A0009,motor,motor_voluntary,2024-09-21,2025-09-21,1681867,81294,monthly,active
P001594,C02040,A0014,motor,motor_voluntary,2026-04-05,2027-04-05,2050677,87104,monthly,active
P001595,C02064,A0026,motor,motor_voluntary,2023-08-04,2024-08-03,1200784,59698,monthly,cancelled
P001596,C01063,A0044,property,property_fire,2024-11-15,2025-11-15,15495003,148566,monthly,active
P001597,C01525,A0046,motor,motor_voluntary,2024-05-13,2025-05-13,2336709,102896,monthly,active
P001598,C00098,A0035,motor,motor_voluntary,2023-11-10,2024-11-09,741019,16325,monthly,active
P001599,C02183,A0029,motor,motor_voluntary,2023-10-12,2024-10-11,2371793,66063,annual,active
P001600,C00045,A0014,property,property_fire,2024-07-30,2025-07-30,7164511,70465,annual,active
P001601,C02967,A0014,motor,motor_voluntary,2024-09-29,2025-09-29,1374842,35238,quarterly,active
P001602,C01206,A0026,motor,motor_voluntary,2023-05-16,2024-05-15,381981,12353,monthly,active
P001603,C01865,A0037,motor,motor_compulsory,2024-04-25,2025-04-25,663575,17238,quarterly,active
P001604,C01464,A0028,motor,motor_compulsory,2023-09-19,2024-09-18,815477,33058,annual,active
P001605,C02458,A0049,motor,motor_voluntary,2023-06-07,2024-06-06,2251523,70547,annual,active
P001606,C01794,A0024,property,property_flood,2025-07-18,2026-07-18,17670416,166770,monthly,active
P001607,C00345,A0035,motor,motor_compulsory,2023-09-21,2024-09-20,2149173,85297,annual,active
P001608,C01480,A0008,motor,motor_compulsory,2025-11-03,2026-11-03,874179,18577,annual,active
P001609,C01869,A0047,motor,motor_compulsory,2025-11-10,2026-11-10,2302568,74365,monthly,active
P001610,C02982,A0044,motor,motor_voluntary,2026-03-31,2027-03-31,2291410,111947,monthly,active
P001611,C02330,A0007,motor,motor_voluntary,2024-10-15,2025-10-15,1658929,76793,annual,active
P001612,C01253,A0039,motor,motor_voluntary,2023-03-09,2024-03-08,1841221,76610,monthly,active
P001613,C01682,A0015,property,property_flood,2026-02-28,2027-02-28,7130403,50144,annual,active
P001614,C00306,A0050,motor,motor_compulsory,2023-04-22,2024-04-21,2112965,42793,quarterly,cancelled
P001615,C02945,A0022,motor,motor_compulsory,2024-12-10,2025-12-10,979768,21216,monthly,active
P001616,C02115,A0046,motor,motor_compulsory,2023-03-15,2024-03-14,1384536,66608,annual,lapsed
P001617,C02408,A0011,motor,motor_compulsory,2025-10-27,2026-10-27,2162867,88583,annual,active
P001618,C00159,A0030,property,property_flood,2023-08-05,2024-08-04,5544083,65279,monthly,active
P001619,C00512,A0012,motor,motor_voluntary,2024-09-27,2025-09-27,1362794,28141,quarterly,cancelled
P001620,C01145,A0007,motor,motor_compulsory,2026-01-05,2027-01-05,1739565,69686,monthly,lapsed
P001621,C01120,A0010,property,property_allrisk,2023-03-05,2024-03-04,19520428,133670,quarterly,active
P001622,C01698,A0031,motor,motor_compulsory,2022-09-22,2023-09-22,1460887,65318,monthly,active
P001623,C00644,A0021,motor,motor_voluntary,2025-08-12,2026-08-12,692706,24287,quarterly,active
P001624,C01001,A0009,property,property_flood,2024-04-04,2025-04-04,10571924,94476,quarterly,active
P001625,C02693,A0017,property,property_flood,2026-03-05,2027-03-05,15198376,151286,annual,lapsed
P001626,C00415,A0030,property,property_flood,2022-08-22,2023-08-22,3007960,29456,quarterly,active
P001627,C02161,A0008,motor,motor_voluntary,2023-04-24,2024-04-23,1295224,41600,monthly,active
P001628,C01004,A0009,property,property_flood,2025-11-13,2026-11-13,7430683,26250,monthly,cancelled
P001629,C01900,A0024,motor,motor_compulsory,2024-03-17,2025-03-17,1698512,69095,annual,active
P001630,C00811,A0047,motor,motor_compulsory,2024-02-17,2025-02-16,438527,9054,monthly,active
P001631,C02660,A0043,motor,motor_compulsory,2022-05-22,2023-05-22,2167112,62587,monthly,active
P001632,C00111,A0041,motor,motor_voluntary,2024-05-06,2025-05-06,1611622,44698,monthly,lapsed
P001633,C00136,A0024,motor,motor_voluntary,2025-04-03,2026-04-03,2250176,51920,monthly,active
P001634,C01001,A0048,motor,motor_compulsory,2025-05-18,2026-05-18,1310560,32657,quarterly,active
P001635,C01677,A0007,property,property_flood,2024-10-09,2025-10-09,9909177,89459,annual,active
P001636,C01128,A0022,motor,motor_compulsory,2025-04-26,2026-04-26,1333026,56036,quarterly,active
P001637,C02560,A0024,motor,motor_compulsory,2025-04-02,2026-04-02,2445274,120152,monthly,active
P001638,C01423,A0036,motor,motor_compulsory,2024-01-10,2025-01-09,1504196,73742,quarterly,active
P001639,C02575,A0022,motor,motor_compulsory,2024-02-27,2025-02-26,2344027,50815,annual,active
P001640,C02934,A0043,motor,motor_voluntary,2025-10-12,2026-10-12,1609551,33543,annual,lapsed
P001641,C01149,A0046,motor,motor_compulsory,2024-08-26,2025-08-26,1088431,33546,annual,active
P001642,C02406,A0016,motor,motor_compulsory,2024-07-14,2025-07-14,2223431,61351,monthly,active
P001643,C02094,A0009,motor,motor_compulsory,2023-01-18,2024-01-18,421751,9052,quarterly,active
P001644,C00852,A0032,motor,motor_compulsory,2025-07-25,2026-07-25,728087,35536,quarterly,active
P001645,C00091,A0017,motor,motor_compulsory,2022-04-14,2023-04-14,1417411,56124,monthly,active
P001646,C00179,A0006,motor,motor_compulsory,2024-12-26,2025-12-26,1262338,55914,quarterly,active
P001647,C00588,A0026,motor,motor_voluntary,2024-06-01,2025-06-01,792803,35891,monthly,active
P001648,C00892,A0009,motor,motor_voluntary,2023-09-12,2024-09-11,2200364,63589,quarterly,active
P001649,C01096,A0010,motor,motor_voluntary,2025-11-07,2026-11-07,1446324,39623,quarterly,active
P001650,C02046,A0038,motor,motor_compulsory,2024-05-12,2025-05-12,851350,34539,quarterly,active
P001651,C01452,A0046,motor,motor_compulsory,2024-09-19,2025-09-19,1609803,76938,annual,active
P001652,C00448,A0032,motor,motor_compulsory,2023-12-21,2024-12-20,2326822,107674,annual,active
P001653,C00595,A0044,property,property_flood,2023-08-07,2024-08-06,5822692,40497,quarterly,active
P001654,C00530,A0031,property,property_fire,2024-03-03,2025-03-03,8156397,68491,quarterly,active
P001655,C01596,A0022,motor,motor_compulsory,2024-07-20,2025-07-20,1335078,55158,annual,active
P001656,C00066,A0023,motor,motor_voluntary,2024-04-18,2025-04-18,885225,32375,monthly,cancelled
P001657,C02782,A0041,property,property_flood,2024-03-04,2025-03-04,5404252,42083,quarterly,active
P001658,C01721,A0032,motor,motor_voluntary,2023-10-04,2024-10-03,2405737,118648,quarterly,lapsed
P001659,C00939,A0041,property,property_fire,2024-10-13,2025-10-13,7921541,68319,quarterly,active
P001660,C02370,A0012,motor,motor_voluntary,2024-03-18,2025-03-18,2047447,72890,monthly,active
P001661,C00677,A0005,property,property_allrisk,2023-10-10,2024-10-09,5016254,16902,quarterly,active
P001662,C01407,A0014,motor,motor_compulsory,2026-03-11,2027-03-11,2389112,75402,quarterly,active
P001663,C02326,A0036,motor,motor_compulsory,2023-02-23,2024-02-23,2198177,60359,monthly,active
P001664,C02551,A0014,motor,motor_compulsory,2026-03-09,2027-03-09,1131057,23649,monthly,active
P001665,C01128,A0006,motor,motor_voluntary,2025-09-02,2026-09-02,642290,31775,annual,lapsed
P001666,C01529,A0039,motor,motor_compulsory,2023-11-24,2024-11-23,416725,19507,annual,active
P001667,C02489,A0004,property,property_flood,2025-04-23,2026-04-23,1899270,14680,quarterly,active
P001668,C02394,A0049,motor,motor_voluntary,2023-11-17,2024-11-16,2203153,49706,quarterly,active
P001669,C01343,A0040,motor,motor_voluntary,2022-08-03,2023-08-03,1556224,57746,annual,active
P001670,C00810,A0011,motor,motor_compulsory,2025-01-08,2026-01-08,1671276,39190,monthly,active
P001671,C00049,A0011,motor,motor_voluntary,2024-08-02,2025-08-02,2020113,92746,annual,active
P001672,C02661,A0023,motor,motor_voluntary,2025-11-17,2026-11-17,300741,6439,annual,active
P001673,C02408,A0022,property,property_allrisk,2026-01-13,2027-01-13,11889819,72124,annual,cancelled
P001674,C02548,A0019,property,property_allrisk,2022-09-12,2023-09-12,12249391,41499,annual,active
P001675,C02826,A0009,motor,motor_compulsory,2022-05-08,2023-05-08,946508,33176,monthly,active
P001676,C02822,A0017,motor,motor_voluntary,2024-10-25,2025-10-25,1334098,57316,quarterly,active
P001677,C00825,A0037,motor,motor_compulsory,2024-02-01,2025-01-31,1819278,50619,quarterly,active
P001678,C02293,A0044,motor,motor_compulsory,2023-03-10,2024-03-09,2083798,57705,annual,lapsed
P001679,C00353,A0004,motor,motor_compulsory,2024-07-08,2025-07-08,2435138,71690,quarterly,cancelled
P001680,C02560,A0016,motor,motor_compulsory,2022-04-04,2023-04-04,2119859,83168,annual,active
P001681,C00872,A0008,motor,motor_compulsory,2022-06-13,2023-06-13,1108596,37288,quarterly,active
P001682,C01797,A0035,property,property_allrisk,2024-06-13,2025-06-13,18499878,221722,monthly,cancelled
P001683,C02085,A0029,motor,motor_voluntary,2022-12-19,2023-12-19,1427779,30237,quarterly,active
P001684,C00904,A0043,motor,motor_voluntary,2022-02-21,2023-02-21,2012398,94578,annual,lapsed
P001685,C00757,A0005,motor,motor_voluntary,2023-02-03,2024-02-03,1635666,70807,monthly,lapsed
P001686,C02360,A0023,property,property_fire,2024-11-30,2025-11-30,1901403,15160,annual,active
P001687,C00081,A0001,motor,motor_voluntary,2024-01-07,2025-01-06,795010,32729,annual,active
P001688,C02859,A0014,motor,motor_voluntary,2023-11-01,2024-10-31,1599406,75981,monthly,active
P001689,C02680,A0013,motor,motor_compulsory,2024-05-18,2025-05-18,506917,22626,monthly,active
P001690,C01818,A0047,motor,motor_compulsory,2023-11-27,2024-11-26,2018998,84733,quarterly,active
P001691,C01546,A0007,property,property_fire,2023-05-26,2024-05-25,17721348,180960,quarterly,active
P001692,C00325,A0047,property,property_fire,2023-04-15,2024-04-14,15936410,52310,annual,active
P001693,C02609,A0025,motor,motor_compulsory,2026-02-20,2027-02-20,1389973,36013,monthly,active
P001694,C02900,A0032,motor,motor_compulsory,2023-06-12,2024-06-11,2031497,51993,quarterly,lapsed
P001695,C00500,A0034,property,property_flood,2025-02-06,2026-02-06,11906346,63040,monthly,active
P001696,C00958,A0041,motor,motor_compulsory,2023-12-15,2024-12-14,1490193,32802,monthly,active
P001697,C02593,A0011,motor,motor_compulsory,2024-06-12,2025-06-12,926121,30143,monthly,active
P001698,C00059,A0030,motor,motor_voluntary,2023-07-31,2024-07-30,2398456,112515,annual,active
P001699,C01060,A0050,property,property_fire,2022-10-07,2023-10-07,5651053,50612,quarterly,lapsed
P001700,C01556,A0025,motor,motor_compulsory,2023-04-21,2024-04-20,498094,15391,monthly,active
P001701,C01647,A0044,motor,motor_compulsory,2024-04-17,2025-04-17,2498714,94133,annual,lapsed
P001702,C01526,A0031,motor,motor_compulsory,2025-07-10,2026-07-10,1880538,65342,annual,active
P001703,C02049,A0043,motor,motor_compulsory,2022-12-28,2023-12-28,1255739,43222,annual,active
P001704,C00758,A0005,property,property_flood,2024-09-28,2025-09-28,5686826,47058,quarterly,active
P001705,C00589,A0030,motor,motor_compulsory,2023-07-26,2024-07-25,2453542,87302,quarterly,active
P001706,C02836,A0003,motor,motor_compulsory,2023-12-18,2024-12-17,794514,19861,quarterly,active
P001707,C02809,A0018,property,property_fire,2024-04-20,2025-04-20,18992213,136871,monthly,active
P001708,C00360,A0017,motor,motor_compulsory,2022-02-08,2023-02-08,785913,22916,monthly,active
P001709,C00082,A0006,motor,motor_voluntary,2026-03-06,2027-03-06,2481641,101471,monthly,active
P001710,C01325,A0022,property,property_flood,2025-03-31,2026-03-31,9819618,88546,annual,active
P001711,C00307,A0018,motor,motor_compulsory,2023-02-07,2024-02-07,759644,31066,monthly,active
P001712,C02343,A0035,motor,motor_compulsory,2022-03-16,2023-03-16,1260955,38324,monthly,lapsed
P001713,C01738,A0040,motor,motor_compulsory,2024-11-03,2025-11-03,573260,22759,quarterly,active
P001714,C02911,A0048,property,property_fire,2026-01-16,2027-01-16,7822747,80347,annual,active
P001715,C02796,A0025,motor,motor_compulsory,2025-12-29,2026-12-29,486436,16499,monthly,active
P001716,C01928,A0027,motor,motor_voluntary,2025-05-19,2026-05-19,2012631,48036,annual,active
P001717,C01483,A0008,property,property_flood,2023-03-18,2024-03-17,7574192,49535,quarterly,active
P001718,C00200,A0006,property,property_allrisk,2026-03-02,2027-03-02,7416926,51228,monthly,active
P001719,C01282,A0047,motor,motor_compulsory,2023-04-30,2024-04-29,523289,19990,annual,cancelled
P001720,C01497,A0041,motor,motor_voluntary,2022-05-12,2023-05-12,237867,6098,monthly,active
P001721,C02962,A0018,motor,motor_compulsory,2022-11-09,2023-11-09,1675736,70264,quarterly,active
P001722,C00966,A0039,motor,motor_voluntary,2024-11-20,2025-11-20,349532,7974,monthly,active
P001723,C01324,A0016,property,property_allrisk,2022-05-15,2023-05-15,2223715,17116,annual,active
P001724,C02439,A0049,motor,motor_compulsory,2025-10-09,2026-10-09,260790,7054,annual,lapsed
P001725,C00777,A0049,property,property_fire,2022-10-17,2023-10-17,10182318,112470,quarterly,active
P001726,C00755,A0033,motor,motor_compulsory,2024-03-10,2025-03-10,1748002,35719,monthly,active
P001727,C01239,A0013,property,property_flood,2022-09-29,2023-09-29,19958442,169106,monthly,active
P001728,C02825,A0016,motor,motor_voluntary,2023-11-25,2024-11-24,2163174,74686,monthly,active
P001729,C01054,A0029,property,property_allrisk,2024-03-27,2025-03-27,16928796,146711,quarterly,active
P001730,C00438,A0019,motor,motor_voluntary,2024-04-06,2025-04-06,2061487,63306,quarterly,active
P001731,C02377,A0014,property,property_fire,2023-08-05,2024-08-04,14073943,93684,annual,active
P001732,C01417,A0004,property,property_fire,2023-04-15,2024-04-14,9934067,45826,annual,cancelled
P001733,C02211,A0040,motor,motor_compulsory,2022-06-11,2023-06-11,1133582,44320,annual,active
P001734,C02315,A0005,property,property_flood,2025-07-03,2026-07-03,7071190,77958,monthly,active
P001735,C01809,A0023,motor,motor_voluntary,2023-08-18,2024-08-17,1127139,37756,annual,active
P001736,C00346,A0048,motor,motor_compulsory,2023-06-29,2024-06-28,1521450,51514,monthly,active
P001737,C01333,A0039,motor,motor_voluntary,2025-03-12,2026-03-12,943546,19821,monthly,active
P001738,C01189,A0017,motor,motor_compulsory,2024-05-29,2025-05-29,1254569,32226,monthly,active
P001739,C00641,A0045,property,property_flood,2025-05-06,2026-05-06,19905477,204534,annual,active
P001740,C01631,A0046,motor,motor_voluntary,2023-12-05,2024-12-04,2143592,83337,annual,cancelled
P001741,C02234,A0021,motor,motor_voluntary,2025-11-04,2026-11-04,2136994,75346,annual,lapsed
P001742,C00178,A0004,motor,motor_voluntary,2022-01-15,2023-01-15,1115613,28616,annual,active
P001743,C01827,A0022,motor,motor_voluntary,2025-05-18,2026-05-18,1634898,57931,quarterly,active
P001744,C02680,A0002,motor,motor_compulsory,2026-02-06,2027-02-06,705814,24268,monthly,cancelled
P001745,C02745,A0027,motor,motor_compulsory,2024-08-10,2025-08-10,1108478,29492,annual,active
P001746,C01907,A0021,motor,motor_voluntary,2025-04-21,2026-04-21,1601672,46289,quarterly,active
P001747,C01471,A0046,motor,motor_voluntary,2025-10-20,2026-10-20,2358697,73104,annual,active
P001748,C00937,A0046,motor,motor_compulsory,2023-10-18,2024-10-17,1572413,68670,monthly,lapsed
P001749,C02611,A0009,motor,motor_compulsory,2025-03-20,2026-03-20,843600,21486,monthly,active
P001750,C01387,A0023,motor,motor_voluntary,2023-09-19,2024-09-18,971800,47737,quarterly,active
P001751,C01986,A0026,property,property_flood,2024-02-10,2025-02-09,13356960,140950,quarterly,active
P001752,C02535,A0031,motor,motor_voluntary,2025-05-29,2026-05-29,1394286,33905,monthly,active
P001753,C02540,A0050,motor,motor_voluntary,2026-04-24,2027-04-24,2241324,55265,monthly,active
P001754,C02614,A0024,motor,motor_voluntary,2024-01-25,2025-01-24,1506094,70447,monthly,active
P001755,C02773,A0042,motor,motor_compulsory,2023-04-17,2024-04-16,1853071,86970,annual,active
P001756,C02701,A0043,motor,motor_compulsory,2026-01-22,2027-01-22,1031044,39286,quarterly,lapsed
P001757,C01273,A0020,property,property_allrisk,2023-03-25,2024-03-24,16364820,150283,quarterly,active
P001758,C02786,A0037,motor,motor_compulsory,2023-12-02,2024-12-01,1782451,68137,annual,active
P001759,C01340,A0022,motor,motor_compulsory,2024-12-30,2025-12-30,2320468,57461,annual,active
P001760,C00600,A0014,motor,motor_compulsory,2024-01-13,2025-01-12,892762,33144,monthly,active
P001761,C02214,A0046,motor,motor_voluntary,2024-09-14,2025-09-14,2246156,61435,annual,lapsed
P001762,C02753,A0044,property,property_allrisk,2024-07-07,2025-07-07,2840535,27123,monthly,active
P001763,C01222,A0039,motor,motor_compulsory,2022-04-13,2023-04-13,2005327,65144,annual,lapsed
P001764,C02057,A0036,property,property_fire,2025-02-14,2026-02-14,19349116,66440,quarterly,active
P001765,C00694,A0018,property,property_flood,2025-08-22,2026-08-22,18446742,170790,quarterly,active
P001766,C01328,A0027,motor,motor_compulsory,2023-03-14,2024-03-13,279718,11920,monthly,active
P001767,C02687,A0016,motor,motor_compulsory,2026-02-23,2027-02-23,1345349,28805,monthly,active
P001768,C00554,A0042,motor,motor_voluntary,2023-03-07,2024-03-06,708790,22575,monthly,active
P001769,C02759,A0011,motor,motor_compulsory,2026-02-02,2027-02-02,1238938,48255,monthly,active
P001770,C00128,A0001,property,property_fire,2023-07-16,2024-07-15,3576271,23138,annual,active
P001771,C01618,A0041,motor,motor_voluntary,2023-05-30,2024-05-29,1725939,42384,annual,active
P001772,C01987,A0003,motor,motor_voluntary,2026-04-30,2027-04-30,1420914,61157,monthly,active
P001773,C01004,A0007,motor,motor_compulsory,2022-12-23,2023-12-23,2229651,57121,annual,active
P001774,C02864,A0001,property,property_allrisk,2026-03-24,2027-03-24,11744133,77390,annual,active
P001775,C00714,A0019,motor,motor_voluntary,2024-12-02,2025-12-02,2141600,67003,quarterly,lapsed
P001776,C01527,A0005,motor,motor_compulsory,2025-11-11,2026-11-11,1117371,48633,quarterly,active
P001777,C02931,A0045,motor,motor_compulsory,2023-10-04,2024-10-03,1476934,48828,annual,active
P001778,C00219,A0003,motor,motor_voluntary,2024-01-17,2025-01-16,2224308,53870,annual,lapsed
P001779,C00468,A0012,motor,motor_voluntary,2024-01-01,2024-12-31,2487221,119368,monthly,active
P001780,C00957,A0009,motor,motor_compulsory,2023-12-16,2024-12-15,252927,5248,annual,active
P001781,C00176,A0011,property,property_allrisk,2022-06-01,2023-06-01,7271398,68369,monthly,active
P001782,C00882,A0011,motor,motor_voluntary,2024-12-10,2025-12-10,2031455,69109,quarterly,active
P001783,C00463,A0028,motor,motor_voluntary,2023-06-20,2024-06-19,625780,26582,quarterly,active
P001784,C01311,A0007,property,property_flood,2023-10-05,2024-10-04,19019320,127484,quarterly,active
P001785,C00699,A0011,motor,motor_compulsory,2025-06-04,2026-06-04,1276214,54392,monthly,active
P001786,C02760,A0001,motor,motor_compulsory,2024-05-27,2025-05-27,550934,19007,quarterly,active
P001787,C01321,A0021,property,property_fire,2022-12-17,2023-12-17,18512255,102356,monthly,active
P001788,C00954,A0032,motor,motor_compulsory,2025-04-25,2026-04-25,887096,32319,annual,active
P001789,C00098,A0042,motor,motor_compulsory,2023-01-15,2024-01-15,2264174,48646,quarterly,active
P001790,C00032,A0006,motor,motor_compulsory,2022-12-02,2023-12-02,369187,11146,quarterly,active
P001791,C00768,A0037,property,property_allrisk,2024-01-13,2025-01-12,6603520,46825,monthly,active
P001792,C00792,A0017,motor,motor_voluntary,2022-06-11,2023-06-11,747088,15185,monthly,active
P001793,C01491,A0002,motor,motor_voluntary,2023-05-30,2024-05-29,1807893,65129,monthly,active
P001794,C01945,A0005,motor,motor_compulsory,2025-08-18,2026-08-18,1520358,33336,annual,lapsed
P001795,C02322,A0028,motor,motor_voluntary,2024-12-21,2025-12-21,1847845,52008,annual,lapsed
P001796,C02705,A0039,motor,motor_voluntary,2024-06-05,2025-06-05,575662,14337,monthly,active
P001797,C00494,A0037,motor,motor_compulsory,2024-05-19,2025-05-19,2477610,100447,monthly,active
P001798,C02848,A0026,property,property_fire,2024-11-17,2025-11-17,10206488,106030,quarterly,active
P001799,C01983,A0003,motor,motor_voluntary,2026-03-02,2027-03-02,1619050,38658,annual,active
P001800,C01912,A0049,motor,motor_voluntary,2023-05-10,2024-05-09,2086809,68165,monthly,lapsed
P001801,C00943,A0020,motor,motor_voluntary,2024-05-30,2025-05-30,1062498,38944,quarterly,active
P001802,C00610,A0004,motor,motor_voluntary,2023-10-06,2024-10-05,2047288,69225,annual,active
P001803,C00966,A0024,property,property_flood,2025-12-09,2026-12-09,7126574,55509,annual,active
P001804,C01936,A0044,motor,motor_voluntary,2024-01-13,2025-01-12,2123422,103452,annual,active
P001805,C01736,A0013,motor,motor_compulsory,2024-05-12,2025-05-12,325883,15260,annual,active
P001806,C02399,A0036,motor,motor_compulsory,2023-11-25,2024-11-24,1811133,51772,monthly,active
P001807,C02265,A0027,motor,motor_compulsory,2024-05-06,2025-05-06,1654598,39588,annual,active
P001808,C00962,A0020,motor,motor_voluntary,2024-11-13,2025-11-13,852301,29148,monthly,lapsed
P001809,C01107,A0050,property,property_flood,2023-08-02,2024-08-01,6302861,22114,monthly,active
P001810,C00726,A0027,motor,motor_voluntary,2023-12-07,2024-12-06,585314,18280,monthly,cancelled
P001811,C01131,A0018,motor,motor_compulsory,2024-02-04,2025-02-03,963142,44888,quarterly,active
P001812,C00432,A0030,motor,motor_voluntary,2024-08-17,2025-08-17,1485481,38773,quarterly,active
P001813,C00332,A0041,motor,motor_compulsory,2024-11-11,2025-11-11,1429047,71093,annual,active
P001814,C01504,A0005,motor,motor_compulsory,2024-09-06,2025-09-06,953430,43561,monthly,active
P001815,C01031,A0043,motor,motor_voluntary,2025-10-02,2026-10-02,1910732,53869,quarterly,active
P001816,C02547,A0040,motor,motor_compulsory,2024-02-23,2025-02-22,927835,25604,annual,active
P001817,C01070,A0024,property,property_allrisk,2022-11-20,2023-11-20,4967984,31006,annual,active
P001818,C00200,A0022,motor,motor_voluntary,2023-12-05,2024-12-04,1365845,46989,quarterly,lapsed
P001819,C02061,A0006,property,property_flood,2024-02-07,2025-02-06,6755131,36076,monthly,active
P001820,C01573,A0011,motor,motor_compulsory,2025-12-31,2026-12-31,1200811,50774,quarterly,lapsed
P001821,C02419,A0025,motor,motor_voluntary,2023-03-07,2024-03-06,497843,23711,monthly,active
P001822,C00603,A0005,property,property_allrisk,2025-07-02,2026-07-02,14865374,77019,annual,active
P001823,C01091,A0029,property,property_flood,2023-01-19,2024-01-19,2240644,14501,monthly,lapsed
P001824,C00783,A0006,motor,motor_voluntary,2023-12-04,2024-12-03,629392,14617,quarterly,active
P001825,C01703,A0033,motor,motor_compulsory,2024-04-10,2025-04-10,421053,10786,monthly,active
P001826,C02876,A0040,motor,motor_voluntary,2025-03-11,2026-03-11,924155,20148,annual,active
P001827,C02608,A0049,motor,motor_compulsory,2025-03-20,2026-03-20,353873,16106,quarterly,active
P001828,C01140,A0018,motor,motor_compulsory,2023-05-07,2024-05-06,887558,18614,monthly,active
P001829,C01734,A0005,motor,motor_voluntary,2023-12-24,2024-12-23,2195170,58578,annual,lapsed
P001830,C02457,A0018,property,property_flood,2024-10-21,2025-10-21,13355213,60457,quarterly,active
P001831,C02877,A0049,property,property_flood,2024-03-12,2025-03-12,16788634,155760,annual,lapsed
P001832,C02461,A0042,motor,motor_voluntary,2025-10-18,2026-10-18,320438,9677,annual,active
P001833,C00409,A0003,property,property_fire,2023-02-02,2024-02-02,14084640,98482,quarterly,active
P001834,C00942,A0037,motor,motor_compulsory,2023-01-10,2024-01-10,2445988,56505,monthly,active
P001835,C02592,A0027,property,property_allrisk,2023-10-01,2024-09-30,15550901,150512,annual,active
P001836,C01609,A0002,motor,motor_compulsory,2022-11-11,2023-11-11,1984822,82371,quarterly,active
P001837,C00677,A0043,motor,motor_voluntary,2023-07-01,2024-06-30,918958,20779,monthly,active
P001838,C01202,A0004,motor,motor_compulsory,2023-09-25,2024-09-24,635297,22738,annual,active
P001839,C02626,A0016,motor,motor_voluntary,2024-05-07,2025-05-07,1549099,49816,quarterly,active
P001840,C02793,A0024,property,property_flood,2025-07-04,2026-07-04,12101547,40450,quarterly,active
P001841,C02977,A0023,motor,motor_voluntary,2024-05-31,2025-05-31,2237763,103528,annual,active
P001842,C02257,A0019,property,property_fire,2023-12-16,2024-12-15,12081620,44513,quarterly,lapsed
P001843,C01968,A0038,motor,motor_voluntary,2024-10-26,2025-10-26,545153,21691,annual,lapsed
P001844,C02557,A0026,property,property_flood,2025-05-26,2026-05-26,10185560,82130,quarterly,active
P001845,C00156,A0029,motor,motor_voluntary,2024-04-03,2025-04-03,796468,17368,monthly,active
P001846,C01700,A0037,motor,motor_compulsory,2023-06-18,2024-06-17,576129,17442,annual,active
P001847,C00827,A0044,motor,motor_compulsory,2026-01-17,2027-01-17,1128518,50912,annual,active
P001848,C02962,A0028,property,property_allrisk,2024-08-05,2025-08-05,9310015,55891,annual,active
P001849,C01080,A0027,motor,motor_compulsory,2024-03-20,2025-03-20,449774,15892,monthly,active
P001850,C01431,A0039,motor,motor_compulsory,2022-07-03,2023-07-03,2404429,83868,monthly,active
P001851,C01576,A0004,motor,motor_voluntary,2023-05-16,2024-05-15,1403158,32374,monthly,active
P001852,C01235,A0016,motor,motor_voluntary,2022-03-30,2023-03-30,456503,16040,quarterly,active
P001853,C00358,A0015,motor,motor_compulsory,2023-02-02,2024-02-02,427421,17075,quarterly,lapsed
P001854,C01989,A0047,property,property_flood,2022-09-04,2023-09-04,2619985,25100,annual,lapsed
P001855,C01869,A0025,property,property_allrisk,2023-03-03,2024-03-02,16357367,164360,quarterly,active
P001856,C01356,A0045,motor,motor_compulsory,2023-06-01,2024-05-31,1587577,61160,quarterly,active
P001857,C01291,A0024,motor,motor_voluntary,2023-10-14,2024-10-13,652475,30700,monthly,active
P001858,C00337,A0014,motor,motor_voluntary,2022-09-13,2023-09-13,2453835,94590,quarterly,active
P001859,C00117,A0030,motor,motor_voluntary,2025-12-01,2026-12-01,1505796,74106,monthly,active
P001860,C00435,A0021,motor,motor_compulsory,2023-03-27,2024-03-26,272829,8993,annual,active
P001861,C01721,A0019,property,property_flood,2025-11-04,2026-11-04,10964113,63058,annual,active
P001862,C02372,A0030,property,property_flood,2025-07-17,2026-07-17,9555558,85504,monthly,lapsed
P001863,C01413,A0011,motor,motor_compulsory,2024-11-01,2025-11-01,425150,14073,annual,lapsed
P001864,C00659,A0024,motor,motor_voluntary,2024-02-27,2025-02-26,1715085,60400,annual,active
P001865,C02744,A0046,motor,motor_compulsory,2026-02-19,2027-02-19,2426008,120307,annual,active
P001866,C02386,A0005,property,property_allrisk,2025-02-25,2026-02-25,13020422,150584,annual,active
P001867,C01223,A0028,property,property_flood,2025-03-17,2026-03-17,10271039,59799,quarterly,active
P001868,C00696,A0020,property,property_fire,2022-03-16,2023-03-16,8994563,93741,monthly,cancelled
P001869,C00039,A0005,property,property_flood,2026-01-07,2027-01-07,18660330,119073,annual,active
P001870,C01850,A0003,motor,motor_compulsory,2023-09-13,2024-09-12,1653955,71012,annual,active
P001871,C00183,A0048,property,property_flood,2023-10-21,2024-10-20,8667521,59040,monthly,cancelled
P001872,C02913,A0003,property,property_flood,2024-09-26,2025-09-26,1934788,6802,annual,active
P001873,C01221,A0001,motor,motor_compulsory,2022-04-11,2023-04-11,1975690,42056,annual,active
P001874,C00727,A0032,motor,motor_voluntary,2024-07-03,2025-07-03,568271,17934,quarterly,active
P001875,C01637,A0032,motor,motor_voluntary,2024-02-17,2025-02-16,2309055,95476,annual,active
P001876,C02135,A0033,property,property_allrisk,2023-04-17,2024-04-16,4030292,46893,monthly,lapsed
P001877,C00332,A0027,motor,motor_compulsory,2025-01-17,2026-01-17,660583,26936,quarterly,active
P001878,C01028,A0027,motor,motor_compulsory,2025-05-11,2026-05-11,380979,14084,annual,active
P001879,C02405,A0022,motor,motor_compulsory,2022-03-15,2023-03-15,1515264,35733,quarterly,active
P001880,C01529,A0026,property,property_fire,2025-01-30,2026-01-30,5419080,28976,annual,active
P001881,C01278,A0036,motor,motor_voluntary,2025-05-29,2026-05-29,541937,26264,annual,active
P001882,C02079,A0041,property,property_flood,2025-12-12,2026-12-12,17310275,138153,annual,active
P001883,C00664,A0032,property,property_flood,2025-05-20,2026-05-20,7650385,28822,annual,active
P001884,C02998,A0006,motor,motor_voluntary,2022-12-22,2023-12-22,1830246,67940,quarterly,active
P001885,C02943,A0050,motor,motor_voluntary,2023-10-02,2024-10-01,218137,10522,monthly,active
P001886,C01742,A0016,motor,motor_compulsory,2023-07-05,2024-07-04,1054797,51886,quarterly,active
P001887,C01591,A0001,property,property_flood,2025-01-13,2026-01-13,1569730,16531,quarterly,active
P001888,C02627,A0048,property,property_fire,2024-01-22,2025-01-21,7464200,23203,quarterly,active
P001889,C00266,A0001,motor,motor_compulsory,2023-09-15,2024-09-14,1842459,71137,quarterly,active
P001890,C00523,A0020,property,property_flood,2023-11-23,2024-11-22,2185636,10827,annual,active
P001891,C02800,A0047,motor,motor_compulsory,2024-03-23,2025-03-23,1477610,67890,monthly,active
P001892,C00995,A0035,property,property_allrisk,2025-11-20,2026-11-20,3713331,15014,monthly,active
P001893,C02303,A0022,motor,motor_compulsory,2025-04-25,2026-04-25,1582086,55637,monthly,active
P001894,C00322,A0030,property,property_flood,2023-07-12,2024-07-11,3149998,29583,quarterly,active
P001895,C02667,A0047,property,property_fire,2025-05-18,2026-05-18,8016160,70044,annual,active
P001896,C02112,A0018,motor,motor_voluntary,2024-05-19,2025-05-19,2327008,51680,quarterly,active
P001897,C00127,A0015,motor,motor_voluntary,2023-12-21,2024-12-20,2260810,86664,quarterly,active
P001898,C01028,A0048,motor,motor_compulsory,2023-08-09,2024-08-08,1030201,41196,quarterly,active
P001899,C02997,A0016,motor,motor_compulsory,2023-07-20,2024-07-19,1584214,51386,monthly,active
P001900,C01351,A0010,motor,motor_compulsory,2024-05-28,2025-05-28,458317,15437,quarterly,active
P001901,C02963,A0039,property,property_flood,2023-05-28,2024-05-27,10801582,109737,annual,active
P001902,C01913,A0029,motor,motor_voluntary,2023-06-01,2024-05-31,216683,10229,quarterly,active
P001903,C01696,A0023,motor,motor_voluntary,2023-06-23,2024-06-22,1232184,39428,monthly,active
P001904,C02690,A0018,motor,motor_voluntary,2023-08-05,2024-08-04,761523,31294,annual,active
P001905,C01080,A0038,property,property_flood,2023-09-26,2024-09-25,1795170,19754,quarterly,active
P001906,C00974,A0035,motor,motor_compulsory,2025-04-18,2026-04-18,1541505,52011,annual,active
P001907,C00371,A0045,property,property_allrisk,2023-03-11,2024-03-10,12406373,39056,quarterly,active
P001908,C02668,A0048,motor,motor_compulsory,2023-10-18,2024-10-17,2060593,73083,quarterly,active
P001909,C01167,A0006,property,property_flood,2023-02-01,2024-02-01,7317272,47215,monthly,active
P001910,C01679,A0003,motor,motor_voluntary,2026-02-24,2027-02-24,1940922,61111,annual,active
P001911,C02597,A0046,motor,motor_voluntary,2024-05-28,2025-05-28,2038535,49076,monthly,lapsed
P001912,C01953,A0028,motor,motor_voluntary,2026-03-29,2027-03-29,479724,11867,monthly,active
P001913,C01538,A0024,motor,motor_voluntary,2022-09-14,2023-09-14,1036097,40828,quarterly,active
P001914,C01336,A0032,motor,motor_compulsory,2023-01-06,2024-01-06,622116,23254,quarterly,active
P001915,C01846,A0013,property,property_fire,2023-03-11,2024-03-10,14691496,108747,annual,active
P001916,C01400,A0018,motor,motor_compulsory,2023-01-12,2024-01-12,1253850,52378,quarterly,active
P001917,C01450,A0034,property,property_flood,2024-05-08,2025-05-08,18873774,140730,annual,active
P001918,C02416,A0012,motor,motor_voluntary,2022-04-07,2023-04-07,443828,20191,quarterly,active
P001919,C02812,A0003,property,property_allrisk,2025-10-11,2026-10-11,5287581,30911,annual,lapsed
P001920,C01293,A0039,motor,motor_voluntary,2023-07-05,2024-07-04,1482849,30285,quarterly,active
P001921,C00144,A0029,property,property_fire,2026-04-02,2027-04-02,2371883,7661,monthly,cancelled
P001922,C01160,A0016,motor,motor_compulsory,2024-04-19,2025-04-19,1280591,40690,quarterly,active
P001923,C01303,A0037,property,property_fire,2022-04-20,2023-04-20,2088264,16685,quarterly,active
P001924,C02705,A0035,motor,motor_voluntary,2023-01-28,2024-01-28,801679,18660,annual,active
P001925,C00805,A0049,motor,motor_voluntary,2023-08-20,2024-08-19,1703498,66279,quarterly,active
P001926,C02314,A0029,motor,motor_voluntary,2024-04-25,2025-04-25,1432315,35781,annual,active
P001927,C02783,A0027,motor,motor_voluntary,2023-07-10,2024-07-09,1157430,49549,quarterly,active
P001928,C02145,A0037,motor,motor_compulsory,2025-03-04,2026-03-04,352143,17541,quarterly,lapsed
P001929,C01927,A0036,property,property_fire,2022-08-06,2023-08-06,7778415,78016,monthly,active
P001930,C01669,A0016,motor,motor_compulsory,2022-04-13,2023-04-13,1417172,56791,monthly,active
P001931,C02089,A0011,motor,motor_voluntary,2024-01-05,2025-01-04,2077856,85543,monthly,active
P001932,C00432,A0005,motor,motor_compulsory,2026-02-02,2027-02-02,1495693,55007,quarterly,active
P001933,C00293,A0038,motor,motor_voluntary,2025-07-08,2026-07-08,1630761,54029,monthly,active
P001934,C00242,A0010,property,property_flood,2023-10-04,2024-10-03,19746283,157457,annual,lapsed
P001935,C00761,A0016,property,property_allrisk,2023-05-31,2024-05-30,11723652,119985,annual,active
P001936,C02436,A0042,property,property_fire,2025-06-15,2026-06-15,15013864,46792,monthly,active
P001937,C00776,A0026,motor,motor_compulsory,2024-11-30,2025-11-30,933866,29267,quarterly,active
P001938,C00938,A0029,motor,motor_compulsory,2024-02-02,2025-02-01,2199109,106526,quarterly,active
P001939,C02123,A0035,property,property_allrisk,2024-08-31,2025-08-31,15878116,150406,monthly,lapsed
P001940,C02133,A0024,property,property_allrisk,2026-03-20,2027-03-20,5680706,53868,monthly,active
P001941,C00952,A0035,property,property_fire,2025-06-05,2026-06-05,4765383,27792,quarterly,active
P001942,C01509,A0004,motor,motor_compulsory,2025-05-11,2026-05-11,1994427,57051,annual,active
P001943,C00915,A0017,motor,motor_voluntary,2024-03-05,2025-03-05,2484201,64758,quarterly,lapsed
P001944,C01019,A0041,motor,motor_voluntary,2024-10-17,2025-10-17,944394,40403,quarterly,active
P001945,C02368,A0010,property,property_allrisk,2024-05-08,2025-05-08,13644060,65829,monthly,active
P001946,C01298,A0022,motor,motor_compulsory,2024-10-19,2025-10-19,780519,22140,annual,active
P001947,C00681,A0018,motor,motor_voluntary,2023-10-18,2024-10-17,1887907,48653,annual,active
P001948,C01597,A0050,property,property_fire,2023-08-14,2024-08-13,16568829,62929,monthly,active
P001949,C01028,A0031,property,property_flood,2025-02-12,2026-02-12,18154666,203032,quarterly,active
P001950,C01144,A0031,property,property_fire,2023-07-24,2024-07-23,8234333,71584,annual,active
P001951,C00504,A0040,property,property_flood,2023-07-16,2024-07-15,7221690,48521,monthly,lapsed
P001952,C00572,A0033,motor,motor_compulsory,2023-12-26,2024-12-25,578646,24972,annual,active
P001953,C02056,A0024,motor,motor_compulsory,2024-01-20,2025-01-19,977748,29777,quarterly,active
P001954,C00980,A0006,motor,motor_compulsory,2023-12-03,2024-12-02,470214,21300,quarterly,lapsed
P001955,C01766,A0031,property,property_fire,2022-06-12,2023-06-12,8792762,53850,monthly,active
P001956,C01558,A0024,motor,motor_compulsory,2025-07-03,2026-07-03,238048,6963,quarterly,active
P001957,C00245,A0034,motor,motor_compulsory,2023-10-30,2024-10-29,784189,17857,quarterly,active
P001958,C01796,A0025,motor,motor_compulsory,2024-08-21,2025-08-21,2449182,72035,monthly,active
P001959,C00726,A0034,motor,motor_voluntary,2023-12-15,2024-12-14,1084580,22351,annual,active
P001960,C00829,A0016,property,property_flood,2024-03-13,2025-03-13,10713328,70231,monthly,active
P001961,C00624,A0033,property,property_allrisk,2023-02-08,2024-02-08,14000493,47278,monthly,cancelled
P001962,C02735,A0032,motor,motor_voluntary,2023-04-11,2024-04-10,1899639,55750,quarterly,active
P001963,C02785,A0003,motor,motor_voluntary,2023-10-30,2024-10-29,2016583,89154,monthly,active
P001964,C00589,A0034,property,property_fire,2024-04-26,2025-04-26,4285694,27830,quarterly,active
P001965,C02521,A0025,motor,motor_compulsory,2023-01-06,2024-01-06,1483570,32892,monthly,active
P001966,C02159,A0028,motor,motor_compulsory,2023-08-02,2024-08-01,518568,22253,monthly,active
P001967,C01214,A0027,motor,motor_compulsory,2023-02-03,2024-02-03,383540,16182,annual,lapsed
P001968,C00434,A0047,motor,motor_voluntary,2024-04-29,2025-04-29,2054710,57234,quarterly,active
P001969,C02236,A0035,property,property_fire,2023-02-18,2024-02-18,11477826,63094,quarterly,active
P001970,C00230,A0012,motor,motor_compulsory,2023-10-30,2024-10-29,1126307,51191,annual,active
P001971,C00058,A0030,motor,motor_voluntary,2022-09-18,2023-09-18,2401304,89249,monthly,lapsed
P001972,C00692,A0016,property,property_flood,2023-12-18,2024-12-17,1513774,13901,annual,active
P001973,C01392,A0015,motor,motor_compulsory,2025-06-07,2026-06-07,327638,14814,monthly,active
P001974,C01462,A0017,motor,motor_voluntary,2024-06-05,2025-06-05,2295541,98521,annual,active
P001975,C02372,A0012,property,property_fire,2026-02-05,2027-02-05,19888016,224177,monthly,active
P001976,C00195,A0033,motor,motor_voluntary,2024-03-16,2025-03-16,2329218,113540,annual,active
P001977,C00493,A0011,property,property_flood,2025-06-21,2026-06-21,12885487,54740,quarterly,active
P001978,C00934,A0046,motor,motor_voluntary,2024-11-01,2025-11-01,1601587,78390,monthly,active
P001979,C02819,A0049,motor,motor_voluntary,2022-09-10,2023-09-10,1171752,54629,monthly,active
P001980,C00982,A0036,motor,motor_voluntary,2025-03-24,2026-03-24,2239874,61637,monthly,active
P001981,C01053,A0014,motor,motor_compulsory,2024-04-20,2025-04-20,1440204,30846,annual,active
P001982,C00079,A0013,motor,motor_compulsory,2026-02-25,2027-02-25,847432,38379,monthly,active
P001983,C00525,A0038,property,property_flood,2023-02-26,2024-02-26,14787076,129610,annual,active
P001984,C02749,A0033,motor,motor_compulsory,2023-04-28,2024-04-27,285369,8555,quarterly,active
P001985,C01912,A0032,motor,motor_compulsory,2023-08-30,2024-08-29,316315,14262,monthly,lapsed
P001986,C02327,A0007,motor,motor_voluntary,2024-06-10,2025-06-10,2227117,61455,annual,active
P001987,C01616,A0034,motor,motor_voluntary,2023-12-29,2024-12-28,2231826,107550,annual,active
P001988,C01994,A0049,property,property_flood,2025-12-21,2026-12-21,10295956,115708,monthly,active
P001989,C01551,A0047,motor,motor_compulsory,2023-01-11,2024-01-11,1786959,57443,monthly,active
P001990,C00791,A0028,property,property_allrisk,2023-01-14,2024-01-14,9835436,38671,annual,active
P001991,C02399,A0041,motor,motor_voluntary,2023-09-29,2024-09-28,1691453,76463,quarterly,active
P001992,C02490,A0050,motor,motor_voluntary,2023-08-28,2024-08-27,1236272,53421,annual,active
P001993,C02290,A0004,motor,motor_compulsory,2025-05-31,2026-05-31,1766436,42344,monthly,active
P001994,C00613,A0017,motor,motor_voluntary,2025-08-20,2026-08-20,1992451,51582,annual,active
P001995,C02111,A0015,motor,motor_voluntary,2025-02-28,2026-02-28,1618945,44234,annual,active
P001996,C01627,A0003,motor,motor_voluntary,2023-12-16,2024-12-15,1701125,46287,annual,lapsed
P001997,C01189,A0046,motor,motor_compulsory,2026-02-18,2027-02-18,989393,25155,monthly,lapsed
P001998,C02980,A0032,motor,motor_compulsory,2024-09-15,2025-09-15,2250323,101428,monthly,active
P001999,C01709,A0030,motor,motor_compulsory,2026-04-20,2027-04-20,2142854,45231,annual,active
P002000,C01964,A0029,motor,motor_compulsory,2025-03-08,2026-03-08,1729217,77272,monthly,active
P002001,C01645,A0035,motor,motor_voluntary,2023-04-27,2024-04-26,331361,13221,annual,active
P002002,C02036,A0021,motor,motor_voluntary,2022-04-23,2023-04-23,2376377,109211,quarterly,active
P002003,C02060,A0043,motor,motor_compulsory,2023-11-27,2024-11-26,1100001,23046,annual,lapsed
P002004,C00414,A0025,motor,motor_compulsory,2025-05-19,2026-05-19,486699,19625,quarterly,active
P002005,C01081,A0035,motor,motor_voluntary,2024-09-23,2025-09-23,1171397,37842,quarterly,active
P002006,C01955,A0045,motor,motor_compulsory,2023-08-15,2024-08-14,2084306,100028,monthly,active
P002007,C02010,A0049,motor,motor_voluntary,2026-04-16,2027-04-16,802178,36282,annual,active
P002008,C02171,A0019,motor,motor_compulsory,2023-02-19,2024-02-19,890402,24706,monthly,active
P002009,C02893,A0018,property,property_allrisk,2024-01-01,2024-12-31,19799183,198100,monthly,active
P002010,C02024,A0002,motor,motor_compulsory,2024-10-19,2025-10-19,1052290,24959,quarterly,active
P002011,C00243,A0048,property,property_allrisk,2022-11-09,2023-11-09,9571520,50704,annual,active
P002012,C00209,A0047,motor,motor_compulsory,2024-06-01,2025-06-01,1750179,56546,quarterly,cancelled
P002013,C00661,A0012,motor,motor_voluntary,2023-02-25,2024-02-25,2064506,88901,annual,active
P002014,C02412,A0046,motor,motor_compulsory,2024-02-27,2025-02-26,1481377,36465,quarterly,active
P002015,C01671,A0041,motor,motor_voluntary,2025-09-10,2026-09-10,1772167,41552,quarterly,active
P002016,C02733,A0047,property,property_allrisk,2025-08-03,2026-08-03,13288479,100707,monthly,active
P002017,C00586,A0023,property,property_allrisk,2023-08-25,2024-08-24,3245690,36326,annual,active
P002018,C00799,A0046,property,property_fire,2025-10-11,2026-10-11,15433918,142591,quarterly,active
P002019,C00647,A0023,motor,motor_voluntary,2024-04-04,2025-04-04,2194240,62940,quarterly,active
P002020,C01626,A0032,property,property_fire,2024-02-16,2025-02-15,2568380,14489,quarterly,active
P002021,C02895,A0048,motor,motor_compulsory,2023-11-15,2024-11-14,202507,6709,annual,active
P002022,C00731,A0045,motor,motor_compulsory,2024-03-26,2025-03-26,2003443,52870,quarterly,active
P002023,C02947,A0027,motor,motor_voluntary,2026-01-26,2027-01-26,1433584,37731,quarterly,active
P002024,C01624,A0041,motor,motor_voluntary,2024-12-13,2025-12-13,2038796,42894,monthly,cancelled
P002025,C01715,A0004,motor,motor_compulsory,2023-05-10,2024-05-09,2340248,68497,quarterly,active
P002026,C00088,A0026,motor,motor_compulsory,2023-04-02,2024-04-01,2349047,58085,annual,active
P002027,C01055,A0002,property,property_allrisk,2024-01-14,2025-01-13,12774959,42097,annual,active
P002028,C02918,A0028,motor,motor_compulsory,2024-02-29,2025-02-28,1149737,26223,quarterly,active
P002029,C00733,A0018,motor,motor_compulsory,2023-01-09,2024-01-09,1554641,44454,monthly,active
P002030,C02051,A0048,motor,motor_voluntary,2022-08-18,2023-08-18,1927523,95094,quarterly,active
P002031,C02128,A0003,property,property_allrisk,2025-01-18,2026-01-18,19459961,174940,quarterly,active
P002032,C02677,A0036,motor,motor_voluntary,2025-06-27,2026-06-27,685467,18307,quarterly,active
P002033,C00046,A0048,motor,motor_compulsory,2023-08-14,2024-08-13,1761496,42278,quarterly,active
P002034,C02303,A0026,motor,motor_compulsory,2023-11-17,2024-11-16,235227,7274,annual,active
P002035,C02387,A0045,motor,motor_compulsory,2024-01-27,2025-01-26,1413386,32194,annual,active
P002036,C01765,A0002,motor,motor_voluntary,2023-11-05,2024-11-04,1533636,56498,monthly,active
P002037,C02406,A0049,motor,motor_voluntary,2023-05-09,2024-05-08,1603943,64102,quarterly,active
P002038,C02409,A0022,motor,motor_compulsory,2024-02-16,2025-02-15,516905,23767,monthly,active
P002039,C01370,A0034,motor,motor_voluntary,2024-07-01,2025-07-01,2105650,92813,annual,active
P002040,C00366,A0026,motor,motor_voluntary,2022-10-03,2023-10-03,2265749,74074,quarterly,active
P002041,C00579,A0009,motor,motor_voluntary,2025-06-02,2026-06-02,1541521,37707,annual,active
P002042,C02163,A0045,property,property_allrisk,2022-01-03,2023-01-03,2312854,22372,monthly,active
P002043,C02463,A0043,motor,motor_compulsory,2024-03-03,2025-03-03,503255,19356,quarterly,lapsed
P002044,C02464,A0016,motor,motor_compulsory,2025-04-02,2026-04-02,700740,31032,monthly,active
P002045,C00049,A0022,property,property_flood,2026-01-14,2027-01-14,1607916,9507,annual,active
P002046,C00104,A0022,property,property_flood,2022-08-10,2023-08-10,2402592,19025,monthly,active
P002047,C02952,A0043,motor,motor_voluntary,2024-03-29,2025-03-29,402268,12137,quarterly,active
P002048,C00399,A0027,property,property_flood,2023-08-05,2024-08-04,2276292,19833,annual,cancelled
P002049,C01191,A0028,motor,motor_compulsory,2023-10-08,2024-10-07,1953301,40357,quarterly,active
P002050,C01421,A0037,property,property_allrisk,2023-11-02,2024-11-01,5838101,44086,annual,active
P002051,C01080,A0038,property,property_allrisk,2024-07-01,2025-07-01,6324840,21910,annual,lapsed
P002052,C01003,A0015,property,property_flood,2023-08-16,2024-08-15,3511605,37311,monthly,active
P002053,C00492,A0049,property,property_allrisk,2024-12-25,2025-12-25,15520193,98165,quarterly,lapsed
P002054,C00235,A0020,motor,motor_compulsory,2023-08-12,2024-08-11,2348703,91485,monthly,active
P002055,C02165,A0025,property,property_flood,2023-07-25,2024-07-24,14290673,80260,monthly,active
P002056,C00521,A0015,property,property_flood,2024-01-25,2025-01-24,19909230,216962,monthly,active
P002057,C00386,A0012,motor,motor_voluntary,2026-02-05,2027-02-05,1337561,62598,quarterly,active
P002058,C01626,A0008,motor,motor_voluntary,2025-01-13,2026-01-13,1727039,76753,annual,active
P002059,C00149,A0034,property,property_flood,2024-02-14,2025-02-13,11835129,126602,monthly,active
P002060,C02236,A0033,motor,motor_compulsory,2025-08-28,2026-08-28,790382,31820,monthly,active
P002061,C01518,A0043,motor,motor_voluntary,2025-02-02,2026-02-02,2017688,77393,annual,active
P002062,C00340,A0012,motor,motor_voluntary,2023-03-01,2024-02-29,2123021,70203,quarterly,active
P002063,C01927,A0036,motor,motor_compulsory,2024-12-06,2025-12-06,714917,25717,annual,active
P002064,C01862,A0032,property,property_fire,2023-10-02,2024-10-01,6402236,71357,monthly,active
P002065,C00547,A0048,motor,motor_voluntary,2024-08-29,2025-08-29,1963682,46928,quarterly,lapsed
P002066,C02632,A0019,motor,motor_compulsory,2025-01-17,2026-01-17,1321793,44471,annual,active
P002067,C00507,A0034,motor,motor_voluntary,2024-01-17,2025-01-16,328558,13894,quarterly,active
P002068,C01729,A0041,property,property_flood,2026-03-19,2027-03-19,15326137,179269,quarterly,lapsed
P002069,C00400,A0006,property,property_allrisk,2023-10-06,2024-10-05,16793879,123244,annual,active
P002070,C02285,A0012,property,property_allrisk,2024-01-30,2025-01-29,1051566,8372,quarterly,active
P002071,C02640,A0015,motor,motor_voluntary,2025-09-01,2026-09-01,2491168,83227,monthly,active
P002072,C00532,A0009,property,property_flood,2022-08-20,2023-08-20,10479171,44873,quarterly,lapsed
P002073,C01827,A0044,motor,motor_compulsory,2024-01-07,2025-01-06,2200234,73774,quarterly,active
P002074,C01155,A0034,motor,motor_voluntary,2022-04-13,2023-04-13,2385927,85335,quarterly,lapsed
P002075,C01623,A0046,motor,motor_voluntary,2024-01-24,2025-01-23,1153257,47663,annual,active
P002076,C01169,A0030,motor,motor_compulsory,2023-02-02,2024-02-02,939648,41664,quarterly,active
P002077,C01945,A0004,property,property_flood,2025-10-27,2026-10-27,19805442,103369,quarterly,active
P002078,C01300,A0020,motor,motor_voluntary,2023-10-17,2024-10-16,945152,33823,quarterly,active
P002079,C02642,A0029,motor,motor_compulsory,2024-08-16,2025-08-16,2188942,82657,annual,cancelled
P002080,C02940,A0027,motor,motor_voluntary,2026-03-12,2027-03-12,2380272,118561,annual,active
P002081,C02400,A0009,property,property_fire,2024-08-18,2025-08-18,11924254,102138,annual,active
P002082,C02582,A0004,property,property_fire,2023-10-10,2024-10-09,19799714,119151,monthly,active
P002083,C00806,A0033,motor,motor_compulsory,2026-03-15,2027-03-15,1096591,38194,annual,active
P002084,C02782,A0030,motor,motor_compulsory,2026-02-26,2027-02-26,1424987,61236,annual,lapsed
P002085,C00506,A0002,motor,motor_compulsory,2023-07-18,2024-07-17,844668,37421,monthly,active
P002086,C01619,A0012,motor,motor_compulsory,2025-04-15,2026-04-15,946190,33247,quarterly,active
P002087,C00176,A0037,motor,motor_compulsory,2023-08-20,2024-08-19,1556282,58493,annual,active
P002088,C01447,A0033,motor,motor_voluntary,2022-09-29,2023-09-29,258804,10329,annual,active
P002089,C02626,A0019,motor,motor_voluntary,2023-12-24,2024-12-23,1344613,33210,annual,active
P002090,C00813,A0003,motor,motor_compulsory,2023-09-21,2024-09-20,1976451,60256,quarterly,active
P002091,C01049,A0014,motor,motor_voluntary,2023-10-31,2024-10-30,2149296,52998,monthly,active
P002092,C00872,A0017,motor,motor_compulsory,2025-07-05,2026-07-05,2143203,66855,annual,active
P002093,C00197,A0014,property,property_fire,2024-11-16,2025-11-16,14019209,142890,annual,active
P002094,C02809,A0041,motor,motor_compulsory,2023-05-04,2024-05-03,2035441,77301,monthly,active
P002095,C01083,A0026,property,property_fire,2026-03-26,2027-03-26,14855823,55977,quarterly,active
P002096,C00370,A0030,property,property_allrisk,2024-07-13,2025-07-13,17694541,185663,monthly,active
P002097,C01004,A0048,property,property_fire,2025-01-24,2026-01-24,10725113,106311,monthly,active
P002098,C01485,A0021,motor,motor_compulsory,2026-03-19,2027-03-19,1027224,32466,annual,active
P002099,C00384,A0048,motor,motor_compulsory,2023-01-22,2024-01-22,2253616,59059,monthly,active
P002100,C01098,A0047,motor,motor_voluntary,2024-09-01,2025-09-01,2391909,97248,quarterly,lapsed
P002101,C02489,A0014,property,property_fire,2023-12-16,2024-12-15,7154351,65238,annual,active
P002102,C02860,A0020,motor,motor_voluntary,2023-03-28,2024-03-27,650118,28038,quarterly,active
P002103,C00892,A0002,motor,motor_voluntary,2024-11-20,2025-11-20,1535312,33637,monthly,cancelled
P002104,C02781,A0005,motor,motor_voluntary,2023-08-30,2024-08-29,1836065,44713,quarterly,active
P002105,C02054,A0007,motor,motor_compulsory,2023-04-24,2024-04-23,2340846,79283,monthly,lapsed
P002106,C02585,A0016,motor,motor_compulsory,2025-09-02,2026-09-02,1019614,47115,annual,cancelled
P002107,C02379,A0048,motor,motor_voluntary,2023-12-01,2024-11-30,2224719,106024,annual,active
P002108,C02396,A0046,motor,motor_compulsory,2024-11-16,2025-11-16,2166345,88623,monthly,active
P002109,C00750,A0031,motor,motor_voluntary,2023-07-16,2024-07-15,1811370,69320,monthly,active
P002110,C02343,A0013,motor,motor_voluntary,2022-05-12,2023-05-12,1237197,32794,quarterly,active
P002111,C02195,A0019,property,property_allrisk,2024-05-26,2025-05-26,1661406,7325,monthly,active
P002112,C02562,A0042,motor,motor_compulsory,2023-05-19,2024-05-18,550610,22462,quarterly,active
P002113,C01494,A0022,motor,motor_compulsory,2025-08-26,2026-08-26,1935083,82408,annual,cancelled
P002114,C01324,A0036,motor,motor_voluntary,2025-01-10,2026-01-10,1123227,45807,quarterly,active
P002115,C02923,A0012,motor,motor_compulsory,2023-11-06,2024-11-05,1017718,20529,annual,active
P002116,C02040,A0007,property,property_fire,2026-01-17,2027-01-17,12972707,149895,quarterly,active
P002117,C01682,A0034,property,property_fire,2025-04-19,2026-04-19,12769209,130571,annual,lapsed
P002118,C00619,A0034,motor,motor_compulsory,2025-01-07,2026-01-07,1316031,42600,monthly,active
P002119,C02238,A0004,motor,motor_voluntary,2024-12-24,2025-12-24,715495,35747,annual,active
P002120,C01387,A0035,motor,motor_compulsory,2024-12-19,2025-12-19,1502327,66950,monthly,active
P002121,C02788,A0027,motor,motor_compulsory,2023-01-04,2024-01-04,2422058,49206,quarterly,active
P002122,C02990,A0036,motor,motor_compulsory,2023-06-12,2024-06-11,1263837,44217,quarterly,active
P002123,C01820,A0029,motor,motor_compulsory,2022-08-13,2023-08-13,1440160,45595,quarterly,active
P002124,C00640,A0045,property,property_allrisk,2025-09-09,2026-09-09,8679630,41555,quarterly,lapsed
P002125,C01987,A0019,property,property_fire,2023-06-02,2024-06-01,17844278,71912,monthly,active
P002126,C01187,A0001,motor,motor_compulsory,2022-06-18,2023-06-18,1227075,35154,quarterly,active
P002127,C02628,A0037,property,property_fire,2023-05-05,2024-05-04,9472443,68761,quarterly,lapsed
P002128,C01679,A0025,motor,motor_voluntary,2026-04-18,2027-04-18,1331125,40815,monthly,active
P002129,C02952,A0015,motor,motor_compulsory,2023-07-10,2024-07-09,681722,26038,quarterly,active
P002130,C01227,A0033,motor,motor_voluntary,2025-12-15,2026-12-15,2050612,80725,annual,active
P002131,C01037,A0017,motor,motor_compulsory,2023-10-09,2024-10-08,1719206,57731,quarterly,active
P002132,C01389,A0031,property,property_flood,2023-08-02,2024-08-01,14096398,50474,quarterly,active
P002133,C02111,A0030,motor,motor_compulsory,2022-08-16,2023-08-16,1364623,36995,quarterly,active
P002134,C01530,A0032,motor,motor_voluntary,2026-02-26,2027-02-26,541346,25894,annual,active
P002135,C00117,A0004,property,property_flood,2024-01-19,2025-01-18,8413573,34844,quarterly,active
P002136,C02255,A0024,motor,motor_compulsory,2023-08-21,2024-08-20,1402308,42799,quarterly,active
P002137,C01923,A0007,motor,motor_voluntary,2022-05-09,2023-05-09,1140015,32282,monthly,lapsed
P002138,C01378,A0016,motor,motor_voluntary,2023-04-24,2024-04-23,1235837,59483,monthly,active
P002139,C02398,A0043,motor,motor_voluntary,2025-08-25,2026-08-25,1745296,66977,annual,lapsed
P002140,C02152,A0032,motor,motor_compulsory,2023-09-03,2024-09-02,856117,30060,annual,lapsed
P002141,C00780,A0030,motor,motor_compulsory,2023-12-20,2024-12-19,2174214,76374,quarterly,active
P002142,C01577,A0027,motor,motor_compulsory,2025-11-21,2026-11-21,2111161,56124,monthly,lapsed
P002143,C00227,A0044,motor,motor_compulsory,2024-11-17,2025-11-17,2310761,102395,annual,active
P002144,C02498,A0047,motor,motor_compulsory,2023-10-15,2024-10-14,394487,13140,annual,active
P002145,C00605,A0026,motor,motor_voluntary,2024-04-18,2025-04-18,272216,13031,quarterly,active
P002146,C00322,A0048,motor,motor_voluntary,2023-09-29,2024-09-28,1649684,47328,quarterly,active
P002147,C02970,A0029,motor,motor_voluntary,2023-07-19,2024-07-18,483903,16338,monthly,lapsed
P002148,C01886,A0043,motor,motor_compulsory,2026-04-23,2027-04-23,579839,24063,monthly,lapsed
P002149,C00822,A0045,property,property_flood,2025-10-10,2026-10-10,17804538,102152,annual,active
P002150,C01792,A0034,property,property_allrisk,2024-11-24,2025-11-24,7569844,73237,monthly,active
P002151,C00187,A0027,property,property_allrisk,2023-02-19,2024-02-19,2115242,20993,annual,active
P002152,C02265,A0029,motor,motor_voluntary,2023-02-02,2024-02-02,471899,20473,monthly,active
P002153,C02332,A0036,property,property_fire,2025-12-02,2026-12-02,17223740,185766,monthly,active
P002154,C01746,A0045,motor,motor_voluntary,2022-09-05,2023-09-05,1500988,33823,monthly,active
P002155,C02056,A0014,motor,motor_compulsory,2025-04-15,2026-04-15,2425895,64219,quarterly,active
P002156,C02731,A0027,property,property_flood,2023-02-09,2024-02-09,5148080,35060,monthly,active
P002157,C00998,A0048,property,property_allrisk,2024-12-17,2025-12-17,17131253,108655,quarterly,active
P002158,C01450,A0001,motor,motor_voluntary,2025-06-24,2026-06-24,1535682,74178,quarterly,active
P002159,C02215,A0021,motor,motor_compulsory,2025-10-25,2026-10-25,2436375,96308,quarterly,active
P002160,C02578,A0010,motor,motor_voluntary,2023-01-04,2024-01-04,1085963,32881,monthly,active
P002161,C00243,A0030,motor,motor_voluntary,2023-02-03,2024-02-03,1408504,67940,annual,active
P002162,C02788,A0008,property,property_allrisk,2023-11-19,2024-11-18,9210607,37325,monthly,active
P002163,C01129,A0029,motor,motor_compulsory,2022-10-19,2023-10-19,1803929,88529,annual,active
P002164,C02625,A0036,motor,motor_voluntary,2024-09-30,2025-09-30,376547,7998,annual,active
P002165,C02666,A0025,motor,motor_compulsory,2026-03-14,2027-03-14,296904,9555,quarterly,active
P002166,C02661,A0033,motor,motor_compulsory,2024-12-14,2025-12-14,1215005,36402,monthly,lapsed
P002167,C00675,A0020,property,property_fire,2024-03-21,2025-03-21,14211771,69644,quarterly,active
P002168,C01216,A0042,motor,motor_voluntary,2022-03-08,2023-03-08,2232196,47214,annual,active
P002169,C00167,A0047,motor,motor_compulsory,2024-05-22,2025-05-22,1906962,61101,monthly,active
P002170,C01709,A0032,motor,motor_voluntary,2026-01-31,2027-01-31,276244,7789,annual,active
P002171,C00209,A0037,motor,motor_compulsory,2026-03-24,2027-03-24,638261,18540,annual,active
P002172,C00474,A0026,motor,motor_compulsory,2023-01-29,2024-01-29,1083977,24070,quarterly,active
P002173,C01556,A0039,property,property_flood,2023-10-04,2024-10-03,4444271,22247,monthly,active
P002174,C01578,A0010,motor,motor_voluntary,2022-09-25,2023-09-25,1730226,37441,quarterly,lapsed
P002175,C01649,A0038,motor,motor_voluntary,2024-03-24,2025-03-24,849226,39049,annual,active
P002176,C02617,A0038,motor,motor_voluntary,2026-04-11,2027-04-11,878639,38307,quarterly,active
P002177,C01849,A0008,motor,motor_compulsory,2026-03-01,2027-03-01,355712,13040,quarterly,active
P002178,C01738,A0003,property,property_flood,2024-11-20,2025-11-20,8397775,31961,quarterly,active
P002179,C01364,A0003,motor,motor_voluntary,2024-06-01,2025-06-01,1311724,59064,quarterly,lapsed
P002180,C02049,A0048,motor,motor_voluntary,2022-12-20,2023-12-20,1751804,44777,annual,active
P002181,C02349,A0008,motor,motor_compulsory,2023-11-07,2024-11-06,1398759,58540,monthly,active
P002182,C00086,A0039,property,property_allrisk,2025-11-02,2026-11-02,19713471,67042,monthly,active
P002183,C01280,A0012,property,property_fire,2025-03-14,2026-03-14,15906349,83011,quarterly,active
P002184,C01107,A0001,motor,motor_voluntary,2023-09-05,2024-09-04,2237771,63641,monthly,active
P002185,C00354,A0036,motor,motor_voluntary,2022-12-28,2023-12-28,998323,30517,monthly,active
P002186,C02818,A0024,motor,motor_compulsory,2024-03-01,2025-03-01,839362,37715,quarterly,lapsed
P002187,C00580,A0031,motor,motor_voluntary,2023-09-29,2024-09-28,1674600,47215,quarterly,active
P002188,C02153,A0012,motor,motor_compulsory,2023-05-07,2024-05-06,2469820,86689,annual,active
P002189,C02720,A0012,motor,motor_voluntary,2022-11-11,2023-11-11,2174733,48180,annual,active
P002190,C01014,A0016,motor,motor_compulsory,2023-04-27,2024-04-26,2420875,116417,monthly,active
P002191,C02517,A0022,property,property_fire,2025-05-29,2026-05-29,16060078,112812,annual,active
P002192,C01876,A0049,property,property_fire,2026-01-05,2027-01-05,10827984,106773,quarterly,active
P002193,C02003,A0023,motor,motor_voluntary,2024-02-02,2025-02-01,1414371,39679,annual,active
P002194,C00019,A0044,property,property_fire,2024-06-17,2025-06-17,14532040,97071,quarterly,active
P002195,C00310,A0026,motor,motor_compulsory,2024-03-04,2025-03-04,2041885,80419,monthly,active
P002196,C00997,A0020,property,property_flood,2025-09-17,2026-09-17,7925407,86138,monthly,active
P002197,C02723,A0047,property,property_flood,2022-11-23,2023-11-23,18918459,94487,monthly,active
P002198,C01735,A0009,motor,motor_voluntary,2026-01-12,2027-01-12,1869387,59978,annual,active
P002199,C01449,A0018,motor,motor_voluntary,2025-01-18,2026-01-18,1131477,39626,annual,active
P002200,C00355,A0021,property,property_flood,2023-07-13,2024-07-12,17241155,136163,annual,active
P002201,C00966,A0046,property,property_fire,2023-01-26,2024-01-26,13669482,136340,quarterly,lapsed
P002202,C00716,A0010,motor,motor_compulsory,2023-10-17,2024-10-16,1865885,39437,quarterly,cancelled
P002203,C02254,A0045,property,property_allrisk,2022-12-11,2023-12-11,19528580,170911,monthly,active
P002204,C00514,A0005,property,property_allrisk,2024-05-16,2025-05-16,4331934,49751,monthly,cancelled
P002205,C02034,A0042,motor,motor_voluntary,2025-09-10,2026-09-10,524582,15576,monthly,lapsed
P002206,C01732,A0034,motor,motor_voluntary,2025-09-05,2026-09-05,355903,13143,quarterly,active
P002207,C01603,A0036,motor,motor_compulsory,2024-03-15,2025-03-15,408111,20168,annual,active
P002208,C02153,A0044,property,property_fire,2024-04-07,2025-04-07,10761342,36349,quarterly,active
P002209,C00636,A0002,motor,motor_compulsory,2024-02-04,2025-02-03,1029143,38445,monthly,active
P002210,C02671,A0019,motor,motor_compulsory,2023-03-23,2024-03-22,942737,30105,quarterly,active
P002211,C00259,A0015,motor,motor_compulsory,2025-12-30,2026-12-30,2082755,80625,monthly,active
P002212,C00709,A0009,motor,motor_voluntary,2023-11-09,2024-11-08,1584852,76355,annual,lapsed
P002213,C01020,A0036,motor,motor_voluntary,2023-11-18,2024-11-17,1575621,43609,annual,lapsed
P002214,C02200,A0026,property,property_allrisk,2023-10-19,2024-10-18,17418280,173097,quarterly,active
P002215,C02352,A0012,motor,motor_compulsory,2023-04-28,2024-04-27,2106402,76635,annual,active
P002216,C02616,A0042,property,property_allrisk,2024-05-12,2025-05-12,8270746,54570,quarterly,active
P002217,C02048,A0048,motor,motor_compulsory,2026-01-10,2027-01-10,1610048,58484,quarterly,active
P002218,C02582,A0005,property,property_flood,2023-08-25,2024-08-24,2819040,27022,monthly,active
P002219,C01536,A0044,property,property_flood,2022-04-23,2023-04-23,17788092,53742,quarterly,active
P002220,C02532,A0044,motor,motor_compulsory,2023-06-20,2024-06-19,277118,6502,monthly,active
P002221,C01570,A0004,property,property_fire,2022-06-28,2023-06-28,11968132,55895,annual,active
P002222,C00929,A0015,motor,motor_voluntary,2023-09-25,2024-09-24,1826292,77247,monthly,active
P002223,C00352,A0045,motor,motor_compulsory,2022-01-08,2023-01-08,420137,19798,quarterly,active
P002224,C02728,A0041,motor,motor_compulsory,2024-02-20,2025-02-19,1527227,51854,annual,active
P002225,C00954,A0041,motor,motor_voluntary,2024-11-12,2025-11-12,248715,5016,quarterly,active
P002226,C01481,A0012,motor,motor_compulsory,2024-03-29,2025-03-29,1147203,35499,quarterly,active
P002227,C00401,A0004,motor,motor_voluntary,2025-12-15,2026-12-15,829449,34120,quarterly,active
P002228,C01826,A0029,motor,motor_compulsory,2022-07-17,2023-07-17,291025,7291,quarterly,active
P002229,C00527,A0046,motor,motor_compulsory,2023-06-25,2024-06-24,383898,11907,quarterly,active
P002230,C01903,A0034,property,property_flood,2022-05-05,2023-05-05,17549095,162274,annual,active
P002231,C00434,A0021,property,property_flood,2026-02-08,2027-02-08,4870372,32190,monthly,active
P002232,C01277,A0024,motor,motor_compulsory,2023-12-20,2024-12-19,881498,36758,quarterly,active
P002233,C01925,A0046,property,property_allrisk,2024-02-22,2025-02-21,8275725,30365,quarterly,lapsed
P002234,C02682,A0004,motor,motor_voluntary,2024-10-19,2025-10-19,1919107,61543,annual,lapsed
P002235,C02020,A0026,motor,motor_voluntary,2023-09-08,2024-09-07,1005542,27778,monthly,active
P002236,C00874,A0035,motor,motor_compulsory,2023-11-20,2024-11-19,637322,16690,monthly,active
P002237,C01002,A0021,property,property_flood,2023-06-29,2024-06-28,18527069,160874,quarterly,active
P002238,C02663,A0048,motor,motor_compulsory,2022-03-07,2023-03-07,1969536,54725,quarterly,active
P002239,C01192,A0005,motor,motor_voluntary,2025-06-15,2026-06-15,1872734,78062,monthly,cancelled
P002240,C00286,A0008,motor,motor_compulsory,2023-12-20,2024-12-19,1063084,29912,quarterly,active
P002241,C02164,A0010,property,property_allrisk,2025-03-21,2026-03-21,11640232,126865,monthly,active
P002242,C01732,A0033,motor,motor_voluntary,2022-03-17,2023-03-17,1984377,92941,quarterly,active
P002243,C00610,A0016,motor,motor_voluntary,2023-12-20,2024-12-19,2374828,104969,quarterly,active
P002244,C01740,A0017,property,property_allrisk,2023-05-13,2024-05-12,14116779,82829,quarterly,active
P002245,C01762,A0003,motor,motor_voluntary,2024-07-07,2025-07-07,613346,29684,quarterly,active
P002246,C02676,A0007,motor,motor_compulsory,2024-03-12,2025-03-12,633691,14501,monthly,cancelled
P002247,C00049,A0032,motor,motor_compulsory,2024-05-10,2025-05-10,1983803,83884,annual,active
P002248,C01855,A0048,motor,motor_voluntary,2026-03-26,2027-03-26,2228074,80357,quarterly,active
P002249,C02617,A0019,motor,motor_voluntary,2024-10-22,2025-10-22,257423,7266,quarterly,cancelled
P002250,C02675,A0039,motor,motor_compulsory,2024-04-01,2025-04-01,1208499,32802,quarterly,active
P002251,C01487,A0016,motor,motor_compulsory,2025-05-23,2026-05-23,344402,7856,monthly,active
P002252,C00076,A0006,motor,motor_compulsory,2023-01-09,2024-01-09,1541212,33079,annual,active
P002253,C01469,A0011,motor,motor_compulsory,2022-01-19,2023-01-19,1868612,68597,annual,active
P002254,C00277,A0034,motor,motor_compulsory,2025-09-16,2026-09-16,336353,12770,quarterly,active
P002255,C02484,A0039,motor,motor_voluntary,2023-04-12,2024-04-11,1838174,58723,annual,active
P002256,C00145,A0045,property,property_allrisk,2022-12-21,2023-12-21,3582508,24483,annual,lapsed
P002257,C02505,A0002,property,property_flood,2025-09-26,2026-09-26,13791936,63408,annual,lapsed
P002258,C02736,A0008,property,property_flood,2022-05-06,2023-05-06,2809435,18384,quarterly,active
P002259,C00859,A0016,property,property_allrisk,2023-11-01,2024-10-31,5682330,61958,monthly,lapsed
P002260,C00878,A0034,motor,motor_compulsory,2023-12-08,2024-12-07,2238623,78242,quarterly,active
P002261,C01070,A0006,property,property_allrisk,2025-08-01,2026-08-01,5136804,35041,monthly,cancelled
P002262,C02015,A0015,motor,motor_voluntary,2022-07-26,2023-07-26,2283751,90393,annual,active
P002263,C00619,A0001,motor,motor_compulsory,2023-07-27,2024-07-26,954547,45098,annual,active
P002264,C01866,A0005,motor,motor_voluntary,2023-01-14,2024-01-14,2042503,77242,annual,active
P002265,C01352,A0015,property,property_allrisk,2024-11-05,2025-11-05,5814188,35358,annual,active
P002266,C02893,A0039,property,property_fire,2026-01-26,2027-01-26,13218378,82351,monthly,active
P002267,C02133,A0047,motor,motor_voluntary,2026-04-13,2027-04-13,2249183,59211,annual,active
P002268,C02608,A0005,motor,motor_voluntary,2022-04-17,2023-04-17,735443,27571,monthly,active
P002269,C00730,A0017,motor,motor_voluntary,2024-02-23,2025-02-22,648390,13539,quarterly,active
P002270,C00699,A0014,property,property_allrisk,2024-08-13,2025-08-13,18625168,195388,monthly,lapsed
P002271,C01022,A0034,property,property_fire,2023-12-15,2024-12-14,7085427,35804,quarterly,active
P002272,C00430,A0016,property,property_allrisk,2026-03-24,2027-03-24,2987579,34268,quarterly,active
P002273,C00923,A0008,motor,motor_compulsory,2024-02-25,2025-02-24,2043843,99665,quarterly,active
P002274,C02529,A0039,property,property_flood,2025-02-08,2026-02-08,19585569,91508,monthly,active
P002275,C01236,A0018,motor,motor_compulsory,2023-06-02,2024-06-01,647571,25085,annual,lapsed
P002276,C01793,A0048,motor,motor_voluntary,2025-06-28,2026-06-28,2466233,49555,monthly,cancelled
P002277,C01621,A0011,motor,motor_voluntary,2022-09-14,2023-09-14,1136722,49776,quarterly,active
P002278,C01315,A0015,property,property_allrisk,2025-09-26,2026-09-26,11354440,37248,quarterly,active
P002279,C02094,A0002,motor,motor_voluntary,2026-02-04,2027-02-04,1057584,50252,annual,active
P002280,C02192,A0018,motor,motor_voluntary,2022-05-20,2023-05-20,1174512,41723,quarterly,active
P002281,C01746,A0050,motor,motor_voluntary,2022-03-13,2023-03-13,1628626,57756,quarterly,cancelled
P002282,C01705,A0044,motor,motor_voluntary,2025-07-02,2026-07-02,1107499,46852,quarterly,active
P002283,C00283,A0046,motor,motor_compulsory,2023-08-10,2024-08-09,1094076,47008,quarterly,active
P002284,C02976,A0008,motor,motor_voluntary,2022-09-08,2023-09-08,1594141,47997,monthly,active
P002285,C00881,A0032,motor,motor_voluntary,2023-06-08,2024-06-07,1166224,40386,annual,active
P002286,C00060,A0019,motor,motor_voluntary,2026-01-07,2027-01-07,315266,10222,quarterly,lapsed
P002287,C01839,A0045,motor,motor_voluntary,2023-07-17,2024-07-16,2199919,53494,quarterly,lapsed
P002288,C00249,A0050,motor,motor_compulsory,2024-03-19,2025-03-19,1332530,63895,quarterly,lapsed
P002289,C01807,A0040,property,property_fire,2024-03-24,2025-03-24,1807906,10879,annual,lapsed
P002290,C02710,A0039,motor,motor_voluntary,2023-03-12,2024-03-11,2088679,103595,monthly,active
P002291,C01698,A0035,property,property_allrisk,2023-09-11,2024-09-10,11764978,36478,annual,active
P002292,C02947,A0035,motor,motor_compulsory,2025-07-03,2026-07-03,2026348,60383,monthly,active
P002293,C02605,A0024,property,property_allrisk,2022-11-19,2023-11-19,9842932,55610,monthly,active
P002294,C00480,A0047,property,property_allrisk,2024-03-16,2025-03-16,11933067,80887,quarterly,active
P002295,C00322,A0020,motor,motor_compulsory,2022-09-21,2023-09-21,1218101,25656,monthly,lapsed
P002296,C01114,A0028,motor,motor_voluntary,2023-02-09,2024-02-09,1825706,71024,quarterly,lapsed
P002297,C01200,A0046,motor,motor_compulsory,2022-10-28,2023-10-28,223309,11006,quarterly,active
P002298,C02998,A0035,motor,motor_compulsory,2025-02-27,2026-02-27,1256626,48629,quarterly,active
P002299,C01156,A0026,motor,motor_compulsory,2026-02-03,2027-02-03,1904095,39163,quarterly,active
P002300,C02468,A0022,motor,motor_compulsory,2024-01-30,2025-01-29,1970213,42981,annual,active
P002301,C00725,A0044,motor,motor_voluntary,2023-08-07,2024-08-06,915708,36653,annual,active
P002302,C00089,A0029,motor,motor_voluntary,2023-02-16,2024-02-16,1744072,64503,monthly,active
P002303,C02957,A0043,property,property_allrisk,2024-07-16,2025-07-16,3387604,29430,quarterly,active
P002304,C01014,A0008,property,property_fire,2024-04-13,2025-04-13,2337798,21547,annual,active
P002305,C02089,A0017,motor,motor_compulsory,2024-09-21,2025-09-21,442895,11012,quarterly,active
P002306,C01030,A0044,motor,motor_compulsory,2025-10-31,2026-10-31,1386385,42928,quarterly,active
P002307,C00992,A0029,motor,motor_voluntary,2023-05-18,2024-05-17,976870,34439,annual,lapsed
P002308,C02937,A0021,motor,motor_compulsory,2023-11-18,2024-11-17,2268270,108890,annual,active
P002309,C00021,A0037,motor,motor_compulsory,2026-03-24,2027-03-24,1455511,71527,annual,active
P002310,C02640,A0048,motor,motor_compulsory,2024-03-25,2025-03-25,2483440,68672,quarterly,active
P002311,C02729,A0041,motor,motor_compulsory,2025-09-03,2026-09-03,276689,10879,annual,active
P002312,C00186,A0021,property,property_allrisk,2025-08-20,2026-08-20,9544413,101965,monthly,active
P002313,C01735,A0009,motor,motor_voluntary,2023-07-24,2024-07-23,1670569,39000,annual,active
P002314,C01640,A0049,motor,motor_compulsory,2025-07-26,2026-07-26,2051952,67830,monthly,active
P002315,C01403,A0037,motor,motor_voluntary,2024-05-08,2025-05-08,705377,26833,annual,active
P002316,C00064,A0034,motor,motor_voluntary,2026-04-01,2027-04-01,674895,22575,quarterly,lapsed
P002317,C01787,A0047,motor,motor_compulsory,2023-02-23,2024-02-23,1536132,57228,monthly,lapsed
P002318,C01956,A0031,property,property_flood,2024-09-12,2025-09-12,14947561,110080,monthly,active
P002319,C01496,A0048,motor,motor_compulsory,2025-08-16,2026-08-16,2088617,94773,monthly,active
P002320,C02544,A0045,motor,motor_compulsory,2024-06-08,2025-06-08,1745717,85332,annual,active
P002321,C00887,A0032,property,property_allrisk,2023-09-28,2024-09-27,16377692,168856,quarterly,cancelled
P002322,C02681,A0031,property,property_allrisk,2024-11-20,2025-11-20,19440663,105403,quarterly,active
P002323,C00014,A0046,property,property_flood,2024-11-23,2025-11-23,14757332,72232,quarterly,cancelled
P002324,C02163,A0041,motor,motor_compulsory,2024-01-22,2025-01-21,1105199,47977,annual,active
P002325,C02040,A0004,motor,motor_voluntary,2024-10-31,2025-10-31,2191466,69408,annual,lapsed
P002326,C01679,A0028,motor,motor_compulsory,2025-05-23,2026-05-23,860984,36214,annual,active
P002327,C02458,A0019,motor,motor_voluntary,2022-06-26,2023-06-26,2149025,71036,monthly,active
P002328,C00918,A0031,motor,motor_voluntary,2025-03-26,2026-03-26,437535,21358,quarterly,active
P002329,C01180,A0037,property,property_allrisk,2024-07-23,2025-07-23,18632954,98837,monthly,active
P002330,C02813,A0031,motor,motor_compulsory,2025-05-27,2026-05-27,1009688,48813,monthly,active
P002331,C02512,A0031,motor,motor_voluntary,2025-03-06,2026-03-06,1643966,34658,annual,active
P002332,C01262,A0048,motor,motor_voluntary,2022-03-06,2023-03-06,1073085,23183,annual,active
P002333,C02934,A0012,motor,motor_voluntary,2023-12-31,2024-12-30,2214629,64201,quarterly,active
P002334,C02502,A0040,motor,motor_voluntary,2025-02-15,2026-02-15,215857,4901,monthly,active
P002335,C02222,A0010,motor,motor_voluntary,2022-03-11,2023-03-11,1460502,47635,annual,cancelled
P002336,C00337,A0042,motor,motor_voluntary,2025-01-01,2026-01-01,1303805,43076,monthly,active
P002337,C01577,A0028,motor,motor_voluntary,2023-05-02,2024-05-01,1166737,43036,annual,active
P002338,C00852,A0047,motor,motor_compulsory,2024-08-17,2025-08-17,846690,22441,quarterly,active
P002339,C01964,A0016,motor,motor_compulsory,2024-09-06,2025-09-06,866968,31121,quarterly,active
P002340,C01838,A0031,motor,motor_compulsory,2023-01-20,2024-01-20,425279,17884,monthly,active
P002341,C01352,A0023,motor,motor_voluntary,2023-06-02,2024-06-01,2103998,78402,monthly,active
P002342,C01008,A0045,motor,motor_compulsory,2024-09-17,2025-09-17,811067,22983,quarterly,active
P002343,C02157,A0037,motor,motor_compulsory,2024-05-07,2025-05-07,2244371,84557,quarterly,lapsed
P002344,C01967,A0017,property,property_fire,2025-06-12,2026-06-12,6753467,72230,quarterly,active
P002345,C00678,A0039,property,property_allrisk,2023-02-06,2024-02-06,3800622,13180,quarterly,active
P002346,C00305,A0043,property,property_allrisk,2022-11-21,2023-11-21,11519182,53492,annual,active
P002347,C00419,A0037,motor,motor_voluntary,2023-06-08,2024-06-07,1398149,28809,monthly,active
P002348,C00738,A0028,motor,motor_compulsory,2024-05-23,2025-05-23,1245858,54321,quarterly,cancelled
P002349,C00324,A0038,motor,motor_voluntary,2024-03-30,2025-03-30,1420985,54863,monthly,active
P002350,C01513,A0026,motor,motor_voluntary,2023-08-22,2024-08-21,533279,11151,quarterly,active
P002351,C02721,A0045,property,property_fire,2023-04-05,2024-04-04,8345034,60871,quarterly,active
P002352,C02047,A0015,motor,motor_voluntary,2025-07-12,2026-07-12,587031,27681,monthly,cancelled
P002353,C02596,A0043,motor,motor_voluntary,2023-09-02,2024-09-01,2067743,54574,monthly,active
P002354,C00315,A0036,motor,motor_voluntary,2024-08-15,2025-08-15,609811,24280,annual,active
P002355,C01562,A0022,property,property_fire,2023-01-01,2024-01-01,9760293,30646,quarterly,active
P002356,C00349,A0018,property,property_flood,2023-10-28,2024-10-27,15306136,173553,monthly,active
P002357,C00127,A0003,motor,motor_voluntary,2023-07-25,2024-07-24,1360761,61043,quarterly,active
P002358,C01344,A0040,motor,motor_voluntary,2023-05-24,2024-05-23,1524690,64632,annual,active
P002359,C01123,A0049,motor,motor_voluntary,2024-01-26,2025-01-25,2221314,71497,quarterly,active
P002360,C01362,A0025,property,property_flood,2023-05-30,2024-05-29,15664003,105798,monthly,lapsed
P002361,C00234,A0025,motor,motor_compulsory,2023-02-15,2024-02-15,234518,10581,annual,lapsed
P002362,C01383,A0017,property,property_flood,2023-08-13,2024-08-12,17785016,119787,monthly,active
P002363,C02286,A0007,property,property_fire,2023-08-12,2024-08-11,17731678,177220,quarterly,active
P002364,C02281,A0011,motor,motor_voluntary,2024-11-07,2025-11-07,517251,19151,quarterly,active
P002365,C01225,A0018,motor,motor_compulsory,2022-10-24,2023-10-24,1567758,73100,annual,active
P002366,C02207,A0004,motor,motor_compulsory,2025-10-08,2026-10-08,807966,34307,annual,active
P002367,C01701,A0050,motor,motor_voluntary,2023-11-17,2024-11-16,471780,14083,monthly,active
P002368,C02726,A0033,motor,motor_compulsory,2023-02-25,2024-02-25,2063299,43927,monthly,active
P002369,C01758,A0035,motor,motor_voluntary,2023-11-01,2024-10-31,2067661,101885,monthly,active
P002370,C02665,A0030,property,property_fire,2022-08-20,2023-08-20,15292032,95415,quarterly,active
P002371,C01321,A0003,motor,motor_voluntary,2023-09-06,2024-09-05,398690,11716,monthly,active
P002372,C02910,A0048,property,property_allrisk,2025-07-25,2026-07-25,1466488,5459,annual,cancelled
P002373,C01507,A0024,property,property_fire,2023-06-04,2024-06-03,16058479,180068,quarterly,active
P002374,C02819,A0006,motor,motor_compulsory,2023-04-04,2024-04-03,2226657,76745,annual,active
P002375,C00841,A0001,property,property_fire,2024-09-05,2025-09-05,19563443,192455,annual,active
P002376,C02549,A0032,motor,motor_voluntary,2025-07-15,2026-07-15,664497,20513,annual,active
P002377,C02146,A0044,motor,motor_compulsory,2024-07-28,2025-07-28,2145599,101589,annual,active
P002378,C02573,A0050,motor,motor_voluntary,2024-07-02,2025-07-02,1648261,62288,quarterly,active
P002379,C00529,A0004,motor,motor_voluntary,2023-12-05,2024-12-04,580021,14669,annual,active
P002380,C02696,A0003,motor,motor_voluntary,2023-01-02,2024-01-02,261058,11954,monthly,active
P002381,C00928,A0024,property,property_flood,2025-03-26,2026-03-26,6650651,62909,quarterly,active
P002382,C01785,A0046,motor,motor_voluntary,2025-06-16,2026-06-16,1533955,36350,quarterly,active
P002383,C01581,A0004,motor,motor_compulsory,2025-03-23,2026-03-23,1656346,60043,monthly,active
P002384,C02535,A0010,property,property_fire,2024-01-21,2025-01-20,13606958,103697,monthly,active
P002385,C01587,A0040,motor,motor_compulsory,2026-01-30,2027-01-30,1708216,36521,quarterly,lapsed
P002386,C02195,A0013,motor,motor_compulsory,2026-02-18,2027-02-18,2142325,95507,annual,active
P002387,C01200,A0033,property,property_fire,2023-01-10,2024-01-10,2876599,34059,quarterly,active
P002388,C00254,A0015,property,property_fire,2023-02-25,2024-02-25,19910113,101202,annual,active
P002389,C02576,A0032,property,property_flood,2025-12-28,2026-12-28,14894513,44859,monthly,lapsed
P002390,C00209,A0041,motor,motor_voluntary,2023-04-24,2024-04-23,2172625,67761,quarterly,lapsed
P002391,C00097,A0011,property,property_fire,2023-11-02,2024-11-01,2935590,15750,quarterly,active
P002392,C01314,A0041,motor,motor_compulsory,2023-01-09,2024-01-09,676398,33775,monthly,active
P002393,C01976,A0014,property,property_fire,2024-11-02,2025-11-02,19301227,219039,annual,active
P002394,C02092,A0011,motor,motor_voluntary,2025-09-19,2026-09-19,2473057,70438,annual,active
P002395,C00574,A0035,motor,motor_voluntary,2022-01-14,2023-01-14,2064000,51422,quarterly,active
P002396,C01793,A0036,motor,motor_compulsory,2023-04-25,2024-04-24,435241,10233,annual,active
P002397,C00494,A0034,motor,motor_compulsory,2023-09-30,2024-09-29,256449,10664,annual,active
P002398,C00014,A0032,motor,motor_voluntary,2022-01-23,2023-01-23,1705152,72400,quarterly,cancelled
P002399,C00872,A0014,motor,motor_voluntary,2023-03-15,2024-03-14,1352797,56884,monthly,active
P002400,C02506,A0013,motor,motor_voluntary,2022-08-20,2023-08-20,1805051,66520,monthly,active
P002401,C00210,A0024,motor,motor_voluntary,2024-02-22,2025-02-21,1750351,44362,quarterly,active
P002402,C00834,A0031,motor,motor_voluntary,2024-09-09,2025-09-09,2041039,45777,monthly,lapsed
P002403,C02325,A0015,motor,motor_compulsory,2024-10-02,2025-10-02,563010,13572,quarterly,active
P002404,C02840,A0013,motor,motor_compulsory,2024-03-01,2025-03-01,995630,32776,monthly,active
P002405,C00130,A0049,motor,motor_compulsory,2025-05-11,2026-05-11,1374189,42854,annual,active
P002406,C00442,A0035,motor,motor_voluntary,2024-04-21,2025-04-21,1431222,45003,quarterly,lapsed
P002407,C00528,A0013,motor,motor_compulsory,2024-05-06,2025-05-06,1923235,83529,monthly,active
P002408,C00425,A0043,motor,motor_voluntary,2025-11-27,2026-11-27,1209468,53685,annual,active
P002409,C00100,A0050,motor,motor_voluntary,2023-11-11,2024-11-10,1560614,32480,quarterly,active
P002410,C02672,A0010,motor,motor_compulsory,2024-09-12,2025-09-12,1791882,58885,quarterly,active
P002411,C00830,A0027,motor,motor_voluntary,2025-11-02,2026-11-02,2146613,63184,annual,cancelled
P002412,C00604,A0013,motor,motor_voluntary,2023-04-29,2024-04-28,2236465,57714,monthly,active
P002413,C02221,A0011,property,property_fire,2023-07-11,2024-07-10,19932761,142390,quarterly,cancelled
P002414,C00428,A0001,motor,motor_voluntary,2025-12-08,2026-12-08,2157534,66577,annual,active
P002415,C02071,A0042,motor,motor_compulsory,2025-12-16,2026-12-16,989040,31760,annual,active
P002416,C01635,A0033,motor,motor_compulsory,2023-01-23,2024-01-23,2483559,120261,annual,active
P002417,C01514,A0011,property,property_fire,2023-04-07,2024-04-06,6356267,46890,annual,lapsed
P002418,C02776,A0029,motor,motor_compulsory,2023-02-17,2024-02-17,1552769,54513,annual,active
P002419,C00889,A0008,motor,motor_compulsory,2025-07-23,2026-07-23,623050,24906,monthly,active
P002420,C01417,A0047,motor,motor_voluntary,2023-01-09,2024-01-09,1308989,48122,quarterly,lapsed
P002421,C00789,A0017,motor,motor_compulsory,2024-07-10,2025-07-10,386755,18689,quarterly,active
P002422,C01585,A0004,property,property_allrisk,2025-07-26,2026-07-26,19092084,122080,monthly,active
P002423,C01700,A0020,motor,motor_voluntary,2025-05-14,2026-05-14,2315415,94080,monthly,active
P002424,C00036,A0045,motor,motor_compulsory,2023-02-19,2024-02-19,1473779,39316,monthly,active
P002425,C02155,A0034,motor,motor_voluntary,2024-05-08,2025-05-08,1602693,66000,quarterly,active
P002426,C00404,A0016,motor,motor_voluntary,2024-10-17,2025-10-17,1599361,69725,annual,cancelled
P002427,C01958,A0043,property,property_fire,2023-12-09,2024-12-08,3611428,20055,quarterly,active
P002428,C00805,A0008,motor,motor_voluntary,2024-07-18,2025-07-18,1332883,45870,quarterly,active
P002429,C01957,A0027,property,property_fire,2023-03-21,2024-03-20,16085502,80979,quarterly,lapsed
P002430,C01643,A0017,motor,motor_compulsory,2025-06-21,2026-06-21,258862,12334,monthly,active
P002431,C02458,A0040,property,property_allrisk,2025-04-12,2026-04-12,15838371,111520,annual,active
P002432,C01232,A0010,motor,motor_compulsory,2023-09-14,2024-09-13,1992790,60358,quarterly,active
P002433,C01898,A0011,motor,motor_compulsory,2024-01-01,2024-12-31,1885693,63420,monthly,active
P002434,C01288,A0050,property,property_allrisk,2023-03-31,2024-03-30,16843699,143896,quarterly,active
P002435,C02153,A0014,motor,motor_voluntary,2024-04-22,2025-04-22,2038334,84627,monthly,active
P002436,C02650,A0017,motor,motor_voluntary,2025-12-10,2026-12-10,2449787,97972,quarterly,active
P002437,C01477,A0026,motor,motor_compulsory,2025-06-01,2026-06-01,983143,36268,quarterly,active
P002438,C02375,A0011,motor,motor_voluntary,2023-06-12,2024-06-11,1509278,39276,quarterly,lapsed
P002439,C01753,A0027,motor,motor_voluntary,2024-01-18,2025-01-17,1733573,34882,quarterly,active
P002440,C02321,A0006,property,property_flood,2023-09-12,2024-09-11,2220563,18362,monthly,active
P002441,C01274,A0047,motor,motor_voluntary,2026-04-29,2027-04-29,2002248,63605,monthly,active
P002442,C02011,A0047,motor,motor_voluntary,2024-07-04,2025-07-04,2190492,101973,quarterly,active
P002443,C02925,A0009,property,property_flood,2023-01-09,2024-01-09,6243581,63931,quarterly,active
P002444,C01530,A0050,motor,motor_compulsory,2023-02-26,2024-02-26,1028398,22311,quarterly,cancelled
P002445,C01655,A0049,motor,motor_voluntary,2023-05-02,2024-05-01,392304,16666,monthly,active
P002446,C00092,A0027,property,property_allrisk,2022-05-31,2023-05-31,4127492,20309,quarterly,active
P002447,C01256,A0049,motor,motor_compulsory,2024-05-02,2025-05-02,1963818,92779,annual,active
P002448,C01166,A0032,motor,motor_voluntary,2022-11-24,2023-11-24,2007979,80743,quarterly,cancelled
P002449,C02348,A0023,motor,motor_compulsory,2023-06-05,2024-06-04,533581,11979,monthly,active
P002450,C02298,A0032,property,property_flood,2024-12-04,2025-12-04,19034992,180653,quarterly,active
P002451,C00671,A0034,motor,motor_voluntary,2023-05-23,2024-05-22,448866,12482,annual,lapsed
P002452,C02985,A0015,property,property_fire,2023-07-22,2024-07-21,8664298,29871,monthly,lapsed
P002453,C02636,A0050,property,property_fire,2025-10-10,2026-10-10,5492903,46293,quarterly,active
P002454,C02044,A0045,motor,motor_voluntary,2025-07-24,2026-07-24,1496386,45417,annual,lapsed
P002455,C02607,A0041,property,property_flood,2025-08-25,2026-08-25,2804978,15860,quarterly,active
P002456,C02306,A0001,property,property_flood,2024-03-03,2025-03-03,17133862,74584,quarterly,active
P002457,C00712,A0040,motor,motor_voluntary,2026-03-18,2027-03-18,291365,6108,annual,active
P002458,C01736,A0023,motor,motor_voluntary,2022-05-12,2023-05-12,476941,14965,annual,active
P002459,C01403,A0042,motor,motor_compulsory,2023-08-30,2024-08-29,411026,20150,quarterly,active
P002460,C02780,A0023,motor,motor_voluntary,2025-12-18,2026-12-18,1716914,73845,quarterly,active
P002461,C02936,A0030,motor,motor_voluntary,2022-09-29,2023-09-29,818185,40759,annual,active
P002462,C01347,A0040,motor,motor_voluntary,2024-01-22,2025-01-21,1938136,88378,annual,active
P002463,C01936,A0014,motor,motor_compulsory,2024-07-05,2025-07-05,2086597,75527,annual,active
P002464,C00748,A0026,property,property_fire,2023-05-31,2024-05-30,6236061,48063,quarterly,active
P002465,C02070,A0038,motor,motor_voluntary,2023-05-23,2024-05-22,2342725,52387,monthly,cancelled
P002466,C00103,A0040,property,property_flood,2023-04-30,2024-04-29,16291749,56477,quarterly,active
P002467,C01818,A0026,property,property_flood,2023-09-24,2024-09-23,1669756,14603,monthly,active
P002468,C02032,A0039,property,property_flood,2024-11-16,2025-11-16,7783285,32456,annual,active
P002469,C02043,A0032,motor,motor_compulsory,2024-05-09,2025-05-09,368162,12678,annual,lapsed
P002470,C02127,A0020,motor,motor_voluntary,2024-02-04,2025-02-03,2023088,91188,quarterly,active
P002471,C02942,A0037,motor,motor_voluntary,2025-11-04,2026-11-04,2487352,100013,monthly,active
P002472,C00429,A0021,motor,motor_compulsory,2024-04-02,2025-04-02,815754,34482,annual,lapsed
P002473,C02024,A0007,property,property_allrisk,2024-08-04,2025-08-04,6568255,48178,quarterly,active
P002474,C00933,A0005,motor,motor_voluntary,2023-05-25,2024-05-24,1009782,49313,annual,active
P002475,C01733,A0048,motor,motor_compulsory,2025-02-23,2026-02-23,2276615,68034,monthly,active
P002476,C00178,A0011,property,property_allrisk,2022-01-21,2023-01-21,13105608,113678,quarterly,active
P002477,C01901,A0004,motor,motor_compulsory,2025-12-04,2026-12-04,1696427,79111,monthly,active
P002478,C00792,A0007,motor,motor_voluntary,2023-04-20,2024-04-19,1565612,41988,annual,active
P002479,C02991,A0036,property,property_allrisk,2025-02-23,2026-02-23,8239897,90507,quarterly,active
P002480,C02112,A0044,motor,motor_voluntary,2025-02-27,2026-02-27,2288509,65473,annual,active
P002481,C00846,A0035,motor,motor_voluntary,2022-09-24,2023-09-24,572655,12770,quarterly,active
P002482,C02667,A0020,motor,motor_voluntary,2024-01-30,2025-01-29,2064254,61422,quarterly,active
P002483,C02780,A0037,motor,motor_compulsory,2026-03-02,2027-03-02,682520,25807,annual,active
P002484,C02936,A0010,motor,motor_compulsory,2023-01-13,2024-01-13,1049380,38392,quarterly,lapsed
P002485,C01358,A0001,motor,motor_voluntary,2024-04-13,2025-04-13,1687919,56568,annual,active
P002486,C00486,A0002,motor,motor_compulsory,2023-11-16,2024-11-15,660568,30961,monthly,active
P002487,C01122,A0018,motor,motor_compulsory,2023-02-08,2024-02-08,2099730,50220,annual,active
P002488,C00040,A0006,motor,motor_compulsory,2025-04-04,2026-04-04,523683,20202,annual,active
P002489,C00760,A0026,motor,motor_compulsory,2023-01-04,2024-01-04,1183944,33343,annual,active
P002490,C01618,A0024,motor,motor_compulsory,2025-08-03,2026-08-03,1787502,72986,annual,lapsed
P002491,C00241,A0022,motor,motor_voluntary,2025-09-03,2026-09-03,784131,29513,monthly,active
P002492,C01217,A0028,motor,motor_compulsory,2022-02-25,2023-02-25,288130,12610,annual,active
P002493,C01370,A0015,motor,motor_compulsory,2025-05-06,2026-05-06,2235202,87383,quarterly,lapsed
P002494,C02011,A0046,motor,motor_voluntary,2023-09-03,2024-09-02,1550472,40490,annual,active
P002495,C01548,A0008,motor,motor_compulsory,2023-05-08,2024-05-07,824669,30812,quarterly,active
P002496,C02474,A0004,property,property_allrisk,2023-04-14,2024-04-13,4743102,50881,monthly,active
P002497,C02352,A0041,motor,motor_compulsory,2022-05-03,2023-05-03,441925,13235,annual,active
P002498,C00133,A0037,motor,motor_compulsory,2026-03-24,2027-03-24,1050318,24280,annual,active
P002499,C00613,A0039,motor,motor_voluntary,2025-05-10,2026-05-10,2134353,60048,annual,lapsed
P002500,C02083,A0033,motor,motor_compulsory,2025-08-18,2026-08-18,2469351,87692,monthly,active
P002501,C02204,A0044,motor,motor_voluntary,2025-04-05,2026-04-05,2109537,64227,quarterly,active
P002502,C00147,A0037,property,property_allrisk,2024-01-19,2025-01-18,9510599,107330,annual,active
P002503,C00474,A0013,motor,motor_compulsory,2024-11-12,2025-11-12,1279376,44322,monthly,active
P002504,C02138,A0005,motor,motor_voluntary,2024-11-01,2025-11-01,568464,12488,quarterly,active
P002505,C02495,A0042,motor,motor_voluntary,2024-08-24,2025-08-24,2442735,62229,monthly,active
P002506,C00687,A0043,motor,motor_compulsory,2022-10-13,2023-10-13,534407,17423,monthly,active
P002507,C00913,A0008,motor,motor_compulsory,2025-08-18,2026-08-18,1912589,74898,annual,active
P002508,C02377,A0002,property,property_fire,2023-06-02,2024-06-01,13233215,52348,monthly,active
P002509,C01422,A0044,motor,motor_compulsory,2022-09-26,2023-09-26,401993,11704,annual,active
P002510,C00382,A0046,motor,motor_voluntary,2023-11-15,2024-11-14,1134234,43653,annual,active
P002511,C02051,A0028,property,property_flood,2025-12-31,2026-12-31,6386635,44106,annual,active
P002512,C02617,A0028,motor,motor_compulsory,2024-08-19,2025-08-19,2392095,53052,annual,active
P002513,C00009,A0027,motor,motor_voluntary,2023-11-08,2024-11-07,2200294,94122,quarterly,active
P002514,C02779,A0001,motor,motor_voluntary,2024-12-06,2025-12-06,1635652,69043,quarterly,active
P002515,C01984,A0012,motor,motor_compulsory,2026-04-22,2027-04-22,2232255,92305,quarterly,active
P002516,C02130,A0027,property,property_fire,2023-06-21,2024-06-20,8733380,30815,monthly,active
P002517,C01918,A0027,motor,motor_compulsory,2024-09-27,2025-09-27,946893,40901,quarterly,active
P002518,C00742,A0024,motor,motor_voluntary,2024-12-10,2025-12-10,1334478,50301,monthly,lapsed
P002519,C00549,A0010,motor,motor_voluntary,2022-09-26,2023-09-26,547079,11106,quarterly,lapsed
P002520,C00678,A0028,property,property_allrisk,2024-11-01,2025-11-01,16887187,59000,annual,lapsed
P002521,C00988,A0034,motor,motor_compulsory,2024-03-17,2025-03-17,1754958,48994,annual,active
P002522,C00409,A0044,motor,motor_voluntary,2024-11-25,2025-11-25,1514283,59721,quarterly,active
P002523,C01018,A0011,property,property_fire,2025-01-12,2026-01-12,8070625,69432,monthly,active
P002524,C00684,A0021,motor,motor_voluntary,2023-04-19,2024-04-18,2314936,98946,monthly,active
P002525,C00838,A0037,motor,motor_voluntary,2024-05-29,2025-05-29,817432,23184,quarterly,active
P002526,C00913,A0024,property,property_allrisk,2022-01-07,2023-01-07,15510645,92025,monthly,active
P002527,C00700,A0040,motor,motor_compulsory,2022-11-09,2023-11-09,1566067,67558,quarterly,active
P002528,C00737,A0037,motor,motor_voluntary,2025-01-18,2026-01-18,2378487,74616,monthly,active
P002529,C02621,A0024,property,property_flood,2025-05-26,2026-05-26,16160139,51868,annual,active
P002530,C02771,A0009,property,property_flood,2022-12-27,2023-12-27,8300965,53331,quarterly,active
P002531,C00346,A0024,motor,motor_voluntary,2025-07-31,2026-07-31,546847,26882,monthly,active
P002532,C01170,A0029,property,property_flood,2024-03-16,2025-03-16,16073890,156324,quarterly,active
P002533,C01801,A0038,property,property_allrisk,2023-05-15,2024-05-14,19281128,146226,annual,active
P002534,C02390,A0036,motor,motor_voluntary,2022-07-08,2023-07-08,2402067,50277,annual,active
P002535,C01599,A0022,property,property_fire,2024-04-01,2025-04-01,6034347,53660,quarterly,lapsed
P002536,C01181,A0022,motor,motor_compulsory,2025-09-23,2026-09-23,1018951,43594,monthly,active
P002537,C02691,A0014,motor,motor_compulsory,2023-07-09,2024-07-08,1808302,44557,quarterly,cancelled
P002538,C01584,A0008,property,property_allrisk,2023-09-27,2024-09-26,10020356,102206,monthly,active
P002539,C02428,A0042,motor,motor_compulsory,2024-01-17,2025-01-16,515293,18947,monthly,active
P002540,C02125,A0047,motor,motor_compulsory,2025-02-26,2026-02-26,1625514,36130,monthly,active
P002541,C00061,A0020,motor,motor_voluntary,2026-04-07,2027-04-07,1798591,43833,annual,active
P002542,C02667,A0013,motor,motor_compulsory,2023-08-05,2024-08-04,2277711,99877,annual,active
P002543,C00142,A0044,motor,motor_compulsory,2025-04-30,2026-04-30,1596933,63143,annual,active
P002544,C02386,A0044,motor,motor_compulsory,2023-06-26,2024-06-25,507518,12284,monthly,active
P002545,C00408,A0019,motor,motor_compulsory,2023-07-07,2024-07-06,330242,11808,annual,active
P002546,C01367,A0036,property,property_fire,2025-04-27,2026-04-27,14430295,46624,annual,active
P002547,C00712,A0028,motor,motor_compulsory,2022-04-26,2023-04-26,1340830,35240,annual,lapsed
P002548,C00298,A0046,property,property_allrisk,2026-02-18,2027-02-18,14981390,73584,annual,active
P002549,C02422,A0031,motor,motor_voluntary,2024-08-31,2025-08-31,1476870,39857,annual,active
P002550,C00135,A0005,property,property_allrisk,2023-07-23,2024-07-22,13609766,103618,annual,active
P002551,C00936,A0007,property,property_allrisk,2023-07-07,2024-07-06,10370864,74295,monthly,active
P002552,C00235,A0009,motor,motor_compulsory,2025-06-21,2026-06-21,1696548,65441,annual,active
P002553,C01264,A0012,motor,motor_voluntary,2023-08-21,2024-08-20,502687,17433,annual,active
P002554,C00326,A0035,motor,motor_voluntary,2025-12-13,2026-12-13,2271692,103771,quarterly,active
P002555,C01410,A0009,motor,motor_voluntary,2023-02-19,2024-02-19,301401,9775,quarterly,active
P002556,C00397,A0003,motor,motor_compulsory,2023-08-12,2024-08-11,575100,21046,monthly,active
P002557,C01626,A0041,property,property_fire,2024-01-06,2025-01-05,16424423,138255,monthly,active
P002558,C02318,A0042,motor,motor_voluntary,2025-07-08,2026-07-08,515250,13633,annual,active
P002559,C02886,A0016,property,property_fire,2024-07-21,2025-07-21,11460127,34884,quarterly,active
P002560,C01493,A0004,motor,motor_compulsory,2023-10-10,2024-10-09,2277569,55310,annual,active
P002561,C01438,A0015,property,property_flood,2024-02-24,2025-02-23,1241613,8573,monthly,lapsed
P002562,C01334,A0005,property,property_allrisk,2025-04-03,2026-04-03,1913432,7669,monthly,active
P002563,C02987,A0022,motor,motor_compulsory,2023-01-07,2024-01-07,1784885,85943,monthly,active
P002564,C00614,A0019,motor,motor_voluntary,2023-08-24,2024-08-23,322969,12192,monthly,lapsed
P002565,C02308,A0004,motor,motor_voluntary,2025-05-09,2026-05-09,1045304,31504,monthly,active
P002566,C02479,A0007,property,property_fire,2025-01-11,2026-01-11,18363682,213081,annual,active
P002567,C01545,A0032,motor,motor_voluntary,2023-02-06,2024-02-06,248922,5185,quarterly,active
P002568,C00073,A0015,motor,motor_compulsory,2023-01-07,2024-01-07,2005751,71375,annual,active
P002569,C02634,A0011,motor,motor_compulsory,2024-08-17,2025-08-17,1713113,60517,monthly,active
P002570,C00431,A0039,motor,motor_voluntary,2023-01-20,2024-01-20,289156,7001,annual,cancelled
P002571,C00133,A0030,motor,motor_voluntary,2023-05-14,2024-05-13,1902752,80531,quarterly,active
P002572,C00086,A0018,motor,motor_voluntary,2025-08-03,2026-08-03,1835287,81565,quarterly,active
P002573,C00804,A0047,motor,motor_compulsory,2025-11-21,2026-11-21,868949,34633,annual,active
P002574,C00675,A0001,motor,motor_compulsory,2026-02-16,2027-02-16,1982478,71642,monthly,active
P002575,C01571,A0044,property,property_allrisk,2023-06-14,2024-06-13,19646524,232059,quarterly,lapsed
P002576,C02912,A0048,motor,motor_compulsory,2024-03-15,2025-03-15,1779552,75742,quarterly,active
P002577,C01509,A0023,motor,motor_compulsory,2023-05-12,2024-05-11,1439140,43337,monthly,active
P002578,C01434,A0020,property,property_fire,2023-02-07,2024-02-07,2669014,11493,quarterly,active
P002579,C02431,A0017,motor,motor_compulsory,2023-04-05,2024-04-04,1981427,93797,monthly,active
P002580,C01070,A0021,motor,motor_voluntary,2023-02-20,2024-02-20,359472,17476,monthly,lapsed
P002581,C00812,A0027,motor,motor_voluntary,2024-08-31,2025-08-31,1307784,54002,monthly,active
P002582,C01375,A0021,motor,motor_voluntary,2022-06-27,2023-06-27,2263531,49293,monthly,active
P002583,C00765,A0035,motor,motor_voluntary,2023-07-11,2024-07-10,989399,27345,monthly,active
P002584,C00395,A0025,property,property_allrisk,2025-10-04,2026-10-04,11038433,125120,monthly,active
P002585,C01826,A0013,property,property_allrisk,2022-06-18,2023-06-18,2213736,13634,annual,active
P002586,C02708,A0023,motor,motor_compulsory,2023-08-23,2024-08-22,633367,13167,quarterly,active
P002587,C01965,A0025,property,property_fire,2022-10-12,2023-10-12,3043694,30537,quarterly,active
P002588,C00238,A0048,motor,motor_compulsory,2023-04-08,2024-04-07,1803962,45256,annual,lapsed
P002589,C01920,A0001,motor,motor_compulsory,2026-03-20,2027-03-20,1239404,54321,annual,active
P002590,C00439,A0017,motor,motor_voluntary,2022-12-19,2023-12-19,2358562,77733,monthly,active
P002591,C02755,A0047,motor,motor_voluntary,2022-07-10,2023-07-10,1551967,62861,annual,lapsed
P002592,C02168,A0003,property,property_allrisk,2023-09-08,2024-09-07,19938763,80959,quarterly,active
P002593,C00062,A0047,motor,motor_voluntary,2023-03-20,2024-03-19,379121,17252,annual,active
P002594,C02611,A0031,motor,motor_voluntary,2022-04-18,2023-04-18,1152094,42466,quarterly,active
P002595,C00072,A0022,property,property_flood,2023-05-14,2024-05-13,5775480,53506,monthly,active
P002596,C01256,A0023,property,property_fire,2024-12-25,2025-12-25,16374587,54282,annual,active
P002597,C01929,A0014,motor,motor_compulsory,2024-05-21,2025-05-21,688036,32123,annual,active
P002598,C02029,A0028,motor,motor_voluntary,2024-10-12,2025-10-12,688411,29705,annual,active
P002599,C02933,A0031,motor,motor_compulsory,2024-01-04,2025-01-03,885764,32681,monthly,active
P002600,C00323,A0037,motor,motor_compulsory,2024-06-01,2025-06-01,1157819,40142,annual,active
P002601,C01088,A0005,property,property_allrisk,2024-10-19,2025-10-19,14726133,97921,annual,cancelled
P002602,C00616,A0037,motor,motor_voluntary,2025-03-24,2026-03-24,288320,13488,annual,lapsed
P002603,C02389,A0007,motor,motor_voluntary,2024-12-26,2025-12-26,2009650,42206,quarterly,active
P002604,C01026,A0047,property,property_fire,2024-05-01,2025-05-01,9993465,46717,annual,active
P002605,C01077,A0013,motor,motor_voluntary,2024-03-22,2025-03-22,2440231,52117,quarterly,active
P002606,C00510,A0005,motor,motor_compulsory,2025-06-14,2026-06-14,2219752,92058,monthly,active
P002607,C02207,A0031,property,property_allrisk,2022-07-29,2023-07-29,16477530,106045,monthly,active
P002608,C01711,A0020,property,property_allrisk,2024-10-24,2025-10-24,5061496,27965,quarterly,active
P002609,C00722,A0026,property,property_fire,2025-03-22,2026-03-22,3154565,27972,quarterly,active
P002610,C02248,A0013,motor,motor_voluntary,2025-12-06,2026-12-06,257857,9376,monthly,active
P002611,C00041,A0034,motor,motor_compulsory,2023-08-02,2024-08-01,2187775,77038,annual,lapsed
P002612,C02749,A0009,property,property_flood,2025-11-06,2026-11-06,9878582,109391,quarterly,active
P002613,C01075,A0045,motor,motor_compulsory,2023-12-16,2024-12-15,974198,35726,quarterly,active
P002614,C02311,A0013,motor,motor_compulsory,2025-06-07,2026-06-07,1112387,47747,annual,active
P002615,C00826,A0034,motor,motor_voluntary,2023-10-01,2024-09-30,996855,33437,annual,active
P002616,C00942,A0018,property,property_allrisk,2023-10-20,2024-10-19,12387128,37914,annual,active
P002617,C00810,A0036,motor,motor_voluntary,2022-07-09,2023-07-09,1885443,53898,annual,active
P002618,C00539,A0045,property,property_flood,2024-04-23,2025-04-23,4213157,20354,monthly,active
P002619,C02820,A0033,motor,motor_voluntary,2024-03-01,2025-03-01,515381,15932,annual,active
P002620,C01001,A0033,motor,motor_voluntary,2022-02-22,2023-02-22,570661,14838,quarterly,active
P002621,C00059,A0031,motor,motor_compulsory,2023-05-20,2024-05-19,2385668,80283,monthly,active
P002622,C02408,A0006,motor,motor_compulsory,2023-01-08,2024-01-08,2426143,85556,quarterly,active
P002623,C02465,A0042,motor,motor_voluntary,2024-05-13,2025-05-13,928273,33355,annual,active
P002624,C01836,A0042,motor,motor_voluntary,2023-11-14,2024-11-13,442696,19174,annual,active
P002625,C02116,A0047,motor,motor_compulsory,2024-03-03,2025-03-03,1661177,45678,monthly,active
P002626,C02782,A0006,motor,motor_voluntary,2024-09-07,2025-09-07,379254,12576,quarterly,active
P002627,C02782,A0037,motor,motor_voluntary,2025-03-07,2026-03-07,1169718,58254,quarterly,active
P002628,C00004,A0017,motor,motor_voluntary,2023-06-08,2024-06-07,555057,15712,quarterly,active
P002629,C02247,A0029,motor,motor_voluntary,2024-02-17,2025-02-16,355811,17654,quarterly,active
P002630,C01744,A0045,motor,motor_compulsory,2025-07-07,2026-07-07,979383,25877,monthly,cancelled
P002631,C01704,A0049,motor,motor_voluntary,2025-07-29,2026-07-29,744982,32729,monthly,active
P002632,C00202,A0028,motor,motor_compulsory,2025-04-14,2026-04-14,477945,19680,quarterly,lapsed
P002633,C01701,A0026,property,property_allrisk,2026-04-30,2027-04-30,3498228,32471,annual,active
P002634,C02078,A0018,motor,motor_voluntary,2025-01-30,2026-01-30,2194925,92713,quarterly,active
P002635,C00566,A0045,motor,motor_compulsory,2025-10-12,2026-10-12,2099544,72328,annual,active
P002636,C02102,A0045,motor,motor_compulsory,2023-05-31,2024-05-30,2318549,62627,monthly,active
P002637,C01546,A0003,motor,motor_compulsory,2023-09-27,2024-09-26,2470488,114347,quarterly,lapsed
P002638,C02624,A0004,motor,motor_compulsory,2024-12-20,2025-12-20,1560608,31415,monthly,active
P002639,C02239,A0005,motor,motor_compulsory,2024-11-12,2025-11-12,2368606,59669,quarterly,active
P002640,C00663,A0038,property,property_flood,2025-06-16,2026-06-16,1113002,12980,quarterly,active
P002641,C02249,A0001,motor,motor_voluntary,2022-06-10,2023-06-10,1475153,38967,annual,active
P002642,C00417,A0040,property,property_allrisk,2023-02-01,2024-02-01,11704587,125558,annual,active
P002643,C00328,A0016,motor,motor_voluntary,2024-03-20,2025-03-20,2280489,103622,monthly,active
P002644,C00176,A0005,motor,motor_voluntary,2025-01-21,2026-01-21,898217,36186,quarterly,active
P002645,C00609,A0036,motor,motor_compulsory,2024-09-09,2025-09-09,1730450,51187,monthly,active
P002646,C01382,A0021,property,property_flood,2023-01-07,2024-01-07,17623196,159080,quarterly,active
P002647,C01555,A0008,motor,motor_compulsory,2022-01-30,2023-01-30,685691,14758,quarterly,active
P002648,C01663,A0002,property,property_flood,2024-02-01,2025-01-31,3242731,28989,annual,active
P002649,C00347,A0019,motor,motor_compulsory,2025-08-06,2026-08-06,1770872,55424,monthly,active
P002650,C01611,A0002,motor,motor_compulsory,2024-11-11,2025-11-11,2093937,62491,quarterly,active
P002651,C02580,A0020,motor,motor_compulsory,2023-06-22,2024-06-21,957736,31162,annual,active
P002652,C02974,A0044,property,property_allrisk,2023-04-13,2024-04-12,14430362,92274,monthly,active
P002653,C01717,A0015,motor,motor_compulsory,2023-10-17,2024-10-16,2370671,86954,quarterly,active
P002654,C01844,A0040,motor,motor_compulsory,2023-08-01,2024-07-31,1599405,37040,monthly,lapsed
P002655,C00348,A0013,property,property_fire,2022-03-13,2023-03-13,7988983,87180,quarterly,active
P002656,C00168,A0031,property,property_flood,2025-06-19,2026-06-19,11856268,70820,monthly,active
P002657,C01717,A0023,motor,motor_compulsory,2023-10-19,2024-10-18,2234713,53484,quarterly,active
P002658,C00406,A0016,property,property_fire,2024-03-17,2025-03-17,15833087,146932,quarterly,active
P002659,C02637,A0013,motor,motor_compulsory,2025-01-09,2026-01-09,1792348,89443,annual,active
P002660,C02414,A0027,motor,motor_voluntary,2025-02-23,2026-02-23,1337955,61690,quarterly,active
P002661,C01082,A0043,motor,motor_compulsory,2023-03-03,2024-03-02,696060,30815,monthly,active
P002662,C00567,A0025,property,property_flood,2024-02-21,2025-02-20,10322439,114779,annual,active
P002663,C02237,A0034,motor,motor_compulsory,2025-03-06,2026-03-06,707855,19159,quarterly,active
P002664,C01737,A0015,property,property_flood,2023-01-17,2024-01-17,14114684,118883,annual,active
P002665,C02969,A0040,property,property_allrisk,2024-05-05,2025-05-05,5100416,40053,quarterly,active
P002666,C01484,A0020,motor,motor_compulsory,2022-02-24,2023-02-24,1420668,39512,quarterly,active
P002667,C02660,A0011,motor,motor_voluntary,2022-12-09,2023-12-09,2215039,81561,annual,active
P002668,C00508,A0017,motor,motor_voluntary,2023-07-05,2024-07-04,2114170,62427,quarterly,active
P002669,C01287,A0027,property,property_fire,2026-02-18,2027-02-18,16060369,127121,annual,active
P002670,C02192,A0032,property,property_flood,2023-02-08,2024-02-08,4863778,44181,quarterly,active
P002671,C00883,A0039,motor,motor_compulsory,2024-01-27,2025-01-26,1702519,35552,annual,active
P002672,C01959,A0045,motor,motor_compulsory,2025-07-14,2026-07-14,1851254,90808,quarterly,lapsed
P002673,C01652,A0012,property,property_allrisk,2025-09-08,2026-09-08,9215060,35274,quarterly,active
P002674,C02301,A0026,motor,motor_compulsory,2025-04-06,2026-04-06,2412578,78010,monthly,active
P002675,C01242,A0044,property,property_fire,2024-03-29,2025-03-29,9113130,28188,annual,active
P002676,C01134,A0037,motor,motor_compulsory,2025-04-04,2026-04-04,314193,12033,quarterly,active
P002677,C01052,A0037,motor,motor_compulsory,2024-07-04,2025-07-04,1143709,36397,annual,active
P002678,C02216,A0042,motor,motor_voluntary,2025-08-10,2026-08-10,753463,17531,monthly,active
P002679,C00670,A0035,property,property_flood,2024-05-26,2025-05-26,6926832,74645,monthly,lapsed
P002680,C01184,A0041,property,property_flood,2023-01-30,2024-01-30,6466003,67281,quarterly,active
P002681,C00895,A0013,motor,motor_compulsory,2023-03-20,2024-03-19,1956432,74266,monthly,active
P002682,C00504,A0021,property,property_allrisk,2023-01-30,2024-01-30,5463842,56033,annual,lapsed
P002683,C02670,A0012,motor,motor_compulsory,2025-11-25,2026-11-25,809815,27424,quarterly,lapsed
P002684,C01273,A0010,motor,motor_voluntary,2024-11-04,2025-11-04,1212961,32490,monthly,lapsed
P002685,C01697,A0046,motor,motor_compulsory,2025-07-05,2026-07-05,1275829,56003,annual,active
P002686,C02190,A0020,property,property_flood,2022-01-15,2023-01-15,13213788,45950,monthly,active
P002687,C01048,A0041,motor,motor_compulsory,2025-04-15,2026-04-15,1230640,49288,quarterly,active
P002688,C00903,A0049,motor,motor_compulsory,2023-11-06,2024-11-05,1380456,45395,annual,active
P002689,C02466,A0049,motor,motor_compulsory,2023-11-23,2024-11-22,2108245,84883,annual,active
P002690,C02624,A0017,motor,motor_voluntary,2024-11-14,2025-11-14,1458611,58912,monthly,active
P002691,C02649,A0001,motor,motor_compulsory,2025-12-27,2026-12-27,725847,32577,quarterly,active
P002692,C01365,A0005,motor,motor_voluntary,2023-12-30,2024-12-29,1240437,53915,monthly,active
P002693,C01300,A0002,property,property_allrisk,2024-07-13,2025-07-13,2455169,17600,quarterly,active
P002694,C01104,A0027,motor,motor_voluntary,2024-12-09,2025-12-09,1292349,27854,annual,active
P002695,C00446,A0007,motor,motor_voluntary,2023-02-17,2024-02-17,449378,14400,annual,active
P002696,C00977,A0001,property,property_flood,2023-03-27,2024-03-26,12703054,126289,monthly,active
P002697,C02241,A0002,motor,motor_compulsory,2024-05-03,2025-05-03,1787899,52351,annual,active
P002698,C00864,A0007,motor,motor_voluntary,2023-12-04,2024-12-03,456613,17138,annual,active
P002699,C00774,A0038,motor,motor_voluntary,2024-05-22,2025-05-22,2180438,80253,monthly,active
P002700,C00652,A0025,property,property_fire,2024-03-04,2025-03-04,10112269,88039,monthly,active
P002701,C02969,A0025,motor,motor_compulsory,2025-01-23,2026-01-23,1728006,74423,monthly,lapsed
P002702,C02833,A0015,property,property_allrisk,2024-12-07,2025-12-07,17704259,112301,monthly,active
P002703,C02210,A0033,motor,motor_compulsory,2026-03-30,2027-03-30,1070405,23708,annual,active
P002704,C00062,A0044,motor,motor_compulsory,2024-01-18,2025-01-17,2494054,82794,annual,active
P002705,C00292,A0036,motor,motor_voluntary,2025-07-01,2026-07-01,2338004,63751,annual,active
P002706,C01399,A0027,motor,motor_compulsory,2023-02-06,2024-02-06,2392068,68825,monthly,active
P002707,C02189,A0041,motor,motor_compulsory,2024-03-04,2025-03-04,2161919,43468,annual,active
P002708,C00542,A0003,motor,motor_compulsory,2026-04-02,2027-04-02,1576608,34060,quarterly,active
P002709,C01178,A0014,motor,motor_voluntary,2026-04-13,2027-04-13,391451,10789,annual,lapsed
P002710,C02515,A0011,motor,motor_compulsory,2024-05-29,2025-05-29,1289268,61353,monthly,active
P002711,C00331,A0035,motor,motor_compulsory,2022-04-14,2023-04-14,1327915,27077,annual,active
P002712,C02001,A0012,motor,motor_voluntary,2023-04-29,2024-04-28,706640,15565,annual,active
P002713,C00339,A0041,motor,motor_voluntary,2024-06-01,2025-06-01,1855848,71545,quarterly,lapsed
P002714,C01420,A0012,motor,motor_compulsory,2023-03-01,2024-02-29,1351700,46637,quarterly,active
P002715,C02805,A0049,motor,motor_compulsory,2023-02-21,2024-02-21,766978,38087,monthly,active
P002716,C00732,A0006,motor,motor_voluntary,2023-06-13,2024-06-12,515559,21702,quarterly,active
P002717,C01547,A0046,motor,motor_voluntary,2024-04-06,2025-04-06,449204,20292,annual,active
P002718,C00395,A0026,motor,motor_voluntary,2024-05-27,2025-05-27,1784560,36986,quarterly,active
P002719,C00157,A0025,motor,motor_voluntary,2024-05-31,2025-05-31,1461216,45969,monthly,active
P002720,C02178,A0040,property,property_fire,2024-04-30,2025-04-30,15430372,109370,monthly,active
P002721,C00105,A0033,motor,motor_voluntary,2023-05-03,2024-05-02,2479117,58349,annual,active
P002722,C01112,A0030,motor,motor_voluntary,2022-12-20,2023-12-20,639279,25353,annual,active
P002723,C02428,A0002,property,property_allrisk,2025-01-28,2026-01-28,12107934,95097,monthly,active
P002724,C01145,A0050,property,property_fire,2024-10-17,2025-10-17,14370271,124387,quarterly,active
P002725,C01979,A0034,property,property_fire,2026-04-10,2027-04-10,1695561,17574,quarterly,active
P002726,C00877,A0013,motor,motor_compulsory,2023-03-30,2024-03-29,1519060,37774,quarterly,active
P002727,C00133,A0001,property,property_fire,2024-03-17,2025-03-17,9849587,83788,monthly,active
P002728,C02524,A0028,motor,motor_compulsory,2025-07-03,2026-07-03,1665967,50189,quarterly,active
P002729,C00578,A0041,property,property_fire,2023-10-13,2024-10-12,15240067,74636,monthly,active
P002730,C01591,A0015,motor,motor_compulsory,2025-08-30,2026-08-30,2326332,57962,annual,active
P002731,C01058,A0036,motor,motor_voluntary,2023-04-19,2024-04-18,2482048,106728,annual,active
P002732,C00324,A0007,property,property_fire,2025-11-21,2026-11-21,18960555,208589,monthly,lapsed
P002733,C01903,A0031,property,property_flood,2022-11-23,2023-11-23,1694509,9698,monthly,active
P002734,C02175,A0007,motor,motor_voluntary,2025-04-08,2026-04-08,2067397,47985,annual,active
P002735,C01714,A0031,property,property_allrisk,2022-12-08,2023-12-08,15391820,181124,monthly,active
P002736,C02188,A0027,property,property_allrisk,2025-07-14,2026-07-14,4843523,17699,annual,lapsed
P002737,C01434,A0039,motor,motor_compulsory,2023-04-30,2024-04-29,1958186,97445,quarterly,lapsed
P002738,C01301,A0030,motor,motor_compulsory,2024-08-20,2025-08-20,1002917,39187,quarterly,active
P002739,C00363,A0025,property,property_flood,2024-03-28,2025-03-28,17485721,165363,annual,active
P002740,C00124,A0007,property,property_fire,2024-05-25,2025-05-25,8534769,81304,quarterly,active
P002741,C00315,A0023,motor,motor_voluntary,2023-05-07,2024-05-06,1680329,69522,annual,active
P002742,C01998,A0032,property,property_fire,2022-03-01,2023-03-01,13749984,131388,monthly,active
P002743,C02889,A0023,motor,motor_compulsory,2025-01-10,2026-01-10,515838,21180,annual,active
P002744,C00515,A0049,motor,motor_voluntary,2025-10-31,2026-10-31,1165125,51417,annual,active
P002745,C01315,A0047,property,property_flood,2026-01-26,2027-01-26,1580778,10922,annual,active
P002746,C01440,A0006,property,property_allrisk,2023-08-13,2024-08-12,2797495,25050,annual,active
P002747,C02161,A0004,motor,motor_compulsory,2022-09-13,2023-09-13,1039006,29324,annual,active
P002748,C02873,A0017,property,property_flood,2022-05-29,2023-05-29,17736092,123910,monthly,active
P002749,C00085,A0040,property,property_allrisk,2026-01-04,2027-01-04,14007054,60205,quarterly,active
P002750,C01237,A0034,motor,motor_compulsory,2023-06-25,2024-06-24,747285,28457,quarterly,active
P002751,C02280,A0020,motor,motor_voluntary,2023-12-12,2024-12-11,1607605,37179,quarterly,active
P002752,C00767,A0022,motor,motor_voluntary,2025-09-03,2026-09-03,1783882,43162,annual,active
P002753,C02552,A0029,motor,motor_compulsory,2022-09-20,2023-09-20,1849825,91536,annual,active
P002754,C01643,A0040,motor,motor_compulsory,2024-01-08,2025-01-07,1983944,59979,quarterly,active
P002755,C00428,A0016,motor,motor_compulsory,2023-01-15,2024-01-15,681606,22061,quarterly,active
P002756,C00030,A0041,motor,motor_voluntary,2023-10-04,2024-10-03,1446010,43136,monthly,lapsed
P002757,C01719,A0020,motor,motor_compulsory,2025-12-14,2026-12-14,1289748,52219,annual,active
P002758,C02030,A0035,motor,motor_compulsory,2023-04-13,2024-04-12,682476,18273,monthly,active
P002759,C01176,A0049,motor,motor_compulsory,2023-09-19,2024-09-18,2467685,62417,annual,active
P002760,C01996,A0028,motor,motor_compulsory,2025-01-16,2026-01-16,264868,10568,annual,active
P002761,C02687,A0007,property,property_allrisk,2023-10-23,2024-10-22,14669536,58086,monthly,active
P002762,C00326,A0041,motor,motor_compulsory,2026-03-09,2027-03-09,2139765,98281,monthly,active
P002763,C02909,A0001,property,property_flood,2024-10-03,2025-10-03,8895285,101992,annual,active
P002764,C01318,A0025,motor,motor_compulsory,2025-06-25,2026-06-25,2191564,48662,annual,active
P002765,C01847,A0019,motor,motor_compulsory,2023-01-10,2024-01-10,1016360,45560,quarterly,active
P002766,C02204,A0039,motor,motor_compulsory,2023-01-05,2024-01-05,258758,12255,annual,active
P002767,C01335,A0036,motor,motor_voluntary,2023-07-18,2024-07-17,1887603,52556,annual,active
P002768,C02622,A0021,motor,motor_voluntary,2024-05-30,2025-05-30,1228045,41676,annual,lapsed
P002769,C00731,A0027,motor,motor_voluntary,2023-01-30,2024-01-30,2400663,49039,monthly,active
P002770,C02260,A0033,property,property_flood,2022-05-04,2023-05-04,1273455,8004,monthly,lapsed
P002771,C01628,A0034,motor,motor_voluntary,2024-02-04,2025-02-03,200213,4007,annual,active
P002772,C02222,A0005,motor,motor_voluntary,2022-03-14,2023-03-14,848372,18268,quarterly,active
P002773,C01604,A0011,motor,motor_voluntary,2026-04-23,2027-04-23,897524,23472,monthly,lapsed
P002774,C00244,A0029,motor,motor_voluntary,2023-05-19,2024-05-18,1661282,75649,monthly,cancelled
P002775,C02845,A0039,property,property_flood,2023-10-02,2024-10-01,5257671,37272,quarterly,active
P002776,C01255,A0038,property,property_fire,2024-11-11,2025-11-11,19743710,131889,monthly,lapsed
P002777,C02523,A0021,property,property_allrisk,2026-01-12,2027-01-12,7718709,62019,quarterly,active
P002778,C02149,A0033,motor,motor_voluntary,2024-04-15,2025-04-15,790539,34101,quarterly,active
P002779,C02113,A0039,motor,motor_voluntary,2024-06-21,2025-06-21,2361992,93260,monthly,active
P002780,C02860,A0041,property,property_fire,2026-02-10,2027-02-10,1897394,11671,monthly,active
P002781,C02498,A0020,motor,motor_voluntary,2023-04-27,2024-04-26,1340321,55740,monthly,lapsed
P002782,C02081,A0040,motor,motor_compulsory,2024-01-19,2025-01-18,857777,33935,annual,active
P002783,C00291,A0036,property,property_fire,2024-06-23,2025-06-23,10222050,60869,annual,active
P002784,C01982,A0018,property,property_allrisk,2024-11-21,2025-11-21,6426988,48973,annual,active
P002785,C01630,A0023,motor,motor_voluntary,2026-02-05,2027-02-05,931110,30378,annual,active
P002786,C02712,A0002,motor,motor_voluntary,2023-02-13,2024-02-13,2268838,90080,quarterly,active
P002787,C02694,A0043,motor,motor_voluntary,2022-08-04,2023-08-04,536943,19918,quarterly,cancelled
P002788,C00101,A0045,motor,motor_voluntary,2025-02-04,2026-02-04,740426,22142,annual,active
P002789,C00524,A0050,motor,motor_compulsory,2024-11-26,2025-11-26,255627,5123,monthly,active
P002790,C01170,A0031,motor,motor_voluntary,2024-08-23,2025-08-23,1345877,55331,annual,cancelled
P002791,C00570,A0020,motor,motor_voluntary,2023-03-23,2024-03-22,1646840,38672,annual,active
P002792,C01985,A0011,motor,motor_compulsory,2025-01-06,2026-01-06,412304,15933,quarterly,active
P002793,C02811,A0035,motor,motor_compulsory,2024-05-12,2025-05-12,1411504,47627,monthly,cancelled
P002794,C00152,A0046,motor,motor_voluntary,2023-07-13,2024-07-12,2450652,93361,annual,active
P002795,C02069,A0001,property,property_fire,2024-09-21,2025-09-21,9960195,87335,quarterly,active
P002796,C02309,A0031,property,property_fire,2022-11-20,2023-11-20,2528742,23015,quarterly,active
P002797,C01549,A0023,motor,motor_voluntary,2024-01-19,2025-01-18,2014965,100304,quarterly,lapsed
P002798,C01574,A0035,motor,motor_compulsory,2025-11-08,2026-11-08,1655614,40005,quarterly,active
P002799,C01642,A0020,motor,motor_compulsory,2025-10-22,2026-10-22,1812773,50796,annual,active
P002800,C02626,A0017,motor,motor_voluntary,2023-12-26,2024-12-25,388584,8369,quarterly,active
P002801,C02603,A0041,property,property_fire,2025-11-09,2026-11-09,10586976,74135,annual,active
P002802,C00145,A0022,motor,motor_compulsory,2023-08-31,2024-08-30,225388,6445,annual,active
P002803,C00434,A0005,property,property_fire,2025-05-25,2026-05-25,7570818,55580,annual,active
P002804,C02527,A0023,motor,motor_compulsory,2025-06-21,2026-06-21,705942,18308,quarterly,active
P002805,C02653,A0010,motor,motor_voluntary,2023-07-31,2024-07-30,947275,35282,quarterly,active
P002806,C02924,A0045,motor,motor_compulsory,2023-06-15,2024-06-14,2137844,88857,quarterly,lapsed
P002807,C02235,A0040,motor,motor_compulsory,2024-02-01,2025-01-31,1435273,69216,monthly,lapsed
P002808,C01703,A0037,property,property_flood,2022-09-22,2023-09-22,12134727,102326,quarterly,active
P002809,C02386,A0014,motor,motor_voluntary,2025-03-10,2026-03-10,1482477,64141,annual,active
P002810,C01969,A0030,motor,motor_voluntary,2023-07-05,2024-07-04,1839814,71671,quarterly,active
P002811,C01697,A0041,motor,motor_compulsory,2022-03-25,2023-03-25,2395742,96349,quarterly,active
P002812,C01316,A0013,motor,motor_voluntary,2023-03-16,2024-03-15,2074959,93615,annual,active
P002813,C02178,A0049,motor,motor_compulsory,2022-05-24,2023-05-24,283205,8812,quarterly,lapsed
P002814,C02316,A0007,property,property_flood,2025-06-23,2026-06-23,13326295,104475,annual,active
P002815,C02131,A0045,motor,motor_voluntary,2022-08-03,2023-08-03,1152730,24256,annual,active
P002816,C01343,A0038,motor,motor_compulsory,2024-04-28,2025-04-28,657653,16527,annual,cancelled
P002817,C01424,A0021,motor,motor_voluntary,2023-04-25,2024-04-24,1750971,71424,quarterly,active
P002818,C01160,A0039,motor,motor_voluntary,2022-08-01,2023-08-01,1807298,90029,monthly,active
P002819,C02597,A0003,motor,motor_compulsory,2022-04-13,2023-04-13,1043733,25064,monthly,active
P002820,C01589,A0015,motor,motor_voluntary,2023-01-06,2024-01-06,386527,18889,quarterly,lapsed
P002821,C00853,A0016,motor,motor_voluntary,2024-02-05,2025-02-04,1373712,55486,annual,active
P002822,C02029,A0003,motor,motor_compulsory,2024-01-03,2025-01-02,509692,21055,monthly,active
P002823,C00933,A0023,motor,motor_voluntary,2023-10-18,2024-10-17,1709893,71187,monthly,cancelled
P002824,C02700,A0020,motor,motor_voluntary,2024-01-18,2025-01-17,1799400,85812,annual,active
P002825,C01368,A0019,motor,motor_compulsory,2023-10-18,2024-10-17,415132,16192,annual,cancelled
P002826,C00972,A0003,motor,motor_voluntary,2024-10-16,2025-10-16,1275712,26874,quarterly,lapsed
P002827,C02476,A0009,property,property_fire,2023-11-03,2024-11-02,8572786,72999,quarterly,active
P002828,C01716,A0036,motor,motor_voluntary,2025-11-03,2026-11-03,1023430,28695,annual,active
P002829,C00260,A0034,motor,motor_compulsory,2023-01-15,2024-01-15,1735044,84150,monthly,active
P002830,C01415,A0046,motor,motor_voluntary,2025-03-08,2026-03-08,2040292,58990,quarterly,active
P002831,C00516,A0026,motor,motor_voluntary,2023-01-07,2024-01-07,1049089,49541,annual,cancelled
P002832,C00421,A0030,motor,motor_compulsory,2025-07-22,2026-07-22,242114,7050,quarterly,active
P002833,C02597,A0048,motor,motor_compulsory,2024-10-23,2025-10-23,1842818,56040,monthly,active
P002834,C02916,A0046,motor,motor_compulsory,2026-04-24,2027-04-24,2443564,117289,monthly,active
P002835,C02828,A0005,motor,motor_voluntary,2022-03-04,2023-03-04,1414138,35990,annual,active
P002836,C01009,A0025,motor,motor_voluntary,2025-08-19,2026-08-19,2001814,91237,monthly,active
P002837,C00631,A0036,motor,motor_voluntary,2023-10-29,2024-10-28,581307,26364,quarterly,cancelled
P002838,C00495,A0018,motor,motor_voluntary,2025-04-22,2026-04-22,1107219,27383,monthly,lapsed
P002839,C00640,A0011,property,property_fire,2022-09-25,2023-09-25,10649072,121069,quarterly,active
P002840,C01834,A0034,motor,motor_voluntary,2022-04-09,2023-04-09,1170732,47696,annual,active
P002841,C02324,A0007,motor,motor_voluntary,2023-08-24,2024-08-23,1310472,52246,annual,lapsed
P002842,C01986,A0027,property,property_allrisk,2024-10-22,2025-10-22,8726021,85780,monthly,active
P002843,C02442,A0030,motor,motor_compulsory,2024-02-26,2025-02-25,1910851,80365,quarterly,active
P002844,C01905,A0003,motor,motor_compulsory,2022-07-13,2023-07-13,1104002,34531,annual,active
P002845,C00500,A0047,motor,motor_voluntary,2023-09-21,2024-09-20,1196071,37438,quarterly,active
P002846,C01194,A0021,motor,motor_voluntary,2024-02-10,2025-02-09,1967466,43413,annual,active
P002847,C02832,A0020,motor,motor_compulsory,2024-02-05,2025-02-04,2089420,96006,monthly,active
P002848,C00658,A0034,property,property_fire,2023-12-07,2024-12-06,3148419,17361,monthly,active
P002849,C02464,A0002,motor,motor_voluntary,2022-06-17,2023-06-17,1025642,35900,quarterly,active
P002850,C01139,A0020,motor,motor_voluntary,2023-03-28,2024-03-27,1421667,67644,monthly,active
P002851,C02767,A0002,motor,motor_compulsory,2023-01-14,2024-01-14,872776,22313,annual,active
P002852,C02844,A0040,motor,motor_voluntary,2023-03-01,2024-02-29,1150825,54263,annual,lapsed
P002853,C02980,A0015,motor,motor_compulsory,2024-02-07,2025-02-06,1367420,31981,monthly,active
P002854,C02996,A0040,property,property_allrisk,2026-04-07,2027-04-07,18061232,158855,monthly,active
P002855,C02084,A0045,motor,motor_voluntary,2025-09-14,2026-09-14,1323935,39993,monthly,active
P002856,C01726,A0005,motor,motor_compulsory,2023-05-09,2024-05-08,741528,19835,annual,active
P002857,C02946,A0041,motor,motor_compulsory,2025-03-17,2026-03-17,2309547,103407,quarterly,active
P002858,C01488,A0003,motor,motor_voluntary,2025-01-21,2026-01-21,1327752,48371,annual,active
P002859,C02706,A0001,motor,motor_compulsory,2023-10-13,2024-10-12,772013,30832,annual,lapsed
P002860,C00453,A0048,motor,motor_voluntary,2024-06-25,2025-06-25,1747625,77044,annual,active
P002861,C00586,A0028,motor,motor_compulsory,2023-12-31,2024-12-30,1689341,71232,annual,cancelled
P002862,C01283,A0037,motor,motor_compulsory,2026-03-12,2027-03-12,2328191,48391,quarterly,lapsed
P002863,C01331,A0049,motor,motor_voluntary,2022-10-23,2023-10-23,1241677,32297,monthly,lapsed
P002864,C00575,A0027,property,property_fire,2024-07-08,2025-07-08,1787258,12281,annual,active
P002865,C02914,A0018,motor,motor_voluntary,2024-03-01,2025-03-01,1451460,66845,monthly,active
P002866,C00124,A0040,property,property_fire,2025-04-22,2026-04-22,3179647,19129,annual,active
P002867,C01130,A0038,motor,motor_voluntary,2024-05-30,2025-05-30,981546,24446,quarterly,active
P002868,C02570,A0015,motor,motor_compulsory,2022-06-17,2023-06-17,458949,15166,monthly,active
P002869,C00448,A0009,motor,motor_voluntary,2023-03-23,2024-03-22,2130230,76104,quarterly,active
P002870,C00528,A0007,property,property_allrisk,2025-01-31,2026-01-31,18572837,184657,monthly,active
P002871,C00224,A0043,property,property_allrisk,2022-09-20,2023-09-20,11314311,106898,annual,active
P002872,C00127,A0019,motor,motor_voluntary,2024-08-23,2025-08-23,1006742,40905,annual,active
P002873,C00165,A0043,motor,motor_voluntary,2022-03-17,2023-03-17,1937483,55557,quarterly,active
P002874,C00362,A0024,motor,motor_voluntary,2024-12-13,2025-12-13,514740,10746,annual,active
P002875,C01466,A0042,motor,motor_compulsory,2023-03-17,2024-03-16,1527486,32332,monthly,active
P002876,C01439,A0008,motor,motor_compulsory,2023-05-28,2024-05-27,2391047,64171,quarterly,active
P002877,C01591,A0008,property,property_allrisk,2024-03-08,2025-03-08,16909128,58602,monthly,active
P002878,C00395,A0017,property,property_fire,2024-01-13,2025-01-12,4942035,18352,monthly,active
P002879,C01728,A0021,property,property_flood,2023-03-15,2024-03-14,7469565,40105,monthly,active
P002880,C02035,A0013,motor,motor_compulsory,2024-05-19,2025-05-19,983390,47607,quarterly,active
P002881,C02655,A0020,property,property_fire,2023-10-25,2024-10-24,5886385,18024,quarterly,active
P002882,C00142,A0048,property,property_flood,2023-02-10,2024-02-10,6932399,39554,annual,active
P002883,C00407,A0044,motor,motor_voluntary,2024-04-16,2025-04-16,1532115,65838,monthly,active
P002884,C02889,A0018,property,property_flood,2026-04-24,2027-04-24,8970922,90061,monthly,lapsed
P002885,C02406,A0009,motor,motor_voluntary,2025-07-14,2026-07-14,890973,40128,annual,active
P002886,C00315,A0022,property,property_flood,2025-07-05,2026-07-05,7198565,55048,annual,active
P002887,C01355,A0003,motor,motor_compulsory,2024-06-26,2025-06-26,829242,36499,monthly,active
P002888,C02439,A0026,motor,motor_compulsory,2025-12-26,2026-12-26,928598,31921,quarterly,active
P002889,C00701,A0037,property,property_flood,2023-03-18,2024-03-17,3098892,33804,annual,cancelled
P002890,C01929,A0032,property,property_flood,2024-01-24,2025-01-23,16714454,72469,annual,active
P002891,C00552,A0017,motor,motor_compulsory,2022-01-04,2023-01-04,2110575,71259,monthly,active
P002892,C01456,A0030,motor,motor_voluntary,2024-02-20,2025-02-19,1703702,38328,annual,active
P002893,C00672,A0002,motor,motor_voluntary,2023-12-29,2024-12-28,1244160,54424,monthly,active
P002894,C01644,A0004,motor,motor_voluntary,2023-10-15,2024-10-14,1564792,65729,annual,lapsed
P002895,C01110,A0001,motor,motor_compulsory,2023-06-29,2024-06-28,1975322,85485,annual,active
P002896,C01688,A0002,motor,motor_voluntary,2025-09-04,2026-09-04,957194,38047,annual,active
P002897,C02633,A0032,motor,motor_voluntary,2023-02-05,2024-02-05,1116639,49675,quarterly,active
P002898,C00200,A0044,motor,motor_compulsory,2023-02-24,2024-02-24,1685709,34715,annual,active
P002899,C02419,A0049,motor,motor_voluntary,2024-01-18,2025-01-17,380569,12361,annual,active
P002900,C02351,A0048,property,property_allrisk,2024-08-27,2025-08-27,13440972,148122,quarterly,active
P002901,C02864,A0012,property,property_fire,2023-05-15,2024-05-14,9766071,47860,annual,active
P002902,C01272,A0040,motor,motor_voluntary,2023-10-08,2024-10-07,2046407,65419,annual,active
P002903,C01843,A0029,motor,motor_compulsory,2024-05-07,2025-05-07,2388910,66664,quarterly,lapsed
P002904,C02839,A0043,motor,motor_voluntary,2025-06-10,2026-06-10,698702,30047,monthly,active
P002905,C01826,A0023,motor,motor_compulsory,2024-02-12,2025-02-11,1621830,63657,annual,active
P002906,C02290,A0026,property,property_fire,2023-04-18,2024-04-17,6951316,59691,monthly,active
P002907,C01475,A0026,property,property_flood,2023-03-16,2024-03-15,2975949,14630,quarterly,active
P002908,C02023,A0019,property,property_fire,2023-11-09,2024-11-08,11904880,136697,monthly,active
P002909,C02930,A0002,motor,motor_voluntary,2023-04-15,2024-04-14,2282341,45717,monthly,active
P002910,C00023,A0033,motor,motor_voluntary,2024-05-25,2025-05-25,208941,4903,monthly,active
P002911,C02363,A0030,property,property_allrisk,2023-12-03,2024-12-02,4249308,43830,quarterly,active
P002912,C01624,A0017,motor,motor_compulsory,2022-01-19,2023-01-19,677189,31556,quarterly,active
P002913,C01633,A0046,motor,motor_voluntary,2023-11-19,2024-11-18,1377326,36776,monthly,active
P002914,C00542,A0028,motor,motor_voluntary,2025-08-12,2026-08-12,724866,29490,monthly,lapsed
P002915,C02662,A0020,motor,motor_compulsory,2024-05-19,2025-05-19,357718,8971,quarterly,active
P002916,C02078,A0026,motor,motor_compulsory,2025-12-22,2026-12-22,796072,37483,quarterly,active
P002917,C00780,A0039,property,property_flood,2026-04-13,2027-04-13,8288624,88259,monthly,active
P002918,C02618,A0020,motor,motor_voluntary,2026-02-13,2027-02-13,1178440,42698,quarterly,active
P002919,C02542,A0004,motor,motor_voluntary,2025-02-12,2026-02-12,2050389,96614,annual,active
P002920,C00886,A0007,motor,motor_compulsory,2025-08-16,2026-08-16,1134173,49152,annual,active
P002921,C02432,A0011,property,property_flood,2022-06-12,2023-06-12,9553942,44115,annual,active
P002922,C00322,A0021,motor,motor_compulsory,2024-08-27,2025-08-27,858798,38996,monthly,cancelled
P002923,C02143,A0039,property,property_fire,2025-05-23,2026-05-23,4736679,46416,quarterly,active
P002924,C02547,A0029,motor,motor_voluntary,2025-05-24,2026-05-24,1785842,86368,annual,active
P002925,C02362,A0014,motor,motor_compulsory,2025-05-13,2026-05-13,742888,31239,annual,active
P002926,C00073,A0045,property,property_allrisk,2024-09-07,2025-09-07,2392686,20700,monthly,active
P002927,C01598,A0039,property,property_flood,2024-02-11,2025-02-10,14401696,68303,monthly,active
P002928,C02913,A0026,motor,motor_compulsory,2025-03-12,2026-03-12,1434020,54800,quarterly,active
P002929,C00825,A0002,property,property_fire,2024-04-01,2025-04-01,19652673,184481,quarterly,active
P002930,C00094,A0005,motor,motor_voluntary,2025-12-15,2026-12-15,378037,16587,quarterly,active
P002931,C02483,A0034,motor,motor_voluntary,2024-07-21,2025-07-21,1201381,57542,monthly,active
P002932,C02033,A0036,motor,motor_compulsory,2023-06-28,2024-06-27,1655685,46692,annual,active
P002933,C00911,A0034,motor,motor_compulsory,2024-04-02,2025-04-02,1490024,36268,monthly,lapsed
P002934,C01816,A0033,motor,motor_voluntary,2023-05-02,2024-05-01,1691268,75738,quarterly,active
P002935,C02610,A0041,motor,motor_compulsory,2024-02-07,2025-02-06,1601102,32050,quarterly,active
P002936,C00741,A0017,property,property_flood,2023-02-03,2024-02-03,8380169,54740,quarterly,active
P002937,C02904,A0005,motor,motor_compulsory,2022-11-20,2023-11-20,590712,26540,annual,active
P002938,C01818,A0034,motor,motor_voluntary,2025-05-03,2026-05-03,1309086,51810,monthly,active
P002939,C01602,A0002,motor,motor_compulsory,2023-05-04,2024-05-03,2278091,77961,monthly,active
P002940,C02984,A0038,motor,motor_compulsory,2024-01-14,2025-01-13,560591,21226,monthly,active
P002941,C01022,A0041,motor,motor_voluntary,2025-05-23,2026-05-23,1584332,75757,annual,active
P002942,C01930,A0049,motor,motor_compulsory,2022-11-01,2023-11-01,1804008,53857,monthly,lapsed
P002943,C00670,A0027,motor,motor_voluntary,2023-01-14,2024-01-14,1010609,33907,quarterly,active
P002944,C01542,A0031,property,property_flood,2024-01-06,2025-01-05,15480108,180761,quarterly,lapsed
P002945,C00960,A0050,motor,motor_compulsory,2024-11-29,2025-11-29,1751199,75037,quarterly,active
P002946,C01223,A0041,motor,motor_voluntary,2025-01-03,2026-01-03,2082994,64234,monthly,active
P002947,C01630,A0023,motor,motor_voluntary,2022-09-24,2023-09-24,1298923,43047,annual,active
P002948,C01919,A0025,property,property_flood,2023-07-30,2024-07-29,7740657,65741,annual,active
P002949,C02961,A0010,property,property_fire,2024-05-06,2025-05-06,15974506,56900,annual,active
P002950,C02540,A0045,motor,motor_compulsory,2022-05-15,2023-05-15,2371415,64028,annual,lapsed
P002951,C02521,A0050,motor,motor_voluntary,2023-12-28,2024-12-27,1533453,44963,quarterly,active
P002952,C02966,A0041,property,property_flood,2025-05-18,2026-05-18,1248585,7134,annual,active
P002953,C01045,A0043,property,property_flood,2025-07-13,2026-07-13,2569064,20175,monthly,lapsed
P002954,C00793,A0031,motor,motor_compulsory,2023-04-02,2024-04-01,2042122,90172,annual,active
P002955,C01549,A0031,motor,motor_compulsory,2024-01-29,2025-01-28,714196,32258,monthly,active
P002956,C00309,A0037,motor,motor_compulsory,2023-02-11,2024-02-11,1028326,22511,annual,cancelled
P002957,C02763,A0043,property,property_allrisk,2023-09-04,2024-09-03,15266069,102870,quarterly,active
P002958,C00568,A0012,motor,motor_compulsory,2024-01-25,2025-01-24,2211246,102594,quarterly,active
P002959,C02262,A0028,motor,motor_voluntary,2025-04-09,2026-04-09,728309,20195,quarterly,lapsed
P002960,C02338,A0023,motor,motor_compulsory,2022-10-02,2023-10-02,629916,20014,quarterly,active
P002961,C02448,A0033,motor,motor_compulsory,2022-11-20,2023-11-20,2113039,76287,monthly,cancelled
P002962,C01398,A0018,property,property_fire,2023-03-29,2024-03-28,7345411,41360,monthly,active
P002963,C00761,A0012,property,property_allrisk,2024-12-09,2025-12-09,4217364,49244,monthly,active
P002964,C01869,A0031,motor,motor_compulsory,2023-01-04,2024-01-04,553349,18447,annual,active
P002965,C00999,A0036,motor,motor_voluntary,2025-03-12,2026-03-12,690603,18153,monthly,active
P002966,C01003,A0016,motor,motor_compulsory,2023-01-17,2024-01-17,876760,26709,annual,cancelled
P002967,C01229,A0045,property,property_flood,2022-06-14,2023-06-14,6866457,70986,quarterly,active
P002968,C01840,A0031,motor,motor_voluntary,2025-01-03,2026-01-03,1425717,53292,monthly,active
P002969,C02261,A0013,motor,motor_compulsory,2025-12-27,2026-12-27,207813,6402,monthly,active
P002970,C00791,A0026,motor,motor_compulsory,2025-01-29,2026-01-29,1107660,33110,quarterly,lapsed
P002971,C01231,A0043,motor,motor_voluntary,2024-04-26,2025-04-26,2032688,71177,quarterly,lapsed
P002972,C00795,A0049,property,property_flood,2023-03-04,2024-03-03,18037566,196378,monthly,lapsed
P002973,C00095,A0018,property,property_allrisk,2023-02-25,2024-02-25,7472180,60381,monthly,active
P002974,C00717,A0018,property,property_flood,2023-10-15,2024-10-14,10882692,47028,quarterly,active
P002975,C02359,A0038,motor,motor_voluntary,2025-09-16,2026-09-16,1631089,35074,annual,active
P002976,C00619,A0047,motor,motor_compulsory,2022-01-19,2023-01-19,763673,35316,annual,active
P002977,C02776,A0024,motor,motor_voluntary,2023-01-06,2024-01-06,371707,8603,annual,cancelled
P002978,C00250,A0047,motor,motor_compulsory,2023-06-11,2024-06-10,2255507,111710,annual,cancelled
P002979,C00127,A0001,property,property_flood,2023-03-20,2024-03-19,2155514,24896,quarterly,cancelled
P002980,C00486,A0018,motor,motor_compulsory,2023-06-12,2024-06-11,1961728,69885,monthly,active
P002981,C00442,A0008,property,property_allrisk,2022-07-10,2023-07-10,1032620,11608,quarterly,active
P002982,C02443,A0025,motor,motor_compulsory,2025-08-28,2026-08-28,745480,27834,annual,cancelled
P002983,C02865,A0037,property,property_fire,2023-10-21,2024-10-20,3230033,16519,monthly,active
P002984,C02335,A0002,motor,motor_compulsory,2024-02-22,2025-02-21,1469318,53278,monthly,active
P002985,C00888,A0048,motor,motor_voluntary,2024-11-27,2025-11-27,650529,27770,quarterly,lapsed
P002986,C00802,A0042,motor,motor_compulsory,2024-09-05,2025-09-05,1424692,37478,quarterly,lapsed
P002987,C00478,A0024,property,property_allrisk,2023-01-07,2024-01-07,7965026,32934,monthly,active
P002988,C01263,A0044,motor,motor_voluntary,2024-12-05,2025-12-05,1704966,45374,annual,active
P002989,C02872,A0022,motor,motor_voluntary,2023-02-26,2024-02-26,1460100,72756,quarterly,active
P002990,C01364,A0049,motor,motor_voluntary,2022-10-17,2023-10-17,1896688,70376,annual,active
P002991,C02568,A0001,property,property_flood,2022-07-23,2023-07-23,10704151,41721,monthly,active
P002992,C02558,A0044,motor,motor_voluntary,2025-03-30,2026-03-30,1862831,82765,quarterly,active
P002993,C01070,A0045,motor,motor_compulsory,2025-02-14,2026-02-14,2315140,105373,monthly,active
P002994,C00586,A0021,motor,motor_voluntary,2025-11-20,2026-11-20,258762,5429,annual,active
P002995,C02230,A0003,property,property_allrisk,2024-02-14,2025-02-13,17242646,131480,monthly,active
P002996,C02274,A0027,motor,motor_voluntary,2023-01-13,2024-01-13,2096643,71589,annual,cancelled
P002997,C02258,A0005,motor,motor_compulsory,2023-05-07,2024-05-06,2378361,72880,monthly,active
P002998,C00235,A0048,motor,motor_voluntary,2023-08-29,2024-08-28,1664126,67797,monthly,active
P002999,C01466,A0020,motor,motor_voluntary,2022-10-10,2023-10-10,1820213,40497,annual,active
P003000,C02971,A0038,motor,motor_voluntary,2025-11-02,2026-11-02,1006579,40226,quarterly,active
P003001,C01324,A0024,motor,motor_voluntary,2024-05-24,2025-05-24,1535157,45755,quarterly,active
P003002,C00240,A0040,motor,motor_compulsory,2026-03-01,2027-03-01,624162,30024,monthly,active
P003003,C00454,A0007,motor,motor_voluntary,2024-04-05,2025-04-05,1598074,38944,quarterly,active
P003004,C00556,A0044,motor,motor_voluntary,2023-03-19,2024-03-18,860813,23685,quarterly,active
P003005,C02115,A0006,property,property_fire,2025-04-25,2026-04-25,5142290,33384,annual,active
P003006,C02851,A0002,property,property_fire,2023-12-04,2024-12-03,1061945,3921,monthly,active
P003007,C00765,A0015,motor,motor_compulsory,2025-03-10,2026-03-10,1614569,79844,annual,lapsed
P003008,C00696,A0012,property,property_fire,2022-11-11,2023-11-11,14026858,105825,annual,active
P003009,C02761,A0047,motor,motor_compulsory,2023-04-25,2024-04-24,1306621,52099,annual,active
P003010,C02988,A0018,property,property_fire,2024-02-21,2025-02-20,12500414,119642,monthly,lapsed
P003011,C00352,A0002,motor,motor_voluntary,2023-04-02,2024-04-01,2028687,73645,annual,active
P003012,C01527,A0038,motor,motor_voluntary,2023-09-08,2024-09-07,2158171,61724,monthly,lapsed
P003013,C00345,A0024,property,property_allrisk,2026-03-18,2027-03-18,16454146,183407,quarterly,lapsed
P003014,C02568,A0021,motor,motor_compulsory,2023-03-11,2024-03-10,1698576,70568,monthly,active
P003015,C02635,A0043,motor,motor_compulsory,2024-03-06,2025-03-06,1031515,24597,monthly,active
P003016,C01880,A0012,motor,motor_voluntary,2023-11-14,2024-11-13,879912,18192,quarterly,active
P003017,C02010,A0034,motor,motor_voluntary,2023-10-03,2024-10-02,1223288,50851,monthly,active
P003018,C00896,A0004,property,property_fire,2023-01-17,2024-01-17,4579907,25734,monthly,active
P003019,C01239,A0020,motor,motor_voluntary,2022-03-09,2023-03-09,1121092,22948,monthly,active
P003020,C01521,A0022,motor,motor_voluntary,2025-10-25,2026-10-25,2150235,84430,annual,active
P003021,C00218,A0048,property,property_fire,2023-11-08,2024-11-07,5467362,60272,quarterly,active
P003022,C01440,A0026,motor,motor_compulsory,2025-11-27,2026-11-27,2184042,83817,annual,active
P003023,C01188,A0040,motor,motor_compulsory,2023-04-04,2024-04-03,526552,11536,annual,active
P003024,C00165,A0029,motor,motor_voluntary,2023-02-25,2024-02-25,2075807,85515,monthly,active
P003025,C02601,A0012,property,property_flood,2023-04-08,2024-04-07,10485118,78553,monthly,active
P003026,C03000,A0019,motor,motor_voluntary,2025-09-17,2026-09-17,804120,37416,monthly,cancelled
P003027,C01248,A0015,motor,motor_compulsory,2023-07-20,2024-07-19,1137006,30772,monthly,active
P003028,C01693,A0038,motor,motor_voluntary,2025-08-23,2026-08-23,2009341,99553,quarterly,active
P003029,C00279,A0008,motor,motor_voluntary,2025-12-15,2026-12-15,669784,25524,monthly,active
P003030,C01319,A0042,motor,motor_compulsory,2023-05-03,2024-05-02,738476,20083,quarterly,active
P003031,C00729,A0047,property,property_flood,2025-04-03,2026-04-03,14443586,44690,quarterly,active
P003032,C01892,A0042,motor,motor_compulsory,2024-02-27,2025-02-26,1778429,75090,annual,active
P003033,C00269,A0005,motor,motor_voluntary,2025-01-01,2026-01-01,2377513,95342,quarterly,active
P003034,C02085,A0039,motor,motor_compulsory,2023-11-16,2024-11-15,1370602,29430,quarterly,lapsed
P003035,C00214,A0019,motor,motor_compulsory,2024-02-24,2025-02-23,1169131,38869,quarterly,active
P003036,C02155,A0011,motor,motor_compulsory,2026-01-07,2027-01-07,2123243,49900,annual,active
P003037,C01795,A0034,motor,motor_compulsory,2025-07-01,2026-07-01,1123837,32451,annual,active
P003038,C02624,A0034,motor,motor_voluntary,2024-05-11,2025-05-11,2141176,100376,annual,active
P003039,C01136,A0041,motor,motor_compulsory,2022-08-07,2023-08-07,2278310,67922,annual,active
P003040,C02946,A0004,motor,motor_compulsory,2023-03-03,2024-03-02,2115841,82736,quarterly,active
P003041,C00081,A0005,property,property_flood,2025-02-03,2026-02-03,2854546,29949,quarterly,active
P003042,C00445,A0041,motor,motor_compulsory,2023-12-19,2024-12-18,637590,15646,monthly,active
P003043,C02645,A0041,motor,motor_compulsory,2023-01-11,2024-01-11,1801793,60241,monthly,active
P003044,C02663,A0026,motor,motor_voluntary,2025-12-25,2026-12-25,2289046,77997,quarterly,active
P003045,C00631,A0002,property,property_flood,2024-02-02,2025-02-01,10048333,49681,monthly,active
P003046,C01875,A0011,motor,motor_compulsory,2024-08-22,2025-08-22,505530,10164,quarterly,active
P003047,C01685,A0029,motor,motor_voluntary,2025-11-17,2026-11-17,648177,27045,monthly,active
P003048,C02347,A0022,motor,motor_compulsory,2024-05-03,2025-05-03,340716,7375,quarterly,cancelled
P003049,C02984,A0023,property,property_flood,2023-05-02,2024-05-01,7547396,76251,monthly,active
P003050,C01117,A0043,motor,motor_compulsory,2024-11-18,2025-11-18,676113,27173,quarterly,active
P003051,C00137,A0044,motor,motor_compulsory,2024-01-31,2025-01-30,1248764,46717,monthly,active
P003052,C01004,A0012,motor,motor_compulsory,2024-03-19,2025-03-19,2262233,72656,monthly,active
P003053,C02362,A0027,property,property_fire,2025-02-09,2026-02-09,16644686,97128,monthly,active
P003054,C00730,A0012,motor,motor_compulsory,2024-07-08,2025-07-08,1683297,45500,monthly,active
P003055,C00680,A0010,motor,motor_voluntary,2023-04-03,2024-04-02,1402932,37191,annual,active
P003056,C02215,A0047,motor,motor_compulsory,2025-03-30,2026-03-30,2325092,86010,quarterly,active
P003057,C00875,A0033,motor,motor_compulsory,2025-08-22,2026-08-22,1843666,91324,annual,active
P003058,C02378,A0010,motor,motor_voluntary,2023-03-09,2024-03-08,467344,20654,monthly,active
P003059,C01174,A0034,motor,motor_compulsory,2025-08-11,2026-08-11,889538,21738,monthly,active
P003060,C01026,A0027,motor,motor_voluntary,2026-01-31,2027-01-31,984819,27494,monthly,active
P003061,C02585,A0020,motor,motor_voluntary,2025-03-22,2026-03-22,910160,29619,monthly,active
P003062,C01220,A0043,motor,motor_voluntary,2026-03-15,2027-03-15,1023709,40703,quarterly,active
P003063,C01751,A0043,motor,motor_compulsory,2022-06-02,2023-06-02,345933,10155,annual,cancelled
P003064,C01087,A0013,motor,motor_compulsory,2026-04-17,2027-04-17,1305357,37610,quarterly,active
P003065,C01353,A0001,motor,motor_voluntary,2025-04-28,2026-04-28,900268,34694,monthly,lapsed
P003066,C02735,A0018,motor,motor_voluntary,2024-01-18,2025-01-17,1196833,58022,quarterly,active
P003067,C02430,A0003,property,property_allrisk,2025-01-01,2026-01-01,1322438,7467,quarterly,active
P003068,C00292,A0049,motor,motor_compulsory,2024-01-17,2025-01-16,1187001,30005,monthly,active
P003069,C02792,A0030,motor,motor_compulsory,2024-01-04,2025-01-03,2333559,70248,monthly,active
P003070,C00536,A0039,property,property_flood,2024-08-19,2025-08-19,3589671,23866,monthly,active
P003071,C01960,A0025,property,property_fire,2026-02-04,2027-02-04,19330150,102744,monthly,active
P003072,C02134,A0034,motor,motor_compulsory,2024-06-13,2025-06-13,2232404,55483,monthly,lapsed
P003073,C02105,A0013,motor,motor_voluntary,2023-11-10,2024-11-09,2295688,86224,annual,active
P003074,C02599,A0037,property,property_fire,2025-03-14,2026-03-14,16834481,127962,monthly,active
P003075,C01513,A0027,property,property_allrisk,2022-01-23,2023-01-23,18530458,123270,quarterly,active
P003076,C02523,A0013,motor,motor_voluntary,2023-10-21,2024-10-20,407456,10427,annual,active
P003077,C00962,A0015,motor,motor_voluntary,2023-01-12,2024-01-12,1378236,47011,quarterly,active
P003078,C00724,A0032,property,property_allrisk,2024-03-18,2025-03-18,5765155,52693,annual,active
P003079,C01343,A0017,motor,motor_voluntary,2025-10-27,2026-10-27,803478,32586,monthly,lapsed
P003080,C02093,A0014,motor,motor_compulsory,2024-05-19,2025-05-19,728321,27910,monthly,active
P003081,C02506,A0033,property,property_fire,2023-09-24,2024-09-23,16815176,76757,monthly,lapsed
P003082,C00127,A0039,motor,motor_compulsory,2023-02-22,2024-02-22,515855,20605,annual,active
P003083,C00601,A0018,motor,motor_voluntary,2024-01-11,2025-01-10,1302151,26801,quarterly,active
P003084,C00549,A0045,motor,motor_voluntary,2023-05-16,2024-05-15,978791,33785,annual,active
P003085,C00976,A0010,property,property_allrisk,2022-11-19,2023-11-19,7021312,32777,quarterly,cancelled
P003086,C01813,A0017,motor,motor_voluntary,2022-07-10,2023-07-10,1845641,71158,quarterly,active
P003087,C00711,A0050,motor,motor_compulsory,2023-05-21,2024-05-20,1618730,71943,quarterly,active
P003088,C00020,A0048,property,property_allrisk,2026-04-05,2027-04-05,4564816,22927,quarterly,active
P003089,C01962,A0005,property,property_allrisk,2025-04-11,2026-04-11,5997625,52615,annual,active
P003090,C00792,A0048,motor,motor_voluntary,2023-10-03,2024-10-02,1090017,51641,annual,active
P003091,C00223,A0050,motor,motor_voluntary,2025-03-29,2026-03-29,2453758,68441,quarterly,active
P003092,C01723,A0042,property,property_allrisk,2023-05-10,2024-05-09,18065330,109511,quarterly,active
P003093,C00753,A0009,motor,motor_voluntary,2025-04-24,2026-04-24,1790028,89404,monthly,active
P003094,C01102,A0013,motor,motor_compulsory,2023-11-14,2024-11-13,1657353,67269,annual,active
P003095,C01917,A0031,motor,motor_voluntary,2022-07-22,2023-07-22,1444692,55205,quarterly,active
P003096,C00538,A0042,property,property_allrisk,2023-07-22,2024-07-21,5963180,27609,monthly,active
P003097,C02796,A0037,property,property_flood,2024-01-21,2025-01-20,17091812,80779,monthly,lapsed
P003098,C00724,A0038,property,property_allrisk,2025-07-18,2026-07-18,15890010,76844,quarterly,active
P003099,C01223,A0021,motor,motor_compulsory,2023-05-01,2024-04-30,261831,9212,monthly,active
P003100,C02753,A0046,property,property_allrisk,2024-10-12,2025-10-12,3938591,46031,quarterly,active
P003101,C00802,A0049,property,property_fire,2023-05-13,2024-05-12,15747035,183726,quarterly,active
P003102,C00682,A0021,motor,motor_voluntary,2023-10-17,2024-10-16,1703743,78625,quarterly,active
P003103,C01631,A0035,motor,motor_compulsory,2023-10-16,2024-10-15,2483842,92258,monthly,active
P003104,C01420,A0030,motor,motor_compulsory,2023-06-09,2024-06-08,1630223,70384,monthly,lapsed
P003105,C00721,A0024,motor,motor_compulsory,2025-11-19,2026-11-19,619343,26443,quarterly,active
P003106,C00821,A0014,motor,motor_voluntary,2023-03-05,2024-03-04,647860,30843,annual,active
P003107,C00412,A0028,property,property_fire,2024-08-18,2025-08-18,8483871,57083,monthly,active
P003108,C02844,A0016,motor,motor_voluntary,2023-02-10,2024-02-10,1150080,38619,quarterly,active
P003109,C01536,A0016,motor,motor_voluntary,2023-09-13,2024-09-12,2289416,93920,monthly,active
P003110,C01589,A0040,motor,motor_compulsory,2024-09-11,2025-09-11,2417310,107471,quarterly,active
P003111,C02511,A0013,motor,motor_compulsory,2023-07-22,2024-07-21,2071936,102723,monthly,active
P003112,C01285,A0048,motor,motor_voluntary,2026-02-04,2027-02-04,1781312,83126,annual,active
P003113,C02489,A0010,property,property_allrisk,2024-03-08,2025-03-08,9651902,71642,annual,lapsed
P003114,C01602,A0007,motor,motor_voluntary,2024-11-16,2025-11-16,706178,23721,quarterly,active
P003115,C00515,A0025,motor,motor_voluntary,2023-09-10,2024-09-09,2471224,112120,quarterly,lapsed
P003116,C00365,A0017,motor,motor_compulsory,2026-04-21,2027-04-21,2045523,66571,monthly,active
P003117,C02087,A0022,motor,motor_voluntary,2025-04-16,2026-04-16,1679054,53342,annual,active
P003118,C01992,A0033,motor,motor_voluntary,2023-09-27,2024-09-26,996201,23387,monthly,cancelled
P003119,C02530,A0038,property,property_allrisk,2026-01-02,2027-01-02,7800574,88936,monthly,active
P003120,C02882,A0043,property,property_allrisk,2025-11-15,2026-11-15,16640972,111222,annual,lapsed
P003121,C02038,A0007,motor,motor_compulsory,2023-02-19,2024-02-19,1331484,35680,monthly,active
P003122,C01364,A0023,motor,motor_voluntary,2024-03-10,2025-03-10,2033833,63307,monthly,active
P003123,C02693,A0009,motor,motor_compulsory,2026-03-09,2027-03-09,399887,13096,annual,active
P003124,C02884,A0010,motor,motor_compulsory,2023-05-06,2024-05-05,1187640,51607,annual,active
P003125,C01226,A0015,motor,motor_compulsory,2024-02-23,2025-02-22,709192,23687,monthly,active
P003126,C00136,A0038,motor,motor_voluntary,2023-05-26,2024-05-25,1304396,32305,quarterly,active
P003127,C02026,A0017,motor,motor_compulsory,2023-10-20,2024-10-19,816697,23960,monthly,cancelled
P003128,C00081,A0013,motor,motor_compulsory,2025-09-20,2026-09-20,866409,36681,quarterly,active
P003129,C02699,A0029,motor,motor_compulsory,2023-04-09,2024-04-08,2007769,63065,annual,active
P003130,C02686,A0023,property,property_allrisk,2023-01-01,2024-01-01,11753239,43396,monthly,active
P003131,C01486,A0047,motor,motor_compulsory,2024-04-04,2025-04-04,296947,10283,monthly,active
P003132,C02407,A0010,motor,motor_voluntary,2023-11-10,2024-11-09,2293060,49291,quarterly,active
P003133,C00384,A0020,motor,motor_voluntary,2026-04-13,2027-04-13,319034,6422,quarterly,active
P003134,C01319,A0009,motor,motor_compulsory,2023-04-23,2024-04-22,940230,36205,monthly,cancelled
P003135,C01200,A0021,motor,motor_voluntary,2025-10-09,2026-10-09,317081,8743,quarterly,active
P003136,C01007,A0050,property,property_allrisk,2022-08-04,2023-08-04,10514460,44451,annual,lapsed
P003137,C01192,A0036,motor,motor_compulsory,2026-03-14,2027-03-14,1938027,58682,monthly,active
P003138,C01662,A0043,property,property_flood,2023-03-09,2024-03-08,5626405,31796,quarterly,active
P003139,C00487,A0032,motor,motor_compulsory,2022-10-25,2023-10-25,372051,9688,annual,lapsed
P003140,C00174,A0049,motor,motor_voluntary,2024-04-23,2025-04-23,1055177,30115,annual,active
P003141,C02177,A0011,property,property_allrisk,2023-11-08,2024-11-07,4725569,37442,monthly,active
P003142,C00275,A0034,property,property_flood,2024-01-21,2025-01-20,1566138,17166,quarterly,cancelled
P003143,C00249,A0010,motor,motor_voluntary,2023-02-25,2024-02-25,556331,22165,monthly,lapsed
P003144,C02768,A0009,property,property_flood,2026-03-28,2027-03-28,9086478,99823,annual,lapsed
P003145,C00262,A0005,property,property_allrisk,2025-01-02,2026-01-02,11618770,59928,annual,active
P003146,C01020,A0038,motor,motor_voluntary,2025-07-13,2026-07-13,1662468,47811,annual,active
P003147,C02552,A0010,property,property_fire,2023-12-21,2024-12-20,11273188,115722,monthly,active
P003148,C02464,A0042,motor,motor_compulsory,2024-06-19,2025-06-19,1647051,63726,monthly,active
P003149,C00965,A0037,motor,motor_compulsory,2025-02-09,2026-02-09,2210151,53382,annual,active
P003150,C00755,A0029,property,property_fire,2022-08-07,2023-08-07,1824049,11758,quarterly,lapsed
P003151,C00730,A0045,property,property_allrisk,2024-08-28,2025-08-28,8261185,95270,quarterly,active
P003152,C01414,A0047,motor,motor_compulsory,2023-07-25,2024-07-24,2385797,91786,quarterly,active
P003153,C02837,A0044,property,property_fire,2023-08-18,2024-08-17,3463780,10441,quarterly,active
P003154,C01830,A0018,motor,motor_compulsory,2024-09-26,2025-09-26,1492576,54504,monthly,active
P003155,C01869,A0022,motor,motor_compulsory,2024-01-10,2025-01-09,258393,12714,annual,active
P003156,C00856,A0012,motor,motor_voluntary,2022-03-18,2023-03-18,1644501,71241,monthly,active
P003157,C00616,A0049,motor,motor_voluntary,2024-02-20,2025-02-19,419098,11268,annual,active
P003158,C01767,A0014,motor,motor_compulsory,2025-01-01,2026-01-01,2079259,61965,quarterly,active
P003159,C00867,A0014,motor,motor_voluntary,2025-05-23,2026-05-23,2271443,97397,annual,lapsed
P003160,C02182,A0040,motor,motor_voluntary,2025-08-14,2026-08-14,864213,26331,annual,active
P003161,C01493,A0037,motor,motor_voluntary,2022-08-01,2023-08-01,2251441,64324,annual,active
P003162,C00701,A0039,motor,motor_voluntary,2024-12-18,2025-12-18,1741517,85088,annual,active
P003163,C00853,A0049,motor,motor_voluntary,2023-06-03,2024-06-02,1474839,68202,quarterly,active
P003164,C01197,A0050,motor,motor_voluntary,2023-12-26,2024-12-25,2095205,89727,annual,active
P003165,C02720,A0021,motor,motor_compulsory,2025-06-13,2026-06-13,1507505,75155,annual,active
P003166,C00215,A0026,motor,motor_voluntary,2025-04-13,2026-04-13,1548707,36438,quarterly,lapsed
P003167,C01283,A0040,motor,motor_compulsory,2023-08-23,2024-08-22,1374617,63135,monthly,active
P003168,C01075,A0025,property,property_allrisk,2023-01-06,2024-01-06,14852282,111803,annual,active
P003169,C01628,A0027,motor,motor_compulsory,2024-03-06,2025-03-06,394558,17929,monthly,active
P003170,C01212,A0007,motor,motor_compulsory,2024-01-11,2025-01-10,1124307,39594,quarterly,active
P003171,C01371,A0012,motor,motor_compulsory,2023-09-22,2024-09-21,1585126,31705,monthly,active
P003172,C00551,A0032,motor,motor_voluntary,2024-04-19,2025-04-19,252456,6371,quarterly,active
P003173,C00376,A0021,motor,motor_voluntary,2024-06-23,2025-06-23,1431633,50600,annual,active
P003174,C02238,A0021,motor,motor_compulsory,2026-02-21,2027-02-21,1356782,42183,monthly,active
P003175,C02470,A0044,property,property_fire,2024-08-23,2025-08-23,12123181,90948,annual,active
P003176,C02643,A0042,property,property_fire,2024-04-01,2025-04-01,15537698,129172,annual,lapsed
P003177,C00532,A0001,property,property_fire,2025-08-27,2026-08-27,5478523,43560,annual,active
P003178,C00260,A0008,motor,motor_voluntary,2024-09-10,2025-09-10,2499349,56721,monthly,active
P003179,C00395,A0004,motor,motor_compulsory,2023-02-22,2024-02-22,1201669,31602,quarterly,active
P003180,C02681,A0029,motor,motor_compulsory,2025-03-08,2026-03-08,1551518,59198,annual,active
P003181,C02130,A0014,property,property_fire,2025-01-11,2026-01-11,1939477,20601,quarterly,active
P003182,C00668,A0002,property,property_allrisk,2022-01-17,2023-01-17,12999438,109245,annual,active
P003183,C01668,A0021,motor,motor_compulsory,2024-01-18,2025-01-17,576667,26695,quarterly,lapsed
P003184,C01274,A0008,motor,motor_compulsory,2024-10-26,2025-10-26,2495080,83056,quarterly,active
P003185,C01909,A0001,property,property_fire,2025-07-26,2026-07-26,2615867,21355,quarterly,active
P003186,C00380,A0043,property,property_flood,2023-03-02,2024-03-01,13719604,122328,quarterly,active
P003187,C02280,A0014,motor,motor_voluntary,2023-07-09,2024-07-08,1086065,46497,quarterly,active
P003188,C01897,A0048,property,property_allrisk,2025-01-16,2026-01-16,13080606,108460,monthly,active
P003189,C02756,A0043,motor,motor_voluntary,2023-08-15,2024-08-14,772373,25083,quarterly,active
P003190,C00045,A0011,motor,motor_compulsory,2023-12-31,2024-12-30,287426,13085,annual,active
P003191,C01572,A0038,motor,motor_voluntary,2024-06-14,2025-06-14,776742,16166,monthly,active
P003192,C02601,A0043,motor,motor_compulsory,2024-06-19,2025-06-19,1061907,43662,quarterly,active
P003193,C02838,A0006,motor,motor_compulsory,2025-11-14,2026-11-14,1703762,63060,monthly,active
P003194,C02299,A0034,property,property_flood,2025-12-18,2026-12-18,16889783,186047,monthly,active
P003195,C02739,A0011,motor,motor_voluntary,2024-04-23,2025-04-23,703258,29273,monthly,active
P003196,C02741,A0030,motor,motor_compulsory,2023-06-16,2024-06-15,1186200,29646,monthly,active
P003197,C02646,A0003,motor,motor_compulsory,2025-11-10,2026-11-10,1945919,52928,annual,active
P003198,C00742,A0004,property,property_fire,2023-04-14,2024-04-13,6777109,30863,quarterly,lapsed
P003199,C02302,A0007,motor,motor_compulsory,2023-08-18,2024-08-17,1203372,55169,quarterly,active
P003200,C02739,A0022,property,property_flood,2023-03-12,2024-03-11,12853357,93601,annual,cancelled
P003201,C00180,A0046,motor,motor_voluntary,2024-02-23,2025-02-22,981724,34690,monthly,active
P003202,C00144,A0015,motor,motor_voluntary,2025-10-05,2026-10-05,601302,16329,monthly,active
P003203,C02040,A0015,property,property_flood,2024-11-11,2025-11-11,16871012,137764,monthly,active
P003204,C00193,A0006,motor,motor_compulsory,2025-04-16,2026-04-16,2383369,55905,annual,active
P003205,C00720,A0006,property,property_fire,2026-02-06,2027-02-06,17324506,148062,monthly,active
P003206,C00434,A0009,motor,motor_compulsory,2023-06-11,2024-06-10,236455,9225,quarterly,active
P003207,C00625,A0037,motor,motor_compulsory,2024-11-22,2025-11-22,2014907,57494,monthly,active
P003208,C02482,A0025,motor,motor_voluntary,2022-10-05,2023-10-05,1595425,34006,annual,active
P003209,C02158,A0019,property,property_flood,2023-09-29,2024-09-28,11946241,38747,annual,active
P003210,C01441,A0019,property,property_flood,2023-09-01,2024-08-31,9609289,59613,quarterly,active
P003211,C00515,A0044,property,property_flood,2024-05-28,2025-05-28,2847642,15945,monthly,active
P003212,C01574,A0021,motor,motor_compulsory,2024-06-10,2025-06-10,1927742,51910,monthly,lapsed
P003213,C01198,A0048,property,property_allrisk,2025-01-13,2026-01-13,9677023,55608,quarterly,active
P003214,C01553,A0021,motor,motor_voluntary,2025-12-29,2026-12-29,2345882,100136,monthly,active
P003215,C02286,A0019,property,property_flood,2022-03-26,2023-03-26,8695288,96131,monthly,active
P003216,C02521,A0014,motor,motor_voluntary,2025-10-19,2026-10-19,1138726,49313,quarterly,active
P003217,C00474,A0011,motor,motor_voluntary,2022-06-05,2023-06-05,2050940,86415,quarterly,active
P003218,C01945,A0009,property,property_fire,2022-04-11,2023-04-11,7830421,83521,monthly,active
P003219,C01416,A0014,motor,motor_compulsory,2024-09-01,2025-09-01,813367,17330,quarterly,active
P003220,C02282,A0043,motor,motor_voluntary,2024-04-25,2025-04-25,2001859,54222,annual,lapsed
P003221,C02169,A0013,motor,motor_compulsory,2022-01-01,2023-01-01,2112802,55550,annual,active
P003222,C00652,A0006,motor,motor_compulsory,2024-01-03,2025-01-02,2490394,116491,annual,lapsed
P003223,C02310,A0046,motor,motor_compulsory,2026-02-14,2027-02-14,619825,25919,annual,active
P003224,C01108,A0012,motor,motor_voluntary,2023-07-24,2024-07-23,2413625,57140,annual,active
P003225,C02696,A0038,motor,motor_voluntary,2023-01-05,2024-01-05,1396670,33585,annual,active
P003226,C01859,A0046,motor,motor_compulsory,2022-10-18,2023-10-18,1623555,41631,monthly,active
P003227,C00884,A0012,property,property_allrisk,2023-08-02,2024-08-01,5282157,45579,quarterly,active
P003228,C01883,A0015,motor,motor_voluntary,2023-06-15,2024-06-14,333944,15353,monthly,cancelled
P003229,C02724,A0032,motor,motor_voluntary,2023-06-13,2024-06-12,761103,21921,monthly,active
P003230,C00487,A0009,motor,motor_compulsory,2026-03-19,2027-03-19,2308588,62732,monthly,lapsed
P003231,C02459,A0005,property,property_fire,2026-01-10,2027-01-10,13274356,99050,monthly,active
P003232,C01151,A0019,motor,motor_voluntary,2024-01-02,2025-01-01,2310242,104149,annual,active
P003233,C01457,A0010,motor,motor_voluntary,2026-03-14,2027-03-14,356518,11843,annual,active
P003234,C01468,A0004,motor,motor_voluntary,2026-03-26,2027-03-26,2144110,74593,monthly,active
P003235,C01912,A0029,property,property_fire,2024-08-30,2025-08-30,2766337,17571,quarterly,active
P003236,C00378,A0002,motor,motor_voluntary,2023-10-09,2024-10-08,1132276,25950,monthly,active
P003237,C02399,A0050,motor,motor_compulsory,2024-12-15,2025-12-15,1923867,81787,quarterly,active
P003238,C00374,A0048,property,property_fire,2025-07-12,2026-07-12,19411001,105424,annual,active
P003239,C00439,A0012,motor,motor_compulsory,2022-02-18,2023-02-18,2309399,51351,annual,lapsed
P003240,C00550,A0022,property,property_flood,2024-02-01,2025-01-31,6333029,29942,monthly,active
P003241,C01805,A0002,motor,motor_voluntary,2023-01-25,2024-01-25,1062262,51680,quarterly,active
P003242,C00625,A0037,motor,motor_compulsory,2023-12-24,2024-12-23,1436569,52736,monthly,active
P003243,C00315,A0028,motor,motor_compulsory,2024-07-24,2025-07-24,1612080,78365,annual,active
P003244,C01156,A0011,motor,motor_compulsory,2022-12-13,2023-12-13,1684366,79133,monthly,active
P003245,C01677,A0045,motor,motor_compulsory,2025-02-25,2026-02-25,2032863,66523,quarterly,active
P003246,C01374,A0011,motor,motor_compulsory,2024-04-04,2025-04-04,1475622,58022,monthly,active
P003247,C02476,A0029,motor,motor_voluntary,2022-05-31,2023-05-31,381341,11745,annual,active
P003248,C02096,A0040,motor,motor_compulsory,2023-10-25,2024-10-24,1162221,40060,quarterly,active
P003249,C00961,A0037,property,property_fire,2023-01-25,2024-01-25,3318436,13196,annual,lapsed
P003250,C00383,A0023,motor,motor_voluntary,2022-07-07,2023-07-07,602098,25990,monthly,active
P003251,C02883,A0034,motor,motor_compulsory,2025-08-10,2026-08-10,1096223,49569,quarterly,active
P003252,C01513,A0023,property,property_fire,2024-05-08,2025-05-08,18824911,192792,annual,active
P003253,C02511,A0029,motor,motor_voluntary,2024-06-22,2025-06-22,1991633,55418,annual,active
P003254,C02655,A0004,motor,motor_compulsory,2024-08-21,2025-08-21,1290272,30953,annual,active
P003255,C02110,A0017,property,property_allrisk,2023-12-10,2024-12-09,8146967,52640,annual,active
P003256,C01766,A0031,property,property_flood,2025-07-16,2026-07-16,18716733,111368,monthly,active
P003257,C01656,A0029,property,property_fire,2023-08-08,2024-08-07,2903439,28553,annual,active
P003258,C01161,A0027,motor,motor_compulsory,2024-03-31,2025-03-31,1765031,41035,quarterly,lapsed
P003259,C00035,A0047,motor,motor_voluntary,2024-03-19,2025-03-19,2146830,64589,monthly,active
P003260,C02292,A0032,property,property_flood,2022-03-17,2023-03-17,13353149,144429,quarterly,active
P003261,C00313,A0015,motor,motor_compulsory,2023-03-27,2024-03-26,1055259,46895,annual,active
P003262,C01976,A0011,motor,motor_voluntary,2022-04-21,2023-04-21,1410101,41390,annual,active
P003263,C00059,A0025,motor,motor_compulsory,2024-03-08,2025-03-08,497716,19775,annual,active
P003264,C00291,A0006,property,property_fire,2025-12-09,2026-12-09,6157103,57768,quarterly,active
P003265,C01084,A0027,motor,motor_voluntary,2023-04-16,2024-04-15,342030,14540,quarterly,active
P003266,C00433,A0027,motor,motor_compulsory,2024-04-24,2025-04-24,2196872,96641,annual,cancelled
P003267,C00346,A0003,property,property_allrisk,2025-10-01,2026-10-01,12577496,106739,monthly,lapsed
P003268,C00259,A0033,property,property_flood,2023-12-07,2024-12-06,15848541,114677,monthly,active
P003269,C00014,A0034,motor,motor_compulsory,2023-05-27,2024-05-26,1799192,76123,quarterly,active
P003270,C00614,A0049,property,property_allrisk,2023-05-08,2024-05-07,2376223,7267,monthly,active
P003271,C02516,A0003,motor,motor_voluntary,2026-02-20,2027-02-20,909986,37370,quarterly,lapsed
P003272,C00280,A0047,motor,motor_voluntary,2023-06-06,2024-06-05,711263,33913,quarterly,lapsed
P003273,C02123,A0031,motor,motor_compulsory,2025-02-21,2026-02-21,669350,13491,monthly,active
P003274,C01744,A0015,motor,motor_voluntary,2024-04-02,2025-04-02,1381168,53059,monthly,lapsed
P003275,C02417,A0022,motor,motor_voluntary,2022-05-19,2023-05-19,1721700,40222,annual,lapsed
P003276,C00639,A0021,motor,motor_voluntary,2023-05-12,2024-05-11,2014608,67251,quarterly,active
P003277,C00642,A0046,property,property_flood,2023-03-15,2024-03-14,14102170,82431,monthly,active
P003278,C02849,A0030,property,property_flood,2024-06-23,2025-06-23,5762114,64785,quarterly,active
P003279,C00567,A0027,motor,motor_compulsory,2022-09-15,2023-09-15,208278,10306,monthly,active
P003280,C01814,A0032,motor,motor_compulsory,2025-08-06,2026-08-06,952615,25543,monthly,active
P003281,C02522,A0041,property,property_fire,2023-02-04,2024-02-04,6155079,18597,monthly,active
P003282,C01894,A0018,motor,motor_voluntary,2025-05-21,2026-05-21,2397860,77833,quarterly,active
P003283,C00800,A0040,motor,motor_voluntary,2025-09-28,2026-09-28,946110,33405,monthly,active
P003284,C01840,A0049,motor,motor_compulsory,2026-03-30,2027-03-30,2013611,54189,quarterly,active
P003285,C02499,A0039,motor,motor_compulsory,2025-06-08,2026-06-08,332734,12970,monthly,active
P003286,C02439,A0021,property,property_flood,2023-03-01,2024-02-29,2394634,12723,quarterly,active
P003287,C01892,A0046,property,property_allrisk,2024-09-15,2025-09-15,17848672,189880,monthly,active
P003288,C00868,A0041,motor,motor_compulsory,2023-05-30,2024-05-29,666660,20224,monthly,active
P003289,C01746,A0021,motor,motor_compulsory,2023-12-22,2024-12-21,1101688,26859,quarterly,active
P003290,C01187,A0028,property,property_flood,2024-09-16,2025-09-16,10715056,44497,annual,active
P003291,C00411,A0020,motor,motor_compulsory,2023-03-03,2024-03-02,445798,11445,monthly,active
P003292,C00881,A0009,motor,motor_compulsory,2024-02-17,2025-02-16,1432645,44086,monthly,active
P003293,C00543,A0050,motor,motor_compulsory,2025-03-04,2026-03-04,1226330,32560,annual,active
P003294,C00610,A0043,motor,motor_compulsory,2025-01-24,2026-01-24,1730268,74593,monthly,lapsed
P003295,C01625,A0005,property,property_fire,2023-10-13,2024-10-12,19360276,58206,annual,active
P003296,C00472,A0006,motor,motor_compulsory,2022-11-15,2023-11-15,2116514,72923,quarterly,lapsed
P003297,C01120,A0011,property,property_flood,2022-12-29,2023-12-29,4622377,40355,annual,active
P003298,C00263,A0025,motor,motor_compulsory,2025-04-09,2026-04-09,2487398,84271,monthly,active
P003299,C00562,A0008,property,property_allrisk,2025-06-18,2026-06-18,13223550,42369,quarterly,active
P003300,C00062,A0003,motor,motor_voluntary,2026-03-30,2027-03-30,460552,9631,monthly,active
P003301,C00599,A0029,motor,motor_voluntary,2025-02-07,2026-02-07,780182,33158,annual,active
P003302,C01613,A0029,motor,motor_voluntary,2022-07-22,2023-07-22,235738,10614,quarterly,lapsed
P003303,C00937,A0039,property,property_flood,2022-03-04,2023-03-04,4370806,16563,annual,active
P003304,C01769,A0047,property,property_allrisk,2024-06-29,2025-06-29,3630431,19919,quarterly,cancelled
P003305,C01153,A0013,motor,motor_voluntary,2024-06-10,2025-06-10,328922,14414,annual,lapsed
P003306,C02967,A0009,property,property_flood,2023-05-10,2024-05-09,17987230,195138,annual,active
P003307,C01064,A0016,motor,motor_compulsory,2024-12-29,2025-12-29,1502909,69377,annual,active
P003308,C01984,A0011,property,property_allrisk,2023-10-01,2024-09-30,17393665,189488,annual,lapsed
P003309,C00109,A0047,motor,motor_compulsory,2024-08-12,2025-08-12,2478345,62839,annual,active
P003310,C01637,A0008,property,property_fire,2023-08-19,2024-08-18,5097641,16271,monthly,active
P003311,C02658,A0003,property,property_allrisk,2024-07-26,2025-07-26,15949277,123458,annual,active
P003312,C00881,A0016,motor,motor_compulsory,2025-06-01,2026-06-01,1812026,86986,annual,lapsed
P003313,C00801,A0039,motor,motor_voluntary,2023-09-19,2024-09-18,235205,4933,quarterly,active
P003314,C02737,A0048,property,property_fire,2024-02-27,2025-02-26,13389386,88407,monthly,lapsed
P003315,C00131,A0008,motor,motor_compulsory,2025-12-23,2026-12-23,863195,25329,monthly,active
P003316,C01495,A0036,property,property_flood,2022-09-01,2023-09-01,4924949,17545,monthly,active
P003317,C01276,A0015,motor,motor_compulsory,2023-06-27,2024-06-26,939700,22299,annual,active
P003318,C00884,A0023,motor,motor_compulsory,2023-12-02,2024-12-01,493251,16636,annual,lapsed
P003319,C00714,A0022,motor,motor_voluntary,2024-07-24,2025-07-24,436583,20702,quarterly,active
P003320,C00511,A0028,motor,motor_compulsory,2024-03-08,2025-03-08,1093070,41894,monthly,active
P003321,C02883,A0031,property,property_fire,2025-05-11,2026-05-11,5737871,65411,annual,active
P003322,C00561,A0004,motor,motor_compulsory,2023-11-05,2024-11-04,2219189,66387,annual,active
P003323,C02629,A0009,motor,motor_compulsory,2025-02-08,2026-02-08,351538,15751,annual,active
P003324,C02343,A0016,motor,motor_compulsory,2023-03-07,2024-03-06,2372595,70914,monthly,active
P003325,C00697,A0025,motor,motor_voluntary,2026-01-14,2027-01-14,565537,16737,annual,cancelled
P003326,C01675,A0016,property,property_fire,2023-01-21,2024-01-21,18377754,61962,monthly,active
P003327,C01451,A0026,motor,motor_compulsory,2023-11-06,2024-11-05,713406,26036,monthly,active
P003328,C01794,A0006,motor,motor_voluntary,2024-05-07,2025-05-07,2046396,86031,annual,active
P003329,C00017,A0030,motor,motor_compulsory,2024-09-22,2025-09-22,1547683,75212,annual,active
P003330,C01203,A0027,motor,motor_compulsory,2025-08-18,2026-08-18,2090493,88098,annual,active
P003331,C00717,A0024,property,property_allrisk,2023-07-18,2024-07-17,4364740,32791,monthly,active
P003332,C02817,A0033,property,property_fire,2024-11-11,2025-11-11,15547582,74188,quarterly,active
P003333,C00096,A0030,motor,motor_voluntary,2024-01-18,2025-01-17,2100918,105022,annual,lapsed
P003334,C00079,A0033,property,property_allrisk,2025-03-02,2026-03-02,15319584,52109,quarterly,active
P003335,C01418,A0048,property,property_allrisk,2025-05-11,2026-05-11,3747375,43234,monthly,active
P003336,C00740,A0044,motor,motor_compulsory,2023-08-08,2024-08-07,2282272,64210,quarterly,active
P003337,C02389,A0050,motor,motor_compulsory,2024-05-14,2025-05-14,1019962,37804,quarterly,active
P003338,C01588,A0041,motor,motor_voluntary,2023-06-10,2024-06-09,482087,17627,monthly,active
P003339,C00333,A0037,motor,motor_voluntary,2026-04-06,2027-04-06,1103973,45624,monthly,active
P003340,C00395,A0027,motor,motor_voluntary,2025-12-30,2026-12-30,643693,31288,quarterly,active
P003341,C02095,A0003,motor,motor_voluntary,2025-07-24,2026-07-24,2151846,90615,annual,active
P003342,C00355,A0022,motor,motor_compulsory,2023-09-16,2024-09-15,1539689,65409,monthly,active
P003343,C00330,A0032,motor,motor_voluntary,2025-04-06,2026-04-06,904874,31951,quarterly,active
P003344,C00474,A0016,motor,motor_voluntary,2025-08-01,2026-08-01,549998,24954,quarterly,active
P003345,C02015,A0028,motor,motor_compulsory,2024-12-06,2025-12-06,1989818,87558,annual,active
P003346,C02565,A0050,motor,motor_voluntary,2024-10-18,2025-10-18,2375482,110090,quarterly,lapsed
P003347,C02840,A0013,motor,motor_voluntary,2022-12-04,2023-12-04,660164,22229,quarterly,active
P003348,C00827,A0019,motor,motor_voluntary,2024-04-24,2025-04-24,1018821,29158,quarterly,active
P003349,C01807,A0021,motor,motor_compulsory,2025-05-01,2026-05-01,1505120,74882,quarterly,cancelled
P003350,C00471,A0033,motor,motor_compulsory,2024-09-15,2025-09-15,1994718,81774,quarterly,active
P003351,C02006,A0031,motor,motor_voluntary,2024-11-06,2025-11-06,643473,27504,quarterly,active
P003352,C02726,A0025,property,property_allrisk,2023-05-14,2024-05-13,2948978,14631,quarterly,active
P003353,C00898,A0035,motor,motor_compulsory,2026-02-26,2027-02-26,1555668,63470,quarterly,active
P003354,C00977,A0042,property,property_allrisk,2022-03-30,2023-03-30,17083287,187254,annual,active
P003355,C00555,A0040,property,property_flood,2023-01-13,2024-01-13,9351854,50243,annual,active
P003356,C02921,A0050,property,property_flood,2025-02-22,2026-02-22,15949685,108365,monthly,active
P003357,C02786,A0032,property,property_allrisk,2023-01-20,2024-01-20,2652826,28658,quarterly,active
P003358,C00500,A0048,motor,motor_voluntary,2023-08-23,2024-08-22,340390,15613,monthly,active
P003359,C02094,A0012,motor,motor_voluntary,2024-01-24,2025-01-23,251348,6669,quarterly,active
P003360,C00865,A0006,property,property_fire,2023-10-04,2024-10-03,17294986,82719,annual,lapsed
P003361,C02055,A0018,motor,motor_compulsory,2025-06-11,2026-06-11,1854935,52760,quarterly,active
P003362,C02051,A0041,motor,motor_compulsory,2025-11-14,2026-11-14,2158752,77237,annual,active
P003363,C02453,A0006,property,property_flood,2026-04-04,2027-04-04,12929242,92924,quarterly,active
P003364,C00725,A0015,property,property_flood,2023-04-21,2024-04-20,10855225,73279,annual,active
P003365,C02747,A0034,property,property_allrisk,2024-02-23,2025-02-22,4235786,13498,quarterly,active
P003366,C00086,A0015,motor,motor_compulsory,2026-03-16,2027-03-16,2473306,121525,monthly,active
P003367,C01072,A0007,property,property_allrisk,2023-04-12,2024-04-11,3029054,26574,monthly,lapsed
P003368,C00914,A0014,motor,motor_voluntary,2025-04-13,2026-04-13,364990,15340,quarterly,active
P003369,C01711,A0045,motor,motor_compulsory,2023-10-08,2024-10-07,1766834,60587,monthly,active
P003370,C00221,A0020,property,property_flood,2024-01-06,2025-01-05,10075593,101552,quarterly,active
P003371,C01685,A0032,motor,motor_compulsory,2024-02-09,2025-02-08,2476441,82531,quarterly,active
P003372,C01150,A0047,motor,motor_voluntary,2024-10-19,2025-10-19,1606230,46581,monthly,active
P003373,C01246,A0036,property,property_fire,2025-11-14,2026-11-14,12557763,121425,annual,active
P003374,C01359,A0037,motor,motor_compulsory,2022-02-21,2023-02-21,1227710,60643,monthly,active
P003375,C00751,A0016,motor,motor_voluntary,2023-02-19,2024-02-19,935555,26560,quarterly,active
P003376,C02566,A0029,property,property_fire,2023-11-02,2024-11-01,3604637,17450,monthly,active
P003377,C01922,A0039,property,property_flood,2022-03-18,2023-03-18,17184888,186285,annual,active
P003378,C00557,A0032,property,property_flood,2024-04-15,2025-04-15,10875982,103845,quarterly,active
P003379,C00082,A0047,motor,motor_voluntary,2023-06-27,2024-06-26,539349,22251,quarterly,active
P003380,C02977,A0018,motor,motor_compulsory,2022-03-03,2023-03-03,1189620,26653,annual,active
P003381,C01972,A0006,motor,motor_voluntary,2023-02-10,2024-02-10,1960541,80328,quarterly,active
P003382,C02079,A0028,motor,motor_voluntary,2025-12-24,2026-12-24,1978857,58361,monthly,active
P003383,C01897,A0008,property,property_fire,2025-07-07,2026-07-07,15821003,120297,monthly,active
P003384,C02609,A0001,motor,motor_voluntary,2024-02-10,2025-02-09,562341,19558,monthly,cancelled
P003385,C02072,A0019,motor,motor_compulsory,2024-07-20,2025-07-20,1977938,85538,monthly,active
P003386,C01721,A0019,motor,motor_voluntary,2025-10-14,2026-10-14,1120288,42787,quarterly,active
P003387,C01699,A0035,property,property_allrisk,2023-06-29,2024-06-28,19925870,114925,annual,lapsed
P003388,C00731,A0001,property,property_allrisk,2024-07-10,2025-07-10,18153112,133953,monthly,active
P003389,C02806,A0014,property,property_fire,2025-04-04,2026-04-04,6599062,42252,quarterly,active
P003390,C01584,A0021,motor,motor_compulsory,2024-08-10,2025-08-10,2428422,75381,monthly,active
P003391,C00458,A0015,motor,motor_voluntary,2022-01-19,2023-01-19,1293291,54857,monthly,lapsed
P003392,C01254,A0049,motor,motor_compulsory,2022-06-17,2023-06-17,2131455,66329,monthly,active
P003393,C02640,A0029,motor,motor_compulsory,2024-10-07,2025-10-07,212681,7903,monthly,active
P003394,C01796,A0028,motor,motor_voluntary,2023-10-25,2024-10-24,1978167,64600,monthly,active
P003395,C02153,A0050,motor,motor_voluntary,2022-05-28,2023-05-28,2306860,50247,annual,active
P003396,C02470,A0025,motor,motor_compulsory,2025-07-30,2026-07-30,1344355,31452,annual,active
P003397,C02159,A0029,motor,motor_voluntary,2022-07-20,2023-07-20,1138860,48601,quarterly,active
P003398,C01833,A0014,motor,motor_voluntary,2023-06-10,2024-06-09,1871671,66744,annual,active
P003399,C01022,A0022,property,property_allrisk,2025-02-14,2026-02-14,19069795,74800,monthly,active
P003400,C00467,A0038,motor,motor_voluntary,2023-10-09,2024-10-08,2212940,80335,annual,active
P003401,C01186,A0012,motor,motor_compulsory,2022-07-21,2023-07-21,2365996,65466,annual,lapsed
P003402,C00632,A0027,property,property_flood,2025-03-19,2026-03-19,12773205,44931,annual,cancelled
P003403,C01820,A0050,motor,motor_voluntary,2023-04-26,2024-04-25,2442300,55306,annual,active
P003404,C00186,A0023,property,property_allrisk,2022-03-11,2023-03-11,8681295,80831,annual,cancelled
P003405,C00136,A0024,motor,motor_compulsory,2026-03-21,2027-03-21,2004407,70237,monthly,active
P003406,C00481,A0004,motor,motor_compulsory,2023-11-20,2024-11-19,379949,15220,annual,active
P003407,C00446,A0034,motor,motor_voluntary,2025-08-25,2026-08-25,1372956,67985,annual,active
P003408,C00088,A0026,motor,motor_voluntary,2022-05-25,2023-05-25,2450332,109566,monthly,active
P003409,C01427,A0031,property,property_allrisk,2025-04-05,2026-04-05,7123262,38320,monthly,active
P003410,C02773,A0046,property,property_flood,2023-01-24,2024-01-24,18562282,109614,quarterly,active
P003411,C02093,A0028,property,property_flood,2023-09-29,2024-09-28,12908773,99682,quarterly,active
P003412,C01283,A0045,property,property_flood,2024-07-02,2025-07-02,6403825,64404,monthly,lapsed
P003413,C00916,A0023,property,property_fire,2024-09-27,2025-09-27,9968540,85201,annual,active
P003414,C01564,A0019,motor,motor_compulsory,2024-08-10,2025-08-10,1345955,36031,annual,active
P003415,C00584,A0010,motor,motor_voluntary,2026-03-21,2027-03-21,457943,15853,monthly,active
P003416,C01327,A0016,motor,motor_compulsory,2025-02-14,2026-02-14,1489645,68683,monthly,active
P003417,C00246,A0031,property,property_fire,2023-10-06,2024-10-05,5957991,44512,quarterly,active
P003418,C02202,A0045,property,property_flood,2025-06-13,2026-06-13,16783004,165746,monthly,active
P003419,C00041,A0008,property,property_fire,2026-02-08,2027-02-08,9460545,58892,quarterly,active
P003420,C00224,A0002,motor,motor_voluntary,2023-03-18,2024-03-17,849882,36417,quarterly,lapsed
P003421,C02398,A0043,motor,motor_voluntary,2024-12-10,2025-12-10,1659537,51409,monthly,active
P003422,C00521,A0007,property,property_allrisk,2025-06-12,2026-06-12,9594549,56313,quarterly,active
P003423,C02354,A0024,property,property_flood,2024-03-31,2025-03-31,11373046,62742,annual,active
P003424,C00325,A0021,motor,motor_compulsory,2022-02-23,2023-02-23,1886220,69639,quarterly,active
P003425,C00054,A0028,motor,motor_voluntary,2025-06-10,2026-06-10,2220079,45284,monthly,active
P003426,C02888,A0033,motor,motor_voluntary,2025-11-28,2026-11-28,467187,20665,annual,active
P003427,C02173,A0010,motor,motor_compulsory,2025-02-08,2026-02-08,1000055,49447,monthly,active
P003428,C02315,A0026,motor,motor_voluntary,2025-11-29,2026-11-29,2486840,82623,monthly,active
P003429,C00592,A0005,motor,motor_voluntary,2024-01-19,2025-01-18,231227,10040,annual,active
P003430,C02339,A0007,motor,motor_compulsory,2026-02-20,2027-02-20,1807780,83033,monthly,active
P003431,C02324,A0027,motor,motor_voluntary,2026-01-23,2027-01-23,1301733,53437,quarterly,cancelled
P003432,C00991,A0035,motor,motor_voluntary,2024-07-11,2025-07-11,2498180,122906,quarterly,active
P003433,C00211,A0044,motor,motor_compulsory,2024-01-18,2025-01-17,2125419,46932,quarterly,active
P003434,C00922,A0002,motor,motor_compulsory,2023-03-17,2024-03-16,1483680,53241,annual,active
P003435,C02565,A0026,motor,motor_compulsory,2026-04-11,2027-04-11,1846250,92123,monthly,active
P003436,C01617,A0041,motor,motor_voluntary,2024-03-28,2025-03-28,781030,35303,quarterly,active
P003437,C02095,A0024,property,property_allrisk,2022-12-24,2023-12-24,2855382,30318,annual,active
P003438,C01951,A0037,motor,motor_compulsory,2026-01-06,2027-01-06,1995996,59670,annual,active
P003439,C00623,A0037,property,property_flood,2024-09-23,2025-09-23,4228594,47955,annual,active
P003440,C02321,A0047,motor,motor_voluntary,2023-06-19,2024-06-18,1565692,72158,quarterly,active
P003441,C02037,A0005,property,property_fire,2025-07-22,2026-07-22,5185896,16813,quarterly,active
P003442,C00536,A0028,motor,motor_voluntary,2023-06-02,2024-06-01,906056,20313,annual,active
P003443,C00447,A0015,motor,motor_voluntary,2024-01-29,2025-01-28,1183790,40898,monthly,lapsed
P003444,C02188,A0050,motor,motor_voluntary,2025-01-27,2026-01-27,609946,30436,monthly,active
P003445,C00629,A0024,motor,motor_compulsory,2024-01-06,2025-01-05,1109609,48829,quarterly,active
P003446,C02269,A0003,motor,motor_compulsory,2023-03-11,2024-03-10,1936154,82891,monthly,cancelled
P003447,C01526,A0004,motor,motor_compulsory,2024-03-16,2025-03-16,1666637,79369,monthly,active
P003448,C02604,A0004,property,property_allrisk,2024-11-13,2025-11-13,8411217,77058,quarterly,active
P003449,C00469,A0023,motor,motor_compulsory,2025-12-22,2026-12-22,647225,28460,annual,lapsed
P003450,C02444,A0043,property,property_flood,2024-07-09,2025-07-09,4830258,56014,annual,active
P003451,C01489,A0027,motor,motor_voluntary,2023-01-08,2024-01-08,2104818,47981,monthly,active
P003452,C01363,A0016,property,property_allrisk,2024-03-13,2025-03-13,15367871,120283,annual,active
P003453,C02543,A0023,motor,motor_voluntary,2025-10-13,2026-10-13,2287192,109636,annual,active
P003454,C01753,A0012,motor,motor_voluntary,2024-04-01,2025-04-01,1158957,32759,monthly,active
P003455,C01279,A0025,motor,motor_compulsory,2023-08-09,2024-08-08,2340656,106237,monthly,active
P003456,C01533,A0049,motor,motor_voluntary,2024-11-17,2025-11-17,1894063,50264,monthly,active
P003457,C01766,A0008,motor,motor_compulsory,2023-06-08,2024-06-07,544204,21168,monthly,active
P003458,C01869,A0037,property,property_fire,2024-08-15,2025-08-15,6498054,47866,monthly,active
P003459,C02500,A0045,motor,motor_voluntary,2023-08-14,2024-08-13,1150691,49588,quarterly,active
P003460,C01120,A0043,motor,motor_voluntary,2024-11-29,2025-11-29,1652253,58931,monthly,active
P003461,C00114,A0029,motor,motor_compulsory,2025-12-16,2026-12-16,2278607,66381,monthly,active
P003462,C01987,A0038,motor,motor_voluntary,2025-09-24,2026-09-24,1961065,45360,annual,active
P003463,C01347,A0008,property,property_fire,2024-05-12,2025-05-12,13913942,57358,monthly,active
P003464,C00517,A0019,motor,motor_compulsory,2023-06-09,2024-06-08,1293459,38819,monthly,lapsed
P003465,C00274,A0028,motor,motor_voluntary,2024-04-30,2025-04-30,2355335,114812,monthly,active
P003466,C01006,A0032,motor,motor_voluntary,2023-08-29,2024-08-28,1796495,49507,annual,active
P003467,C01784,A0044,property,property_fire,2025-01-06,2026-01-06,1673453,6471,monthly,active
P003468,C02121,A0018,motor,motor_compulsory,2023-05-02,2024-05-01,521256,15909,monthly,active
P003469,C00024,A0032,property,property_fire,2025-10-03,2026-10-03,7764815,41962,monthly,active
P003470,C02388,A0023,motor,motor_compulsory,2024-09-04,2025-09-04,628375,24952,monthly,active
P003471,C01572,A0036,motor,motor_compulsory,2024-01-23,2025-01-22,1571083,56506,monthly,lapsed
P003472,C02120,A0004,property,property_allrisk,2025-05-23,2026-05-23,6866637,57356,annual,lapsed
P003473,C02923,A0011,motor,motor_voluntary,2024-09-28,2025-09-28,1804821,80916,monthly,lapsed
P003474,C01578,A0018,motor,motor_voluntary,2023-02-05,2024-02-05,331941,11176,quarterly,active
P003475,C02922,A0047,motor,motor_voluntary,2025-02-12,2026-02-12,291842,11641,monthly,active
P003476,C00117,A0012,motor,motor_voluntary,2025-11-17,2026-11-17,2345915,52804,quarterly,active
P003477,C00682,A0014,motor,motor_compulsory,2023-10-12,2024-10-11,1203105,49850,quarterly,active
P003478,C00184,A0022,motor,motor_compulsory,2023-10-27,2024-10-26,1558855,33947,annual,active
P003479,C02691,A0024,motor,motor_compulsory,2024-11-01,2025-11-01,1180728,36247,quarterly,active
P003480,C01251,A0024,motor,motor_voluntary,2026-02-27,2027-02-27,1642746,75297,monthly,active
P003481,C02929,A0002,motor,motor_compulsory,2023-01-24,2024-01-24,2021768,58387,annual,lapsed
P003482,C02682,A0045,motor,motor_compulsory,2023-01-23,2024-01-23,855717,29104,monthly,active
P003483,C02873,A0013,motor,motor_compulsory,2023-05-22,2024-05-21,1420376,32290,quarterly,lapsed
P003484,C00710,A0028,motor,motor_compulsory,2023-11-17,2024-11-16,407123,20032,monthly,lapsed
P003485,C02133,A0017,motor,motor_voluntary,2026-03-23,2027-03-23,2465001,104945,monthly,active
P003486,C02304,A0037,motor,motor_compulsory,2024-10-15,2025-10-15,986963,35662,monthly,active
P003487,C02551,A0029,motor,motor_voluntary,2025-09-22,2026-09-22,2224117,63080,quarterly,active
P003488,C02758,A0040,motor,motor_compulsory,2025-11-20,2026-11-20,1519882,35054,annual,active
P003489,C01860,A0004,motor,motor_compulsory,2025-05-26,2026-05-26,1046611,37763,monthly,active
P003490,C02867,A0034,motor,motor_voluntary,2023-10-22,2024-10-21,528317,13223,quarterly,active
P003491,C01376,A0019,motor,motor_voluntary,2023-06-08,2024-06-07,1297736,32906,annual,active
P003492,C02534,A0028,property,property_allrisk,2025-11-03,2026-11-03,16236006,90870,annual,active
P003493,C02553,A0013,property,property_flood,2025-01-31,2026-01-31,5267942,32967,quarterly,active
P003494,C01174,A0025,motor,motor_compulsory,2022-07-20,2023-07-20,925108,45269,quarterly,active
P003495,C00622,A0048,property,property_fire,2026-03-21,2027-03-21,15514080,179586,quarterly,active
P003496,C00191,A0043,motor,motor_compulsory,2025-04-30,2026-04-30,2195752,95263,monthly,active
P003497,C01386,A0024,motor,motor_voluntary,2023-07-30,2024-07-29,284984,7087,monthly,active
P003498,C00405,A0017,motor,motor_compulsory,2022-12-30,2023-12-30,2347586,62759,monthly,lapsed
P003499,C00467,A0019,property,property_allrisk,2025-04-24,2026-04-24,8740266,75613,quarterly,active
P003500,C01609,A0032,motor,motor_compulsory,2022-05-08,2023-05-08,646286,19441,annual,lapsed
P003501,C02782,A0008,property,property_allrisk,2023-03-08,2024-03-07,19470001,146032,annual,cancelled
P003502,C02893,A0044,motor,motor_voluntary,2022-07-20,2023-07-20,1072642,27200,quarterly,lapsed
P003503,C02305,A0046,motor,motor_compulsory,2024-01-05,2025-01-04,1327082,43044,monthly,active
P003504,C00411,A0023,motor,motor_compulsory,2022-07-25,2023-07-25,2064081,46412,quarterly,active
P003505,C00663,A0041,motor,motor_voluntary,2026-02-19,2027-02-19,2104509,103143,quarterly,active
P003506,C00060,A0040,motor,motor_voluntary,2023-11-24,2024-11-23,1102899,32967,annual,active
P003507,C01974,A0045,property,property_flood,2023-06-10,2024-06-09,15548894,117852,annual,active
P003508,C00506,A0041,motor,motor_compulsory,2023-08-10,2024-08-09,1111526,44501,annual,cancelled
P003509,C02851,A0043,motor,motor_compulsory,2023-11-07,2024-11-06,1344510,42571,monthly,active
P003510,C02129,A0049,motor,motor_compulsory,2023-08-20,2024-08-19,581868,17961,quarterly,lapsed
P003511,C02068,A0050,property,property_allrisk,2023-04-30,2024-04-29,8071343,48421,annual,active
P003512,C01101,A0014,motor,motor_compulsory,2025-12-27,2026-12-27,2022354,70880,monthly,active
P003513,C00346,A0020,motor,motor_voluntary,2025-04-09,2026-04-09,481133,10479,annual,lapsed
P003514,C01189,A0048,motor,motor_compulsory,2025-04-04,2026-04-04,1067152,46540,monthly,active
P003515,C02787,A0004,motor,motor_compulsory,2023-05-16,2024-05-15,1683385,55835,annual,lapsed
P003516,C02369,A0049,property,property_allrisk,2023-03-26,2024-03-25,12090946,98655,quarterly,active
P003517,C00772,A0007,motor,motor_compulsory,2022-09-19,2023-09-19,992942,49309,quarterly,lapsed
P003518,C02246,A0028,motor,motor_compulsory,2023-12-12,2024-12-11,900734,38059,monthly,lapsed
P003519,C02353,A0047,motor,motor_voluntary,2023-04-02,2024-04-01,2348232,54536,annual,active
P003520,C01468,A0004,property,property_flood,2024-09-10,2025-09-10,4873345,28522,annual,active
P003521,C02464,A0045,motor,motor_voluntary,2025-09-08,2026-09-08,1215592,48909,quarterly,active
P003522,C00556,A0021,property,property_allrisk,2023-02-26,2024-02-26,9544905,34833,annual,active
P003523,C00054,A0019,motor,motor_voluntary,2024-03-09,2025-03-09,947868,27072,monthly,active
P003524,C02340,A0045,motor,motor_voluntary,2023-11-20,2024-11-19,2102325,59906,annual,active
P003525,C01772,A0033,property,property_allrisk,2024-01-16,2025-01-15,18714139,165846,monthly,active
P003526,C01574,A0025,motor,motor_voluntary,2022-11-11,2023-11-11,2498831,98517,monthly,active
P003527,C01918,A0038,property,property_fire,2022-01-09,2023-01-09,19015270,63741,annual,active
P003528,C02551,A0005,motor,motor_compulsory,2023-07-27,2024-07-26,1235310,37971,monthly,active
P003529,C00835,A0016,motor,motor_voluntary,2024-05-15,2025-05-15,1188740,27957,quarterly,active
P003530,C01961,A0023,motor,motor_voluntary,2024-09-23,2025-09-23,2428785,76939,annual,active
P003531,C00944,A0016,motor,motor_compulsory,2023-12-03,2024-12-02,1031782,35096,monthly,active
P003532,C01113,A0029,motor,motor_voluntary,2025-02-22,2026-02-22,981655,29547,quarterly,active
P003533,C02437,A0027,property,property_fire,2022-04-13,2023-04-13,7403674,83777,annual,active
P003534,C00809,A0006,motor,motor_compulsory,2023-02-27,2024-02-27,2462343,104691,quarterly,active
P003535,C02676,A0020,motor,motor_voluntary,2023-03-02,2024-03-01,273894,10350,annual,active
P003536,C02907,A0025,motor,motor_voluntary,2025-02-19,2026-02-19,519078,15921,quarterly,active
P003537,C01235,A0021,motor,motor_voluntary,2024-02-05,2025-02-04,1881661,54913,monthly,active
P003538,C02096,A0043,motor,motor_voluntary,2024-10-27,2025-10-27,1091471,26387,quarterly,lapsed
P003539,C01665,A0023,property,property_flood,2022-09-19,2023-09-19,15993939,157703,quarterly,active
P003540,C02800,A0025,motor,motor_voluntary,2023-09-02,2024-09-01,1127806,34280,quarterly,active
P003541,C02625,A0005,motor,motor_compulsory,2024-02-06,2025-02-05,1409738,31930,quarterly,lapsed
P003542,C01854,A0022,motor,motor_voluntary,2025-07-31,2026-07-31,1492562,41550,monthly,active
P003543,C02340,A0008,motor,motor_voluntary,2023-02-12,2024-02-12,794497,27746,quarterly,active
P003544,C00685,A0030,motor,motor_voluntary,2023-02-28,2024-02-28,1652284,39260,monthly,lapsed
P003545,C00831,A0025,property,property_fire,2024-06-19,2025-06-19,14630639,168615,quarterly,lapsed
P003546,C00762,A0025,motor,motor_compulsory,2024-09-18,2025-09-18,2018229,69352,annual,active
P003547,C00544,A0032,motor,motor_voluntary,2023-07-02,2024-07-01,219991,10288,annual,active
P003548,C02626,A0027,property,property_flood,2023-07-13,2024-07-12,19459912,224621,annual,active
P003549,C01442,A0008,property,property_fire,2024-08-02,2025-08-02,13911994,50564,quarterly,lapsed
P003550,C02232,A0019,property,property_allrisk,2025-05-01,2026-05-01,15175730,175400,annual,active
P003551,C00646,A0033,property,property_flood,2025-05-07,2026-05-07,6041018,39779,quarterly,active
P003552,C01558,A0025,motor,motor_compulsory,2023-06-23,2024-06-22,500443,14615,monthly,active
P003553,C01851,A0034,motor,motor_compulsory,2022-12-12,2023-12-12,911869,35215,annual,cancelled
P003554,C00912,A0019,motor,motor_compulsory,2024-04-13,2025-04-13,381552,12479,annual,active
P003555,C02663,A0009,property,property_allrisk,2022-08-06,2023-08-06,3388794,12556,monthly,active
P003556,C02844,A0044,property,property_flood,2024-11-07,2025-11-07,13168119,115166,monthly,lapsed
P003557,C01523,A0048,motor,motor_voluntary,2024-03-19,2025-03-19,347609,11798,annual,active
P003558,C00988,A0041,motor,motor_voluntary,2023-12-17,2024-12-16,2468878,95097,annual,active
P003559,C01917,A0025,motor,motor_compulsory,2025-07-26,2026-07-26,1221926,44273,quarterly,active
P003560,C02430,A0050,property,property_fire,2026-02-03,2027-02-03,9249826,60341,quarterly,active
P003561,C01544,A0022,property,property_allrisk,2024-06-07,2025-06-07,12040566,47397,quarterly,active
P003562,C02769,A0044,motor,motor_voluntary,2023-02-17,2024-02-17,1890024,46601,annual,active
P003563,C00325,A0005,motor,motor_voluntary,2024-05-13,2025-05-13,2321221,95381,monthly,active
P003564,C00345,A0038,motor,motor_voluntary,2024-03-23,2025-03-23,2371474,66758,annual,cancelled
P003565,C01383,A0001,motor,motor_voluntary,2024-05-25,2025-05-25,2037163,76854,quarterly,active
P003566,C01807,A0007,property,property_allrisk,2024-05-17,2025-05-17,12400678,43094,annual,lapsed
P003567,C00457,A0027,motor,motor_voluntary,2024-07-29,2025-07-29,795941,32780,monthly,active
P003568,C02156,A0050,motor,motor_voluntary,2024-07-13,2025-07-13,1913254,84694,quarterly,active
P003569,C00058,A0048,property,property_fire,2024-05-07,2025-05-07,15356044,78220,quarterly,active
P003570,C01698,A0047,motor,motor_compulsory,2025-09-01,2026-09-01,520687,11001,quarterly,active
P003571,C01768,A0015,motor,motor_voluntary,2022-12-25,2023-12-25,1568611,37425,quarterly,active
P003572,C02050,A0018,motor,motor_voluntary,2024-07-23,2025-07-23,697530,22558,quarterly,active
P003573,C00242,A0012,motor,motor_voluntary,2023-05-01,2024-04-30,915582,37116,annual,active
P003574,C02257,A0024,motor,motor_compulsory,2024-11-29,2025-11-29,2386973,103048,annual,lapsed
P003575,C01519,A0016,motor,motor_voluntary,2022-07-15,2023-07-15,423052,9650,quarterly,active
P003576,C00198,A0035,motor,motor_compulsory,2024-03-14,2025-03-14,2336460,58155,monthly,active
P003577,C01567,A0026,property,property_flood,2024-04-11,2025-04-11,9131319,55056,monthly,active
P003578,C02273,A0036,motor,motor_voluntary,2024-01-04,2025-01-03,1865319,68698,quarterly,lapsed
P003579,C02179,A0015,property,property_flood,2023-09-23,2024-09-22,16430923,191008,quarterly,active
P003580,C02936,A0017,motor,motor_compulsory,2024-04-17,2025-04-17,391687,11923,quarterly,active
P003581,C02885,A0006,motor,motor_voluntary,2022-04-07,2023-04-07,328484,8390,annual,active
P003582,C00959,A0002,motor,motor_voluntary,2023-07-09,2024-07-08,1504619,58487,quarterly,active
P003583,C01343,A0037,property,property_allrisk,2025-12-26,2026-12-26,13810752,111919,quarterly,active
P003584,C02992,A0039,motor,motor_voluntary,2026-04-24,2027-04-24,289297,13855,monthly,active
P003585,C00355,A0013,motor,motor_compulsory,2023-08-01,2024-07-31,230333,5029,annual,active
P003586,C00436,A0025,motor,motor_voluntary,2022-01-05,2023-01-05,2059309,89130,annual,active
P003587,C00555,A0042,property,property_flood,2024-09-28,2025-09-28,9980273,106721,monthly,active
P003588,C00291,A0033,property,property_flood,2024-09-25,2025-09-25,17399677,72005,monthly,lapsed
P003589,C01516,A0029,motor,motor_compulsory,2022-09-20,2023-09-20,785889,21053,monthly,active
P003590,C01680,A0013,property,property_allrisk,2022-08-16,2023-08-16,17725678,173788,annual,active
P003591,C01117,A0038,property,property_fire,2022-01-08,2023-01-08,1859048,17409,annual,cancelled
P003592,C02557,A0002,property,property_fire,2023-11-19,2024-11-18,17007744,163622,monthly,active
P003593,C01794,A0009,motor,motor_compulsory,2025-12-15,2026-12-15,1976196,98137,monthly,active
P003594,C02684,A0004,motor,motor_compulsory,2025-11-17,2026-11-17,1103711,49964,quarterly,active
P003595,C01420,A0025,motor,motor_compulsory,2023-11-22,2024-11-21,2115106,47908,annual,active
P003596,C00460,A0006,motor,motor_compulsory,2025-05-09,2026-05-09,1523417,48522,monthly,active
P003597,C02322,A0013,motor,motor_compulsory,2023-02-06,2024-02-06,275283,6369,quarterly,active
P003598,C00563,A0023,motor,motor_compulsory,2024-01-09,2025-01-08,979151,43200,quarterly,lapsed
P003599,C02573,A0033,motor,motor_compulsory,2024-04-24,2025-04-24,318603,13171,annual,active
P003600,C02832,A0041,motor,motor_voluntary,2025-10-29,2026-10-29,2363093,76880,annual,active
P003601,C02470,A0043,property,property_fire,2022-05-29,2023-05-29,1336949,13866,quarterly,active
P003602,C02917,A0016,motor,motor_voluntary,2023-09-11,2024-09-10,748530,33523,monthly,active
P003603,C00195,A0016,property,property_flood,2023-01-20,2024-01-20,19966238,208399,quarterly,active
P003604,C01246,A0003,property,property_allrisk,2026-03-07,2027-03-07,12566053,100368,quarterly,active
P003605,C02449,A0003,motor,motor_voluntary,2025-07-10,2026-07-10,820991,36963,annual,active
P003606,C01111,A0026,motor,motor_voluntary,2025-08-02,2026-08-02,799870,32367,monthly,active
P003607,C01093,A0034,motor,motor_voluntary,2024-01-31,2025-01-30,667327,23683,annual,active
P003608,C01824,A0043,motor,motor_voluntary,2023-12-19,2024-12-18,1913663,71958,quarterly,active
P003609,C02895,A0020,property,property_allrisk,2025-04-21,2026-04-21,16357660,95929,annual,active
P003610,C02591,A0040,property,property_flood,2025-01-02,2026-01-02,13909401,119691,quarterly,active
P003611,C00672,A0029,property,property_flood,2022-05-22,2023-05-22,3950425,35729,quarterly,active
P003612,C01320,A0028,motor,motor_voluntary,2025-08-25,2026-08-25,2436493,107544,monthly,active
P003613,C01579,A0029,motor,motor_voluntary,2026-01-04,2027-01-04,2479491,104842,annual,lapsed
P003614,C02364,A0013,property,property_flood,2023-08-11,2024-08-10,13347954,143830,annual,active
P003615,C00987,A0018,motor,motor_compulsory,2022-06-22,2023-06-22,1367610,61730,annual,active
P003616,C00308,A0020,property,property_flood,2023-12-24,2024-12-23,11390343,55882,monthly,active
P003617,C01466,A0029,motor,motor_voluntary,2025-06-14,2026-06-14,1508454,51653,monthly,active
P003618,C00991,A0020,motor,motor_voluntary,2023-11-08,2024-11-07,2219648,105367,quarterly,active
P003619,C00732,A0005,property,property_allrisk,2024-08-03,2025-08-03,14313323,127355,annual,active
P003620,C01887,A0046,property,property_fire,2025-03-03,2026-03-03,11800478,66828,annual,active
P003621,C02502,A0042,motor,motor_compulsory,2023-06-05,2024-06-04,212510,7902,annual,active
P003622,C01525,A0008,motor,motor_compulsory,2023-05-20,2024-05-19,1864279,62224,monthly,active
P003623,C00545,A0005,property,property_fire,2023-11-30,2024-11-29,12780861,84810,monthly,active
P003624,C02419,A0045,property,property_flood,2023-02-22,2024-02-22,2129793,9120,quarterly,active
P003625,C01566,A0044,motor,motor_voluntary,2022-12-19,2023-12-19,429881,18465,monthly,active
P003626,C00768,A0002,motor,motor_compulsory,2025-10-14,2026-10-14,2082510,97626,monthly,active
P003627,C00795,A0030,motor,motor_compulsory,2023-12-19,2024-12-18,2467760,91423,monthly,active
P003628,C00757,A0001,motor,motor_voluntary,2023-03-01,2024-02-29,2205333,91005,annual,active
P003629,C02655,A0030,property,property_fire,2024-01-31,2025-01-30,10369565,79583,quarterly,active
P003630,C02234,A0021,property,property_allrisk,2024-07-08,2025-07-08,17493115,127396,monthly,active
P003631,C02661,A0036,property,property_allrisk,2024-08-24,2025-08-24,4917715,57579,annual,active
P003632,C01791,A0023,motor,motor_voluntary,2025-09-02,2026-09-02,2241412,74502,annual,lapsed
P003633,C02383,A0012,motor,motor_compulsory,2024-09-04,2025-09-04,1759091,55999,quarterly,active
P003634,C02292,A0024,motor,motor_voluntary,2023-09-18,2024-09-17,1313019,41461,monthly,active
P003635,C00442,A0006,motor,motor_voluntary,2025-10-01,2026-10-01,970030,38811,annual,active
P003636,C02725,A0032,motor,motor_compulsory,2023-07-28,2024-07-27,1208860,33591,quarterly,lapsed
P003637,C00792,A0005,motor,motor_compulsory,2023-06-08,2024-06-07,1025597,38486,annual,cancelled
P003638,C01679,A0043,motor,motor_voluntary,2026-03-10,2027-03-10,2285851,79075,annual,cancelled
P003639,C00038,A0022,motor,motor_compulsory,2024-08-02,2025-08-02,2037501,81558,annual,active
P003640,C00286,A0026,property,property_flood,2024-08-29,2025-08-29,11885275,86001,monthly,active
P003641,C01418,A0015,motor,motor_compulsory,2025-04-08,2026-04-08,1586046,36129,monthly,active
P003642,C02523,A0033,motor,motor_compulsory,2024-04-23,2025-04-23,500924,20187,annual,active
P003643,C00443,A0041,property,property_flood,2025-05-30,2026-05-30,2573600,20035,quarterly,active
P003644,C01434,A0037,motor,motor_compulsory,2023-07-29,2024-07-28,422573,18381,monthly,active
P003645,C00754,A0025,motor,motor_compulsory,2024-11-16,2025-11-16,355164,8243,quarterly,lapsed
P003646,C02463,A0024,motor,motor_voluntary,2025-02-05,2026-02-05,1302945,64947,annual,active
P003647,C00024,A0012,motor,motor_compulsory,2023-08-23,2024-08-22,1020641,48569,monthly,active
P003648,C00337,A0048,property,property_allrisk,2023-06-15,2024-06-14,5172106,19358,quarterly,active
P003649,C01364,A0024,motor,motor_voluntary,2023-12-04,2024-12-03,333692,13879,quarterly,active
P003650,C02484,A0005,motor,motor_voluntary,2022-07-04,2023-07-04,1416822,57522,monthly,active
P003651,C02555,A0034,motor,motor_voluntary,2026-04-03,2027-04-03,1211015,39329,monthly,cancelled
P003652,C00567,A0037,motor,motor_voluntary,2025-11-22,2026-11-22,2399375,67533,quarterly,active
P003653,C00777,A0030,property,property_flood,2022-04-20,2023-04-20,10156227,99658,monthly,lapsed
P003654,C02517,A0047,motor,motor_compulsory,2023-08-01,2024-07-31,1453498,46179,monthly,active
P003655,C00813,A0004,motor,motor_compulsory,2023-02-27,2024-02-27,1874501,89788,quarterly,active
P003656,C02320,A0038,motor,motor_compulsory,2024-11-10,2025-11-10,1420604,45692,annual,active
P003657,C00337,A0010,motor,motor_compulsory,2025-03-07,2026-03-07,1323709,56620,annual,cancelled
P003658,C01253,A0038,motor,motor_compulsory,2023-03-29,2024-03-28,786326,31940,monthly,active
P003659,C00304,A0022,motor,motor_voluntary,2022-02-08,2023-02-08,2362888,53782,annual,active
P003660,C01330,A0019,motor,motor_voluntary,2024-03-06,2025-03-06,2329907,71338,monthly,active
P003661,C02202,A0029,property,property_flood,2024-04-15,2025-04-15,12137118,54453,quarterly,active
P003662,C01949,A0016,motor,motor_voluntary,2024-01-13,2025-01-12,426258,18127,quarterly,active
P003663,C02179,A0020,property,property_allrisk,2023-04-24,2024-04-23,18095220,175933,quarterly,cancelled
P003664,C02720,A0023,motor,motor_voluntary,2022-08-26,2023-08-26,525592,22754,quarterly,active
P003665,C00317,A0040,motor,motor_compulsory,2024-12-29,2025-12-29,2217898,60068,quarterly,active
P003666,C00844,A0006,property,property_allrisk,2025-05-09,2026-05-09,12451371,104873,monthly,active
P003667,C02129,A0013,motor,motor_voluntary,2025-01-18,2026-01-18,826025,25335,annual,active
P003668,C01352,A0030,motor,motor_voluntary,2022-05-11,2023-05-11,287914,9879,monthly,lapsed
P003669,C02920,A0022,motor,motor_compulsory,2024-01-17,2025-01-16,445341,15016,quarterly,active
P003670,C01532,A0049,property,property_allrisk,2022-08-25,2023-08-25,11934713,106061,annual,lapsed
P003671,C01212,A0021,property,property_flood,2022-06-11,2023-06-11,17323025,84848,annual,active
P003672,C01521,A0033,property,property_allrisk,2024-07-26,2025-07-26,8745467,71249,monthly,active
P003673,C02917,A0031,property,property_fire,2024-12-10,2025-12-10,1488648,7043,monthly,active
P003674,C00634,A0025,motor,motor_voluntary,2024-01-19,2025-01-18,2186187,66676,quarterly,active
P003675,C02115,A0036,motor,motor_voluntary,2025-06-17,2026-06-17,925587,25046,monthly,lapsed
P003676,C01552,A0042,motor,motor_compulsory,2024-09-21,2025-09-21,1937206,93011,annual,active
P003677,C02583,A0018,property,property_flood,2023-08-28,2024-08-27,1088630,10400,monthly,active
P003678,C00706,A0005,property,property_flood,2022-12-08,2023-12-08,9042407,55243,monthly,active
P003679,C00574,A0012,property,property_flood,2023-04-01,2024-03-31,16823949,51284,monthly,active
P003680,C02943,A0023,property,property_allrisk,2023-08-24,2024-08-23,8911776,37262,quarterly,active
P003681,C01831,A0008,property,property_fire,2023-01-28,2024-01-28,18754893,152687,monthly,active
P003682,C02316,A0040,property,property_allrisk,2023-04-22,2024-04-21,16776064,180677,annual,lapsed
P003683,C00239,A0048,motor,motor_voluntary,2023-04-01,2024-03-31,2243000,57742,quarterly,active
P003684,C00082,A0016,motor,motor_compulsory,2022-07-21,2023-07-21,2137970,88745,quarterly,active
P003685,C00250,A0045,motor,motor_compulsory,2023-04-20,2024-04-19,1627199,33305,annual,active
P003686,C02604,A0048,motor,motor_voluntary,2025-05-25,2026-05-25,1355046,64292,quarterly,active
P003687,C02704,A0047,motor,motor_compulsory,2025-02-14,2026-02-14,1800511,65008,annual,active
P003688,C00056,A0045,motor,motor_voluntary,2025-10-31,2026-10-31,1366238,34121,monthly,active
P003689,C01945,A0016,motor,motor_compulsory,2024-01-20,2025-01-19,1303489,33553,annual,active
P003690,C01752,A0050,property,property_fire,2026-01-15,2027-01-15,7054666,30514,monthly,active
P003691,C01131,A0008,motor,motor_voluntary,2024-07-04,2025-07-04,1076932,44822,quarterly,active
P003692,C00174,A0045,motor,motor_compulsory,2025-05-13,2026-05-13,2137012,77295,annual,active
P003693,C02639,A0047,motor,motor_voluntary,2023-09-09,2024-09-08,1674283,63545,quarterly,active
P003694,C02368,A0006,motor,motor_voluntary,2024-02-27,2025-02-26,1102809,42750,quarterly,active
P003695,C01424,A0041,motor,motor_compulsory,2022-11-24,2023-11-24,1831213,89571,quarterly,cancelled
P003696,C01346,A0007,motor,motor_voluntary,2025-01-28,2026-01-28,279122,9797,annual,active
P003697,C01125,A0017,motor,motor_voluntary,2024-01-30,2025-01-29,769639,37043,quarterly,active
P003698,C02075,A0024,motor,motor_compulsory,2024-02-10,2025-02-09,269325,6238,annual,active
P003699,C00925,A0011,property,property_flood,2026-01-29,2027-01-29,11010485,117520,quarterly,active
P003700,C01839,A0016,property,property_allrisk,2025-08-20,2026-08-20,16219299,55363,monthly,cancelled
P003701,C01418,A0019,property,property_allrisk,2025-05-14,2026-05-14,2275564,8194,annual,active
P003702,C00639,A0025,property,property_allrisk,2023-10-05,2024-10-04,3782310,17605,monthly,active
P003703,C00475,A0033,motor,motor_compulsory,2023-01-01,2024-01-01,2162421,63589,quarterly,active
P003704,C00411,A0006,motor,motor_compulsory,2025-01-06,2026-01-06,244817,9381,annual,lapsed
P003705,C01283,A0033,property,property_fire,2023-06-28,2024-06-27,19476802,159609,quarterly,cancelled
P003706,C02831,A0025,motor,motor_compulsory,2025-10-06,2026-10-06,1195946,24721,monthly,cancelled
P003707,C02114,A0044,motor,motor_compulsory,2026-04-26,2027-04-26,764708,26801,quarterly,active
P003708,C01300,A0043,motor,motor_compulsory,2026-01-22,2027-01-22,1541189,60728,quarterly,active
P003709,C02326,A0049,property,property_allrisk,2023-03-03,2024-03-02,10387411,93564,annual,active
P003710,C01433,A0035,motor,motor_compulsory,2022-07-22,2023-07-22,1639177,58782,monthly,active
P003711,C02946,A0003,motor,motor_compulsory,2022-10-24,2023-10-24,1744506,56123,annual,active
P003712,C00764,A0029,motor,motor_voluntary,2022-03-29,2023-03-29,1417441,70064,annual,lapsed
P003713,C02809,A0041,property,property_allrisk,2023-05-24,2024-05-23,15847391,119721,monthly,active
P003714,C00385,A0008,motor,motor_voluntary,2023-05-18,2024-05-17,573017,18097,monthly,active
P003715,C02041,A0020,motor,motor_voluntary,2025-10-03,2026-10-03,931940,20128,quarterly,active
P003716,C00024,A0002,motor,motor_compulsory,2023-05-16,2024-05-15,642434,21978,monthly,active
P003717,C00691,A0047,motor,motor_voluntary,2023-05-01,2024-04-30,578438,15519,monthly,active
P003718,C02632,A0037,motor,motor_voluntary,2024-04-20,2025-04-20,1270661,60319,monthly,lapsed
P003719,C01024,A0042,motor,motor_voluntary,2025-10-04,2026-10-04,829127,28175,quarterly,active
P003720,C01271,A0028,property,property_allrisk,2025-11-26,2026-11-26,11814712,75575,annual,active
P003721,C01627,A0022,motor,motor_voluntary,2026-01-21,2027-01-21,1765749,83193,annual,active
P003722,C02817,A0008,property,property_allrisk,2023-06-12,2024-06-11,17353993,190124,annual,active
P003723,C01540,A0023,motor,motor_voluntary,2024-04-01,2025-04-01,2342880,102267,quarterly,lapsed
P003724,C00556,A0025,motor,motor_compulsory,2026-04-04,2027-04-04,2442660,95390,quarterly,lapsed
P003725,C02985,A0046,motor,motor_voluntary,2026-03-21,2027-03-21,1814954,76027,quarterly,lapsed
P003726,C01544,A0023,property,property_flood,2025-10-25,2026-10-25,1899697,17240,quarterly,active
P003727,C02719,A0021,property,property_allrisk,2025-01-30,2026-01-30,19086752,183233,annual,active
P003728,C02567,A0033,property,property_allrisk,2024-03-14,2025-03-14,17456538,120505,monthly,active
P003729,C02995,A0016,motor,motor_compulsory,2025-04-22,2026-04-22,1534221,32249,quarterly,active
P003730,C02945,A0012,motor,motor_voluntary,2024-08-01,2025-08-01,1201615,34091,quarterly,lapsed
P003731,C01508,A0017,motor,motor_compulsory,2024-04-18,2025-04-18,1616966,54110,quarterly,active
P003732,C00555,A0005,motor,motor_compulsory,2025-07-30,2026-07-30,851837,19115,monthly,lapsed
P003733,C02081,A0034,motor,motor_compulsory,2026-02-21,2027-02-21,2355685,103520,monthly,active
P003734,C02048,A0026,property,property_flood,2024-12-10,2025-12-10,6248799,51838,annual,active
P003735,C01797,A0039,property,property_fire,2024-03-16,2025-03-16,18182132,140067,annual,active
P003736,C01417,A0048,motor,motor_voluntary,2024-01-21,2025-01-20,242588,7889,quarterly,active
P003737,C01861,A0001,motor,motor_compulsory,2026-02-26,2027-02-26,1431456,55454,annual,active
P003738,C00649,A0019,motor,motor_compulsory,2023-12-22,2024-12-21,2470099,104428,annual,active
P003739,C02967,A0004,motor,motor_compulsory,2024-02-18,2025-02-17,1781804,48444,annual,lapsed
P003740,C00045,A0033,motor,motor_compulsory,2025-03-13,2026-03-13,792555,30857,annual,active
P003741,C01631,A0028,motor,motor_compulsory,2022-04-14,2023-04-14,438263,9861,quarterly,active
P003742,C02932,A0040,motor,motor_voluntary,2022-10-02,2023-10-02,2342496,79534,annual,active
P003743,C02255,A0043,property,property_fire,2023-06-10,2024-06-09,2512364,18307,monthly,lapsed
P003744,C01283,A0003,motor,motor_voluntary,2026-02-11,2027-02-11,1216255,28142,monthly,active
P003745,C01977,A0046,property,property_allrisk,2023-07-04,2024-07-03,4656955,50352,quarterly,active
P003746,C00751,A0016,property,property_allrisk,2024-12-08,2025-12-08,14680318,154418,monthly,active
P003747,C02539,A0006,property,property_allrisk,2025-04-29,2026-04-29,13219755,109499,quarterly,active
P003748,C01688,A0046,motor,motor_compulsory,2024-02-07,2025-02-06,1011117,20935,quarterly,active
P003749,C01299,A0042,motor,motor_compulsory,2022-11-30,2023-11-30,280011,6058,monthly,active
P003750,C02668,A0028,motor,motor_voluntary,2022-01-21,2023-01-21,1933175,59883,annual,active
P003751,C00265,A0020,motor,motor_compulsory,2023-07-22,2024-07-21,2236103,78751,quarterly,active
P003752,C01296,A0014,motor,motor_compulsory,2024-07-16,2025-07-16,2496621,120075,quarterly,active
P003753,C00311,A0034,property,property_flood,2024-02-07,2025-02-06,1580841,14255,quarterly,active
P003754,C00403,A0050,motor,motor_compulsory,2024-06-11,2025-06-11,1075198,40811,monthly,active
P003755,C00709,A0028,motor,motor_compulsory,2024-09-04,2025-09-04,559855,12022,quarterly,active
P003756,C02298,A0007,property,property_fire,2025-08-24,2026-08-24,18329080,98748,annual,active
P003757,C00980,A0037,property,property_flood,2023-07-14,2024-07-13,1576854,9873,annual,lapsed
P003758,C00550,A0036,property,property_fire,2023-08-20,2024-08-19,9183092,95174,quarterly,cancelled
P003759,C00443,A0009,motor,motor_voluntary,2023-12-12,2024-12-11,666083,32951,annual,cancelled
P003760,C00462,A0033,property,property_fire,2022-09-02,2023-09-02,1087234,11909,monthly,active
P003761,C02022,A0029,property,property_flood,2023-08-26,2024-08-25,6702968,36291,quarterly,active
P003762,C00612,A0016,motor,motor_compulsory,2022-05-25,2023-05-25,233009,8095,monthly,active
P003763,C00338,A0024,property,property_flood,2024-05-24,2025-05-24,11947836,96598,monthly,active
P003764,C02860,A0041,motor,motor_voluntary,2023-10-09,2024-10-08,2479228,113418,monthly,cancelled
P003765,C00369,A0049,property,property_flood,2023-04-03,2024-04-02,1940954,15858,quarterly,active
P003766,C00397,A0026,motor,motor_voluntary,2023-01-31,2024-01-31,525142,18949,monthly,active
P003767,C02853,A0043,motor,motor_compulsory,2025-06-02,2026-06-02,216393,5703,annual,active
P003768,C01034,A0011,motor,motor_voluntary,2022-05-23,2023-05-23,793539,38985,quarterly,cancelled
P003769,C01403,A0009,motor,motor_voluntary,2022-09-15,2023-09-15,1847283,65344,annual,active
P003770,C00370,A0029,property,property_flood,2023-04-22,2024-04-21,10399063,75823,quarterly,active
P003771,C02999,A0003,motor,motor_compulsory,2024-12-05,2025-12-05,1327651,29658,quarterly,active
P003772,C01101,A0043,motor,motor_voluntary,2022-05-12,2023-05-12,1667138,44192,annual,active
P003773,C02254,A0042,property,property_allrisk,2026-04-17,2027-04-17,13556381,55151,annual,lapsed
P003774,C00496,A0048,motor,motor_compulsory,2024-06-24,2025-06-24,1534352,73131,quarterly,active
P003775,C02892,A0028,motor,motor_voluntary,2024-12-10,2025-12-10,1994894,65244,monthly,active
P003776,C02510,A0019,motor,motor_compulsory,2025-07-07,2026-07-07,1018683,40524,annual,active
P003777,C01428,A0012,property,property_fire,2026-04-11,2027-04-11,10454018,80098,annual,active
P003778,C02293,A0004,property,property_flood,2025-05-20,2026-05-20,8974919,27393,annual,active
P003779,C00701,A0003,motor,motor_compulsory,2026-05-01,2027-05-01,2306497,105201,annual,lapsed
P003780,C01122,A0050,property,property_allrisk,2023-01-09,2024-01-09,6936986,59901,monthly,active
P003781,C02380,A0009,motor,motor_compulsory,2024-01-18,2025-01-17,1287269,44711,annual,active
P003782,C00688,A0011,property,property_flood,2024-03-25,2025-03-25,1376919,6206,quarterly,active
P003783,C02100,A0034,motor,motor_voluntary,2026-03-17,2027-03-17,1714635,77374,monthly,active
P003784,C00202,A0036,motor,motor_compulsory,2024-05-10,2025-05-10,1087834,27266,monthly,active
P003785,C02010,A0007,property,property_allrisk,2024-03-01,2025-03-01,16891609,148249,quarterly,active
P003786,C02303,A0038,motor,motor_compulsory,2024-08-24,2025-08-24,2473705,73797,quarterly,active
P003787,C00766,A0009,property,property_fire,2023-08-28,2024-08-27,2677210,21075,annual,active
P003788,C02944,A0030,property,property_allrisk,2023-02-14,2024-02-14,13857672,161596,annual,active
P003789,C00962,A0026,motor,motor_compulsory,2023-08-20,2024-08-19,659662,15227,quarterly,lapsed
P003790,C02716,A0050,property,property_flood,2023-09-15,2024-09-14,17386256,90981,monthly,active
P003791,C00835,A0018,property,property_fire,2025-05-22,2026-05-22,11606156,97721,monthly,active
P003792,C01279,A0043,motor,motor_compulsory,2025-05-23,2026-05-23,2469029,117606,monthly,active
P003793,C02382,A0020,property,property_flood,2024-10-25,2025-10-25,12400649,112330,quarterly,active
P003794,C02639,A0046,motor,motor_compulsory,2023-06-30,2024-06-29,416481,8885,annual,active
P003795,C02557,A0010,property,property_fire,2025-04-02,2026-04-02,13297835,62472,monthly,lapsed
P003796,C00355,A0024,motor,motor_compulsory,2023-01-23,2024-01-23,953046,24836,quarterly,active
P003797,C02731,A0015,motor,motor_compulsory,2023-08-14,2024-08-13,1963557,53856,annual,active
P003798,C02855,A0034,motor,motor_compulsory,2022-04-29,2023-04-29,661018,14495,annual,active
P003799,C01583,A0021,motor,motor_compulsory,2023-08-23,2024-08-22,1277054,48428,annual,active
P003800,C02248,A0008,motor,motor_voluntary,2025-03-17,2026-03-17,2195908,57442,quarterly,active
P003801,C02867,A0006,motor,motor_voluntary,2023-02-17,2024-02-17,2089748,98297,annual,active
P003802,C01112,A0016,motor,motor_voluntary,2022-06-18,2023-06-18,650986,13113,monthly,active
P003803,C00494,A0042,motor,motor_compulsory,2025-11-18,2026-11-18,1518009,34016,annual,active
P003804,C00977,A0026,motor,motor_compulsory,2025-07-10,2026-07-10,1566255,34382,annual,active
P003805,C00118,A0019,motor,motor_voluntary,2024-06-09,2025-06-09,1095551,30775,annual,active
P003806,C02512,A0035,motor,motor_voluntary,2023-01-12,2024-01-12,491383,10320,monthly,active
P003807,C00690,A0025,motor,motor_voluntary,2023-04-27,2024-04-26,989396,47523,quarterly,active
P003808,C02322,A0002,motor,motor_voluntary,2023-01-06,2024-01-06,402100,13433,annual,active
P003809,C02357,A0007,property,property_allrisk,2023-05-04,2024-05-03,1690531,12920,quarterly,active
P003810,C00105,A0035,motor,motor_compulsory,2024-10-29,2025-10-29,610836,12540,quarterly,lapsed
P003811,C00802,A0039,motor,motor_compulsory,2024-12-25,2025-12-25,1413426,52829,monthly,active
P003812,C01048,A0030,motor,motor_compulsory,2023-08-02,2024-08-01,2022939,63836,annual,cancelled
P003813,C02572,A0041,motor,motor_voluntary,2025-11-18,2026-11-18,1921023,68227,annual,active
P003814,C00893,A0002,motor,motor_compulsory,2023-06-15,2024-06-14,1199484,30317,quarterly,active
P003815,C01374,A0034,motor,motor_voluntary,2024-01-06,2025-01-05,2147146,90518,annual,active
P003816,C00391,A0035,motor,motor_voluntary,2025-08-06,2026-08-06,893799,37657,monthly,lapsed
P003817,C00080,A0004,motor,motor_compulsory,2025-03-07,2026-03-07,1504672,35817,quarterly,active
P003818,C01387,A0017,property,property_fire,2025-04-22,2026-04-22,12583371,106636,quarterly,active
P003819,C01446,A0006,property,property_flood,2025-06-21,2026-06-21,11110908,113073,annual,cancelled
P003820,C01084,A0002,motor,motor_compulsory,2023-05-17,2024-05-16,274817,13496,annual,active
P003821,C00697,A0042,property,property_fire,2024-09-07,2025-09-07,12231658,70108,annual,active
P003822,C01871,A0050,property,property_fire,2024-05-19,2025-05-19,4675084,31739,annual,lapsed
P003823,C02874,A0010,motor,motor_voluntary,2025-03-10,2026-03-10,2118841,99628,quarterly,active
P003824,C02414,A0038,motor,motor_voluntary,2024-02-24,2025-02-23,259163,12704,quarterly,active
P003825,C01937,A0029,motor,motor_compulsory,2024-02-15,2025-02-14,475569,10973,annual,active
P003826,C00422,A0037,motor,motor_voluntary,2025-05-13,2026-05-13,1572781,33466,monthly,active
P003827,C02488,A0042,property,property_allrisk,2025-05-06,2026-05-06,5018554,49564,monthly,active
P003828,C02069,A0005,motor,motor_compulsory,2023-03-03,2024-03-02,205129,4624,monthly,active
P003829,C00023,A0006,motor,motor_compulsory,2024-06-16,2025-06-16,613509,15765,annual,lapsed
P003830,C00212,A0011,property,property_flood,2023-09-29,2024-09-28,5295346,26076,quarterly,lapsed
P003831,C01857,A0007,property,property_flood,2025-03-28,2026-03-28,8474482,28709,annual,active
P003832,C01209,A0045,property,property_flood,2023-08-20,2024-08-19,13488903,67184,annual,active
P003833,C02812,A0007,motor,motor_compulsory,2026-02-11,2027-02-11,945350,45875,annual,active
P003834,C02883,A0038,motor,motor_voluntary,2022-12-19,2023-12-19,1197206,37545,quarterly,active
P003835,C00194,A0014,motor,motor_compulsory,2024-02-02,2025-02-01,464786,14569,monthly,active
P003836,C00343,A0045,motor,motor_compulsory,2022-06-09,2023-06-09,2353761,50347,quarterly,lapsed
P003837,C00781,A0045,motor,motor_compulsory,2022-04-17,2023-04-17,567465,26631,monthly,active
P003838,C02857,A0046,motor,motor_voluntary,2023-05-29,2024-05-28,2167806,80753,quarterly,active
P003839,C01409,A0013,motor,motor_compulsory,2026-04-06,2027-04-06,2032800,85593,quarterly,active
P003840,C02827,A0031,motor,motor_voluntary,2022-11-09,2023-11-09,629572,21761,annual,cancelled
P003841,C00535,A0012,motor,motor_compulsory,2022-01-06,2023-01-06,1629357,51192,quarterly,active
P003842,C00890,A0043,property,property_fire,2023-01-30,2024-01-30,8750121,102474,annual,active
P003843,C00269,A0005,motor,motor_compulsory,2025-07-13,2026-07-13,554308,24573,monthly,active
P003844,C02792,A0038,motor,motor_voluntary,2023-01-18,2024-01-18,2053592,87398,monthly,cancelled
P003845,C02861,A0008,property,property_allrisk,2023-10-12,2024-10-11,16809496,115324,annual,cancelled
P003846,C02790,A0050,property,property_allrisk,2022-04-28,2023-04-28,9240535,33972,quarterly,active
P003847,C01586,A0027,motor,motor_voluntary,2023-04-06,2024-04-05,1590598,40684,annual,active
P003848,C00863,A0031,property,property_flood,2024-02-15,2025-02-14,12623218,47974,annual,active
P003849,C02460,A0001,motor,motor_voluntary,2023-08-11,2024-08-10,2126757,91823,monthly,lapsed
P003850,C00092,A0032,motor,motor_voluntary,2025-12-18,2026-12-18,960780,28078,quarterly,lapsed
P003851,C01444,A0039,motor,motor_compulsory,2025-03-27,2026-03-27,1696936,57491,monthly,active
P003852,C01403,A0044,motor,motor_voluntary,2023-11-03,2024-11-02,1275048,41708,monthly,active
P003853,C01907,A0035,motor,motor_compulsory,2023-06-06,2024-06-05,476010,23074,annual,active
P003854,C01111,A0041,property,property_flood,2024-03-13,2025-03-13,6306109,27147,annual,active
P003855,C02724,A0026,property,property_allrisk,2024-09-10,2025-09-10,16237031,164014,annual,active
P003856,C02578,A0024,property,property_flood,2022-09-26,2023-09-26,11414937,65189,quarterly,active
P003857,C02373,A0006,motor,motor_voluntary,2023-04-24,2024-04-23,1276779,30611,quarterly,active
P003858,C00542,A0014,motor,motor_voluntary,2024-07-30,2025-07-30,2048320,65744,annual,active
P003859,C00458,A0014,motor,motor_compulsory,2023-10-29,2024-10-28,1307011,40527,quarterly,active
P003860,C00247,A0040,motor,motor_voluntary,2025-06-22,2026-06-22,1933327,84716,annual,active
P003861,C00209,A0046,motor,motor_voluntary,2023-07-27,2024-07-26,1211653,55236,quarterly,active
P003862,C02385,A0013,motor,motor_voluntary,2023-06-28,2024-06-27,685501,30506,annual,active
P003863,C02963,A0021,property,property_flood,2025-11-10,2026-11-10,19939203,207532,monthly,active
P003864,C01603,A0033,motor,motor_compulsory,2024-10-21,2025-10-21,2432295,95241,monthly,active
P003865,C02600,A0027,motor,motor_voluntary,2025-08-01,2026-08-01,1312002,42555,monthly,active
P003866,C00505,A0020,motor,motor_compulsory,2023-12-29,2024-12-28,879715,35406,quarterly,active
P003867,C00834,A0042,property,property_allrisk,2024-07-03,2025-07-03,12774489,47898,monthly,active
P003868,C01163,A0022,motor,motor_compulsory,2024-05-14,2025-05-14,1814501,77094,monthly,active
P003869,C02294,A0007,motor,motor_voluntary,2025-12-03,2026-12-03,786335,17458,monthly,active
P003870,C02919,A0015,motor,motor_voluntary,2023-08-11,2024-08-10,1701105,78726,monthly,active
P003871,C01265,A0005,property,property_flood,2022-02-10,2023-02-10,6100554,54194,quarterly,active
P003872,C02243,A0011,motor,motor_compulsory,2025-04-07,2026-04-07,391377,17456,annual,active
P003873,C02717,A0031,motor,motor_compulsory,2023-02-07,2024-02-07,2080585,59683,quarterly,active
P003874,C00579,A0006,motor,motor_compulsory,2024-12-17,2025-12-17,1917597,49011,monthly,active
P003875,C01769,A0047,motor,motor_voluntary,2023-12-03,2024-12-02,417251,9824,quarterly,cancelled
P003876,C01223,A0019,motor,motor_voluntary,2025-08-31,2026-08-31,2150390,46977,monthly,lapsed
P003877,C01354,A0049,motor,motor_voluntary,2023-09-27,2024-09-26,1323548,46920,annual,active
P003878,C02658,A0050,motor,motor_voluntary,2023-02-11,2024-02-11,1655441,51731,annual,active
P003879,C01505,A0001,property,property_allrisk,2025-03-04,2026-03-04,11643829,35015,quarterly,active
P003880,C02369,A0037,property,property_fire,2023-07-28,2024-07-27,14147108,49289,monthly,active
P003881,C02913,A0046,property,property_flood,2025-12-25,2026-12-25,6025808,61100,quarterly,active
P003882,C02965,A0012,property,property_flood,2023-03-05,2024-03-04,18730883,58643,annual,active
P003883,C01742,A0007,motor,motor_compulsory,2023-12-24,2024-12-23,1020691,21393,quarterly,active
P003884,C02614,A0011,property,property_fire,2024-04-23,2025-04-23,15501205,162153,quarterly,active
P003885,C02611,A0023,property,property_flood,2023-04-03,2024-04-02,5674207,62784,monthly,active
P003886,C02467,A0029,motor,motor_compulsory,2025-06-25,2026-06-25,219542,10229,quarterly,cancelled
P003887,C01426,A0050,property,property_flood,2024-06-21,2025-06-21,3795522,12997,annual,active
P003888,C01158,A0041,motor,motor_compulsory,2024-08-29,2025-08-29,1312486,32969,monthly,active
P003889,C02123,A0030,motor,motor_compulsory,2023-06-09,2024-06-08,2294782,112524,quarterly,lapsed
P003890,C00549,A0038,property,property_allrisk,2025-03-31,2026-03-31,3601303,21281,monthly,lapsed
P003891,C02145,A0019,property,property_fire,2022-03-06,2023-03-06,16304316,141635,annual,active
P003892,C02384,A0020,motor,motor_compulsory,2023-10-01,2024-09-30,1893629,77049,quarterly,active
P003893,C00762,A0050,property,property_flood,2024-10-05,2025-10-05,4357437,25024,annual,active
P003894,C01822,A0018,motor,motor_compulsory,2023-03-20,2024-03-19,1794054,62271,quarterly,active
P003895,C01215,A0016,property,property_allrisk,2023-03-30,2024-03-29,19649926,119703,quarterly,active
P003896,C00567,A0020,motor,motor_voluntary,2025-11-26,2026-11-26,595908,29033,monthly,active
P003897,C01667,A0041,property,property_fire,2024-09-08,2025-09-08,15437714,118860,monthly,active
P003898,C02696,A0036,motor,motor_voluntary,2022-03-25,2023-03-25,926822,27563,annual,active
P003899,C00530,A0003,motor,motor_voluntary,2022-02-24,2023-02-24,1323798,49176,monthly,active
P003900,C02330,A0028,motor,motor_compulsory,2022-11-17,2023-11-17,2160482,59945,monthly,active
P003901,C01055,A0021,property,property_allrisk,2024-01-27,2025-01-26,5343914,25113,annual,active
P003902,C00177,A0038,motor,motor_compulsory,2025-11-08,2026-11-08,2204195,93647,monthly,active
P003903,C01352,A0018,motor,motor_compulsory,2024-01-31,2025-01-30,2081625,58445,monthly,active
P003904,C01305,A0043,motor,motor_compulsory,2025-03-01,2026-03-01,454827,22022,quarterly,active
P003905,C02342,A0030,motor,motor_compulsory,2023-01-04,2024-01-04,751948,35834,monthly,active
P003906,C02084,A0027,motor,motor_voluntary,2025-12-07,2026-12-07,687106,28587,annual,cancelled
P003907,C00192,A0036,motor,motor_compulsory,2026-04-07,2027-04-07,1360319,41506,monthly,active
P003908,C02055,A0003,motor,motor_voluntary,2024-10-21,2025-10-21,1043599,50752,monthly,lapsed
P003909,C02836,A0009,motor,motor_compulsory,2023-11-11,2024-11-10,208079,9987,annual,active
P003910,C00227,A0017,motor,motor_compulsory,2024-08-23,2025-08-23,1441840,33542,quarterly,active
P003911,C02614,A0002,motor,motor_voluntary,2025-10-01,2026-10-01,1652128,44662,quarterly,active
P003912,C02794,A0041,motor,motor_voluntary,2023-12-01,2024-11-30,1244914,50423,monthly,active
P003913,C02587,A0021,motor,motor_voluntary,2022-10-02,2023-10-02,1966830,76973,monthly,active
P003914,C01634,A0040,motor,motor_voluntary,2023-06-11,2024-06-10,825937,21003,monthly,active
P003915,C00682,A0032,motor,motor_compulsory,2023-12-24,2024-12-23,2450367,109233,monthly,active
P003916,C02279,A0034,motor,motor_compulsory,2025-03-13,2026-03-13,779596,21858,annual,active
P003917,C02747,A0011,motor,motor_compulsory,2024-07-09,2025-07-09,2478675,93007,monthly,active
P003918,C01619,A0008,motor,motor_voluntary,2024-09-08,2025-09-08,732273,18521,annual,lapsed
P003919,C00601,A0008,motor,motor_compulsory,2023-07-12,2024-07-11,540085,11537,monthly,active
P003920,C01464,A0020,motor,motor_compulsory,2022-09-24,2023-09-24,1533817,63608,quarterly,active
P003921,C02501,A0044,motor,motor_voluntary,2023-04-16,2024-04-15,2205197,45948,annual,cancelled
P003922,C02513,A0044,motor,motor_compulsory,2023-12-05,2024-12-04,1304640,56318,quarterly,active
P003923,C01794,A0018,motor,motor_voluntary,2025-01-16,2026-01-16,2261996,62412,monthly,active
P003924,C01010,A0001,motor,motor_voluntary,2023-01-10,2024-01-10,418996,13409,annual,active
P003925,C02080,A0023,property,property_allrisk,2025-02-20,2026-02-20,9159235,106195,annual,active
P003926,C00953,A0022,motor,motor_compulsory,2024-10-11,2025-10-11,592700,24784,monthly,active
P003927,C02426,A0019,motor,motor_compulsory,2025-12-29,2026-12-29,356338,9097,annual,cancelled
P003928,C02507,A0011,motor,motor_compulsory,2025-07-28,2026-07-28,1414019,57085,quarterly,active
P003929,C00634,A0018,property,property_flood,2023-03-31,2024-03-30,5019786,21989,annual,active
P003930,C00475,A0029,motor,motor_compulsory,2023-09-30,2024-09-29,863843,21420,annual,active
P003931,C00094,A0005,motor,motor_compulsory,2025-09-01,2026-09-01,834295,18046,monthly,active
P003932,C01015,A0024,motor,motor_compulsory,2025-07-20,2026-07-20,1596467,65145,monthly,active
P003933,C02082,A0037,motor,motor_compulsory,2023-09-12,2024-09-11,2101265,87127,monthly,active
P003934,C02916,A0033,property,property_allrisk,2025-09-26,2026-09-26,5176353,48186,monthly,active
P003935,C02771,A0047,motor,motor_voluntary,2026-03-24,2027-03-24,1401108,69389,monthly,active
P003936,C00494,A0050,property,property_fire,2023-07-01,2024-06-30,19792474,97569,quarterly,active
P003937,C00942,A0033,property,property_flood,2024-02-06,2025-02-05,1612442,19241,monthly,active
P003938,C00619,A0046,motor,motor_compulsory,2024-05-25,2025-05-25,1330251,34817,annual,active
P003939,C02235,A0007,motor,motor_voluntary,2025-11-20,2026-11-20,1334831,48754,annual,cancelled
P003940,C01971,A0034,motor,motor_compulsory,2023-12-30,2024-12-29,2139722,57447,monthly,active
P003941,C02368,A0007,motor,motor_voluntary,2026-03-23,2027-03-23,2389172,64647,annual,active
P003942,C00805,A0003,motor,motor_voluntary,2025-05-28,2026-05-28,330981,9364,monthly,active
P003943,C01916,A0042,motor,motor_compulsory,2024-06-11,2025-06-11,482701,22879,quarterly,active
P003944,C01438,A0006,motor,motor_compulsory,2024-07-15,2025-07-15,1275423,35937,monthly,active
P003945,C00937,A0001,motor,motor_compulsory,2023-12-25,2024-12-24,898258,29831,annual,lapsed
P003946,C00919,A0002,motor,motor_voluntary,2024-11-22,2025-11-22,2403807,83724,monthly,active
P003947,C00689,A0032,motor,motor_compulsory,2023-12-05,2024-12-04,953700,32944,annual,active
P003948,C00278,A0047,property,property_flood,2023-09-04,2024-09-03,5938903,30718,quarterly,active
P003949,C02387,A0029,motor,motor_voluntary,2025-08-04,2026-08-04,2473898,61255,monthly,active
P003950,C01444,A0013,motor,motor_compulsory,2025-11-08,2026-11-08,659693,26126,annual,active
P003951,C02514,A0025,property,property_allrisk,2024-02-17,2025-02-16,12118653,105986,annual,active
P003952,C01641,A0011,motor,motor_compulsory,2025-05-24,2026-05-24,2313787,80270,annual,active
P003953,C00989,A0049,motor,motor_voluntary,2024-01-31,2025-01-30,2286682,78681,annual,active
P003954,C02214,A0016,motor,motor_voluntary,2024-05-20,2025-05-20,558156,24259,monthly,active
P003955,C02404,A0035,property,property_flood,2024-02-21,2025-02-20,6250533,59955,quarterly,active
P003956,C00363,A0040,motor,motor_voluntary,2024-01-16,2025-01-15,1071477,50730,monthly,active
P003957,C01086,A0043,motor,motor_voluntary,2024-06-12,2025-06-12,874849,29956,annual,lapsed
P003958,C02905,A0039,motor,motor_compulsory,2023-11-25,2024-11-24,1387816,65734,monthly,lapsed
P003959,C01606,A0036,motor,motor_compulsory,2023-06-05,2024-06-04,2128174,101440,quarterly,active
P003960,C02179,A0011,motor,motor_compulsory,2023-04-29,2024-04-28,727088,33459,monthly,active
P003961,C02121,A0050,motor,motor_voluntary,2024-02-23,2025-02-22,749086,22108,quarterly,active
P003962,C01663,A0014,motor,motor_voluntary,2022-03-26,2023-03-26,941500,32961,quarterly,lapsed
P003963,C01593,A0011,property,property_flood,2025-06-08,2026-06-08,19635425,78637,monthly,active
P003964,C02079,A0019,property,property_flood,2024-01-29,2025-01-28,4428140,37508,quarterly,active
P003965,C00688,A0023,motor,motor_voluntary,2024-01-12,2025-01-11,2469581,62993,annual,lapsed
P003966,C00642,A0033,motor,motor_voluntary,2023-04-06,2024-04-05,1313069,35934,annual,active
P003967,C02708,A0030,motor,motor_compulsory,2025-03-24,2026-03-24,2219442,105263,annual,active
P003968,C01948,A0023,motor,motor_voluntary,2023-09-17,2024-09-16,609039,21137,monthly,active
P003969,C02675,A0007,motor,motor_compulsory,2024-06-12,2025-06-12,2444110,118224,annual,active
P003970,C00280,A0040,motor,motor_compulsory,2023-07-24,2024-07-23,2274783,83941,monthly,active
P003971,C01075,A0003,motor,motor_compulsory,2025-11-16,2026-11-16,1989061,60682,quarterly,lapsed
P003972,C00877,A0045,property,property_flood,2024-12-11,2025-12-11,10731793,105001,quarterly,lapsed
P003973,C02900,A0039,motor,motor_voluntary,2025-01-14,2026-01-14,397170,17900,annual,active
P003974,C01018,A0046,motor,motor_voluntary,2022-06-28,2023-06-28,1624712,55529,monthly,active
P003975,C02336,A0024,motor,motor_voluntary,2024-07-05,2025-07-05,2191907,54934,quarterly,active
P003976,C01753,A0031,motor,motor_voluntary,2024-10-11,2025-10-11,256033,8599,quarterly,active
P003977,C01309,A0006,motor,motor_compulsory,2022-01-12,2023-01-12,2052752,82128,quarterly,cancelled
P003978,C01225,A0001,motor,motor_voluntary,2025-04-08,2026-04-08,1880498,61654,annual,active
P003979,C01599,A0018,motor,motor_voluntary,2024-01-12,2025-01-11,2125125,55803,annual,active
P003980,C02941,A0012,motor,motor_compulsory,2024-12-29,2025-12-29,489065,13973,annual,active
P003981,C01232,A0005,motor,motor_compulsory,2024-10-27,2025-10-27,1803607,54083,annual,active
P003982,C00548,A0009,motor,motor_voluntary,2024-11-02,2025-11-02,731759,26440,annual,active
P003983,C02094,A0041,motor,motor_compulsory,2025-09-25,2026-09-25,468606,10525,quarterly,lapsed
P003984,C00137,A0031,motor,motor_voluntary,2024-12-18,2025-12-18,2466281,103726,monthly,active
P003985,C00330,A0029,motor,motor_compulsory,2023-08-03,2024-08-02,1159907,34934,monthly,active
P003986,C02642,A0005,motor,motor_voluntary,2024-06-22,2025-06-22,339948,12317,quarterly,active
P003987,C02915,A0039,motor,motor_compulsory,2025-05-13,2026-05-13,636159,27350,annual,active
P003988,C02731,A0031,motor,motor_compulsory,2024-02-03,2025-02-02,2320786,103112,annual,active
P003989,C01352,A0005,property,property_fire,2025-11-20,2026-11-20,15289318,143749,monthly,active
P003990,C02624,A0029,motor,motor_compulsory,2022-07-05,2023-07-05,1398864,55000,annual,active
P003991,C01626,A0003,property,property_allrisk,2025-09-03,2026-09-03,11671888,83481,annual,active
P003992,C01529,A0027,property,property_allrisk,2025-11-05,2026-11-05,12384617,98693,quarterly,active
P003993,C00291,A0047,property,property_flood,2025-08-13,2026-08-13,8772617,99652,quarterly,active
P003994,C01569,A0011,motor,motor_voluntary,2023-06-22,2024-06-21,2182996,73388,quarterly,active
P003995,C00109,A0003,motor,motor_voluntary,2024-04-07,2025-04-07,2464218,53486,annual,active
P003996,C02922,A0027,motor,motor_compulsory,2025-05-15,2026-05-15,1198917,53343,monthly,active
P003997,C01372,A0022,motor,motor_compulsory,2024-02-16,2025-02-15,1496317,55249,annual,active
P003998,C01020,A0042,property,property_fire,2022-04-02,2023-04-02,18288592,140573,monthly,active
P003999,C02582,A0012,motor,motor_compulsory,2026-03-29,2027-03-29,2344194,69718,annual,active
P004000,C02859,A0050,motor,motor_compulsory,2023-09-18,2024-09-17,2002026,66153,monthly,active
P004001,C00081,A0014,motor,motor_voluntary,2026-01-04,2027-01-04,289933,7117,monthly,active
P004002,C02095,A0026,property,property_allrisk,2025-08-13,2026-08-13,14735464,156810,quarterly,active
P004003,C01696,A0023,motor,motor_voluntary,2023-10-22,2024-10-21,1841985,90600,monthly,active
P004004,C00477,A0024,motor,motor_compulsory,2024-04-12,2025-04-12,878664,26917,monthly,lapsed
P004005,C02427,A0030,motor,motor_compulsory,2023-11-17,2024-11-16,1574460,78096,quarterly,active
P004006,C00871,A0034,property,property_fire,2023-10-07,2024-10-06,13615231,61336,monthly,active
P004007,C01203,A0020,motor,motor_voluntary,2023-04-18,2024-04-17,2189812,101785,quarterly,active
P004008,C01325,A0001,motor,motor_voluntary,2022-04-30,2023-04-30,1441591,71673,quarterly,active
P004009,C02796,A0015,motor,motor_voluntary,2024-05-27,2025-05-27,599140,28674,quarterly,active
P004010,C02611,A0015,motor,motor_compulsory,2023-10-16,2024-10-15,925894,21380,quarterly,active
P004011,C01575,A0034,motor,motor_compulsory,2026-02-23,2027-02-23,646466,20294,annual,active
P004012,C02654,A0009,motor,motor_voluntary,2025-07-18,2026-07-18,995237,38103,quarterly,lapsed
P004013,C01693,A0014,motor,motor_voluntary,2024-08-16,2025-08-16,868414,38528,quarterly,lapsed
P004014,C02322,A0006,motor,motor_compulsory,2023-05-16,2024-05-15,270443,5960,quarterly,active
P004015,C01497,A0016,property,property_flood,2024-01-27,2025-01-26,12677462,52772,monthly,active
P004016,C01188,A0017,motor,motor_compulsory,2024-03-21,2025-03-21,1730069,48696,quarterly,cancelled
P004017,C00839,A0033,motor,motor_voluntary,2022-02-08,2023-02-08,1289639,37904,annual,active
P004018,C00274,A0010,motor,motor_voluntary,2022-10-22,2023-10-22,2095996,46499,monthly,lapsed
P004019,C00591,A0006,property,property_fire,2026-01-13,2027-01-13,2137192,11918,monthly,active
P004020,C01357,A0046,property,property_flood,2022-12-22,2023-12-22,10543347,83936,quarterly,active
P004021,C02636,A0021,property,property_flood,2022-02-26,2023-02-26,13877094,143139,quarterly,cancelled
P004022,C00880,A0039,motor,motor_voluntary,2024-12-12,2025-12-12,2129330,48240,annual,active
P004023,C01557,A0017,motor,motor_voluntary,2023-03-09,2024-03-08,1925913,82085,annual,active
P004024,C02985,A0013,motor,motor_compulsory,2024-11-15,2025-11-15,794414,32926,annual,cancelled
P004025,C01904,A0031,motor,motor_compulsory,2025-01-16,2026-01-16,546539,18507,monthly,active
P004026,C01019,A0011,motor,motor_voluntary,2025-07-03,2026-07-03,230565,9363,quarterly,active
P004027,C01617,A0049,motor,motor_voluntary,2022-08-28,2023-08-28,2129576,96422,monthly,active
P004028,C00966,A0048,property,property_allrisk,2024-03-02,2025-03-02,2958960,20211,annual,active
P004029,C00123,A0016,property,property_fire,2023-05-10,2024-05-09,1095296,3988,annual,active
P004030,C00253,A0014,motor,motor_compulsory,2023-06-24,2024-06-23,1437909,67546,annual,active
P004031,C00147,A0024,motor,motor_voluntary,2022-10-04,2023-10-04,707182,28827,monthly,active
P004032,C02855,A0002,motor,motor_voluntary,2023-03-26,2024-03-25,1212544,54077,monthly,lapsed
P004033,C02748,A0020,property,property_allrisk,2025-12-14,2026-12-14,14561902,109715,monthly,active
P004034,C02840,A0028,motor,motor_voluntary,2025-12-06,2026-12-06,2147790,71296,quarterly,active
P004035,C01473,A0009,motor,motor_voluntary,2023-09-10,2024-09-09,935708,32588,annual,active
P004036,C00709,A0006,motor,motor_compulsory,2023-10-09,2024-10-08,1509190,57792,quarterly,active
P004037,C01844,A0005,motor,motor_compulsory,2023-07-29,2024-07-28,932702,23995,annual,active
P004038,C00903,A0008,motor,motor_voluntary,2025-07-23,2026-07-23,1132829,45241,monthly,active
P004039,C00279,A0032,motor,motor_compulsory,2024-03-12,2025-03-12,1229215,43661,quarterly,active
P004040,C01917,A0042,motor,motor_voluntary,2024-02-14,2025-02-13,1114745,46752,quarterly,lapsed
P004041,C01766,A0023,motor,motor_compulsory,2024-12-30,2025-12-30,1543355,76078,quarterly,active
P004042,C02609,A0036,property,property_flood,2026-04-16,2027-04-16,14031875,150252,annual,active
P004043,C00422,A0018,motor,motor_voluntary,2025-11-10,2026-11-10,1226948,50763,annual,cancelled
P004044,C02912,A0013,property,property_flood,2023-09-17,2024-09-16,11467770,100204,quarterly,active
P004045,C00322,A0007,motor,motor_compulsory,2025-07-31,2026-07-31,680077,26333,annual,active
P004046,C02438,A0041,motor,motor_compulsory,2023-03-30,2024-03-29,1725942,76109,annual,active
P004047,C00113,A0005,motor,motor_compulsory,2023-06-26,2024-06-25,1798577,83754,quarterly,active
P004048,C01699,A0033,motor,motor_compulsory,2023-01-17,2024-01-17,728768,27533,monthly,active
P004049,C02618,A0005,motor,motor_compulsory,2023-02-04,2024-02-04,1902711,47682,monthly,active
P004050,C01661,A0036,motor,motor_compulsory,2022-12-08,2023-12-08,1950959,74727,monthly,active
P004051,C00537,A0043,property,property_fire,2023-06-21,2024-06-20,10977997,103114,monthly,active
P004052,C01851,A0024,motor,motor_voluntary,2025-08-28,2026-08-28,334917,16150,annual,active
P004053,C01226,A0033,property,property_fire,2023-03-15,2024-03-14,7071413,36494,annual,active
P004054,C00335,A0029,motor,motor_voluntary,2024-05-29,2025-05-29,1561592,50425,monthly,active
P004055,C00274,A0005,property,property_fire,2024-07-27,2025-07-27,2926579,25795,annual,active
P004056,C00858,A0023,motor,motor_compulsory,2026-03-05,2027-03-05,267782,10593,monthly,active
P004057,C00390,A0010,motor,motor_compulsory,2022-04-20,2023-04-20,1438062,44362,quarterly,active
P004058,C00424,A0016,motor,motor_compulsory,2026-03-28,2027-03-28,214937,10482,quarterly,active
P004059,C01042,A0049,motor,motor_voluntary,2023-01-13,2024-01-13,1634540,46337,quarterly,lapsed
P004060,C00777,A0006,motor,motor_compulsory,2023-07-16,2024-07-15,744822,28972,quarterly,active
P004061,C00093,A0029,property,property_fire,2023-01-18,2024-01-18,10444007,83293,annual,lapsed
P004062,C00725,A0009,property,property_flood,2023-07-03,2024-07-02,12634292,113682,monthly,active
P004063,C01777,A0032,motor,motor_compulsory,2022-02-25,2023-02-25,1789054,72595,monthly,active
P004064,C00504,A0046,motor,motor_compulsory,2022-10-05,2023-10-05,1005087,42750,annual,active
P004065,C02281,A0013,motor,motor_compulsory,2024-05-04,2025-05-04,2250119,65059,monthly,active
P004066,C01050,A0011,motor,motor_compulsory,2023-12-01,2024-11-30,1438376,37393,quarterly,active
P004067,C00864,A0045,motor,motor_compulsory,2024-04-14,2025-04-14,1330675,34010,quarterly,active
P004068,C02088,A0042,motor,motor_compulsory,2025-12-04,2026-12-04,726619,35843,annual,active
P004069,C00906,A0022,property,property_fire,2024-11-11,2025-11-11,6565614,29229,monthly,lapsed
P004070,C00031,A0013,motor,motor_voluntary,2024-06-19,2025-06-19,2076036,99698,monthly,active
P004071,C02024,A0044,motor,motor_compulsory,2025-09-03,2026-09-03,664240,17663,annual,active
P004072,C02736,A0011,motor,motor_compulsory,2023-06-18,2024-06-17,788814,19625,annual,lapsed
P004073,C00194,A0013,property,property_fire,2022-10-15,2023-10-15,11247120,34977,monthly,active
P004074,C01471,A0003,motor,motor_compulsory,2025-02-02,2026-02-02,1084215,39672,monthly,lapsed
P004075,C01147,A0041,motor,motor_compulsory,2024-02-11,2025-02-10,1925413,52364,monthly,active
P004076,C01965,A0035,motor,motor_compulsory,2024-09-14,2025-09-14,2329671,72820,annual,active
P004077,C01015,A0045,property,property_flood,2022-11-19,2023-11-19,4832348,51013,monthly,active
P004078,C00640,A0035,motor,motor_compulsory,2024-10-07,2025-10-07,2285928,58740,monthly,lapsed
P004079,C01227,A0012,motor,motor_compulsory,2025-05-07,2026-05-07,656281,20952,annual,active
P004080,C00706,A0019,property,property_flood,2024-06-15,2025-06-15,3741874,14505,annual,active
P004081,C02764,A0044,property,property_allrisk,2024-06-14,2025-06-14,1190979,11678,quarterly,active
P004082,C00744,A0028,property,property_allrisk,2025-10-08,2026-10-08,13456935,118245,quarterly,active
P004083,C01017,A0017,motor,motor_compulsory,2024-04-07,2025-04-07,273654,9233,quarterly,active
P004084,C01371,A0045,motor,motor_voluntary,2024-10-28,2025-10-28,1127063,32751,annual,active
P004085,C02325,A0028,motor,motor_voluntary,2024-09-05,2025-09-05,421097,15924,quarterly,active
P004086,C00895,A0015,motor,motor_compulsory,2024-07-13,2025-07-13,2015065,45364,quarterly,active
P004087,C00839,A0033,motor,motor_compulsory,2026-04-02,2027-04-02,1801767,62292,annual,active
P004088,C01388,A0041,motor,motor_voluntary,2024-04-03,2025-04-03,623296,27564,annual,cancelled
P004089,C01601,A0045,motor,motor_voluntary,2023-06-22,2024-06-21,2377880,114212,annual,active
P004090,C01790,A0034,motor,motor_compulsory,2024-06-23,2025-06-23,1306989,60870,quarterly,active
P004091,C01038,A0017,motor,motor_voluntary,2023-06-27,2024-06-26,2118946,46403,monthly,active
P004092,C02066,A0046,motor,motor_voluntary,2025-10-17,2026-10-17,1852095,78875,quarterly,active
P004093,C00086,A0023,motor,motor_voluntary,2026-03-16,2027-03-16,1637950,43976,quarterly,active
P004094,C00498,A0008,motor,motor_voluntary,2025-12-30,2026-12-30,1455064,60434,quarterly,active
P004095,C01216,A0023,motor,motor_compulsory,2023-10-18,2024-10-17,535112,15702,monthly,active
P004096,C00896,A0042,property,property_fire,2025-10-23,2026-10-23,18577609,169377,quarterly,active
P004097,C00358,A0036,motor,motor_voluntary,2024-12-08,2025-12-08,407427,17233,annual,active
P004098,C00150,A0049,property,property_fire,2026-04-07,2027-04-07,1992647,11562,monthly,active
P004099,C02975,A0041,property,property_fire,2024-06-15,2025-06-15,19188957,165796,quarterly,active
P004100,C01782,A0028,property,property_allrisk,2022-03-15,2023-03-15,8649446,33749,quarterly,active
P004101,C00076,A0014,property,property_allrisk,2025-01-05,2026-01-05,5338669,51442,quarterly,active
P004102,C02052,A0018,motor,motor_voluntary,2024-05-22,2025-05-22,1824687,51320,annual,active
P004103,C01158,A0049,motor,motor_compulsory,2023-06-11,2024-06-10,1871028,90632,annual,active
P004104,C00144,A0023,motor,motor_compulsory,2022-10-16,2023-10-16,518196,25765,annual,active
P004105,C00571,A0026,property,property_fire,2022-05-27,2023-05-27,17769008,60079,quarterly,active
P004106,C02187,A0031,property,property_fire,2024-05-18,2025-05-18,13802815,52484,monthly,cancelled
P004107,C02038,A0047,property,property_allrisk,2023-09-28,2024-09-27,4443943,49142,quarterly,active
P004108,C00483,A0018,property,property_flood,2023-04-18,2024-04-17,17538516,204763,quarterly,active
P004109,C01659,A0047,motor,motor_compulsory,2025-11-15,2026-11-15,2357802,64472,monthly,active
P004110,C02158,A0039,motor,motor_compulsory,2025-04-27,2026-04-27,2309996,69662,quarterly,active
P004111,C00169,A0015,motor,motor_voluntary,2024-11-19,2025-11-19,1487282,57324,annual,active
P004112,C02818,A0048,motor,motor_voluntary,2023-07-09,2024-07-08,1074701,25552,quarterly,lapsed
P004113,C00776,A0026,property,property_flood,2024-08-07,2025-08-07,13453505,127707,annual,lapsed
P004114,C02231,A0002,motor,motor_voluntary,2023-03-20,2024-03-19,1116841,37485,quarterly,active
P004115,C01338,A0025,motor,motor_compulsory,2023-02-28,2024-02-28,687569,27989,quarterly,active
P004116,C02261,A0043,motor,motor_voluntary,2024-03-05,2025-03-05,1816798,77170,monthly,cancelled
P004117,C00750,A0007,motor,motor_voluntary,2024-03-07,2025-03-07,789441,36737,monthly,lapsed
P004118,C00881,A0032,motor,motor_voluntary,2026-01-05,2027-01-05,328621,9552,annual,lapsed
P004119,C02331,A0048,motor,motor_voluntary,2024-11-17,2025-11-17,931624,25109,monthly,lapsed
P004120,C02460,A0009,property,property_flood,2024-12-11,2025-12-11,16809195,157584,annual,active
P004121,C01171,A0021,property,property_flood,2022-08-03,2023-08-03,5354889,45901,quarterly,active
P004122,C02892,A0019,property,property_flood,2024-01-12,2025-01-11,1236334,11075,annual,lapsed
P004123,C01279,A0040,motor,motor_voluntary,2023-02-26,2024-02-26,1147288,43734,monthly,active
P004124,C02926,A0044,motor,motor_voluntary,2022-01-15,2023-01-15,2014652,74197,monthly,active
P004125,C00814,A0045,property,property_flood,2025-06-07,2026-06-07,7633881,79967,quarterly,active
P004126,C01723,A0006,motor,motor_voluntary,2022-10-23,2023-10-23,1390579,48626,annual,lapsed
P004127,C02468,A0019,property,property_flood,2023-12-18,2024-12-17,4613419,34813,annual,cancelled
P004128,C02067,A0038,property,property_flood,2023-09-28,2024-09-27,7187050,32177,annual,active
P004129,C00264,A0003,property,property_allrisk,2024-03-06,2025-03-06,18536340,220761,annual,active
P004130,C02756,A0032,motor,motor_voluntary,2024-03-27,2025-03-27,230115,7921,quarterly,active
P004131,C00507,A0001,property,property_allrisk,2024-02-19,2025-02-18,18409128,94495,annual,active
P004132,C01195,A0009,property,property_fire,2022-12-14,2023-12-14,11302592,111385,quarterly,active
P004133,C02046,A0003,motor,motor_compulsory,2025-10-23,2026-10-23,586331,25928,monthly,active
P004134,C01799,A0005,motor,motor_voluntary,2023-09-10,2024-09-09,2326059,93298,annual,active
P004135,C00717,A0016,property,property_fire,2026-04-28,2027-04-28,10803197,94756,quarterly,active
P004136,C02814,A0025,property,property_fire,2022-02-17,2023-02-17,6118072,72485,monthly,active
P004137,C01920,A0030,motor,motor_compulsory,2022-03-09,2023-03-09,861308,28176,quarterly,lapsed
P004138,C01794,A0045,property,property_flood,2025-08-18,2026-08-18,14925813,56519,monthly,active
P004139,C02017,A0024,motor,motor_compulsory,2023-02-10,2024-02-10,725703,30273,annual,active
P004140,C02980,A0010,motor,motor_voluntary,2024-01-10,2025-01-09,443461,21497,quarterly,active
P004141,C01694,A0036,property,property_flood,2025-03-03,2026-03-03,7006013,34360,monthly,active
P004142,C02105,A0002,property,property_allrisk,2023-11-08,2024-11-07,4988546,29331,monthly,lapsed
P004143,C00177,A0033,motor,motor_compulsory,2024-07-15,2025-07-15,303293,13565,quarterly,active
P004144,C00204,A0049,motor,motor_compulsory,2023-01-30,2024-01-30,565404,19360,quarterly,active
P004145,C00520,A0025,motor,motor_voluntary,2026-02-18,2027-02-18,2396634,107520,monthly,active
P004146,C02672,A0004,motor,motor_compulsory,2024-04-17,2025-04-17,1439670,33788,monthly,active
P004147,C00879,A0021,motor,motor_voluntary,2022-05-26,2023-05-26,450020,11913,annual,active
P004148,C01516,A0031,motor,motor_compulsory,2025-08-17,2026-08-17,298494,9879,monthly,active
P004149,C01559,A0007,property,property_flood,2025-03-16,2026-03-16,7767246,35000,quarterly,active
P004150,C02654,A0046,motor,motor_compulsory,2024-09-15,2025-09-15,1122058,49661,annual,active
P004151,C02565,A0019,motor,motor_compulsory,2025-07-15,2026-07-15,1651079,65926,annual,active
P004152,C02876,A0022,motor,motor_voluntary,2022-02-15,2023-02-15,436788,12302,annual,active
P004153,C00014,A0028,property,property_flood,2025-11-17,2026-11-17,4969237,31022,monthly,active
P004154,C02682,A0050,motor,motor_compulsory,2024-07-19,2025-07-19,2445537,97594,quarterly,cancelled
P004155,C00839,A0045,property,property_allrisk,2024-05-04,2025-05-04,7570944,38943,annual,active
P004156,C00641,A0009,motor,motor_compulsory,2026-02-03,2027-02-03,1610388,51676,monthly,active
P004157,C02762,A0044,motor,motor_voluntary,2024-08-31,2025-08-31,1769560,45477,annual,cancelled
P004158,C01147,A0026,property,property_fire,2022-07-08,2023-07-08,16096502,134349,quarterly,cancelled
P004159,C00686,A0003,motor,motor_voluntary,2023-03-22,2024-03-21,1750683,81150,monthly,active
P004160,C00023,A0029,property,property_fire,2025-11-03,2026-11-03,16214531,134685,quarterly,active
P004161,C00903,A0050,property,property_flood,2023-07-24,2024-07-23,15131767,131360,monthly,active
P004162,C01508,A0024,property,property_allrisk,2026-03-02,2027-03-02,9106562,52645,monthly,active
P004163,C00538,A0035,motor,motor_voluntary,2023-05-22,2024-05-21,2146916,98567,quarterly,cancelled
P004164,C00193,A0003,motor,motor_voluntary,2023-02-17,2024-02-17,865061,23928,monthly,active
P004165,C00934,A0022,motor,motor_voluntary,2024-11-15,2025-11-15,2272042,102638,monthly,active
P004166,C02012,A0024,motor,motor_voluntary,2023-11-19,2024-11-18,809772,29815,annual,active
P004167,C00156,A0046,motor,motor_compulsory,2023-07-29,2024-07-28,771912,36633,monthly,lapsed
P004168,C02905,A0033,property,property_allrisk,2024-09-09,2025-09-09,7081624,28290,quarterly,lapsed
P004169,C00766,A0032,motor,motor_voluntary,2025-10-02,2026-10-02,1367845,63276,annual,active
P004170,C01503,A0048,motor,motor_voluntary,2025-01-25,2026-01-25,832142,16785,annual,lapsed
P004171,C01186,A0015,motor,motor_compulsory,2024-01-22,2025-01-21,1688991,77734,quarterly,active
P004172,C02829,A0025,motor,motor_voluntary,2026-02-25,2027-02-25,1716939,80911,annual,lapsed
P004173,C01078,A0041,motor,motor_compulsory,2025-10-05,2026-10-05,1124802,30562,monthly,active
P004174,C00031,A0015,motor,motor_voluntary,2023-04-14,2024-04-13,1153349,56986,annual,active
P004175,C02202,A0028,motor,motor_voluntary,2024-12-06,2025-12-06,1456886,29682,monthly,active
P004176,C00960,A0004,motor,motor_compulsory,2024-09-17,2025-09-17,1101605,30371,quarterly,lapsed
P004177,C00939,A0036,motor,motor_compulsory,2023-06-12,2024-06-11,2208088,108579,monthly,active
P004178,C01340,A0044,motor,motor_voluntary,2025-07-25,2026-07-25,1853172,41521,annual,active
P004179,C01560,A0015,motor,motor_voluntary,2023-10-21,2024-10-20,2257651,60441,quarterly,active
P004180,C02588,A0046,motor,motor_voluntary,2025-11-30,2026-11-30,2439915,71157,annual,active
P004181,C00520,A0031,motor,motor_voluntary,2022-08-17,2023-08-17,1077783,52508,monthly,active
P004182,C00117,A0011,motor,motor_compulsory,2023-10-15,2024-10-14,1202715,55684,quarterly,active
P004183,C02954,A0047,motor,motor_compulsory,2026-02-20,2027-02-20,957310,26679,monthly,active
P004184,C01335,A0048,motor,motor_voluntary,2024-07-26,2025-07-26,2315488,70918,annual,active
P004185,C02000,A0041,property,property_allrisk,2025-12-04,2026-12-04,8906985,79580,quarterly,active
P004186,C02627,A0050,property,property_fire,2025-10-15,2026-10-15,9697627,86407,monthly,active
P004187,C01676,A0007,property,property_fire,2022-03-15,2023-03-15,10938453,107598,monthly,active
P004188,C01318,A0021,motor,motor_compulsory,2024-05-21,2025-05-21,2036415,52283,quarterly,active
P004189,C02649,A0023,property,property_flood,2022-09-29,2023-09-29,14110999,66587,quarterly,active
P004190,C02313,A0009,property,property_flood,2023-04-26,2024-04-25,4716205,56363,monthly,lapsed
P004191,C02598,A0024,property,property_flood,2025-05-28,2026-05-28,7324997,62784,annual,active
P004192,C01835,A0018,motor,motor_compulsory,2025-11-15,2026-11-15,646005,24420,quarterly,lapsed
P004193,C01522,A0002,motor,motor_compulsory,2026-04-05,2027-04-05,1765056,57090,quarterly,active
P004194,C00825,A0024,motor,motor_voluntary,2024-04-17,2025-04-17,1151767,39449,monthly,lapsed
P004195,C00238,A0039,motor,motor_voluntary,2022-03-03,2023-03-03,611433,17585,quarterly,active
P004196,C00612,A0016,motor,motor_voluntary,2026-01-09,2027-01-09,1279286,32175,monthly,active
P004197,C02471,A0013,motor,motor_compulsory,2022-09-28,2023-09-28,1705648,69317,quarterly,active
P004198,C01221,A0003,motor,motor_voluntary,2023-07-23,2024-07-22,1566242,75757,monthly,active
P004199,C02811,A0038,property,property_flood,2023-01-08,2024-01-08,16303974,166994,monthly,active
P004200,C01377,A0025,motor,motor_compulsory,2024-02-07,2025-02-06,1372853,47038,monthly,active
P004201,C00333,A0034,property,property_flood,2023-02-28,2024-02-28,11893781,66837,annual,active
P004202,C00378,A0027,motor,motor_voluntary,2023-03-18,2024-03-17,1917564,80611,quarterly,active
P004203,C01429,A0038,motor,motor_voluntary,2025-07-26,2026-07-26,797344,18825,quarterly,lapsed
P004204,C00917,A0029,property,property_allrisk,2022-10-14,2023-10-14,9903341,73075,annual,active
P004205,C01120,A0016,property,property_flood,2023-02-13,2024-02-13,16313203,136767,annual,active
P004206,C00709,A0014,motor,motor_voluntary,2023-03-21,2024-03-20,1881530,50092,annual,active
P004207,C01716,A0015,motor,motor_voluntary,2024-02-23,2025-02-22,2187633,76574,annual,active
P004208,C01574,A0010,motor,motor_voluntary,2026-02-08,2027-02-08,2312300,112107,quarterly,active
P004209,C02809,A0041,motor,motor_compulsory,2023-08-28,2024-08-27,2036203,54155,annual,active
P004210,C00009,A0003,motor,motor_compulsory,2025-04-23,2026-04-23,1458699,63341,annual,active
P004211,C01633,A0050,motor,motor_compulsory,2022-08-28,2023-08-28,2115231,90380,annual,lapsed
P004212,C00544,A0037,motor,motor_compulsory,2023-03-25,2024-03-24,846675,39989,quarterly,active
P004213,C01752,A0015,motor,motor_compulsory,2025-05-24,2026-05-24,1174440,46298,annual,active
P004214,C01855,A0024,motor,motor_voluntary,2024-05-03,2025-05-03,1760905,41984,quarterly,active
P004215,C02051,A0037,motor,motor_voluntary,2024-02-05,2025-02-04,1356374,31776,monthly,active
P004216,C02631,A0031,motor,motor_compulsory,2026-01-19,2027-01-19,1531176,72703,annual,active
P004217,C02200,A0044,motor,motor_compulsory,2026-04-04,2027-04-04,2227390,101513,quarterly,active
P004218,C00701,A0036,motor,motor_voluntary,2023-05-21,2024-05-20,1767310,57309,annual,active
P004219,C01589,A0028,motor,motor_voluntary,2024-01-03,2025-01-02,807135,20280,monthly,active
P004220,C00751,A0026,property,property_allrisk,2025-01-06,2026-01-06,11930411,45721,quarterly,active
P004221,C02339,A0012,property,property_fire,2026-01-20,2027-01-20,11022941,123042,monthly,active
P004222,C01620,A0039,property,property_flood,2026-03-29,2027-03-29,18516874,99724,monthly,active
P004223,C02327,A0036,motor,motor_compulsory,2022-08-03,2023-08-03,1732378,57919,quarterly,lapsed
P004224,C02541,A0009,property,property_flood,2022-06-08,2023-06-08,16334906,52802,quarterly,active
P004225,C02434,A0017,motor,motor_compulsory,2026-04-17,2027-04-17,1573145,69524,quarterly,active
P004226,C00469,A0047,motor,motor_voluntary,2023-03-31,2024-03-30,2001096,64622,monthly,lapsed
P004227,C00191,A0004,motor,motor_voluntary,2025-08-20,2026-08-20,2078627,77059,monthly,lapsed
P004228,C02096,A0011,motor,motor_voluntary,2025-05-30,2026-05-30,1248432,50771,monthly,active
P004229,C02682,A0046,motor,motor_compulsory,2022-09-24,2023-09-24,957814,23208,quarterly,cancelled
P004230,C02649,A0002,motor,motor_voluntary,2022-09-22,2023-09-22,820208,34632,annual,cancelled
P004231,C01349,A0045,motor,motor_voluntary,2025-04-04,2026-04-04,993538,36836,quarterly,active
P004232,C01326,A0002,motor,motor_compulsory,2022-11-07,2023-11-07,1540073,50008,annual,lapsed
P004233,C00626,A0004,motor,motor_voluntary,2025-09-14,2026-09-14,1909642,46643,annual,cancelled
P004234,C01227,A0016,motor,motor_voluntary,2024-02-07,2025-02-06,616616,17636,monthly,active
P004235,C02388,A0002,motor,motor_compulsory,2024-08-16,2025-08-16,2416884,90210,quarterly,active
P004236,C00242,A0032,motor,motor_voluntary,2022-09-22,2023-09-22,739368,19734,monthly,active
P004237,C01577,A0046,motor,motor_voluntary,2026-01-11,2027-01-11,1970893,54430,annual,active
P004238,C01887,A0031,property,property_allrisk,2022-04-13,2023-04-13,18272054,106471,annual,active
P004239,C02945,A0045,property,property_allrisk,2026-01-13,2027-01-13,7412247,86387,annual,active
P004240,C02366,A0029,motor,motor_compulsory,2024-05-30,2025-05-30,1090313,45690,annual,cancelled
P004241,C00126,A0017,property,property_fire,2023-06-11,2024-06-10,16520433,158391,monthly,active
P004242,C02501,A0020,motor,motor_voluntary,2025-05-05,2026-05-05,892004,35313,annual,active
P004243,C00138,A0045,motor,motor_voluntary,2024-02-25,2025-02-24,1307408,56178,annual,lapsed
P004244,C00915,A0017,motor,motor_compulsory,2023-12-23,2024-12-22,1727863,62880,annual,active
P004245,C01167,A0029,motor,motor_voluntary,2023-12-09,2024-12-08,1160614,33600,annual,active
P004246,C02902,A0041,motor,motor_compulsory,2023-12-20,2024-12-19,1520556,69557,quarterly,active
P004247,C00927,A0010,motor,motor_compulsory,2024-01-24,2025-01-23,493522,16627,monthly,active
P004248,C00468,A0030,property,property_allrisk,2025-08-28,2026-08-28,6162117,32500,quarterly,active
P004249,C02133,A0018,motor,motor_compulsory,2023-03-22,2024-03-21,1056888,43579,monthly,lapsed
P004250,C02009,A0022,property,property_fire,2023-04-25,2024-04-24,17420641,85237,quarterly,lapsed
P004251,C00422,A0021,motor,motor_voluntary,2023-01-12,2024-01-12,1810132,46733,monthly,lapsed
P004252,C00310,A0049,property,property_flood,2023-08-28,2024-08-27,5423402,22688,monthly,active
P004253,C02656,A0033,motor,motor_compulsory,2024-10-21,2025-10-21,328061,9051,quarterly,active
P004254,C00769,A0050,property,property_allrisk,2022-05-23,2023-05-23,6515245,55866,quarterly,active
P004255,C02200,A0047,motor,motor_voluntary,2025-06-23,2026-06-23,1748335,78304,quarterly,cancelled
P004256,C00633,A0031,motor,motor_compulsory,2022-02-10,2023-02-10,2293892,88850,annual,active
P004257,C01606,A0048,motor,motor_compulsory,2025-05-08,2026-05-08,2443087,116755,monthly,active
P004258,C00647,A0008,motor,motor_voluntary,2024-12-14,2025-12-14,1912239,73018,monthly,active
P004259,C01934,A0046,motor,motor_compulsory,2023-08-14,2024-08-13,1089391,24372,annual,active
P004260,C00604,A0041,motor,motor_compulsory,2024-04-29,2025-04-29,638530,16811,annual,active
P004261,C02567,A0012,motor,motor_voluntary,2024-03-11,2025-03-11,235998,6631,quarterly,active
P004262,C02054,A0021,motor,motor_compulsory,2022-12-30,2023-12-30,1540195,62635,quarterly,active
P004263,C00985,A0038,motor,motor_compulsory,2023-03-31,2024-03-30,2356991,107653,annual,active
P004264,C01621,A0003,motor,motor_compulsory,2024-09-15,2025-09-15,2484717,114270,monthly,lapsed
P004265,C02784,A0042,property,property_flood,2025-01-19,2026-01-19,2172523,17683,monthly,active
P004266,C02184,A0033,motor,motor_voluntary,2025-10-14,2026-10-14,985702,46764,monthly,active
P004267,C01905,A0029,motor,motor_voluntary,2023-02-01,2024-02-01,882805,43338,monthly,active
P004268,C00591,A0045,motor,motor_compulsory,2026-01-12,2027-01-12,773407,23668,quarterly,active
P004269,C01465,A0034,motor,motor_voluntary,2024-03-27,2025-03-27,1141016,27730,annual,active
P004270,C00727,A0009,motor,motor_compulsory,2023-06-11,2024-06-10,272886,7945,monthly,active
P004271,C02651,A0033,motor,motor_voluntary,2024-10-29,2025-10-29,570408,24146,quarterly,active
P004272,C02188,A0006,motor,motor_compulsory,2023-02-07,2024-02-07,1909752,78193,monthly,active
P004273,C00061,A0040,motor,motor_voluntary,2026-04-03,2027-04-03,2221763,76735,annual,active
P004274,C00705,A0004,motor,motor_voluntary,2022-07-14,2023-07-14,1473088,57492,quarterly,lapsed
P004275,C00309,A0029,motor,motor_voluntary,2024-09-13,2025-09-13,1451392,29421,annual,active
P004276,C01494,A0003,motor,motor_compulsory,2022-03-13,2023-03-13,1060829,49859,monthly,active
P004277,C01741,A0028,motor,motor_voluntary,2023-11-23,2024-11-22,1253868,34060,quarterly,active
P004278,C00992,A0014,motor,motor_compulsory,2025-10-24,2026-10-24,1430859,45760,monthly,active
P004279,C00350,A0038,motor,motor_compulsory,2025-04-12,2026-04-12,2393290,101288,annual,active
P004280,C02111,A0031,motor,motor_voluntary,2022-11-08,2023-11-08,2402569,82081,monthly,active
P004281,C01598,A0030,property,property_flood,2024-04-12,2025-04-12,6489467,47291,annual,active
P004282,C02082,A0034,property,property_fire,2022-12-08,2023-12-08,11228307,131608,annual,active
P004283,C02568,A0047,motor,motor_voluntary,2025-04-21,2026-04-21,1310683,51079,quarterly,active
P004284,C00643,A0017,property,property_flood,2022-06-02,2023-06-02,16025760,145841,annual,active
P004285,C01612,A0005,property,property_fire,2022-11-10,2023-11-10,6559766,58010,annual,lapsed
P004286,C01835,A0017,motor,motor_compulsory,2025-03-22,2026-03-22,1895331,39049,quarterly,lapsed
P004287,C01760,A0048,motor,motor_compulsory,2022-03-27,2023-03-27,1905679,73424,annual,lapsed
P004288,C01389,A0036,motor,motor_compulsory,2025-12-05,2026-12-05,1133023,44028,monthly,active
P004289,C01217,A0004,motor,motor_compulsory,2023-03-23,2024-03-22,909786,20471,quarterly,active
P004290,C00289,A0026,motor,motor_voluntary,2025-05-02,2026-05-02,1410567,34409,monthly,active
P004291,C01612,A0025,motor,motor_compulsory,2023-02-25,2024-02-25,1232956,25644,annual,active
P004292,C02167,A0014,motor,motor_compulsory,2024-03-22,2025-03-22,1113944,24677,quarterly,active
P004293,C00760,A0020,motor,motor_compulsory,2024-04-04,2025-04-04,1793146,78534,annual,active
P004294,C02207,A0043,motor,motor_compulsory,2024-09-30,2025-09-30,908310,31318,quarterly,active
P004295,C02925,A0038,motor,motor_voluntary,2022-04-19,2023-04-19,760470,32412,annual,active
P004296,C02069,A0005,property,property_flood,2026-03-07,2027-03-07,16487647,115984,annual,active
P004297,C00370,A0047,motor,motor_voluntary,2023-04-15,2024-04-14,1907305,78590,monthly,active
P004298,C01609,A0033,motor,motor_voluntary,2024-03-21,2025-03-21,1984213,67792,quarterly,active
P004299,C01586,A0023,motor,motor_voluntary,2024-07-19,2025-07-19,1787238,81362,quarterly,lapsed
P004300,C00528,A0033,motor,motor_compulsory,2022-09-27,2023-09-27,1529310,33777,monthly,active
P004301,C00466,A0027,property,property_flood,2024-09-05,2025-09-05,15129255,165271,annual,active
P004302,C00515,A0032,motor,motor_voluntary,2023-11-06,2024-11-05,269358,12538,monthly,active
P004303,C01586,A0045,motor,motor_voluntary,2025-08-25,2026-08-25,502649,13195,monthly,active
P004304,C02411,A0002,property,property_allrisk,2025-01-18,2026-01-18,10885948,117177,quarterly,active
P004305,C00566,A0019,motor,motor_compulsory,2024-12-26,2025-12-26,1118791,46135,monthly,lapsed
P004306,C00090,A0047,motor,motor_voluntary,2024-10-09,2025-10-09,439798,12457,quarterly,active
P004307,C02627,A0017,motor,motor_compulsory,2022-11-20,2023-11-20,253195,7900,monthly,active
P004308,C02004,A0004,motor,motor_voluntary,2022-06-08,2023-06-08,1612990,80381,monthly,lapsed
P004309,C00659,A0035,motor,motor_compulsory,2025-04-04,2026-04-04,2477073,105199,annual,active
P004310,C01434,A0028,motor,motor_voluntary,2023-06-03,2024-06-02,2400592,111289,annual,active
P004311,C02263,A0045,motor,motor_voluntary,2025-01-19,2026-01-19,2222608,81253,monthly,active
P004312,C02619,A0050,property,property_fire,2023-01-22,2024-01-22,3313355,19361,quarterly,active
P004313,C00581,A0028,motor,motor_voluntary,2022-08-27,2023-08-27,1385899,47106,quarterly,active
P004314,C00447,A0050,motor,motor_compulsory,2025-06-08,2026-06-08,1630967,71826,quarterly,lapsed
P004315,C01569,A0020,property,property_allrisk,2025-04-17,2026-04-17,19866542,174953,annual,active
P004316,C02999,A0005,motor,motor_compulsory,2025-05-26,2026-05-26,2344931,81607,quarterly,active
P004317,C00070,A0029,property,property_fire,2024-08-05,2025-08-05,13779567,147153,quarterly,active
P004318,C02033,A0013,property,property_flood,2025-10-16,2026-10-16,1955768,8497,monthly,active
P004319,C00433,A0031,motor,motor_compulsory,2025-02-02,2026-02-02,1478345,47097,quarterly,active
P004320,C01092,A0013,property,property_flood,2026-04-06,2027-04-06,14138676,82411,annual,active
P004321,C01121,A0007,motor,motor_compulsory,2023-02-06,2024-02-06,1472239,66658,quarterly,lapsed
P004322,C01738,A0046,motor,motor_compulsory,2022-03-09,2023-03-09,1656523,80208,quarterly,active
P004323,C02658,A0002,motor,motor_compulsory,2024-12-05,2025-12-05,749612,26897,monthly,active
P004324,C02437,A0006,property,property_flood,2025-09-12,2026-09-12,8605784,92168,quarterly,active
P004325,C01847,A0026,property,property_flood,2024-02-29,2025-02-28,10531553,105393,annual,lapsed
P004326,C02185,A0006,motor,motor_compulsory,2024-05-29,2025-05-29,1737121,65141,annual,active
P004327,C02353,A0041,property,property_allrisk,2026-04-04,2027-04-04,8616285,46492,annual,cancelled
P004328,C01160,A0018,motor,motor_compulsory,2025-09-21,2026-09-21,675919,15283,monthly,cancelled
P004329,C00748,A0028,motor,motor_voluntary,2023-07-27,2024-07-26,694525,14616,annual,active
P004330,C00979,A0014,motor,motor_compulsory,2025-07-20,2026-07-20,2214982,55101,monthly,active
P004331,C02117,A0012,property,property_fire,2023-08-02,2024-08-01,13726554,155136,quarterly,active
P004332,C02520,A0029,motor,motor_voluntary,2023-04-02,2024-04-01,729841,34030,monthly,active
P004333,C01920,A0001,motor,motor_voluntary,2022-11-05,2023-11-05,1753830,85854,monthly,active
P004334,C01584,A0002,motor,motor_voluntary,2024-03-12,2025-03-12,1271798,51600,quarterly,active
P004335,C01359,A0013,motor,motor_compulsory,2025-03-16,2026-03-16,376886,7550,monthly,active
P004336,C01375,A0040,motor,motor_compulsory,2025-11-08,2026-11-08,1770736,60352,monthly,active
P004337,C02781,A0040,motor,motor_voluntary,2025-02-27,2026-02-27,419156,8614,quarterly,active
P004338,C02697,A0001,motor,motor_compulsory,2023-10-05,2024-10-04,683776,19765,monthly,active
P004339,C00278,A0032,property,property_fire,2026-01-30,2027-01-30,1042797,9861,monthly,lapsed
P004340,C02712,A0046,motor,motor_compulsory,2025-08-25,2026-08-25,1952223,69787,annual,active
P004341,C00602,A0016,motor,motor_compulsory,2023-06-15,2024-06-14,1826518,44292,monthly,active
P004342,C02210,A0001,motor,motor_compulsory,2025-03-24,2026-03-24,2328369,62350,annual,active
P004343,C00417,A0015,property,property_flood,2025-04-30,2026-04-30,4222951,28113,quarterly,active
P004344,C00158,A0035,property,property_flood,2023-11-10,2024-11-09,6492646,29241,quarterly,lapsed
P004345,C01489,A0002,property,property_flood,2024-05-01,2025-05-01,1925261,8190,annual,active
P004346,C00295,A0045,property,property_fire,2024-02-02,2025-02-01,9732114,71665,quarterly,active
P004347,C02829,A0020,motor,motor_voluntary,2024-01-29,2025-01-28,1290810,52778,monthly,active
P004348,C01580,A0006,motor,motor_compulsory,2025-08-14,2026-08-14,673537,27021,annual,active
P004349,C01530,A0001,motor,motor_voluntary,2024-04-27,2025-04-27,1133306,28454,monthly,active
P004350,C00420,A0026,property,property_flood,2022-07-18,2023-07-18,17216271,177149,quarterly,active
P004351,C00139,A0045,property,property_flood,2023-11-16,2024-11-15,1154111,13575,quarterly,active
P004352,C00076,A0018,motor,motor_voluntary,2023-11-27,2024-11-26,1141102,51749,quarterly,active
P004353,C00338,A0039,motor,motor_voluntary,2025-08-20,2026-08-20,1855302,74141,monthly,active
P004354,C01433,A0011,motor,motor_voluntary,2026-02-23,2027-02-23,338852,7666,quarterly,active
P004355,C00761,A0012,motor,motor_voluntary,2024-12-20,2025-12-20,2039255,94453,quarterly,active
P004356,C00512,A0004,motor,motor_compulsory,2024-05-23,2025-05-23,1606551,67197,monthly,active
P004357,C00765,A0011,property,property_flood,2026-04-04,2027-04-04,12876163,131925,monthly,active
P004358,C00352,A0023,motor,motor_voluntary,2024-01-31,2025-01-30,1338113,36990,annual,active
P004359,C02766,A0018,motor,motor_voluntary,2026-04-25,2027-04-25,763199,16470,annual,active
P004360,C00899,A0012,motor,motor_voluntary,2024-11-22,2025-11-22,904715,27552,monthly,active
P004361,C01410,A0005,property,property_flood,2024-12-17,2025-12-17,17194917,77964,annual,active
P004362,C02026,A0008,motor,motor_voluntary,2025-07-14,2026-07-14,1936068,45334,monthly,active
P004363,C00244,A0045,motor,motor_compulsory,2023-11-03,2024-11-02,2055311,94262,quarterly,active
P004364,C00106,A0032,motor,motor_voluntary,2025-02-05,2026-02-05,2006928,62043,annual,active
P004365,C02521,A0035,motor,motor_compulsory,2024-06-20,2025-06-20,859057,32679,monthly,active
P004366,C00210,A0012,property,property_fire,2023-06-25,2024-06-24,15680590,67278,annual,active
P004367,C02038,A0004,motor,motor_voluntary,2025-03-02,2026-03-02,1806057,62624,monthly,active
P004368,C02190,A0014,motor,motor_compulsory,2023-12-06,2024-12-05,532444,11253,monthly,active
P004369,C00501,A0037,motor,motor_voluntary,2023-12-28,2024-12-27,278403,11950,monthly,active
P004370,C02896,A0034,motor,motor_compulsory,2024-05-22,2025-05-22,478873,20812,annual,active
P004371,C02216,A0034,motor,motor_voluntary,2023-04-19,2024-04-18,2220652,99177,quarterly,active
P004372,C00577,A0015,property,property_flood,2024-02-06,2025-02-05,16113731,183184,annual,active
P004373,C02761,A0048,motor,motor_compulsory,2024-01-30,2025-01-29,2315301,108579,quarterly,lapsed
P004374,C01895,A0034,motor,motor_compulsory,2025-07-24,2026-07-24,859675,35711,quarterly,active
P004375,C00279,A0015,motor,motor_voluntary,2025-12-08,2026-12-08,475309,12190,monthly,active
P004376,C02386,A0023,property,property_allrisk,2024-11-17,2025-11-17,9762864,51278,quarterly,active
P004377,C02673,A0033,motor,motor_voluntary,2023-01-17,2024-01-17,1134977,29685,quarterly,active
P004378,C00394,A0001,property,property_fire,2023-11-08,2024-11-07,1311990,10141,annual,active
P004379,C02439,A0028,motor,motor_compulsory,2023-06-14,2024-06-13,2445759,72768,quarterly,lapsed
P004380,C01388,A0017,motor,motor_compulsory,2025-07-07,2026-07-07,246623,9069,quarterly,lapsed
P004381,C01843,A0028,property,property_allrisk,2025-11-13,2026-11-13,12092971,61983,annual,active
P004382,C00048,A0043,motor,motor_voluntary,2024-05-13,2025-05-13,742656,20988,monthly,active
P004383,C01047,A0050,property,property_fire,2025-12-01,2026-12-01,4831337,56867,quarterly,active
P004384,C02851,A0023,motor,motor_voluntary,2023-07-01,2024-06-30,577544,18811,annual,lapsed
P004385,C01140,A0022,motor,motor_compulsory,2023-02-08,2024-02-08,1405758,54088,monthly,active
P004386,C01744,A0005,motor,motor_compulsory,2022-01-26,2023-01-26,1410465,63407,annual,active
P004387,C01676,A0030,motor,motor_compulsory,2022-11-24,2023-11-24,1339483,58204,monthly,active
P004388,C00815,A0045,motor,motor_voluntary,2024-08-30,2025-08-30,1805260,74816,annual,active
P004389,C00664,A0047,motor,motor_compulsory,2025-12-28,2026-12-28,1679328,43291,quarterly,active
P004390,C02931,A0027,property,property_allrisk,2022-08-20,2023-08-20,13123698,147528,annual,active
P004391,C01459,A0008,motor,motor_compulsory,2023-08-04,2024-08-03,1023652,24569,quarterly,active
P004392,C00220,A0020,motor,motor_voluntary,2025-08-27,2026-08-27,2283650,101324,monthly,active
P004393,C00456,A0048,property,property_allrisk,2026-01-28,2027-01-28,5051437,37978,quarterly,active
P004394,C02454,A0011,property,property_allrisk,2024-12-28,2025-12-28,11614716,78356,annual,active
P004395,C01255,A0001,motor,motor_voluntary,2023-01-15,2024-01-15,1317116,45583,quarterly,active
P004396,C00952,A0001,motor,motor_compulsory,2023-11-27,2024-11-26,827020,24977,annual,active
P004397,C00778,A0037,property,property_fire,2026-01-12,2027-01-12,3464298,13449,annual,active
P004398,C01754,A0041,property,property_flood,2023-03-15,2024-03-14,1573287,17749,annual,active
P004399,C02233,A0028,motor,motor_voluntary,2023-09-10,2024-09-09,1051209,37956,monthly,active
P004400,C02216,A0003,motor,motor_voluntary,2023-05-02,2024-05-01,2008530,80976,quarterly,active
P004401,C00989,A0023,property,property_fire,2023-05-21,2024-05-20,18182047,188572,monthly,lapsed
P004402,C00262,A0025,motor,motor_voluntary,2024-09-10,2025-09-10,2349969,102349,monthly,lapsed
P004403,C01670,A0043,motor,motor_compulsory,2024-04-02,2025-04-02,1687423,54321,monthly,active
P004404,C00549,A0007,property,property_fire,2023-07-09,2024-07-08,8484884,51082,monthly,active
P004405,C00084,A0010,property,property_fire,2023-12-19,2024-12-18,18937343,154630,quarterly,active
P004406,C02561,A0037,motor,motor_voluntary,2023-04-16,2024-04-15,1674818,78735,quarterly,cancelled
P004407,C02900,A0029,motor,motor_compulsory,2022-09-19,2023-09-19,1781194,43136,quarterly,active
P004408,C01122,A0021,property,property_flood,2023-10-21,2024-10-20,12299476,117276,annual,active
P004409,C00851,A0016,motor,motor_compulsory,2024-02-26,2025-02-25,1285034,41233,monthly,lapsed
P004410,C01659,A0010,property,property_fire,2024-07-11,2025-07-11,8473472,80978,monthly,active
P004411,C02595,A0034,motor,motor_voluntary,2023-04-06,2024-04-05,1734995,47579,annual,lapsed
P004412,C00550,A0004,property,property_flood,2022-05-20,2023-05-20,10667886,33150,quarterly,active
P004413,C01711,A0042,motor,motor_voluntary,2023-01-31,2024-01-31,2445555,85230,monthly,active
P004414,C01868,A0046,motor,motor_compulsory,2024-04-27,2025-04-27,356110,13870,quarterly,active
P004415,C00678,A0009,motor,motor_voluntary,2024-10-19,2025-10-19,1767571,86286,monthly,active
P004416,C01995,A0020,motor,motor_compulsory,2025-04-08,2026-04-08,2121823,91002,annual,active
P004417,C00415,A0020,motor,motor_voluntary,2024-04-08,2025-04-08,846482,26594,monthly,active
P004418,C01646,A0022,motor,motor_compulsory,2024-09-28,2025-09-28,1446830,31398,quarterly,cancelled
P004419,C01286,A0025,motor,motor_compulsory,2024-07-08,2025-07-08,1821654,67210,annual,active
P004420,C00273,A0011,property,property_flood,2025-01-08,2026-01-08,16663903,193600,monthly,lapsed
P004421,C01204,A0002,motor,motor_voluntary,2023-09-20,2024-09-19,543520,23177,annual,active
P004422,C00096,A0007,motor,motor_voluntary,2026-04-30,2027-04-30,2224696,73222,monthly,active
P004423,C00713,A0012,property,property_allrisk,2023-03-28,2024-03-27,5586989,55831,monthly,active
P004424,C01473,A0030,motor,motor_voluntary,2023-06-23,2024-06-22,1446197,70789,quarterly,active
P004425,C00162,A0046,property,property_allrisk,2024-05-05,2025-05-05,8080180,45243,annual,active
P004426,C01822,A0030,motor,motor_compulsory,2024-03-10,2025-03-10,2267888,52131,quarterly,active
P004427,C02186,A0021,motor,motor_compulsory,2025-01-14,2026-01-14,1076038,45540,monthly,active
P004428,C00222,A0019,property,property_allrisk,2022-10-26,2023-10-26,12427683,50696,monthly,active
P004429,C01657,A0047,motor,motor_voluntary,2026-01-12,2027-01-12,1403390,37973,monthly,active
P004430,C02828,A0004,motor,motor_compulsory,2024-09-03,2025-09-03,698435,33423,annual,active
P004431,C02798,A0004,property,property_allrisk,2025-10-14,2026-10-14,7445976,38972,monthly,active
P004432,C01392,A0034,motor,motor_compulsory,2023-01-03,2024-01-03,270171,9692,quarterly,active
P004433,C01409,A0016,motor,motor_compulsory,2024-01-06,2025-01-05,228301,8863,quarterly,active
P004434,C01451,A0026,motor,motor_compulsory,2025-10-25,2026-10-25,2188570,70750,annual,active
P004435,C00747,A0030,motor,motor_compulsory,2022-11-12,2023-11-12,427350,13103,quarterly,cancelled
P004436,C00985,A0041,motor,motor_compulsory,2023-08-27,2024-08-26,421827,10011,monthly,active
P004437,C01102,A0023,motor,motor_voluntary,2022-04-16,2023-04-16,1797238,65272,quarterly,active
P004438,C00769,A0020,property,property_flood,2024-08-12,2025-08-12,2381957,20609,annual,active
P004439,C02472,A0008,motor,motor_voluntary,2025-06-14,2026-06-14,1974130,63812,quarterly,active
P004440,C02956,A0037,motor,motor_voluntary,2025-10-06,2026-10-06,1767786,74729,monthly,active
P004441,C02460,A0041,motor,motor_compulsory,2024-01-17,2025-01-16,1440568,37111,monthly,active
P004442,C00167,A0014,motor,motor_voluntary,2023-11-30,2024-11-29,512094,21278,annual,cancelled
P004443,C02290,A0039,motor,motor_voluntary,2023-03-10,2024-03-09,2499005,51936,annual,active
P004444,C02087,A0043,motor,motor_compulsory,2025-05-02,2026-05-02,2099537,99751,annual,lapsed
P004445,C00876,A0015,motor,motor_voluntary,2025-06-06,2026-06-06,1023104,49256,annual,active
P004446,C01104,A0004,motor,motor_voluntary,2024-08-23,2025-08-23,2256803,54632,quarterly,active
P004447,C02689,A0016,motor,motor_voluntary,2025-11-24,2026-11-24,1371908,42938,annual,active
P004448,C00052,A0006,property,property_fire,2023-01-12,2024-01-12,11621964,120197,quarterly,active
P004449,C00145,A0014,property,property_flood,2026-03-15,2027-03-15,13372136,102843,monthly,lapsed
P004450,C01633,A0004,property,property_fire,2023-10-05,2024-10-04,6449088,19980,monthly,active
P004451,C02564,A0035,motor,motor_compulsory,2025-01-14,2026-01-14,1555954,63310,monthly,active
P004452,C01718,A0009,property,property_allrisk,2023-07-07,2024-07-06,13646688,155854,quarterly,active
P004453,C02864,A0006,motor,motor_compulsory,2023-01-07,2024-01-07,2273981,78052,monthly,active
P004454,C01129,A0040,motor,motor_voluntary,2024-01-01,2024-12-31,423800,16507,monthly,active
P004455,C01090,A0009,motor,motor_compulsory,2025-12-13,2026-12-13,2198858,61039,quarterly,lapsed
P004456,C00028,A0024,motor,motor_compulsory,2025-09-27,2026-09-27,1100923,24998,monthly,lapsed
P004457,C01055,A0013,motor,motor_compulsory,2024-04-03,2025-04-03,1920028,58218,quarterly,active
P004458,C00725,A0002,motor,motor_voluntary,2023-03-05,2024-03-04,453864,9420,monthly,active
P004459,C00545,A0024,property,property_allrisk,2023-02-27,2024-02-27,16508424,105315,annual,active
P004460,C01273,A0033,motor,motor_compulsory,2022-05-13,2023-05-13,2481868,84806,quarterly,active
P004461,C02908,A0040,motor,motor_compulsory,2023-10-09,2024-10-08,935744,46669,quarterly,active
P004462,C00830,A0028,motor,motor_compulsory,2026-02-27,2027-02-27,2183276,80149,quarterly,active
P004463,C02064,A0041,motor,motor_voluntary,2024-08-26,2025-08-26,1951321,69757,annual,active
P004464,C02818,A0009,property,property_flood,2025-02-25,2026-02-25,3528215,30679,quarterly,active
P004465,C00865,A0013,property,property_allrisk,2023-04-22,2024-04-21,3906034,22492,monthly,active
P004466,C02427,A0035,motor,motor_compulsory,2022-10-08,2023-10-08,394784,10522,quarterly,lapsed
P004467,C01254,A0020,property,property_allrisk,2025-07-02,2026-07-02,2996420,16868,quarterly,active
P004468,C02326,A0008,property,property_flood,2023-03-20,2024-03-19,10883362,70159,monthly,lapsed
P004469,C02561,A0034,motor,motor_voluntary,2022-06-19,2023-06-19,495021,23993,monthly,active
P004470,C02298,A0034,motor,motor_compulsory,2024-03-27,2025-03-27,2467196,88760,quarterly,cancelled
P004471,C01347,A0046,motor,motor_voluntary,2022-09-10,2023-09-10,1173904,28695,monthly,active
P004472,C02700,A0007,motor,motor_compulsory,2023-04-26,2024-04-25,1400284,43195,monthly,active
P004473,C00771,A0004,property,property_fire,2024-07-23,2025-07-23,8200536,85907,annual,lapsed
P004474,C01130,A0046,motor,motor_voluntary,2024-04-01,2025-04-01,1363494,34653,quarterly,active
P004475,C02627,A0013,motor,motor_compulsory,2025-06-23,2026-06-23,713600,35654,monthly,active
P004476,C00371,A0024,motor,motor_compulsory,2025-07-21,2026-07-21,1299859,58793,annual,active
P004477,C00381,A0029,motor,motor_compulsory,2024-12-24,2025-12-24,1839930,88226,monthly,active
P004478,C01967,A0006,property,property_allrisk,2024-03-19,2025-03-19,9407165,41274,quarterly,lapsed
P004479,C02831,A0019,property,property_fire,2023-09-15,2024-09-14,6823420,70559,quarterly,cancelled
P004480,C00404,A0036,motor,motor_voluntary,2022-10-16,2023-10-16,1900574,78275,annual,active
P004481,C02121,A0048,motor,motor_compulsory,2023-02-27,2024-02-27,1324425,60488,monthly,active
P004482,C00439,A0045,motor,motor_compulsory,2025-08-12,2026-08-12,869007,17875,annual,active
P004483,C00327,A0015,motor,motor_compulsory,2025-05-22,2026-05-22,2473046,108338,monthly,active
P004484,C01366,A0029,motor,motor_compulsory,2025-12-07,2026-12-07,292429,14415,quarterly,active
P004485,C01934,A0004,motor,motor_voluntary,2023-05-18,2024-05-17,1971135,89544,annual,active
P004486,C01743,A0036,motor,motor_compulsory,2026-01-24,2027-01-24,2005279,69719,monthly,active
P004487,C00248,A0005,motor,motor_compulsory,2025-01-19,2026-01-19,812175,32196,quarterly,active
P004488,C02284,A0022,property,property_allrisk,2023-02-07,2024-02-07,3798029,34175,monthly,active
P004489,C00818,A0018,motor,motor_voluntary,2025-09-30,2026-09-30,537553,16887,annual,active
P004490,C01685,A0029,property,property_flood,2024-05-31,2025-05-31,11750251,47595,quarterly,active
P004491,C00823,A0049,motor,motor_voluntary,2022-07-16,2023-07-16,1796535,66724,annual,active
P004492,C00390,A0015,motor,motor_voluntary,2025-02-22,2026-02-22,1814710,66791,annual,active
P004493,C01424,A0005,motor,motor_compulsory,2023-08-06,2024-08-05,2146078,44331,annual,cancelled
P004494,C02196,A0040,motor,motor_compulsory,2025-11-29,2026-11-29,460123,11606,annual,active
P004495,C00211,A0018,property,property_fire,2024-08-28,2025-08-28,7811668,61206,monthly,active
P004496,C02326,A0046,motor,motor_voluntary,2026-02-27,2027-02-27,1972075,47973,quarterly,active
P004497,C01474,A0013,motor,motor_compulsory,2023-01-12,2024-01-12,905276,21331,monthly,active
P004498,C01124,A0038,property,property_fire,2023-03-24,2024-03-23,15743862,160861,annual,active
P004499,C01936,A0050,motor,motor_compulsory,2024-05-07,2025-05-07,1097125,53646,quarterly,active
P004500,C00569,A0037,motor,motor_voluntary,2024-01-06,2025-01-05,2324884,100061,quarterly,active
P004501,C02392,A0020,motor,motor_compulsory,2026-03-31,2027-03-31,416387,11803,monthly,active
P004502,C00120,A0003,motor,motor_voluntary,2024-03-10,2025-03-10,494899,16267,quarterly,active
P004503,C00692,A0014,property,property_allrisk,2025-12-22,2026-12-22,5904396,17794,annual,active
P004504,C01295,A0043,motor,motor_compulsory,2025-06-20,2026-06-20,211344,9090,monthly,lapsed
P004505,C00518,A0040,property,property_allrisk,2022-02-15,2023-02-15,6801190,80668,annual,lapsed
P004506,C01082,A0003,motor,motor_voluntary,2024-03-15,2025-03-15,596955,12326,monthly,active
P004507,C00442,A0045,motor,motor_compulsory,2023-02-19,2024-02-19,1305263,31861,annual,active
P004508,C02217,A0036,property,property_flood,2023-04-13,2024-04-12,3034772,15582,annual,active
P004509,C02251,A0009,motor,motor_voluntary,2024-09-21,2025-09-21,1586339,67263,quarterly,active
P004510,C02260,A0044,motor,motor_compulsory,2023-05-21,2024-05-20,2374512,73759,annual,active
P004511,C01633,A0017,property,property_allrisk,2022-06-25,2023-06-25,15741880,83817,monthly,active
P004512,C02869,A0032,property,property_fire,2023-12-15,2024-12-14,11159251,74410,quarterly,cancelled
P004513,C01669,A0028,motor,motor_compulsory,2024-09-03,2025-09-03,2482658,90233,monthly,cancelled
P004514,C00412,A0011,property,property_allrisk,2023-05-24,2024-05-23,12574813,40609,annual,active
P004515,C00415,A0002,motor,motor_voluntary,2023-02-11,2024-02-11,640776,14761,annual,active
P004516,C00740,A0047,property,property_allrisk,2023-07-29,2024-07-28,6468984,43202,monthly,active
P004517,C00536,A0018,motor,motor_compulsory,2022-02-05,2023-02-05,1017549,22470,quarterly,lapsed
P004518,C02876,A0025,motor,motor_compulsory,2024-12-05,2025-12-05,1446120,29105,quarterly,lapsed
P004519,C01876,A0009,motor,motor_compulsory,2022-10-11,2023-10-11,717602,29593,quarterly,active
P004520,C00195,A0020,motor,motor_voluntary,2026-03-12,2027-03-12,2401196,110079,quarterly,active
P004521,C02363,A0040,motor,motor_voluntary,2024-08-12,2025-08-12,1084051,36085,monthly,active
P004522,C00593,A0006,motor,motor_compulsory,2023-10-31,2024-10-30,1038701,29548,monthly,active
P004523,C02448,A0009,motor,motor_compulsory,2025-06-13,2026-06-13,525544,24124,annual,lapsed
P004524,C01894,A0008,motor,motor_voluntary,2024-03-30,2025-03-30,1003872,35666,annual,active
P004525,C02726,A0043,motor,motor_compulsory,2023-04-27,2024-04-26,799680,23134,annual,lapsed
P004526,C00204,A0002,motor,motor_voluntary,2023-07-19,2024-07-18,1519377,62076,quarterly,lapsed
P004527,C02881,A0046,property,property_flood,2022-08-16,2023-08-16,13081214,136069,annual,active
P004528,C02051,A0003,motor,motor_compulsory,2024-03-22,2025-03-22,1912289,90824,monthly,active
P004529,C02608,A0038,motor,motor_voluntary,2024-12-25,2025-12-25,1817588,47657,annual,active
P004530,C01715,A0018,property,property_flood,2024-10-08,2025-10-08,10166572,85181,quarterly,active
P004531,C02927,A0006,motor,motor_compulsory,2025-06-22,2026-06-22,1781800,56844,monthly,cancelled
P004532,C01236,A0050,motor,motor_voluntary,2024-07-24,2025-07-24,1848364,87809,monthly,active
P004533,C01163,A0047,motor,motor_compulsory,2024-02-13,2025-02-12,1273122,53836,quarterly,lapsed
P004534,C00785,A0021,motor,motor_voluntary,2022-10-18,2023-10-18,703295,20525,annual,active
P004535,C00787,A0028,motor,motor_voluntary,2023-07-25,2024-07-24,1602372,72561,quarterly,cancelled
P004536,C00930,A0031,motor,motor_compulsory,2024-10-22,2025-10-22,1879075,70348,quarterly,active
P004537,C01047,A0006,motor,motor_compulsory,2025-07-28,2026-07-28,339105,7152,monthly,active
P004538,C00867,A0021,motor,motor_compulsory,2026-04-24,2027-04-24,1701241,35856,quarterly,active
P004539,C02971,A0045,property,property_allrisk,2025-05-30,2026-05-30,4766830,23287,annual,active
P004540,C02400,A0021,property,property_fire,2023-03-31,2024-03-30,6008777,55255,monthly,active
P004541,C01462,A0037,property,property_fire,2023-07-18,2024-07-17,5862222,59376,annual,lapsed
P004542,C02845,A0029,property,property_flood,2023-12-21,2024-12-20,13360665,108683,monthly,active
P004543,C02236,A0006,motor,motor_compulsory,2024-03-19,2025-03-19,1553305,73437,monthly,active
P004544,C01455,A0013,motor,motor_voluntary,2023-04-01,2024-03-31,1058259,25287,annual,active
P004545,C00290,A0042,motor,motor_voluntary,2023-09-06,2024-09-05,1403534,39334,quarterly,active
P004546,C01673,A0036,motor,motor_compulsory,2024-05-30,2025-05-30,2487657,58757,quarterly,active
P004547,C01536,A0014,property,property_allrisk,2024-04-25,2025-04-25,4875725,19814,annual,active
P004548,C02453,A0026,property,property_allrisk,2024-02-23,2025-02-22,12747253,43011,quarterly,active
P004549,C00306,A0047,motor,motor_voluntary,2024-02-20,2025-02-19,649880,15957,monthly,active
P004550,C00825,A0045,motor,motor_compulsory,2023-09-12,2024-09-11,1798820,56459,quarterly,active
P004551,C01573,A0001,property,property_fire,2024-07-19,2025-07-19,12227790,61663,monthly,active
P004552,C01128,A0039,property,property_allrisk,2024-01-06,2025-01-05,15062347,143853,annual,cancelled
P004553,C01965,A0019,motor,motor_compulsory,2024-02-14,2025-02-13,1761435,46847,annual,active
P004554,C01756,A0040,motor,motor_voluntary,2024-03-08,2025-03-08,992109,30838,quarterly,active
P004555,C01433,A0025,motor,motor_compulsory,2023-03-02,2024-03-01,1668605,38931,quarterly,active
P004556,C01539,A0006,motor,motor_compulsory,2024-05-03,2025-05-03,1575387,43838,monthly,active
P004557,C00843,A0003,motor,motor_compulsory,2023-01-05,2024-01-05,2385991,82542,annual,active
P004558,C01286,A0025,property,property_fire,2023-12-01,2024-11-30,17147638,185049,monthly,active
P004559,C00732,A0045,motor,motor_compulsory,2024-03-13,2025-03-13,2053799,53015,annual,active
P004560,C02739,A0006,motor,motor_voluntary,2024-11-15,2025-11-15,2485144,92747,monthly,active
P004561,C01064,A0011,motor,motor_voluntary,2024-01-26,2025-01-25,1704022,65156,quarterly,active
P004562,C01439,A0027,property,property_flood,2025-12-26,2026-12-26,6002776,67214,quarterly,active
P004563,C01250,A0030,property,property_allrisk,2023-12-26,2024-12-25,1461000,8247,quarterly,active
P004564,C00650,A0040,property,property_allrisk,2023-05-27,2024-05-26,10414734,82137,annual,active
P004565,C01663,A0035,property,property_allrisk,2024-04-19,2025-04-19,10528553,119675,annual,active
P004566,C01730,A0013,motor,motor_voluntary,2023-12-18,2024-12-17,1134957,45389,annual,active
P004567,C02816,A0043,property,property_fire,2023-12-17,2024-12-16,4679231,39287,quarterly,active
P004568,C02659,A0041,motor,motor_compulsory,2023-01-31,2024-01-31,1709517,55711,annual,active
P004569,C01273,A0034,motor,motor_compulsory,2025-08-30,2026-08-30,1712441,64173,monthly,active
P004570,C00533,A0030,property,property_fire,2024-08-05,2025-08-05,14832702,83857,quarterly,cancelled
P004571,C00454,A0047,motor,motor_compulsory,2023-09-07,2024-09-06,538305,26135,monthly,active
P004572,C01161,A0020,motor,motor_compulsory,2023-07-10,2024-07-09,2068237,70571,monthly,active
P004573,C00361,A0044,property,property_fire,2023-01-04,2024-01-04,9582473,67313,annual,cancelled
P004574,C02797,A0043,property,property_fire,2024-12-23,2025-12-23,16830336,148828,annual,active
P004575,C00120,A0017,motor,motor_compulsory,2023-08-29,2024-08-28,915586,44482,quarterly,active
P004576,C02606,A0044,motor,motor_voluntary,2026-03-03,2027-03-03,937177,44785,quarterly,active
P004577,C00939,A0026,property,property_flood,2025-02-05,2026-02-05,11345355,116825,quarterly,active
P004578,C01857,A0049,motor,motor_voluntary,2022-06-17,2023-06-17,2168383,44902,monthly,active
P004579,C00031,A0015,motor,motor_voluntary,2024-01-21,2025-01-20,1721582,35599,quarterly,cancelled
P004580,C02794,A0028,motor,motor_voluntary,2024-03-23,2025-03-23,2064470,102387,annual,lapsed
P004581,C01909,A0012,motor,motor_compulsory,2023-03-06,2024-03-05,1770038,43357,monthly,active
P004582,C02120,A0021,property,property_allrisk,2026-03-09,2027-03-09,3127257,31619,quarterly,active
P004583,C02584,A0038,motor,motor_voluntary,2025-09-15,2026-09-15,853724,32733,annual,active
P004584,C02985,A0033,motor,motor_compulsory,2022-02-08,2023-02-08,1518462,68727,annual,active
P004585,C02307,A0026,property,property_fire,2025-10-29,2026-10-29,4712319,22017,quarterly,lapsed
P004586,C00210,A0001,motor,motor_compulsory,2025-05-27,2026-05-27,1188607,40030,annual,active
P004587,C01762,A0013,motor,motor_voluntary,2024-12-30,2025-12-30,1684146,82506,monthly,active
P004588,C02603,A0031,motor,motor_compulsory,2022-12-23,2023-12-23,700800,22278,quarterly,active
P004589,C02634,A0002,property,property_flood,2024-08-01,2025-08-01,13631152,66060,monthly,active
P004590,C00478,A0044,motor,motor_voluntary,2023-10-04,2024-10-03,2366418,77675,quarterly,active
P004591,C01360,A0035,motor,motor_compulsory,2023-05-17,2024-05-16,283296,8501,quarterly,active
P004592,C00238,A0001,motor,motor_compulsory,2022-10-07,2023-10-07,1836896,77176,monthly,lapsed
P004593,C02164,A0029,property,property_fire,2026-02-22,2027-02-22,1001792,9880,monthly,active
P004594,C02837,A0037,property,property_allrisk,2026-04-21,2027-04-21,3977788,29002,quarterly,active
P004595,C01057,A0004,motor,motor_voluntary,2023-04-12,2024-04-11,285133,10867,annual,lapsed
P004596,C00436,A0007,motor,motor_voluntary,2024-04-13,2025-04-13,928258,37517,quarterly,cancelled
P004597,C01800,A0036,property,property_allrisk,2024-06-16,2025-06-16,12220067,56718,annual,active
P004598,C02671,A0015,property,property_fire,2022-01-31,2023-01-31,4810020,30097,annual,lapsed
P004599,C00506,A0023,motor,motor_voluntary,2024-10-24,2025-10-24,512746,22074,monthly,lapsed
P004600,C01732,A0002,motor,motor_voluntary,2023-04-23,2024-04-22,1302660,38848,annual,active
P004601,C01571,A0025,property,property_allrisk,2024-03-20,2025-03-20,3515210,39150,quarterly,cancelled
P004602,C00246,A0046,motor,motor_voluntary,2022-12-18,2023-12-18,1810790,77644,quarterly,active
P004603,C02858,A0048,motor,motor_compulsory,2024-01-18,2025-01-17,600517,13597,monthly,active
P004604,C00786,A0021,motor,motor_compulsory,2023-06-13,2024-06-12,370720,12467,monthly,cancelled
P004605,C00636,A0019,motor,motor_voluntary,2023-11-17,2024-11-16,814206,37393,annual,active
P004606,C00426,A0009,property,property_fire,2023-07-20,2024-07-19,9326741,106174,quarterly,lapsed
P004607,C01344,A0041,property,property_flood,2025-02-26,2026-02-26,5470948,59402,monthly,active
P004608,C01677,A0040,motor,motor_voluntary,2026-01-23,2027-01-23,1919574,83762,quarterly,active
P004609,C00882,A0006,motor,motor_compulsory,2024-07-14,2025-07-14,2342146,91062,annual,cancelled
P004610,C01036,A0017,motor,motor_compulsory,2024-01-05,2025-01-04,1585796,58604,annual,active
P004611,C01266,A0022,property,property_flood,2023-01-11,2024-01-11,9556429,81718,quarterly,active
P004612,C00958,A0004,property,property_flood,2023-05-07,2024-05-06,9799037,51484,quarterly,active
P004613,C02816,A0003,property,property_allrisk,2024-09-26,2025-09-26,4842605,52813,annual,lapsed
P004614,C01821,A0027,property,property_fire,2023-06-03,2024-06-02,19661602,133645,annual,active
P004615,C02848,A0042,property,property_fire,2026-01-24,2027-01-24,18135691,66274,monthly,active
P004616,C02636,A0018,motor,motor_voluntary,2024-08-06,2025-08-06,672021,15674,quarterly,active
P004617,C00550,A0023,motor,motor_compulsory,2024-04-16,2025-04-16,1270665,37456,quarterly,lapsed
P004618,C01117,A0024,motor,motor_voluntary,2022-03-30,2023-03-30,469693,17324,annual,active
P004619,C01666,A0022,motor,motor_voluntary,2025-12-11,2026-12-11,1886155,57731,quarterly,active
P004620,C02099,A0035,motor,motor_compulsory,2023-01-23,2024-01-23,924034,37343,annual,active
P004621,C01824,A0011,motor,motor_compulsory,2023-08-07,2024-08-06,1967287,56955,monthly,active
P004622,C02806,A0013,motor,motor_compulsory,2025-05-29,2026-05-29,1567062,75631,monthly,cancelled
P004623,C00184,A0047,property,property_allrisk,2024-08-11,2025-08-11,19914304,101260,quarterly,active
P004624,C02959,A0003,motor,motor_compulsory,2023-05-28,2024-05-27,1945626,89207,monthly,cancelled
P004625,C01307,A0045,motor,motor_compulsory,2022-06-24,2023-06-24,2092918,57371,monthly,active
P004626,C01285,A0008,property,property_flood,2022-12-05,2023-12-05,11683833,125278,annual,lapsed
P004627,C01085,A0028,property,property_flood,2023-11-12,2024-11-11,3282532,28334,quarterly,active
P004628,C00193,A0029,motor,motor_compulsory,2023-06-01,2024-05-31,2388288,86199,quarterly,active
P004629,C02193,A0043,property,property_flood,2026-03-29,2027-03-29,2077764,12295,annual,lapsed
P004630,C01665,A0038,motor,motor_compulsory,2023-03-25,2024-03-24,389068,10719,annual,lapsed
P004631,C01566,A0002,property,property_allrisk,2025-02-03,2026-02-03,9374357,39173,quarterly,active
P004632,C00521,A0014,property,property_fire,2024-03-15,2025-03-15,19382236,168782,annual,active
P004633,C01786,A0012,motor,motor_compulsory,2023-08-26,2024-08-25,689786,33989,annual,lapsed
P004634,C02145,A0037,motor,motor_compulsory,2024-01-07,2025-01-06,2391349,93068,monthly,active
P004635,C01615,A0001,motor,motor_compulsory,2024-10-26,2025-10-26,913587,29153,annual,active
P004636,C02493,A0016,motor,motor_compulsory,2024-11-10,2025-11-10,2323106,83197,monthly,cancelled
P004637,C00389,A0031,motor,motor_voluntary,2023-03-06,2024-03-05,1162366,29824,annual,active
P004638,C01434,A0048,motor,motor_voluntary,2025-12-25,2026-12-25,1456822,70985,monthly,active
P004639,C02659,A0019,motor,motor_compulsory,2024-09-25,2025-09-25,906153,25142,monthly,active
P004640,C00391,A0032,motor,motor_voluntary,2025-03-02,2026-03-02,584762,19147,monthly,active
P004641,C01089,A0009,motor,motor_voluntary,2024-05-06,2025-05-06,1118307,37149,monthly,lapsed
P004642,C00108,A0045,motor,motor_voluntary,2023-11-22,2024-11-21,1985457,87572,annual,active
P004643,C02040,A0004,property,property_allrisk,2026-02-19,2027-02-19,1215927,11884,annual,active
P004644,C00963,A0002,property,property_flood,2022-03-05,2023-03-05,1391678,9672,annual,active
P004645,C01604,A0029,property,property_allrisk,2025-02-15,2026-02-15,16499900,71163,monthly,active
P004646,C01331,A0046,motor,motor_compulsory,2025-06-12,2026-06-12,2389710,97721,monthly,active
P004647,C01435,A0005,motor,motor_compulsory,2022-10-26,2023-10-26,1553120,66420,quarterly,active
P004648,C01312,A0010,property,property_flood,2023-10-20,2024-10-19,6654890,77410,quarterly,active
P004649,C00985,A0045,motor,motor_voluntary,2023-05-04,2024-05-03,2352609,76621,annual,active
P004650,C02672,A0021,property,property_allrisk,2023-05-19,2024-05-18,5708282,62438,quarterly,active
P004651,C02887,A0027,motor,motor_voluntary,2024-10-29,2025-10-29,1117568,26846,monthly,active
P004652,C00991,A0025,motor,motor_voluntary,2023-03-14,2024-03-13,1156798,23765,monthly,cancelled
P004653,C02468,A0044,property,property_flood,2024-02-05,2025-02-04,14118333,114414,monthly,active
P004654,C01756,A0025,motor,motor_voluntary,2022-10-16,2023-10-16,2460818,86101,monthly,active
P004655,C00279,A0025,motor,motor_voluntary,2023-05-14,2024-05-13,346485,11448,monthly,active
P004656,C01753,A0025,motor,motor_voluntary,2026-01-14,2027-01-14,822918,30627,monthly,active
P004657,C00234,A0015,motor,motor_voluntary,2026-02-23,2027-02-23,522336,19118,quarterly,active
P004658,C02706,A0043,motor,motor_voluntary,2023-12-29,2024-12-28,1813891,71439,annual,active
P004659,C02925,A0011,motor,motor_voluntary,2022-03-06,2023-03-06,2404503,117623,monthly,active
P004660,C00963,A0042,motor,motor_voluntary,2023-12-01,2024-11-30,1090579,39685,monthly,active
P004661,C01891,A0024,property,property_flood,2025-01-04,2026-01-04,15894450,133810,quarterly,active
P004662,C01516,A0009,property,property_flood,2023-02-14,2024-02-14,10958647,96337,monthly,lapsed
P004663,C01225,A0045,motor,motor_compulsory,2024-01-31,2025-01-30,1342876,56841,monthly,active
P004664,C02999,A0021,motor,motor_voluntary,2025-11-15,2026-11-15,297810,14306,quarterly,cancelled
P004665,C01398,A0005,motor,motor_voluntary,2024-06-07,2025-06-07,1770667,52609,quarterly,active
P004666,C01767,A0007,motor,motor_voluntary,2023-10-30,2024-10-29,1844331,77632,monthly,active
P004667,C00442,A0005,motor,motor_voluntary,2023-10-06,2024-10-05,1095730,22269,monthly,lapsed
P004668,C01723,A0031,motor,motor_voluntary,2024-02-28,2025-02-27,2266311,54822,annual,lapsed
P004669,C01518,A0047,motor,motor_voluntary,2023-09-13,2024-09-12,2345934,59615,annual,active
P004670,C02345,A0036,motor,motor_voluntary,2023-08-23,2024-08-22,520472,23113,monthly,active
P004671,C02463,A0042,motor,motor_voluntary,2022-08-13,2023-08-13,2328072,80230,monthly,active
P004672,C02090,A0010,motor,motor_voluntary,2024-05-29,2025-05-29,1973208,88119,annual,active
P004673,C02640,A0034,motor,motor_voluntary,2022-11-22,2023-11-22,2488415,58667,quarterly,lapsed
P004674,C01852,A0032,motor,motor_voluntary,2023-07-10,2024-07-09,1748773,61495,annual,active
P004675,C00211,A0012,property,property_flood,2025-07-25,2026-07-25,15617556,117166,quarterly,active
P004676,C02170,A0047,motor,motor_compulsory,2024-02-13,2025-02-12,1346626,33336,annual,lapsed
P004677,C00595,A0037,property,property_allrisk,2024-03-02,2025-03-02,18256185,99680,monthly,active
P004678,C02271,A0038,property,property_allrisk,2023-11-10,2024-11-09,9578094,113531,annual,active
P004679,C00849,A0026,motor,motor_compulsory,2026-03-26,2027-03-26,2144631,67783,monthly,lapsed
P004680,C01707,A0044,motor,motor_voluntary,2025-03-13,2026-03-13,1608730,75395,annual,active
P004681,C01033,A0022,property,property_fire,2024-05-19,2025-05-19,10165511,35442,quarterly,active
P004682,C01707,A0013,motor,motor_compulsory,2024-01-21,2025-01-20,2107053,77962,monthly,active
P004683,C02430,A0025,motor,motor_compulsory,2023-05-01,2024-04-30,444133,15635,quarterly,active
P004684,C01099,A0038,property,property_flood,2025-05-18,2026-05-18,10777117,62002,monthly,active
P004685,C00059,A0012,motor,motor_compulsory,2022-04-30,2023-04-30,2173815,51490,monthly,active
P004686,C00712,A0012,motor,motor_compulsory,2024-12-19,2025-12-19,1952356,39720,annual,lapsed
P004687,C01112,A0035,property,property_allrisk,2023-03-22,2024-03-21,1768030,14780,annual,active
P004688,C00448,A0032,property,property_allrisk,2025-03-19,2026-03-19,18912014,168692,quarterly,active
P004689,C01777,A0039,motor,motor_compulsory,2023-09-24,2024-09-23,2050481,65778,annual,active
P004690,C02656,A0004,motor,motor_voluntary,2025-09-02,2026-09-02,2327383,87110,monthly,cancelled
P004691,C00881,A0013,motor,motor_voluntary,2025-05-17,2026-05-17,2151001,73245,quarterly,cancelled
P004692,C02847,A0044,property,property_flood,2024-11-23,2025-11-23,16317276,56835,monthly,active
P004693,C01995,A0045,motor,motor_compulsory,2025-08-20,2026-08-20,1153564,48899,quarterly,cancelled
P004694,C00083,A0049,motor,motor_compulsory,2025-11-03,2026-11-03,1139815,26099,monthly,active
P004695,C00624,A0025,motor,motor_voluntary,2025-12-02,2026-12-02,403787,9557,monthly,cancelled
P004696,C01379,A0031,property,property_fire,2025-12-01,2026-12-01,3809991,13006,quarterly,active
P004697,C00076,A0048,motor,motor_compulsory,2023-03-07,2024-03-06,1956570,47409,annual,active
P004698,C01243,A0003,motor,motor_compulsory,2023-12-21,2024-12-20,1846503,85391,monthly,active
P004699,C01050,A0007,property,property_flood,2025-06-16,2026-06-16,4082617,22639,annual,active
P004700,C00423,A0050,property,property_flood,2024-12-29,2025-12-29,5239352,37558,monthly,active
P004701,C01700,A0045,property,property_flood,2026-01-07,2027-01-07,10080483,77936,monthly,active
P004702,C02837,A0034,motor,motor_compulsory,2025-07-03,2026-07-03,2012618,54321,quarterly,active
P004703,C01170,A0022,motor,motor_voluntary,2025-08-25,2026-08-25,1531031,76128,quarterly,lapsed
P004704,C02819,A0042,motor,motor_compulsory,2025-07-21,2026-07-21,976165,32651,annual,active
P004705,C02801,A0010,motor,motor_compulsory,2024-01-25,2025-01-24,510818,12178,annual,active
P004706,C02413,A0044,motor,motor_compulsory,2023-11-24,2024-11-23,1333945,64183,annual,active
P004707,C02214,A0035,motor,motor_voluntary,2024-05-27,2025-05-27,1337068,53937,quarterly,active
P004708,C00134,A0026,motor,motor_compulsory,2024-05-13,2025-05-13,1332543,34432,monthly,active
P004709,C02053,A0019,motor,motor_compulsory,2024-11-25,2025-11-25,2094810,62047,monthly,active
P004710,C02445,A0037,property,property_allrisk,2023-01-08,2024-01-08,6031458,21776,quarterly,active
P004711,C01712,A0043,motor,motor_compulsory,2023-08-09,2024-08-08,2125648,68492,quarterly,active
P004712,C02615,A0046,motor,motor_voluntary,2026-01-05,2027-01-05,985564,34300,monthly,active
P004713,C02786,A0035,property,property_flood,2023-03-27,2024-03-26,17572867,144697,annual,active
P004714,C02866,A0016,motor,motor_voluntary,2026-03-26,2027-03-26,2296622,91330,annual,active
P004715,C00023,A0033,motor,motor_voluntary,2024-01-23,2025-01-22,653513,30815,annual,active
P004716,C01034,A0021,motor,motor_compulsory,2023-02-09,2024-02-09,828706,34361,quarterly,active
P004717,C01909,A0048,motor,motor_voluntary,2022-11-09,2023-11-09,946764,23040,annual,active
P004718,C01534,A0037,property,property_flood,2026-02-12,2027-02-12,10661811,80045,quarterly,lapsed
P004719,C00612,A0015,motor,motor_compulsory,2023-09-19,2024-09-18,959088,19394,quarterly,active
P004720,C02900,A0019,property,property_fire,2023-07-12,2024-07-11,16192167,174718,monthly,lapsed
P004721,C01117,A0039,motor,motor_voluntary,2025-08-02,2026-08-02,714841,19570,monthly,active
P004722,C01297,A0032,motor,motor_compulsory,2026-03-16,2027-03-16,333556,14500,monthly,active
P004723,C00619,A0001,motor,motor_compulsory,2024-10-06,2025-10-06,1180210,45816,quarterly,active
P004724,C00754,A0010,motor,motor_compulsory,2023-04-08,2024-04-07,2479477,96706,quarterly,active
P004725,C00782,A0030,motor,motor_voluntary,2024-05-15,2025-05-15,1168540,29286,annual,active
P004726,C00608,A0037,property,property_fire,2023-12-05,2024-12-04,2998728,19476,monthly,active
P004727,C00031,A0003,motor,motor_compulsory,2025-06-17,2026-06-17,1569931,48646,annual,active
P004728,C00497,A0015,property,property_flood,2024-03-16,2025-03-16,5475712,48857,monthly,active
P004729,C01145,A0008,motor,motor_voluntary,2024-10-12,2025-10-12,200610,7092,annual,active
P004730,C00447,A0008,motor,motor_compulsory,2022-04-11,2023-04-11,207624,9196,annual,active
P004731,C00253,A0005,motor,motor_voluntary,2023-12-05,2024-12-04,1405760,32867,monthly,active
P004732,C00496,A0014,motor,motor_voluntary,2023-11-20,2024-11-19,1016633,47112,annual,active
P004733,C00765,A0032,motor,motor_voluntary,2025-11-04,2026-11-04,2465953,72599,monthly,active
P004734,C00348,A0026,motor,motor_voluntary,2024-07-04,2025-07-04,776722,17861,monthly,active
P004735,C02502,A0031,motor,motor_voluntary,2023-10-18,2024-10-17,1623804,43371,annual,active
P004736,C02605,A0021,motor,motor_voluntary,2024-08-23,2025-08-23,2465795,55884,monthly,lapsed
P004737,C02484,A0035,property,property_flood,2023-09-08,2024-09-07,11222915,103128,monthly,active
P004738,C00857,A0047,motor,motor_voluntary,2022-10-10,2023-10-10,290390,11597,monthly,active
P004739,C00006,A0020,property,property_flood,2023-06-10,2024-06-09,15960960,191458,annual,active
P004740,C01559,A0010,property,property_flood,2023-02-26,2024-02-26,18509307,78379,annual,active
P004741,C01508,A0010,motor,motor_voluntary,2023-12-28,2024-12-27,2494608,63993,annual,active
P004742,C01437,A0027,motor,motor_voluntary,2023-10-15,2024-10-14,2110972,50503,annual,active
P004743,C00584,A0030,property,property_flood,2025-05-21,2026-05-21,4173697,45590,annual,lapsed
P004744,C00535,A0021,motor,motor_compulsory,2023-02-14,2024-02-14,279403,6400,monthly,active
P004745,C02735,A0013,motor,motor_voluntary,2026-04-09,2027-04-09,1498120,64672,monthly,active
P004746,C02353,A0012,motor,motor_compulsory,2026-02-02,2027-02-02,2498868,88177,monthly,lapsed
P004747,C01653,A0049,property,property_fire,2022-10-02,2023-10-02,5730455,45202,monthly,active
P004748,C01769,A0048,motor,motor_compulsory,2024-10-16,2025-10-16,2380507,94500,annual,active
P004749,C00054,A0019,motor,motor_compulsory,2023-08-24,2024-08-23,2467842,68746,quarterly,active
P004750,C01941,A0003,property,property_flood,2025-06-17,2026-06-17,19234226,89871,quarterly,active
P004751,C00597,A0038,motor,motor_compulsory,2025-08-02,2026-08-02,1462964,56144,monthly,lapsed
P004752,C02230,A0020,motor,motor_voluntary,2023-01-03,2024-01-03,1515404,67750,monthly,active
P004753,C00483,A0004,motor,motor_voluntary,2025-10-31,2026-10-31,1951106,74221,annual,active
P004754,C01385,A0040,motor,motor_voluntary,2023-01-07,2024-01-07,2311335,69860,annual,active
P004755,C01461,A0047,motor,motor_voluntary,2024-11-28,2025-11-28,1283052,35493,annual,active
P004756,C00143,A0017,property,property_fire,2024-05-14,2025-05-14,16797855,163308,quarterly,active
P004757,C02812,A0002,property,property_flood,2026-02-27,2027-02-27,11092861,119821,annual,active
P004758,C00401,A0029,motor,motor_compulsory,2023-06-23,2024-06-22,1732016,48689,annual,active
P004759,C02557,A0041,motor,motor_compulsory,2023-06-10,2024-06-09,1432790,67499,annual,active
P004760,C01140,A0040,motor,motor_compulsory,2025-04-20,2026-04-20,1441127,35536,quarterly,active
P004761,C02761,A0025,property,property_allrisk,2024-09-14,2025-09-14,1779888,14431,annual,active
P004762,C00055,A0047,motor,motor_compulsory,2023-12-12,2024-12-11,1027270,37382,quarterly,lapsed
P004763,C01157,A0025,property,property_flood,2023-06-01,2024-05-31,6395845,39204,monthly,active
P004764,C01511,A0025,motor,motor_voluntary,2025-02-09,2026-02-09,550308,18172,monthly,lapsed
P004765,C00830,A0021,property,property_allrisk,2024-08-27,2025-08-27,8468782,25441,annual,active
P004766,C01496,A0049,property,property_fire,2023-11-14,2024-11-13,3645417,22367,quarterly,lapsed
P004767,C01815,A0014,property,property_flood,2024-06-25,2025-06-25,10586990,112687,quarterly,cancelled
P004768,C01944,A0030,motor,motor_voluntary,2025-02-23,2026-02-23,2315769,59874,quarterly,active
P004769,C02816,A0026,property,property_flood,2025-05-17,2026-05-17,14187844,58212,quarterly,active
P004770,C01606,A0008,property,property_allrisk,2023-01-02,2024-01-02,11399821,35598,quarterly,active
P004771,C00924,A0040,motor,motor_voluntary,2025-04-17,2026-04-17,1971792,73174,monthly,active
P004772,C02062,A0021,motor,motor_compulsory,2023-09-08,2024-09-07,847257,22704,monthly,lapsed
P004773,C01833,A0041,motor,motor_voluntary,2025-10-14,2026-10-14,2409613,63098,quarterly,active
P004774,C00218,A0031,motor,motor_voluntary,2025-04-29,2026-04-29,1136950,46597,annual,active
P004775,C01372,A0003,property,property_allrisk,2023-04-03,2024-04-02,13854736,137889,monthly,active
P004776,C02213,A0041,motor,motor_voluntary,2025-01-12,2026-01-12,1996018,80188,annual,active
P004777,C02024,A0025,motor,motor_compulsory,2024-09-30,2025-09-30,657589,23237,monthly,active
P004778,C00106,A0014,property,property_flood,2025-03-12,2026-03-12,13446906,143908,quarterly,active
P004779,C00732,A0010,property,property_fire,2023-09-24,2024-09-23,6668873,72908,quarterly,active
P004780,C01783,A0027,motor,motor_voluntary,2025-04-19,2026-04-19,565677,19065,quarterly,lapsed
P004781,C02040,A0044,motor,motor_voluntary,2023-04-01,2024-03-31,1784868,84581,quarterly,lapsed
P004782,C01883,A0045,property,property_flood,2025-07-02,2026-07-02,7552148,50762,quarterly,lapsed
P004783,C00451,A0046,motor,motor_compulsory,2023-02-27,2024-02-27,695781,22613,annual,active
P004784,C01390,A0047,property,property_fire,2026-04-07,2027-04-07,7569121,40105,quarterly,active
P004785,C01732,A0007,motor,motor_compulsory,2024-07-08,2025-07-08,566342,19064,quarterly,lapsed
P004786,C00291,A0036,property,property_flood,2024-11-27,2025-11-27,3452693,11159,monthly,active
P004787,C01437,A0026,motor,motor_voluntary,2024-03-28,2025-03-28,2259852,112646,quarterly,active
P004788,C00165,A0035,property,property_fire,2024-05-23,2025-05-23,12414636,58838,quarterly,lapsed
P004789,C00749,A0020,motor,motor_voluntary,2023-04-28,2024-04-27,2477877,99871,annual,active
P004790,C02223,A0038,motor,motor_compulsory,2024-05-12,2025-05-12,1947737,82266,quarterly,active
P004791,C01215,A0050,property,property_flood,2023-02-27,2024-02-27,13915394,68410,quarterly,active
P004792,C01343,A0019,motor,motor_compulsory,2022-01-04,2023-01-04,511956,16321,annual,active
P004793,C02110,A0036,motor,motor_compulsory,2023-06-12,2024-06-11,569726,22152,monthly,active
P004794,C01476,A0034,motor,motor_compulsory,2026-04-08,2027-04-08,1299123,64779,annual,active
P004795,C00883,A0035,property,property_flood,2023-04-16,2024-04-15,2794707,12641,annual,active
P004796,C01078,A0044,motor,motor_voluntary,2024-04-15,2025-04-15,2122910,78637,quarterly,active
P004797,C00255,A0008,motor,motor_voluntary,2025-06-15,2026-06-15,1634131,74820,annual,active
P004798,C01824,A0041,property,property_allrisk,2024-07-21,2025-07-21,5436854,35678,annual,active
P004799,C00193,A0023,motor,motor_compulsory,2025-04-02,2026-04-02,1742516,73189,monthly,active
P004800,C00366,A0030,motor,motor_voluntary,2025-06-15,2026-06-15,1924751,49778,monthly,active
P004801,C01366,A0029,motor,motor_voluntary,2024-05-26,2025-05-26,1676677,53452,monthly,active
P004802,C00993,A0018,property,property_flood,2024-11-05,2025-11-05,3011800,30539,monthly,lapsed
P004803,C00507,A0016,motor,motor_compulsory,2024-02-16,2025-02-15,844091,32313,quarterly,active
P004804,C01322,A0032,property,property_fire,2023-07-01,2024-06-30,13402940,155846,quarterly,active
P004805,C02505,A0029,motor,motor_voluntary,2023-06-01,2024-05-31,1119397,43878,monthly,active
P004806,C01269,A0045,property,property_flood,2023-10-18,2024-10-17,18151340,127811,quarterly,active
P004807,C02875,A0004,property,property_fire,2023-04-13,2024-04-12,4999460,45399,quarterly,active
P004808,C02640,A0021,motor,motor_compulsory,2025-06-12,2026-06-12,370631,13518,annual,active
P004809,C02757,A0008,property,property_allrisk,2025-10-06,2026-10-06,13212918,152974,quarterly,active
P004810,C00071,A0049,property,property_flood,2023-11-27,2024-11-26,15284144,74283,annual,cancelled
P004811,C02036,A0011,motor,motor_voluntary,2022-08-22,2023-08-22,886321,23391,quarterly,lapsed
P004812,C00174,A0013,motor,motor_compulsory,2023-03-22,2024-03-21,1159542,57919,quarterly,active
P004813,C02992,A0034,motor,motor_compulsory,2023-10-26,2024-10-25,736596,15701,annual,active
P004814,C00409,A0041,motor,motor_voluntary,2026-02-09,2027-02-09,1424123,66621,monthly,cancelled
P004815,C02594,A0025,motor,motor_voluntary,2023-05-14,2024-05-13,871081,19328,quarterly,active
P004816,C01977,A0028,motor,motor_compulsory,2024-06-25,2025-06-25,1180252,30476,annual,lapsed
P004817,C00060,A0016,motor,motor_voluntary,2023-02-23,2024-02-23,1071311,23176,annual,active
P004818,C02150,A0034,property,property_allrisk,2023-11-11,2024-11-10,10752102,114239,monthly,active
P004819,C02286,A0016,motor,motor_compulsory,2024-11-21,2025-11-21,328426,9351,quarterly,active
P004820,C02228,A0003,motor,motor_compulsory,2023-04-07,2024-04-06,1265364,31834,quarterly,active
P004821,C02093,A0038,property,property_flood,2026-04-24,2027-04-24,16275454,172154,annual,active
P004822,C00118,A0050,motor,motor_voluntary,2025-05-21,2026-05-21,2385386,102145,annual,lapsed
P004823,C01540,A0029,motor,motor_voluntary,2026-04-23,2027-04-23,1161908,46230,quarterly,active
P004824,C01685,A0049,property,property_fire,2023-03-23,2024-03-22,9459632,43820,quarterly,active
P004825,C00034,A0047,motor,motor_compulsory,2024-03-18,2025-03-18,1026592,41532,quarterly,active
P004826,C02030,A0033,motor,motor_compulsory,2023-06-12,2024-06-11,1170175,32242,monthly,active
P004827,C00703,A0024,motor,motor_compulsory,2024-03-17,2025-03-17,459299,13935,annual,active
P004828,C02343,A0012,motor,motor_compulsory,2023-01-14,2024-01-14,651103,18628,monthly,active
P004829,C01593,A0050,motor,motor_voluntary,2023-03-23,2024-03-22,610057,26380,annual,lapsed
P004830,C02041,A0005,motor,motor_compulsory,2024-07-26,2025-07-26,1793504,39395,quarterly,active
P004831,C00532,A0027,motor,motor_compulsory,2023-02-15,2024-02-15,2098227,89988,monthly,active
P004832,C02799,A0041,property,property_allrisk,2024-02-26,2025-02-25,8318713,94725,quarterly,active
P004833,C01602,A0030,motor,motor_compulsory,2024-11-17,2025-11-17,1613488,73289,monthly,active
P004834,C01136,A0021,motor,motor_voluntary,2023-11-24,2024-11-23,1118213,53257,annual,active
P004835,C01223,A0017,motor,motor_compulsory,2026-03-29,2027-03-29,1352270,46619,annual,lapsed
P004836,C01970,A0048,property,property_flood,2025-04-21,2026-04-21,12679725,45608,quarterly,active
P004837,C02426,A0027,property,property_flood,2024-03-25,2025-03-25,2954356,22451,monthly,active
P004838,C01006,A0010,property,property_fire,2023-04-02,2024-04-01,8578866,79027,quarterly,active
P004839,C02922,A0046,property,property_fire,2025-09-29,2026-09-29,5325037,29042,monthly,cancelled
P004840,C00289,A0008,motor,motor_voluntary,2025-07-02,2026-07-02,1642561,61103,quarterly,active
P004841,C01294,A0040,motor,motor_compulsory,2023-09-02,2024-09-01,2052028,69710,monthly,active
P004842,C00456,A0006,motor,motor_compulsory,2025-08-09,2026-08-09,796965,31496,annual,active
P004843,C02917,A0044,property,property_fire,2024-04-17,2025-04-17,19991896,89616,quarterly,active
P004844,C00921,A0022,motor,motor_voluntary,2023-04-04,2024-04-03,2019067,79215,annual,lapsed
P004845,C02086,A0021,motor,motor_compulsory,2024-03-10,2025-03-10,1383180,53978,annual,active
P004846,C00734,A0033,motor,motor_voluntary,2025-01-12,2026-01-12,1456380,55822,quarterly,lapsed
P004847,C02296,A0034,motor,motor_compulsory,2023-06-18,2024-06-17,1621986,53532,monthly,active
P004848,C00819,A0048,motor,motor_compulsory,2023-09-24,2024-09-23,1091440,46549,monthly,active
P004849,C02461,A0041,motor,motor_voluntary,2024-09-12,2025-09-12,926450,45312,quarterly,active
P004850,C02500,A0038,motor,motor_voluntary,2023-04-24,2024-04-23,811687,16815,monthly,active
P004851,C02887,A0018,motor,motor_voluntary,2025-11-04,2026-11-04,590369,17398,annual,lapsed
P004852,C02092,A0029,motor,motor_voluntary,2022-11-17,2023-11-17,2017044,45138,monthly,active
P004853,C00624,A0005,motor,motor_voluntary,2024-08-08,2025-08-08,1779870,44024,annual,active
P004854,C00628,A0040,motor,motor_voluntary,2022-08-13,2023-08-13,834916,25533,monthly,active
P004855,C02611,A0027,property,property_fire,2023-03-01,2024-02-29,15221786,103019,quarterly,lapsed
P004856,C01535,A0046,motor,motor_voluntary,2024-04-24,2025-04-24,2047097,100588,quarterly,active
P004857,C01404,A0050,motor,motor_compulsory,2025-12-18,2026-12-18,1179964,55759,annual,active
P004858,C02771,A0045,motor,motor_compulsory,2023-07-30,2024-07-29,1063478,35911,annual,active
P004859,C02054,A0036,motor,motor_compulsory,2025-08-25,2026-08-25,648366,26351,quarterly,active
P004860,C01759,A0009,property,property_flood,2026-04-22,2027-04-22,3966810,24732,monthly,active
P004861,C01492,A0031,motor,motor_compulsory,2025-10-28,2026-10-28,2374106,66521,monthly,active
P004862,C01059,A0032,motor,motor_compulsory,2023-01-20,2024-01-20,941661,40347,annual,lapsed
P004863,C02424,A0003,property,property_flood,2024-11-03,2025-11-03,10777639,36655,monthly,active
P004864,C01240,A0028,motor,motor_compulsory,2025-05-03,2026-05-03,217339,10141,monthly,lapsed
P004865,C01929,A0033,motor,motor_voluntary,2025-07-30,2026-07-30,794456,34724,monthly,active
P004866,C01933,A0001,motor,motor_compulsory,2023-08-15,2024-08-14,778268,36609,monthly,lapsed
P004867,C00643,A0040,property,property_allrisk,2025-04-13,2026-04-13,1604102,15605,monthly,active
P004868,C00951,A0019,motor,motor_voluntary,2023-04-17,2024-04-16,1180701,37347,monthly,cancelled
P004869,C02051,A0026,property,property_allrisk,2022-05-31,2023-05-31,18093979,187684,monthly,active
P004870,C02226,A0022,property,property_fire,2023-02-05,2024-02-05,3720044,29607,monthly,active
P004871,C01155,A0029,motor,motor_voluntary,2023-03-15,2024-03-14,1004713,42400,annual,active
P004872,C00511,A0039,property,property_flood,2024-08-31,2025-08-31,18765890,208515,annual,active
P004873,C00533,A0036,motor,motor_voluntary,2023-09-04,2024-09-03,1108337,29260,annual,active
P004874,C00834,A0034,motor,motor_voluntary,2025-07-25,2026-07-25,967932,39790,quarterly,active
P004875,C01218,A0032,motor,motor_compulsory,2023-02-25,2024-02-25,1397951,61752,quarterly,active
P004876,C00167,A0031,motor,motor_voluntary,2024-02-17,2025-02-16,1437150,71002,monthly,lapsed
P004877,C01925,A0007,property,property_fire,2022-04-18,2023-04-18,11045240,91176,quarterly,active
P004878,C02820,A0025,property,property_allrisk,2025-10-12,2026-10-12,18254069,147578,monthly,active
P004879,C01909,A0014,motor,motor_compulsory,2024-06-01,2025-06-01,1474301,44605,quarterly,active
P004880,C01951,A0047,motor,motor_compulsory,2022-10-08,2023-10-08,1648229,42909,monthly,active
P004881,C02610,A0016,motor,motor_voluntary,2024-10-06,2025-10-06,1784058,84270,quarterly,active
P004882,C02093,A0024,motor,motor_voluntary,2023-10-22,2024-10-21,452207,16909,monthly,active
P004883,C02359,A0023,property,property_flood,2025-09-19,2026-09-19,2714839,11428,monthly,active
P004884,C02024,A0018,motor,motor_compulsory,2022-07-30,2023-07-30,292572,14092,annual,cancelled
P004885,C00518,A0017,motor,motor_compulsory,2024-03-31,2025-03-31,746318,24519,quarterly,active
P004886,C02495,A0019,motor,motor_compulsory,2022-11-04,2023-11-04,1221961,28533,monthly,active
P004887,C00249,A0016,motor,motor_compulsory,2024-07-13,2025-07-13,633720,19013,quarterly,active
P004888,C00239,A0050,motor,motor_voluntary,2023-11-04,2024-11-03,2134838,105319,annual,active
P004889,C01979,A0048,motor,motor_voluntary,2023-11-02,2024-11-01,1723928,47130,quarterly,active
P004890,C02788,A0047,motor,motor_compulsory,2025-01-14,2026-01-14,2185746,81579,monthly,active
P004891,C01000,A0045,motor,motor_compulsory,2023-05-12,2024-05-11,1552117,75020,annual,active
P004892,C00007,A0003,motor,motor_voluntary,2025-03-01,2026-03-01,2379128,85735,annual,lapsed
P004893,C02910,A0032,motor,motor_voluntary,2023-10-09,2024-10-08,2499293,81110,annual,active
P004894,C00213,A0044,motor,motor_voluntary,2024-01-19,2025-01-18,2472869,90024,quarterly,active
P004895,C01297,A0036,motor,motor_compulsory,2025-04-13,2026-04-13,2185431,98048,quarterly,active
P004896,C01671,A0019,motor,motor_voluntary,2024-02-23,2025-02-22,227630,4805,quarterly,active
P004897,C02569,A0020,motor,motor_compulsory,2024-03-09,2025-03-09,1995915,69145,annual,active
P004898,C02093,A0044,motor,motor_voluntary,2023-12-30,2024-12-29,961563,43960,monthly,active
P004899,C02574,A0011,motor,motor_compulsory,2022-03-18,2023-03-18,844538,38003,monthly,active
P004900,C02644,A0042,property,property_allrisk,2025-06-23,2026-06-23,18656045,70263,monthly,active
P004901,C00072,A0021,motor,motor_voluntary,2025-04-30,2026-04-30,1979310,53486,annual,active
P004902,C00439,A0012,motor,motor_compulsory,2022-04-01,2023-04-01,780453,25574,monthly,active
P004903,C00314,A0041,property,property_allrisk,2026-02-23,2027-02-23,8128725,62788,monthly,lapsed
P004904,C00390,A0004,motor,motor_voluntary,2025-04-30,2026-04-30,1306932,50664,monthly,active
P004905,C00142,A0038,motor,motor_compulsory,2023-04-07,2024-04-06,1594959,40438,annual,active
P004906,C00506,A0006,motor,motor_compulsory,2023-02-27,2024-02-27,689677,20446,annual,active
P004907,C01408,A0004,motor,motor_compulsory,2024-04-26,2025-04-26,297516,11878,monthly,active
P004908,C01915,A0003,motor,motor_voluntary,2023-06-18,2024-06-17,2312512,77858,monthly,active
P004909,C02479,A0016,motor,motor_compulsory,2025-06-17,2026-06-17,1232991,45289,quarterly,active
P004910,C02885,A0035,property,property_fire,2022-05-06,2023-05-06,4128841,13557,annual,active
P004911,C00932,A0019,property,property_fire,2023-08-03,2024-08-02,17603329,103200,annual,active
P004912,C01709,A0048,property,property_allrisk,2025-08-15,2026-08-15,3195225,33067,monthly,active
P004913,C02706,A0047,motor,motor_compulsory,2024-04-15,2025-04-15,434723,13310,quarterly,lapsed
P004914,C02649,A0025,motor,motor_voluntary,2024-01-19,2025-01-18,493704,23111,quarterly,active
P004915,C02234,A0024,property,property_flood,2024-11-08,2025-11-08,13384912,103693,quarterly,active
P004916,C01746,A0028,motor,motor_voluntary,2025-06-25,2026-06-25,2175087,107563,monthly,active
P004917,C00136,A0016,property,property_allrisk,2022-02-04,2023-02-04,3393032,11960,monthly,active
P004918,C02551,A0030,motor,motor_compulsory,2023-05-28,2024-05-27,1181568,43546,annual,active
P004919,C02133,A0021,motor,motor_compulsory,2025-05-28,2026-05-28,1811171,84579,monthly,active
P004920,C01226,A0020,motor,motor_compulsory,2023-06-22,2024-06-21,1572657,46299,monthly,active
P004921,C00888,A0039,property,property_allrisk,2023-12-11,2024-12-10,10418987,69770,quarterly,active
P004922,C02642,A0020,motor,motor_voluntary,2023-12-19,2024-12-18,1157322,41695,monthly,lapsed
P004923,C02778,A0030,motor,motor_compulsory,2023-11-23,2024-11-22,956156,35583,monthly,active
P004924,C00478,A0016,motor,motor_compulsory,2022-03-24,2023-03-24,692320,32899,annual,active
P004925,C01890,A0043,motor,motor_compulsory,2026-01-12,2027-01-12,483112,21268,annual,active
P004926,C01934,A0010,motor,motor_voluntary,2023-04-28,2024-04-27,1212788,26381,quarterly,active
P004927,C02595,A0022,motor,motor_voluntary,2023-01-11,2024-01-11,417301,15933,monthly,lapsed
P004928,C02323,A0002,motor,motor_compulsory,2022-01-02,2023-01-02,1912549,78689,monthly,active
P004929,C01865,A0013,property,property_flood,2025-11-01,2026-11-01,13402793,128763,quarterly,active
P004930,C00711,A0018,motor,motor_compulsory,2022-04-28,2023-04-28,307188,10216,monthly,active
P004931,C01804,A0049,motor,motor_voluntary,2023-05-26,2024-05-25,2279609,76215,monthly,active
P004932,C02421,A0011,motor,motor_voluntary,2024-02-03,2025-02-02,1578434,74216,quarterly,active
P004933,C01301,A0003,motor,motor_compulsory,2024-06-13,2025-06-13,1383714,46275,monthly,active
P004934,C00493,A0023,motor,motor_voluntary,2024-08-24,2025-08-24,2086610,102467,quarterly,lapsed
P004935,C00908,A0033,motor,motor_voluntary,2022-09-20,2023-09-20,2185676,50210,monthly,active
P004936,C01306,A0010,motor,motor_voluntary,2024-03-18,2025-03-18,431624,9692,quarterly,lapsed
P004937,C02918,A0032,property,property_fire,2025-05-21,2026-05-21,2610894,19200,quarterly,active
P004938,C01787,A0039,motor,motor_voluntary,2022-01-17,2023-01-17,2320470,76571,quarterly,active
P004939,C02699,A0014,motor,motor_compulsory,2023-12-15,2024-12-14,2358819,78899,monthly,active
P004940,C00321,A0015,motor,motor_voluntary,2023-05-21,2024-05-20,661770,13393,quarterly,active
P004941,C02946,A0008,property,property_fire,2024-02-08,2025-02-07,2972384,24727,quarterly,active
P004942,C00983,A0030,property,property_allrisk,2023-06-25,2024-06-24,18015414,212505,quarterly,active
P004943,C00227,A0029,property,property_allrisk,2022-12-30,2023-12-30,3271525,28955,quarterly,active
P004944,C01717,A0018,motor,motor_voluntary,2025-09-07,2026-09-07,689469,30394,monthly,active
P004945,C00750,A0034,property,property_fire,2024-07-13,2025-07-13,10050215,114370,annual,active
P004946,C01789,A0025,motor,motor_compulsory,2025-07-24,2026-07-24,556111,12064,annual,active
P004947,C02208,A0028,motor,motor_compulsory,2024-02-03,2025-02-02,2254565,84444,annual,active
P004948,C01348,A0019,motor,motor_voluntary,2024-02-22,2025-02-21,240015,8167,monthly,active
P004949,C02151,A0039,motor,motor_voluntary,2025-03-17,2026-03-17,713907,17109,quarterly,active
P004950,C02782,A0015,motor,motor_voluntary,2025-06-30,2026-06-30,1299648,48298,quarterly,cancelled
P004951,C02924,A0040,property,property_allrisk,2022-08-16,2023-08-16,16913391,148709,annual,active
P004952,C02018,A0007,property,property_fire,2023-06-12,2024-06-11,9760020,61216,annual,lapsed
P004953,C01065,A0027,property,property_allrisk,2022-01-10,2023-01-10,12261017,51619,quarterly,active
P004954,C00753,A0041,property,property_allrisk,2025-01-19,2026-01-19,12990335,139388,annual,active
P004955,C01849,A0013,property,property_flood,2024-03-16,2025-03-16,3814387,33569,quarterly,active
P004956,C01227,A0039,motor,motor_compulsory,2023-11-23,2024-11-22,2279205,112322,annual,active
P004957,C02741,A0009,property,property_allrisk,2022-12-27,2023-12-27,15515208,135903,monthly,active
P004958,C02421,A0045,motor,motor_voluntary,2025-02-14,2026-02-14,548202,15035,monthly,active
P004959,C00346,A0050,motor,motor_voluntary,2022-01-17,2023-01-17,2092452,69031,annual,active
P004960,C02418,A0019,motor,motor_compulsory,2023-02-27,2024-02-27,316235,14042,annual,active
P004961,C02009,A0013,motor,motor_voluntary,2025-05-23,2026-05-23,2274415,83734,monthly,active
P004962,C01498,A0018,property,property_allrisk,2026-03-18,2027-03-18,16151480,65073,annual,cancelled
P004963,C00174,A0017,property,property_allrisk,2023-11-19,2024-11-18,19121464,100911,monthly,active
P004964,C02400,A0038,property,property_fire,2022-04-03,2023-04-03,19235331,73766,quarterly,active
P004965,C02020,A0003,motor,motor_voluntary,2024-03-12,2025-03-12,989191,37071,monthly,active
P004966,C00473,A0011,motor,motor_compulsory,2024-07-09,2025-07-09,1551444,74760,monthly,active
P004967,C02297,A0012,motor,motor_voluntary,2023-03-29,2024-03-28,569888,17943,quarterly,active
P004968,C02556,A0037,motor,motor_compulsory,2025-09-13,2026-09-13,2036493,64663,annual,active
P004969,C02057,A0034,motor,motor_voluntary,2024-11-28,2025-11-28,2215027,90899,quarterly,active
P004970,C00473,A0005,property,property_flood,2024-07-18,2025-07-18,11396158,86777,annual,active
P004971,C01731,A0039,motor,motor_voluntary,2023-04-04,2024-04-03,1330815,42640,monthly,active
P004972,C02041,A0001,motor,motor_compulsory,2023-12-09,2024-12-08,2256929,61289,annual,active
P004973,C01257,A0003,motor,motor_voluntary,2022-03-08,2023-03-08,1760704,37148,quarterly,active
P004974,C00699,A0020,motor,motor_compulsory,2023-02-11,2024-02-11,2327975,114523,monthly,active
P004975,C01334,A0029,motor,motor_voluntary,2023-08-30,2024-08-29,502704,16905,annual,active
P004976,C01478,A0016,motor,motor_voluntary,2024-05-09,2025-05-09,834622,40655,monthly,active
P004977,C02402,A0011,property,property_flood,2023-10-04,2024-10-03,17605933,147489,annual,active
P004978,C02267,A0032,motor,motor_voluntary,2023-09-11,2024-09-10,1210008,42430,quarterly,active
P004979,C02198,A0047,property,property_fire,2022-05-27,2023-05-27,2857297,28701,annual,active
P004980,C00873,A0021,motor,motor_voluntary,2024-01-15,2025-01-14,1138204,45317,quarterly,active
P004981,C00567,A0011,motor,motor_voluntary,2023-05-08,2024-05-07,1371223,38672,quarterly,active
P004982,C00967,A0011,motor,motor_compulsory,2024-05-21,2025-05-21,825938,28945,annual,active
P004983,C02665,A0023,motor,motor_voluntary,2025-07-01,2026-07-01,955915,23022,annual,active
P004984,C02849,A0006,motor,motor_compulsory,2024-04-12,2025-04-12,500377,22314,annual,active
P004985,C02456,A0028,property,property_fire,2024-04-11,2025-04-11,5810260,32542,monthly,lapsed
P004986,C00128,A0049,motor,motor_compulsory,2025-11-16,2026-11-16,1753998,43549,annual,active
P004987,C02483,A0012,motor,motor_compulsory,2023-03-15,2024-03-14,1297816,50010,annual,lapsed
P004988,C02434,A0020,motor,motor_compulsory,2022-12-24,2023-12-24,2040575,73477,quarterly,active
P004989,C01755,A0036,motor,motor_compulsory,2025-08-06,2026-08-06,790939,34447,monthly,active
P004990,C02759,A0023,motor,motor_voluntary,2024-06-03,2025-06-03,1056468,52026,quarterly,active
P004991,C00313,A0007,property,property_allrisk,2023-09-01,2024-08-31,8344555,62027,quarterly,active
P004992,C02521,A0025,motor,motor_voluntary,2023-01-26,2024-01-26,808538,37031,quarterly,active
P004993,C01482,A0040,property,property_allrisk,2023-08-08,2024-08-07,2171788,13441,annual,active
P004994,C02590,A0042,motor,motor_voluntary,2023-02-09,2024-02-09,1164662,50870,quarterly,active
P004995,C00226,A0046,motor,motor_voluntary,2026-02-02,2027-02-02,1063244,31957,annual,active
P004996,C00569,A0002,motor,motor_compulsory,2024-04-22,2025-04-22,548815,12261,annual,lapsed
P004997,C00717,A0009,motor,motor_voluntary,2024-04-18,2025-04-18,754896,15824,annual,active
P004998,C01726,A0015,motor,motor_voluntary,2026-02-13,2027-02-13,1864342,67430,monthly,active
P004999,C00936,A0039,property,property_fire,2026-01-18,2027-01-18,14863147,152497,annual,active
P005000,C02560,A0037,motor,motor_compulsory,2026-02-22,2027-02-22,1511745,73506,quarterly,active
P005001,C02384,A0042,motor,motor_voluntary,2023-09-21,2024-09-20,562437,27618,monthly,active
P005002,C00527,A0040,motor,motor_voluntary,2023-03-30,2024-03-29,1541470,31487,annual,active
P005003,C00227,A0045,motor,motor_compulsory,2024-01-27,2025-01-26,2299827,97349,monthly,active
P005004,C00972,A0039,property,property_flood,2024-10-23,2025-10-23,1438783,15290,annual,active
P005005,C02796,A0049,property,property_flood,2026-02-16,2027-02-16,3375005,35201,monthly,active
P005006,C01033,A0027,property,property_allrisk,2023-12-20,2024-12-19,4125296,49304,quarterly,active
P005007,C02300,A0010,motor,motor_voluntary,2025-02-06,2026-02-06,1004785,38839,quarterly,active
P005008,C00657,A0027,motor,motor_voluntary,2024-07-31,2025-07-31,2410589,49280,monthly,active
P005009,C00778,A0037,property,property_flood,2025-12-24,2026-12-24,17910132,178208,monthly,lapsed
P005010,C02121,A0034,motor,motor_compulsory,2023-02-13,2024-02-13,2127350,58193,annual,active
P005011,C01116,A0011,motor,motor_voluntary,2023-01-17,2024-01-17,622963,26710,annual,lapsed
P005012,C00086,A0043,property,property_fire,2023-09-13,2024-09-12,8992299,86674,annual,active
P005013,C00518,A0048,property,property_fire,2024-02-28,2025-02-27,19746613,170099,annual,active
P005014,C02456,A0032,motor,motor_voluntary,2023-01-12,2024-01-12,1717888,73373,annual,cancelled
P005015,C02758,A0030,motor,motor_compulsory,2023-11-13,2024-11-12,309640,8807,annual,active
P005016,C00315,A0039,motor,motor_compulsory,2022-11-14,2023-11-14,1211129,27948,annual,active
P005017,C00977,A0011,property,property_flood,2024-03-15,2025-03-15,10343342,44026,quarterly,active
P005018,C00804,A0015,motor,motor_compulsory,2023-01-23,2024-01-23,949301,37317,monthly,active
P005019,C01063,A0033,property,property_allrisk,2024-07-13,2025-07-13,13496909,45292,monthly,active
P005020,C00335,A0028,motor,motor_compulsory,2023-01-19,2024-01-19,1098167,54658,annual,active
P005021,C02694,A0021,motor,motor_compulsory,2022-06-16,2023-06-16,1137398,47859,quarterly,active
P005022,C00134,A0007,motor,motor_compulsory,2024-03-03,2025-03-03,2425664,66050,monthly,active
P005023,C02275,A0034,property,property_flood,2022-11-26,2023-11-26,19701905,155785,monthly,lapsed
P005024,C01121,A0010,motor,motor_voluntary,2024-11-20,2025-11-20,1173380,47319,annual,active
P005025,C01126,A0010,motor,motor_compulsory,2022-05-05,2023-05-05,749986,18243,monthly,active
P005026,C00052,A0047,property,property_allrisk,2024-11-22,2025-11-22,13785295,143397,quarterly,active
P005027,C00115,A0035,motor,motor_voluntary,2022-11-06,2023-11-06,1698050,84062,quarterly,active
P005028,C01597,A0028,motor,motor_voluntary,2023-07-25,2024-07-24,311923,8567,annual,active
P005029,C01416,A0008,motor,motor_voluntary,2026-02-10,2027-02-10,1845890,73737,annual,active
P005030,C02803,A0025,motor,motor_compulsory,2022-10-15,2023-10-15,1979147,78974,annual,active
P005031,C01774,A0024,property,property_allrisk,2024-09-10,2025-09-10,16305703,104396,annual,active
P005032,C02861,A0020,motor,motor_voluntary,2023-11-24,2024-11-23,967480,35317,quarterly,lapsed
P005033,C00997,A0019,motor,motor_compulsory,2024-08-18,2025-08-18,2484958,63362,quarterly,active
P005034,C01583,A0033,property,property_flood,2022-07-16,2023-07-16,19739930,236409,monthly,active
P005035,C00190,A0019,motor,motor_voluntary,2022-09-28,2023-09-28,2390412,53353,quarterly,active
P005036,C01947,A0009,property,property_fire,2025-10-05,2026-10-05,11504940,50914,quarterly,cancelled
P005037,C02956,A0048,property,property_allrisk,2023-03-31,2024-03-30,19475764,92239,monthly,active
P005038,C02959,A0002,motor,motor_compulsory,2025-09-21,2026-09-21,1000574,26038,annual,lapsed
P005039,C02335,A0040,motor,motor_voluntary,2023-07-11,2024-07-10,1711543,79495,quarterly,active
P005040,C00819,A0005,motor,motor_voluntary,2022-05-07,2023-05-07,2000499,90047,annual,active
P005041,C02992,A0025,motor,motor_compulsory,2023-04-21,2024-04-20,1356376,57476,quarterly,active
P005042,C02920,A0027,property,property_allrisk,2023-03-09,2024-03-08,5703866,49779,quarterly,cancelled
P005043,C01952,A0013,motor,motor_compulsory,2025-04-01,2026-04-01,558121,13378,quarterly,lapsed
P005044,C01843,A0029,motor,motor_voluntary,2023-09-02,2024-09-01,471107,20530,annual,active
P005045,C00230,A0027,motor,motor_voluntary,2025-12-20,2026-12-20,312705,6312,annual,lapsed
P005046,C00763,A0013,motor,motor_compulsory,2024-02-28,2025-02-27,2191514,70028,quarterly,active
P005047,C00634,A0001,property,property_flood,2024-03-14,2025-03-14,7496025,87896,monthly,cancelled
P005048,C01010,A0031,motor,motor_compulsory,2023-03-21,2024-03-20,435341,10397,monthly,active
P005049,C01812,A0028,property,property_allrisk,2023-07-05,2024-07-04,19021397,64485,monthly,active
P005050,C00969,A0048,motor,motor_voluntary,2022-12-11,2023-12-11,1326417,62202,monthly,active
P005051,C02675,A0042,motor,motor_compulsory,2024-07-03,2025-07-03,989213,48841,quarterly,active
P005052,C00624,A0027,motor,motor_voluntary,2025-06-17,2026-06-17,983224,42976,annual,active
P005053,C00440,A0040,motor,motor_compulsory,2025-07-01,2026-07-01,1610645,76605,quarterly,lapsed
P005054,C01703,A0015,property,property_flood,2023-03-20,2024-03-19,2458595,18911,quarterly,active
P005055,C00506,A0016,motor,motor_voluntary,2023-06-10,2024-06-09,1796709,83214,monthly,active
P005056,C00900,A0013,motor,motor_voluntary,2023-12-20,2024-12-19,1422567,42230,monthly,active
P005057,C01237,A0038,property,property_allrisk,2025-02-05,2026-02-05,9648741,53031,quarterly,active
P005058,C02508,A0007,motor,motor_voluntary,2025-10-29,2026-10-29,1577003,72969,quarterly,active
P005059,C02844,A0040,motor,motor_compulsory,2022-04-08,2023-04-08,276400,10752,annual,active
P005060,C01610,A0002,motor,motor_voluntary,2023-03-27,2024-03-26,2476241,122132,monthly,lapsed
P005061,C00275,A0020,motor,motor_voluntary,2026-01-31,2027-01-31,820292,22940,quarterly,active
P005062,C00075,A0050,motor,motor_compulsory,2025-03-14,2026-03-14,2247640,68511,annual,active
P005063,C02843,A0027,motor,motor_voluntary,2025-07-12,2026-07-12,674624,27243,quarterly,lapsed
P005064,C01653,A0022,property,property_allrisk,2026-02-14,2027-02-14,1234930,10944,quarterly,active
P005065,C00264,A0010,motor,motor_compulsory,2024-11-11,2025-11-11,2030479,65689,quarterly,active
P005066,C01126,A0012,motor,motor_voluntary,2022-04-22,2023-04-22,2305126,96229,monthly,active
P005067,C00502,A0014,property,property_flood,2025-02-26,2026-02-26,10811337,81000,quarterly,active
P005068,C01541,A0015,property,property_fire,2022-10-09,2023-10-09,10197467,113147,quarterly,active
P005069,C00562,A0040,motor,motor_voluntary,2023-10-02,2024-10-01,378558,16033,monthly,active
P005070,C01420,A0034,motor,motor_compulsory,2023-08-12,2024-08-11,721694,16720,annual,active
P005071,C02955,A0011,property,property_flood,2024-02-06,2025-02-05,10775571,38871,quarterly,active
P005072,C01910,A0033,motor,motor_voluntary,2024-09-09,2025-09-09,580897,25104,monthly,active
P005073,C02229,A0022,property,property_fire,2023-08-27,2024-08-26,12328119,141736,monthly,active
P005074,C00325,A0006,motor,motor_voluntary,2024-09-29,2025-09-29,710148,34476,quarterly,lapsed
P005075,C00035,A0017,property,property_allrisk,2026-04-06,2027-04-06,17211231,178297,annual,active
P005076,C00713,A0002,property,property_flood,2024-06-01,2025-06-01,18898010,169354,quarterly,active
P005077,C02107,A0018,motor,motor_compulsory,2023-12-27,2024-12-26,1164665,43647,quarterly,active
P005078,C02091,A0018,property,property_fire,2023-04-15,2024-04-14,5365000,56360,monthly,active
P005079,C01152,A0012,motor,motor_compulsory,2023-06-25,2024-06-24,1427288,53033,quarterly,active
P005080,C00250,A0050,motor,motor_voluntary,2023-07-27,2024-07-26,899869,19405,quarterly,lapsed
P005081,C00472,A0025,motor,motor_voluntary,2023-10-30,2024-10-29,819798,34859,monthly,active
P005082,C01902,A0016,property,property_fire,2026-01-12,2027-01-12,3946263,39406,monthly,lapsed
P005083,C02063,A0036,property,property_fire,2023-03-07,2024-03-06,16560667,181294,annual,active
P005084,C01744,A0024,property,property_allrisk,2024-12-18,2025-12-18,15066139,168121,quarterly,active
P005085,C01688,A0005,motor,motor_voluntary,2025-06-10,2026-06-10,410454,18035,quarterly,active
P005086,C00861,A0044,motor,motor_compulsory,2026-03-05,2027-03-05,2066413,61011,monthly,active
P005087,C01143,A0050,motor,motor_compulsory,2026-01-10,2027-01-10,594207,26791,annual,active
P005088,C00103,A0019,property,property_flood,2022-09-05,2023-09-05,4876375,36882,annual,active
P005089,C02560,A0030,property,property_flood,2024-03-27,2025-03-27,5858281,25840,quarterly,lapsed
P005090,C00203,A0006,motor,motor_compulsory,2023-08-27,2024-08-26,1924291,83280,monthly,active
P005091,C01789,A0026,property,property_fire,2023-07-19,2024-07-18,3009103,34226,quarterly,lapsed
P005092,C00782,A0017,motor,motor_compulsory,2024-11-09,2025-11-09,683581,26148,monthly,active
P005093,C02700,A0042,motor,motor_compulsory,2025-02-26,2026-02-26,1515083,33565,annual,cancelled
P005094,C02926,A0002,motor,motor_voluntary,2024-05-06,2025-05-06,2202665,53875,quarterly,active
P005095,C00191,A0002,property,property_allrisk,2023-08-29,2024-08-28,8349555,34139,annual,active
P005096,C01120,A0034,motor,motor_voluntary,2026-04-22,2027-04-22,932587,36128,quarterly,cancelled
P005097,C01906,A0045,motor,motor_voluntary,2024-10-30,2025-10-30,606550,12132,monthly,active
P005098,C02378,A0015,motor,motor_voluntary,2024-06-03,2025-06-03,896602,19488,annual,lapsed
P005099,C01129,A0026,motor,motor_compulsory,2024-09-11,2025-09-11,1779635,47646,annual,active
P005100,C00194,A0001,property,property_flood,2024-01-29,2025-01-28,15003815,96900,monthly,active
P005101,C00147,A0034,property,property_fire,2024-12-05,2025-12-05,14118158,67341,monthly,active
P005102,C00759,A0027,motor,motor_voluntary,2024-02-29,2025-02-28,2110056,73536,monthly,active
P005103,C00910,A0005,motor,motor_compulsory,2024-12-28,2025-12-28,1863145,52034,monthly,active
P005104,C00749,A0031,property,property_fire,2026-02-18,2027-02-18,14764432,159387,quarterly,active
P005105,C02539,A0007,motor,motor_voluntary,2023-01-17,2024-01-17,1346802,48082,annual,active
P005106,C02732,A0047,motor,motor_voluntary,2024-07-18,2025-07-18,2278635,84365,quarterly,active
P005107,C01822,A0011,motor,motor_compulsory,2024-08-01,2025-08-01,1949352,69768,quarterly,active
P005108,C00772,A0003,motor,motor_voluntary,2024-04-12,2025-04-12,2421908,62191,annual,lapsed
P005109,C01282,A0003,property,property_flood,2023-09-23,2024-09-22,3449635,14582,monthly,active
P005110,C00253,A0037,motor,motor_voluntary,2023-09-25,2024-09-24,1451918,34097,quarterly,active
P005111,C02324,A0012,motor,motor_compulsory,2024-06-16,2025-06-16,2225216,99625,annual,lapsed
P005112,C02868,A0046,motor,motor_compulsory,2024-01-03,2025-01-02,1752283,78056,quarterly,active
P005113,C02495,A0015,motor,motor_voluntary,2023-05-31,2024-05-30,1441984,55786,quarterly,active
P005114,C01934,A0018,property,property_flood,2025-08-06,2026-08-06,19699807,195169,annual,active
P005115,C01990,A0036,property,property_allrisk,2024-02-24,2025-02-23,8012014,89935,monthly,active
P005116,C02102,A0042,motor,motor_voluntary,2023-02-27,2024-02-27,2229038,84951,quarterly,active
P005117,C02709,A0029,property,property_allrisk,2025-10-20,2026-10-20,10750518,49445,quarterly,active
P005118,C00882,A0024,motor,motor_compulsory,2022-03-31,2023-03-31,2351348,107107,quarterly,active
P005119,C01192,A0020,property,property_fire,2023-02-22,2024-02-22,11519479,92787,monthly,active
P005120,C01721,A0033,motor,motor_voluntary,2025-02-04,2026-02-04,2449933,57115,monthly,active
P005121,C00016,A0034,motor,motor_voluntary,2023-03-12,2024-03-11,809353,31306,quarterly,cancelled
P005122,C00188,A0049,motor,motor_compulsory,2024-03-06,2025-03-06,1447367,30403,annual,active
P005123,C02215,A0017,motor,motor_compulsory,2025-09-26,2026-09-26,2226818,51373,annual,lapsed
P005124,C02021,A0021,motor,motor_voluntary,2024-01-23,2025-01-22,2256179,75694,annual,lapsed
P005125,C01630,A0016,motor,motor_voluntary,2022-11-08,2023-11-08,1985334,44639,monthly,active
P005126,C02915,A0048,property,property_fire,2025-11-03,2026-11-03,13994920,63636,annual,active
P005127,C00869,A0002,property,property_allrisk,2023-06-12,2024-06-11,19891014,171201,quarterly,active
P005128,C01801,A0038,motor,motor_compulsory,2025-04-09,2026-04-09,1825457,41441,quarterly,active
P005129,C01110,A0005,property,property_flood,2023-01-24,2024-01-24,15707805,121240,quarterly,active
P005130,C01824,A0014,property,property_fire,2025-01-14,2026-01-14,14656511,131560,monthly,active
P005131,C02544,A0029,property,property_fire,2022-12-29,2023-12-29,5632084,39809,annual,active
P005132,C00833,A0017,property,property_flood,2024-03-25,2025-03-25,14525864,142227,annual,active
P005133,C01833,A0033,motor,motor_compulsory,2025-11-30,2026-11-30,806185,26555,quarterly,active
P005134,C01547,A0033,motor,motor_compulsory,2023-02-22,2024-02-22,2472844,75316,quarterly,active
P005135,C02058,A0030,property,property_allrisk,2024-06-29,2025-06-29,1423852,5634,quarterly,lapsed
P005136,C02018,A0036,motor,motor_compulsory,2023-09-15,2024-09-14,2407723,94967,monthly,lapsed
P005137,C00315,A0038,property,property_fire,2023-07-31,2024-07-30,12993810,108670,quarterly,active
P005138,C00482,A0021,property,property_flood,2025-05-11,2026-05-11,8178180,55430,monthly,active
P005139,C00554,A0034,motor,motor_voluntary,2023-01-15,2024-01-15,1839287,40458,annual,active
P005140,C02879,A0014,motor,motor_compulsory,2023-08-04,2024-08-03,1522301,47688,quarterly,active
P005141,C01258,A0011,motor,motor_compulsory,2023-11-18,2024-11-17,1157526,55717,quarterly,lapsed
P005142,C01394,A0043,motor,motor_compulsory,2022-05-17,2023-05-17,2056508,54191,monthly,lapsed
P005143,C01664,A0010,motor,motor_compulsory,2024-01-30,2025-01-29,1203924,34286,annual,lapsed
P005144,C01292,A0025,motor,motor_compulsory,2024-09-21,2025-09-21,1288051,44340,quarterly,active
P005145,C00182,A0047,property,property_fire,2023-02-17,2024-02-17,8699426,32332,monthly,active
P005146,C01683,A0001,motor,motor_compulsory,2024-01-15,2025-01-14,802026,30845,annual,active
P005147,C01758,A0041,motor,motor_voluntary,2023-01-30,2024-01-30,1292587,56710,quarterly,active
P005148,C02795,A0010,property,property_flood,2024-02-22,2025-02-21,13229135,121436,quarterly,lapsed
P005149,C01204,A0014,motor,motor_voluntary,2024-11-17,2025-11-17,2191575,65026,monthly,lapsed
P005150,C01594,A0045,property,property_flood,2023-11-21,2024-11-20,15071784,46580,monthly,active
P005151,C02438,A0048,motor,motor_voluntary,2023-04-08,2024-04-07,1775114,83481,quarterly,active
P005152,C00075,A0031,property,property_flood,2023-04-22,2024-04-21,17217545,183020,annual,active
P005153,C01252,A0007,property,property_fire,2023-03-26,2024-03-25,12015580,76810,quarterly,active
P005154,C02030,A0045,motor,motor_compulsory,2024-08-10,2025-08-10,1534685,61696,quarterly,active
P005155,C01699,A0017,property,property_allrisk,2023-02-04,2024-02-04,13407811,159556,quarterly,active
P005156,C01273,A0011,motor,motor_voluntary,2026-02-10,2027-02-10,966173,22101,quarterly,active
P005157,C00325,A0038,property,property_fire,2025-03-31,2026-03-31,10485269,103774,monthly,active
P005158,C02791,A0022,property,property_allrisk,2023-12-29,2024-12-28,2687995,9284,annual,active
P005159,C02986,A0048,motor,motor_voluntary,2022-10-12,2023-10-12,1961359,61317,monthly,lapsed
P005160,C02500,A0046,property,property_flood,2025-12-06,2026-12-06,3182701,33871,quarterly,active
P005161,C00478,A0045,motor,motor_compulsory,2023-11-08,2024-11-07,633454,18347,monthly,cancelled
P005162,C00699,A0012,property,property_fire,2025-01-12,2026-01-12,13799697,108254,annual,cancelled
P005163,C02207,A0025,motor,motor_compulsory,2023-05-01,2024-04-30,2237085,45536,annual,active
P005164,C01671,A0009,motor,motor_voluntary,2023-07-07,2024-07-06,1154072,54079,annual,active
P005165,C00754,A0030,property,property_flood,2024-11-01,2025-11-01,8767830,51350,monthly,active
P005166,C01373,A0015,motor,motor_voluntary,2024-03-15,2025-03-15,549048,22954,quarterly,active
P005167,C02692,A0003,motor,motor_voluntary,2025-05-18,2026-05-18,1408737,33215,quarterly,active
P005168,C00015,A0046,motor,motor_compulsory,2023-03-30,2024-03-29,1844281,59703,monthly,active
P005169,C00119,A0006,motor,motor_compulsory,2023-06-07,2024-06-06,1474008,32514,quarterly,active
P005170,C02951,A0010,motor,motor_compulsory,2024-11-17,2025-11-17,577249,26463,quarterly,active
P005171,C00213,A0020,property,property_flood,2023-07-06,2024-07-05,15966320,144265,quarterly,active
P005172,C02533,A0002,motor,motor_compulsory,2025-06-03,2026-06-03,1904069,54660,annual,active
P005173,C02056,A0024,motor,motor_compulsory,2024-11-17,2025-11-17,855256,26872,quarterly,active
P005174,C02291,A0007,property,property_allrisk,2024-02-18,2025-02-17,10279058,122707,monthly,active
P005175,C01702,A0028,motor,motor_voluntary,2026-02-17,2027-02-17,525846,15295,annual,lapsed
P005176,C02309,A0046,motor,motor_compulsory,2026-01-20,2027-01-20,1741739,48834,annual,cancelled
P005177,C02004,A0003,property,property_flood,2024-01-13,2025-01-12,16006550,95450,monthly,active
P005178,C00599,A0040,motor,motor_voluntary,2024-08-04,2025-08-04,2396917,98252,annual,active
P005179,C02966,A0021,motor,motor_voluntary,2023-12-04,2024-12-03,590792,19367,annual,active
P005180,C00030,A0014,property,property_flood,2024-03-22,2025-03-22,15550330,59450,quarterly,active
P005181,C02100,A0050,motor,motor_voluntary,2023-01-19,2024-01-19,720425,31661,quarterly,lapsed
P005182,C01484,A0022,motor,motor_compulsory,2024-11-02,2025-11-02,2157771,97792,quarterly,active
P005183,C02884,A0040,motor,motor_voluntary,2024-09-24,2025-09-24,1391017,48549,monthly,lapsed
P005184,C02719,A0047,property,property_allrisk,2025-02-05,2026-02-05,16319891,123901,monthly,active
P005185,C00882,A0009,motor,motor_voluntary,2023-05-06,2024-05-05,321403,12082,quarterly,active
P005186,C00398,A0024,property,property_allrisk,2024-11-27,2025-11-27,5496714,52492,monthly,active
P005187,C01681,A0031,motor,motor_compulsory,2023-01-02,2024-01-02,340384,9246,quarterly,active
P005188,C02081,A0004,motor,motor_compulsory,2025-05-20,2026-05-20,2069641,86830,annual,active
P005189,C01778,A0032,motor,motor_voluntary,2023-11-16,2024-11-15,232198,7916,monthly,active
P005190,C01160,A0037,motor,motor_compulsory,2022-07-27,2023-07-27,1673375,39263,monthly,active
P005191,C00168,A0022,motor,motor_voluntary,2024-12-02,2025-12-02,409915,8848,annual,cancelled
P005192,C01536,A0004,motor,motor_voluntary,2023-05-15,2024-05-14,1492093,67333,quarterly,active
P005193,C01540,A0038,motor,motor_compulsory,2024-01-12,2025-01-11,1075023,39685,annual,active
P005194,C00561,A0023,motor,motor_voluntary,2023-06-13,2024-06-12,1256050,62148,quarterly,active
P005195,C00867,A0046,motor,motor_voluntary,2023-04-11,2024-04-10,1874777,57391,monthly,lapsed
P005196,C01131,A0033,property,property_fire,2025-04-07,2026-04-07,12585100,71163,monthly,active
P005197,C01010,A0040,motor,motor_voluntary,2025-04-12,2026-04-12,2112981,51213,monthly,cancelled
P005198,C01442,A0046,motor,motor_voluntary,2023-05-01,2024-04-30,850650,24120,monthly,active
P005199,C00271,A0007,motor,motor_compulsory,2025-09-17,2026-09-17,1215582,28419,quarterly,lapsed
P005200,C02029,A0003,motor,motor_voluntary,2024-05-01,2025-05-01,2017714,85497,quarterly,active
P005201,C02329,A0035,motor,motor_compulsory,2022-09-04,2023-09-04,1726540,39718,quarterly,active
P005202,C01935,A0023,property,property_flood,2022-08-19,2023-08-19,15416413,73234,quarterly,active
P005203,C00638,A0009,property,property_allrisk,2023-02-09,2024-02-09,11492348,60256,quarterly,active
P005204,C00333,A0020,motor,motor_compulsory,2022-03-07,2023-03-07,484895,16021,quarterly,active
P005205,C01003,A0009,motor,motor_voluntary,2024-09-30,2025-09-30,2469436,117788,quarterly,active
P005206,C00571,A0009,property,property_fire,2023-01-08,2024-01-08,12496161,66153,quarterly,active
P005207,C02122,A0025,motor,motor_voluntary,2022-04-19,2023-04-19,239588,8172,monthly,active
P005208,C01324,A0013,motor,motor_compulsory,2023-09-26,2024-09-25,2331744,105151,annual,lapsed
P005209,C01104,A0045,motor,motor_voluntary,2025-06-07,2026-06-07,723511,34133,monthly,active
P005210,C01840,A0003,property,property_fire,2024-04-06,2025-04-06,19700227,162719,monthly,active
P005211,C01910,A0049,motor,motor_voluntary,2025-12-27,2026-12-27,1741764,71101,quarterly,active
P005212,C00370,A0043,motor,motor_voluntary,2024-06-03,2025-06-03,460417,10042,monthly,active
P005213,C02599,A0020,motor,motor_compulsory,2023-03-29,2024-03-28,1454695,54541,annual,active
P005214,C01248,A0031,motor,motor_compulsory,2024-03-30,2025-03-30,343390,15924,quarterly,lapsed
P005215,C01938,A0031,motor,motor_compulsory,2022-11-23,2023-11-23,968818,40015,annual,active
P005216,C00989,A0049,motor,motor_voluntary,2022-10-22,2023-10-22,861280,33775,quarterly,active
P005217,C00938,A0033,motor,motor_compulsory,2022-02-10,2023-02-10,1401902,58574,quarterly,active
P005218,C02606,A0034,property,property_allrisk,2026-03-16,2027-03-16,19168299,143791,annual,active
P005219,C01121,A0048,property,property_fire,2025-08-24,2026-08-24,8372965,95276,annual,lapsed
P005220,C00914,A0004,motor,motor_compulsory,2024-03-26,2025-03-26,1087418,44722,annual,lapsed
P005221,C00415,A0049,property,property_fire,2023-08-03,2024-08-02,3750857,41611,annual,active
P005222,C00848,A0044,property,property_allrisk,2023-07-07,2024-07-06,5677237,35245,monthly,active
P005223,C01335,A0010,motor,motor_voluntary,2022-04-07,2023-04-07,2369771,92609,annual,active
P005224,C02502,A0035,motor,motor_voluntary,2024-08-03,2025-08-03,431686,20326,annual,active
P005225,C01008,A0036,motor,motor_compulsory,2022-10-26,2023-10-26,516775,24283,monthly,active
P005226,C00856,A0040,motor,motor_compulsory,2025-11-29,2026-11-29,1915873,61915,monthly,active
P005227,C00864,A0025,property,property_allrisk,2024-05-09,2025-05-09,6222953,26845,quarterly,lapsed
P005228,C02307,A0010,property,property_flood,2024-09-28,2025-09-28,12727144,68822,monthly,active
P005229,C01675,A0012,motor,motor_compulsory,2023-04-20,2024-04-19,415663,14143,annual,active
P005230,C00764,A0014,motor,motor_voluntary,2023-12-06,2024-12-05,2217054,104175,monthly,active
P005231,C00047,A0005,motor,motor_compulsory,2023-10-01,2024-09-30,1952761,47629,monthly,active
P005232,C02097,A0011,property,property_fire,2025-09-01,2026-09-01,19448667,108101,monthly,lapsed
P005233,C02028,A0033,motor,motor_voluntary,2026-04-28,2027-04-28,1510250,53429,quarterly,lapsed
P005234,C02842,A0026,motor,motor_compulsory,2023-02-10,2024-02-10,1060870,29909,quarterly,lapsed
P005235,C01948,A0010,motor,motor_voluntary,2024-01-24,2025-01-23,990521,45811,annual,active
P005236,C02363,A0037,property,property_fire,2023-09-08,2024-09-07,14715511,102864,quarterly,active
P005237,C00597,A0012,motor,motor_compulsory,2024-01-31,2025-01-30,338507,7665,monthly,active
P005238,C01541,A0010,motor,motor_compulsory,2022-02-19,2023-02-19,2133438,102527,annual,active
P005239,C02008,A0029,motor,motor_voluntary,2024-05-24,2025-05-24,1862829,54716,annual,active
P005240,C00022,A0035,motor,motor_compulsory,2024-04-10,2025-04-10,709256,24850,annual,active
P005241,C01168,A0019,property,property_flood,2023-03-26,2024-03-25,3075502,25450,annual,active
P005242,C02907,A0015,motor,motor_voluntary,2024-12-27,2025-12-27,2195703,98680,annual,active
P005243,C00116,A0002,property,property_flood,2024-12-20,2025-12-20,7123002,70352,monthly,lapsed
P005244,C00715,A0031,motor,motor_compulsory,2025-09-01,2026-09-01,1040571,51017,annual,active
P005245,C02052,A0050,motor,motor_voluntary,2023-08-21,2024-08-20,1248183,29953,monthly,active
P005246,C01758,A0030,motor,motor_voluntary,2023-09-15,2024-09-14,366589,9499,quarterly,active
P005247,C00563,A0048,motor,motor_compulsory,2025-12-23,2026-12-23,294621,8473,annual,active
P005248,C02419,A0019,motor,motor_voluntary,2024-05-25,2025-05-25,2040377,85632,annual,active
P005249,C02560,A0042,property,property_fire,2023-11-16,2024-11-15,18931006,193651,annual,active
P005250,C00822,A0050,motor,motor_voluntary,2023-02-21,2024-02-21,553417,20787,monthly,active
P005251,C01593,A0005,motor,motor_compulsory,2024-02-23,2025-02-22,2499684,104550,monthly,active
P005252,C01053,A0040,property,property_flood,2023-04-13,2024-04-12,16292372,129304,monthly,lapsed
P005253,C02456,A0005,motor,motor_compulsory,2026-02-05,2027-02-05,1541854,74994,quarterly,active
P005254,C01488,A0027,property,property_allrisk,2023-10-19,2024-10-18,2153572,12154,monthly,active
P005255,C00193,A0003,motor,motor_voluntary,2023-05-26,2024-05-25,2430890,109996,monthly,active
P005256,C02505,A0023,motor,motor_compulsory,2026-04-12,2027-04-12,2260790,104087,monthly,active
P005257,C00033,A0013,motor,motor_compulsory,2023-10-29,2024-10-28,1447769,43166,quarterly,active
P005258,C02268,A0013,motor,motor_voluntary,2025-09-06,2026-09-06,284500,13852,annual,lapsed
P005259,C02035,A0033,motor,motor_voluntary,2023-01-05,2024-01-05,1943106,52976,monthly,active
P005260,C02992,A0026,motor,motor_voluntary,2023-10-30,2024-10-29,1917394,83606,monthly,active
P005261,C02846,A0011,motor,motor_compulsory,2026-01-01,2027-01-01,2248762,86126,monthly,active
P005262,C00758,A0044,motor,motor_voluntary,2024-01-01,2024-12-31,1968809,97216,annual,active
P005263,C02978,A0007,motor,motor_voluntary,2024-08-20,2025-08-20,534804,26499,quarterly,lapsed
P005264,C00296,A0030,motor,motor_voluntary,2023-04-16,2024-04-15,2334344,103137,quarterly,lapsed
P005265,C00898,A0018,motor,motor_voluntary,2025-11-16,2026-11-16,907681,40661,quarterly,active
P005266,C02118,A0008,motor,motor_voluntary,2023-06-24,2024-06-23,1062135,42569,quarterly,active
P005267,C01387,A0029,motor,motor_voluntary,2025-08-31,2026-08-31,1350361,65627,monthly,active
P005268,C00226,A0044,motor,motor_voluntary,2023-09-05,2024-09-04,483362,19659,monthly,lapsed
P005269,C01080,A0005,motor,motor_voluntary,2025-02-11,2026-02-11,545691,25760,monthly,active
P005270,C01044,A0049,property,property_allrisk,2022-01-26,2023-01-26,10499893,61891,monthly,active
P005271,C01670,A0022,motor,motor_compulsory,2023-09-03,2024-09-02,1263483,38890,monthly,active
P005272,C02123,A0016,property,property_fire,2025-11-13,2026-11-13,6106983,30291,monthly,active
P005273,C02258,A0037,motor,motor_voluntary,2025-06-22,2026-06-22,1222734,50564,quarterly,active
P005274,C02900,A0021,motor,motor_compulsory,2023-05-16,2024-05-15,814776,24950,annual,active
P005275,C00552,A0017,motor,motor_voluntary,2025-02-05,2026-02-05,858798,20287,annual,lapsed
P005276,C00419,A0026,motor,motor_voluntary,2025-10-31,2026-10-31,206099,9532,monthly,active
P005277,C00269,A0043,property,property_flood,2022-07-05,2023-07-05,1896269,10957,monthly,lapsed
P005278,C02341,A0050,motor,motor_voluntary,2024-03-17,2025-03-17,218985,7172,quarterly,active
P005279,C00430,A0028,motor,motor_compulsory,2023-08-09,2024-08-08,2169859,71969,monthly,active
P005280,C00121,A0035,property,property_fire,2025-01-20,2026-01-20,11198270,88401,quarterly,active
P005281,C02137,A0037,motor,motor_compulsory,2023-08-08,2024-08-07,549711,19092,annual,active
P005282,C00954,A0007,motor,motor_voluntary,2024-06-20,2025-06-20,839989,20606,annual,active
P005283,C02644,A0041,property,property_fire,2023-09-24,2024-09-23,11914901,134438,monthly,active
P005284,C01159,A0033,motor,motor_compulsory,2023-11-03,2024-11-02,1023280,22062,monthly,active
P005285,C00208,A0005,motor,motor_voluntary,2025-07-11,2026-07-11,1656778,40357,annual,active
P005286,C02704,A0011,motor,motor_compulsory,2023-05-04,2024-05-03,1200069,50712,quarterly,active
P005287,C01589,A0037,motor,motor_compulsory,2024-04-24,2025-04-24,2194731,101815,quarterly,active
P005288,C01026,A0003,property,property_flood,2025-11-10,2026-11-10,4429558,50966,quarterly,lapsed
P005289,C02249,A0023,motor,motor_compulsory,2023-02-11,2024-02-11,1159941,26084,annual,active
P005290,C01890,A0022,motor,motor_voluntary,2025-11-22,2026-11-22,1358257,43239,annual,active
P005291,C00623,A0043,motor,motor_compulsory,2024-11-06,2025-11-06,454884,10367,monthly,active
P005292,C02669,A0011,property,property_flood,2025-01-23,2026-01-23,17546054,58886,monthly,active
P005293,C02952,A0050,property,property_fire,2025-04-29,2026-04-29,11775773,108966,annual,active
P005294,C00420,A0035,motor,motor_compulsory,2024-05-18,2025-05-18,1346701,35850,quarterly,active
P005295,C02989,A0005,motor,motor_compulsory,2023-10-30,2024-10-29,531909,13250,monthly,cancelled
P005296,C00793,A0025,motor,motor_voluntary,2025-10-08,2026-10-08,651668,15960,quarterly,active
P005297,C00049,A0037,motor,motor_compulsory,2024-06-13,2025-06-13,834798,29134,annual,active
P005298,C00954,A0038,property,property_allrisk,2023-01-28,2024-01-28,16790038,89654,monthly,active
P005299,C02834,A0041,property,property_allrisk,2024-12-12,2025-12-12,5465638,37794,quarterly,active
P005300,C00032,A0003,property,property_allrisk,2022-06-16,2023-06-16,14682131,161695,quarterly,lapsed
P005301,C01975,A0047,motor,motor_compulsory,2023-11-12,2024-11-11,1527624,46406,quarterly,active
P005302,C01481,A0039,motor,motor_voluntary,2025-07-09,2026-07-09,2426366,81912,annual,active
P005303,C00531,A0016,motor,motor_compulsory,2024-02-04,2025-02-03,938646,26826,annual,active
P005304,C00310,A0045,motor,motor_voluntary,2022-07-26,2023-07-26,606759,25676,monthly,active
P005305,C02571,A0022,motor,motor_voluntary,2024-12-04,2025-12-04,2479866,65291,quarterly,active
P005306,C01077,A0049,motor,motor_voluntary,2022-08-12,2023-08-12,760531,34252,monthly,active
P005307,C00380,A0037,property,property_flood,2023-09-21,2024-09-20,18778011,134737,monthly,active
P005308,C02323,A0022,property,property_flood,2024-04-22,2025-04-22,16480730,81950,monthly,active
P005309,C02983,A0037,motor,motor_voluntary,2023-11-23,2024-11-22,992742,44910,annual,active
P005310,C00996,A0013,property,property_flood,2026-02-06,2027-02-06,9198204,105727,monthly,active
P005311,C01337,A0036,motor,motor_compulsory,2024-04-15,2025-04-15,1057651,42366,monthly,active
P005312,C02520,A0022,motor,motor_compulsory,2025-11-25,2026-11-25,2312999,50965,monthly,active
P005313,C00215,A0003,motor,motor_compulsory,2022-07-07,2023-07-07,2247457,63435,quarterly,active
P005314,C00576,A0034,motor,motor_compulsory,2025-12-09,2026-12-09,2142840,45309,annual,active
P005315,C02579,A0018,motor,motor_compulsory,2023-08-11,2024-08-10,2468589,115854,quarterly,active
P005316,C01042,A0050,motor,motor_voluntary,2026-03-18,2027-03-18,2109765,73120,quarterly,active
P005317,C00045,A0018,property,property_fire,2024-02-12,2025-02-11,9178487,96929,annual,active
P005318,C02763,A0029,motor,motor_voluntary,2022-12-06,2023-12-06,2268383,85844,monthly,active
P005319,C00681,A0012,motor,motor_voluntary,2023-05-23,2024-05-22,926853,32105,quarterly,cancelled
P005320,C00479,A0015,motor,motor_compulsory,2022-05-12,2023-05-12,501319,25056,annual,active
P005321,C00060,A0040,motor,motor_compulsory,2025-06-06,2026-06-06,485271,17783,quarterly,lapsed
P005322,C02080,A0043,motor,motor_compulsory,2023-02-25,2024-02-25,2280060,56509,annual,active
P005323,C00159,A0023,motor,motor_voluntary,2025-11-07,2026-11-07,1835729,67915,monthly,active
P005324,C00749,A0041,property,property_allrisk,2024-08-24,2025-08-24,1313495,8239,monthly,active
P005325,C01108,A0023,motor,motor_voluntary,2026-04-09,2027-04-09,410540,14013,quarterly,lapsed
P005326,C02720,A0021,motor,motor_voluntary,2023-12-12,2024-12-11,310679,14023,monthly,lapsed
P005327,C02254,A0002,property,property_flood,2026-03-21,2027-03-21,13597232,56924,annual,active
P005328,C01974,A0045,property,property_fire,2024-01-16,2025-01-15,17135158,66584,monthly,active
P005329,C01917,A0008,property,property_allrisk,2025-12-17,2026-12-17,7696939,85549,quarterly,active
P005330,C00120,A0050,motor,motor_voluntary,2023-08-01,2024-07-31,994748,30018,quarterly,active
P005331,C01501,A0020,motor,motor_compulsory,2025-07-18,2026-07-18,252186,6465,monthly,active
P005332,C00376,A0020,motor,motor_voluntary,2024-11-23,2025-11-23,1039292,48249,quarterly,active
P005333,C00904,A0006,motor,motor_voluntary,2026-03-11,2027-03-11,1579207,53269,quarterly,active
P005334,C00166,A0026,motor,motor_compulsory,2025-08-12,2026-08-12,553613,12902,quarterly,active
P005335,C01422,A0042,property,property_fire,2023-07-05,2024-07-04,1325586,6118,monthly,active
P005336,C01141,A0030,motor,motor_voluntary,2023-02-15,2024-02-15,1471928,35441,monthly,active
P005337,C01977,A0009,motor,motor_compulsory,2023-04-10,2024-04-09,2301643,113816,quarterly,active
P005338,C02824,A0036,motor,motor_voluntary,2023-02-15,2024-02-15,790506,32937,annual,lapsed
P005339,C01134,A0043,property,property_allrisk,2023-01-28,2024-01-28,11839494,50950,quarterly,active
P005340,C00111,A0037,motor,motor_voluntary,2023-08-26,2024-08-25,282272,6711,quarterly,lapsed
P005341,C01926,A0034,motor,motor_compulsory,2025-01-05,2026-01-05,2379503,62870,quarterly,active
P005342,C00873,A0012,motor,motor_voluntary,2025-10-10,2026-10-10,2117067,79102,annual,active
P005343,C01833,A0023,motor,motor_voluntary,2025-04-03,2026-04-03,2265210,63323,monthly,active
P005344,C01713,A0041,motor,motor_compulsory,2023-10-23,2024-10-22,1660265,47038,annual,active
P005345,C00058,A0043,property,property_flood,2024-01-27,2025-01-26,5112245,31793,annual,active
P005346,C02172,A0042,property,property_flood,2023-08-03,2024-08-02,1224229,4947,monthly,active
P005347,C01361,A0019,property,property_allrisk,2025-06-26,2026-06-26,2931462,26497,quarterly,cancelled
P005348,C02010,A0011,property,property_flood,2024-11-17,2025-11-17,19130650,153179,monthly,active
P005349,C02676,A0020,property,property_flood,2023-07-08,2024-07-07,7877338,25551,annual,active
P005350,C02255,A0032,motor,motor_compulsory,2024-08-06,2025-08-06,271862,11253,monthly,active
P005351,C01215,A0013,property,property_allrisk,2023-07-24,2024-07-23,8400495,35697,annual,active
P005352,C01000,A0033,property,property_allrisk,2023-10-20,2024-10-19,15115540,160972,monthly,active
P005353,C02486,A0039,motor,motor_compulsory,2024-03-05,2025-03-05,2185121,63833,quarterly,active
P005354,C01411,A0045,property,property_allrisk,2022-02-01,2023-02-01,12872110,74868,quarterly,active
P005355,C02340,A0032,motor,motor_voluntary,2024-07-15,2025-07-15,2177404,85353,annual,active
P005356,C00592,A0016,motor,motor_voluntary,2023-10-08,2024-10-07,979154,45840,annual,active
P005357,C00566,A0034,property,property_flood,2023-11-16,2024-11-15,1276672,11382,annual,active
P005358,C00125,A0004,property,property_flood,2024-01-06,2025-01-05,16901770,171700,annual,active
P005359,C00448,A0002,motor,motor_voluntary,2024-05-06,2025-05-06,1976158,89713,quarterly,active
P005360,C00993,A0036,property,property_flood,2025-08-04,2026-08-04,17632103,128104,quarterly,lapsed
P005361,C01812,A0035,motor,motor_compulsory,2025-04-05,2026-04-05,2173546,56873,quarterly,active
P005362,C00080,A0047,property,property_flood,2023-12-13,2024-12-12,16814481,74724,quarterly,active
P005363,C00767,A0048,property,property_fire,2025-06-18,2026-06-18,14287544,120276,monthly,active
P005364,C00220,A0037,motor,motor_voluntary,2023-07-01,2024-06-30,2444747,80858,annual,active
P005365,C02614,A0013,motor,motor_compulsory,2023-09-26,2024-09-25,1455815,43053,quarterly,active
P005366,C01584,A0050,property,property_fire,2022-07-25,2023-07-25,9434198,107209,monthly,active
P005367,C01000,A0036,motor,motor_compulsory,2023-09-15,2024-09-14,530290,11698,annual,active
P005368,C00999,A0028,motor,motor_voluntary,2025-05-25,2026-05-25,1139394,55298,annual,active
P005369,C02461,A0002,motor,motor_voluntary,2023-10-29,2024-10-28,1976026,70802,monthly,active
P005370,C01063,A0019,motor,motor_voluntary,2023-01-19,2024-01-19,2474136,75362,annual,active
P005371,C01982,A0018,motor,motor_voluntary,2023-06-25,2024-06-24,1124960,52734,quarterly,active
P005372,C01981,A0016,motor,motor_voluntary,2023-01-14,2024-01-14,2188938,83999,quarterly,active
P005373,C02880,A0030,motor,motor_voluntary,2024-03-27,2025-03-27,1587462,67927,monthly,active
P005374,C01391,A0012,motor,motor_compulsory,2025-12-27,2026-12-27,1217268,28806,annual,active
P005375,C01081,A0044,motor,motor_compulsory,2025-01-03,2026-01-03,795695,24733,annual,active
P005376,C00823,A0017,motor,motor_voluntary,2024-08-21,2025-08-21,761074,21027,monthly,active
P005377,C01029,A0008,motor,motor_voluntary,2023-07-29,2024-07-28,1916539,51074,monthly,active
P005378,C02440,A0015,property,property_allrisk,2025-12-21,2026-12-21,12317505,109639,annual,active
P005379,C02201,A0002,motor,motor_voluntary,2024-10-11,2025-10-11,1833566,91048,quarterly,active
P005380,C00091,A0027,motor,motor_compulsory,2023-02-17,2024-02-17,2126269,95594,quarterly,active
P005381,C01689,A0044,motor,motor_voluntary,2022-07-26,2023-07-26,921313,30239,quarterly,active
P005382,C02350,A0028,property,property_fire,2025-07-02,2026-07-02,6089687,18965,quarterly,cancelled
P005383,C01111,A0030,property,property_allrisk,2024-02-24,2025-02-23,18521976,69007,quarterly,active
P005384,C01829,A0036,property,property_allrisk,2026-03-11,2027-03-11,6649740,33827,quarterly,active
P005385,C02956,A0042,motor,motor_voluntary,2025-10-07,2026-10-07,1294508,63124,quarterly,active
P005386,C02474,A0043,motor,motor_compulsory,2023-12-08,2024-12-07,327860,10451,monthly,active
P005387,C02739,A0036,motor,motor_compulsory,2023-12-30,2024-12-29,1998596,60559,monthly,active
P005388,C01972,A0031,motor,motor_compulsory,2023-12-26,2024-12-25,803040,22286,annual,active
P005389,C02710,A0011,motor,motor_voluntary,2023-04-20,2024-04-19,1192815,44721,annual,active
P005390,C00791,A0045,property,property_fire,2024-02-01,2025-01-31,4630253,24901,annual,cancelled
P005391,C00304,A0050,motor,motor_compulsory,2024-05-12,2025-05-12,541337,15695,annual,lapsed
P005392,C00965,A0030,motor,motor_compulsory,2025-05-05,2026-05-05,2240335,60272,annual,active
P005393,C02393,A0043,property,property_allrisk,2024-11-15,2025-11-15,14946929,61256,quarterly,active
P005394,C00579,A0006,property,property_flood,2024-04-28,2025-04-28,11181483,34522,monthly,active
P005395,C00416,A0040,motor,motor_compulsory,2025-09-13,2026-09-13,1974665,82354,annual,active
P005396,C00836,A0008,motor,motor_compulsory,2024-05-13,2025-05-13,1414865,43295,monthly,active
P005397,C01924,A0029,property,property_flood,2023-02-21,2024-02-21,11121095,77196,quarterly,active
P005398,C00371,A0011,motor,motor_compulsory,2022-10-04,2023-10-04,1233990,33409,quarterly,lapsed
P005399,C01875,A0049,property,property_allrisk,2026-03-10,2027-03-10,17101378,176939,monthly,active
P005400,C02173,A0030,motor,motor_voluntary,2022-01-01,2023-01-01,1588604,39585,quarterly,cancelled
P005401,C02244,A0030,motor,motor_compulsory,2023-05-02,2024-05-01,2291246,105638,monthly,active
P005402,C00785,A0018,property,property_fire,2023-07-30,2024-07-29,5455154,55028,monthly,active
P005403,C00820,A0004,property,property_fire,2022-04-04,2023-04-04,14149558,67428,monthly,active
P005404,C02978,A0021,motor,motor_compulsory,2025-07-08,2026-07-08,778899,35790,quarterly,active
P005405,C00351,A0039,property,property_flood,2026-02-16,2027-02-16,18877090,125921,quarterly,active
P005406,C00119,A0047,motor,motor_compulsory,2022-10-16,2023-10-16,644277,28541,quarterly,active
P005407,C01322,A0031,motor,motor_voluntary,2023-05-10,2024-05-09,1242937,31123,quarterly,active
P005408,C01096,A0008,property,property_allrisk,2023-01-20,2024-01-20,7590063,58897,annual,active
P005409,C01897,A0034,motor,motor_compulsory,2026-01-18,2027-01-18,1884804,50969,quarterly,lapsed
P005410,C02875,A0013,motor,motor_compulsory,2026-03-10,2027-03-10,1929681,68265,quarterly,active
P005411,C02819,A0039,motor,motor_compulsory,2023-03-08,2024-03-07,1806493,65093,annual,active
P005412,C02819,A0041,property,property_allrisk,2025-02-19,2026-02-19,12706249,54477,annual,active
P005413,C00477,A0042,motor,motor_compulsory,2022-02-22,2023-02-22,1788010,75927,monthly,active
P005414,C00207,A0024,motor,motor_voluntary,2023-09-11,2024-09-10,1773487,84578,annual,active
P005415,C00550,A0025,motor,motor_compulsory,2023-06-30,2024-06-29,2198645,94880,monthly,active
P005416,C00067,A0028,property,property_allrisk,2023-02-10,2024-02-10,9197365,106509,annual,cancelled
P005417,C02745,A0031,motor,motor_voluntary,2023-01-10,2024-01-10,1869118,45526,annual,active
P005418,C02903,A0004,motor,motor_voluntary,2023-07-12,2024-07-11,1891920,92992,annual,active
P005419,C01004,A0009,property,property_allrisk,2026-03-19,2027-03-19,3016107,30414,annual,active
P005420,C00196,A0006,motor,motor_compulsory,2024-11-27,2025-11-27,1207509,38632,annual,active
P005421,C02999,A0010,property,property_allrisk,2023-07-03,2024-07-02,8181659,33331,quarterly,active
P005422,C02567,A0007,motor,motor_voluntary,2023-05-18,2024-05-17,1854045,50545,annual,active
P005423,C00065,A0039,motor,motor_voluntary,2022-10-13,2023-10-13,2497299,92551,annual,lapsed
P005424,C00571,A0025,motor,motor_compulsory,2025-06-13,2026-06-13,1225130,36271,quarterly,active
P005425,C01837,A0018,motor,motor_voluntary,2025-02-09,2026-02-09,1981243,97740,monthly,active
P005426,C00111,A0001,motor,motor_compulsory,2023-06-25,2024-06-24,1054250,27753,monthly,lapsed
P005427,C02808,A0013,property,property_flood,2024-04-04,2025-04-04,16851761,58916,monthly,cancelled
P005428,C02412,A0014,motor,motor_compulsory,2024-05-24,2025-05-24,1228743,50023,monthly,active
P005429,C01810,A0023,motor,motor_compulsory,2024-07-26,2025-07-26,1639933,81876,monthly,lapsed
P005430,C01800,A0010,motor,motor_compulsory,2025-12-21,2026-12-21,861723,23470,quarterly,active
P005431,C01846,A0046,motor,motor_compulsory,2023-11-30,2024-11-29,2116838,87518,annual,active
P005432,C00932,A0039,property,property_flood,2023-02-05,2024-02-05,1541977,16892,monthly,active
P005433,C00775,A0045,property,property_allrisk,2024-11-17,2025-11-17,8611840,43008,monthly,lapsed
P005434,C01263,A0042,property,property_allrisk,2023-06-25,2024-06-24,13106978,43937,annual,active
P005435,C00235,A0025,motor,motor_compulsory,2024-05-22,2025-05-22,1456858,43713,quarterly,active
P005436,C01564,A0041,property,property_flood,2023-07-27,2024-07-26,3280133,29103,monthly,active
P005437,C01691,A0032,motor,motor_compulsory,2025-10-06,2026-10-06,470863,11461,monthly,active
P005438,C01387,A0041,motor,motor_voluntary,2025-06-19,2026-06-19,2020699,73115,monthly,active
P005439,C00513,A0007,motor,motor_compulsory,2024-01-17,2025-01-16,2239335,92317,annual,active
P005440,C00817,A0047,property,property_fire,2023-09-12,2024-09-11,18125747,154458,quarterly,active
P005441,C01350,A0027,motor,motor_compulsory,2023-10-13,2024-10-12,1225050,60110,quarterly,lapsed
P005442,C01592,A0023,motor,motor_compulsory,2023-12-18,2024-12-17,1140387,54031,monthly,active
P005443,C00037,A0002,motor,motor_voluntary,2023-03-20,2024-03-19,1769654,48285,quarterly,active
P005444,C01400,A0001,motor,motor_voluntary,2023-08-01,2024-07-31,1593741,37086,monthly,active
P005445,C01867,A0023,motor,motor_compulsory,2022-04-15,2023-04-15,911332,29033,monthly,active
P005446,C02038,A0047,property,property_allrisk,2024-11-13,2025-11-13,9208462,104063,monthly,active
P005447,C01333,A0035,motor,motor_compulsory,2025-08-06,2026-08-06,1290111,32964,annual,active
P005448,C02182,A0019,motor,motor_compulsory,2025-05-27,2026-05-27,2262424,96434,quarterly,active
P005449,C00835,A0012,motor,motor_compulsory,2023-08-14,2024-08-13,1788236,47097,annual,active
P005450,C01241,A0007,motor,motor_compulsory,2025-09-17,2026-09-17,2443314,119167,annual,cancelled
P005451,C02127,A0036,property,property_allrisk,2024-04-08,2025-04-08,5241036,36031,monthly,active
P005452,C00789,A0043,property,property_flood,2022-08-08,2023-08-08,1349313,12294,annual,active
P005453,C02356,A0049,motor,motor_voluntary,2023-01-24,2024-01-24,1665325,40750,annual,active
P005454,C02222,A0031,property,property_flood,2025-04-28,2026-04-28,2017127,11313,annual,active
P005455,C01817,A0043,motor,motor_compulsory,2025-10-11,2026-10-11,1191924,33188,annual,active
P005456,C02665,A0010,property,property_flood,2023-05-25,2024-05-24,2240812,21935,monthly,active
P005457,C02081,A0031,motor,motor_voluntary,2025-03-14,2026-03-14,2022611,79626,quarterly,active
P005458,C01177,A0020,property,property_fire,2024-04-11,2025-04-11,6375681,69594,quarterly,active
P005459,C01878,A0005,motor,motor_voluntary,2024-10-11,2025-10-11,2131471,78944,annual,active
P005460,C02872,A0020,property,property_fire,2024-08-26,2025-08-26,15800530,158290,annual,active
P005461,C02724,A0042,motor,motor_compulsory,2024-05-25,2025-05-25,1006992,31805,annual,active
P005462,C00450,A0045,property,property_fire,2024-05-08,2025-05-08,3485991,39147,quarterly,active
P005463,C00445,A0001,property,property_fire,2023-08-01,2024-07-31,11124255,116052,monthly,active
P005464,C00290,A0027,property,property_fire,2025-02-18,2026-02-18,15490152,55100,quarterly,lapsed
P005465,C02925,A0019,property,property_fire,2023-04-16,2024-04-15,15254903,85297,quarterly,active
P005466,C01072,A0011,motor,motor_voluntary,2025-09-14,2026-09-14,2308159,106880,annual,active
P005467,C02447,A0031,motor,motor_voluntary,2025-06-04,2026-06-04,661987,30014,monthly,active
P005468,C01499,A0040,motor,motor_voluntary,2024-10-20,2025-10-20,849700,25039,monthly,active
P005469,C00916,A0017,property,property_fire,2024-12-21,2025-12-21,7916184,88943,quarterly,active
P005470,C02421,A0017,property,property_fire,2023-07-01,2024-06-30,7951363,63092,quarterly,active
P005471,C00745,A0020,property,property_allrisk,2023-10-06,2024-10-05,15508278,124951,annual,active
P005472,C01813,A0023,property,property_allrisk,2023-10-06,2024-10-05,18419875,60569,annual,active
P005473,C00620,A0007,motor,motor_voluntary,2023-05-26,2024-05-25,1557891,66015,monthly,active
P005474,C01092,A0030,motor,motor_voluntary,2024-08-06,2025-08-06,2017461,49279,annual,active
P005475,C02406,A0038,property,property_allrisk,2024-10-22,2025-10-22,5535316,32117,annual,active
P005476,C02763,A0013,property,property_allrisk,2024-08-07,2025-08-07,11487274,41423,annual,lapsed
P005477,C00465,A0024,motor,motor_voluntary,2023-05-18,2024-05-17,2010316,100348,annual,active
P005478,C01120,A0022,property,property_flood,2023-06-04,2024-06-03,16381405,122228,annual,lapsed
P005479,C02082,A0019,motor,motor_compulsory,2025-07-19,2026-07-19,529439,14772,monthly,active
P005480,C01483,A0009,property,property_fire,2023-03-01,2024-02-29,13765201,72519,annual,lapsed
P005481,C02850,A0043,motor,motor_voluntary,2025-04-10,2026-04-10,765751,38152,monthly,active
P005482,C02781,A0015,motor,motor_compulsory,2024-04-14,2025-04-14,957347,22570,monthly,cancelled
P005483,C02314,A0015,motor,motor_voluntary,2025-08-17,2026-08-17,1886378,72701,annual,active
P005484,C00410,A0034,property,property_allrisk,2023-12-07,2024-12-06,12583418,110528,monthly,cancelled
P005485,C02289,A0034,motor,motor_compulsory,2025-05-01,2026-05-01,2261010,48667,quarterly,lapsed
P005486,C01415,A0048,property,property_flood,2026-02-26,2027-02-26,1151914,9937,quarterly,active
P005487,C00601,A0049,motor,motor_voluntary,2023-04-09,2024-04-08,1839987,84110,annual,active
P005488,C00722,A0049,property,property_allrisk,2023-11-23,2024-11-22,3857509,43727,quarterly,active
P005489,C01228,A0003,motor,motor_voluntary,2025-07-22,2026-07-22,1902601,81071,quarterly,active
P005490,C01702,A0033,motor,motor_compulsory,2025-12-21,2026-12-21,2460692,118050,monthly,lapsed
P005491,C00464,A0049,property,property_allrisk,2023-04-18,2024-04-17,8244916,36854,quarterly,active
P005492,C01085,A0013,property,property_allrisk,2026-01-02,2027-01-02,6647659,60494,quarterly,active
P005493,C01118,A0002,motor,motor_compulsory,2025-08-02,2026-08-02,871270,24482,annual,active
P005494,C01752,A0020,motor,motor_voluntary,2026-03-16,2027-03-16,1590513,57863,quarterly,active
P005495,C00886,A0012,motor,motor_compulsory,2023-10-23,2024-10-22,2155388,64987,annual,active
P005496,C00568,A0034,motor,motor_compulsory,2025-11-13,2026-11-13,1777363,79506,monthly,active
P005497,C02235,A0008,motor,motor_compulsory,2023-03-14,2024-03-13,565414,25507,annual,active
P005498,C02589,A0040,motor,motor_voluntary,2025-09-10,2026-09-10,1050997,29118,monthly,cancelled
P005499,C01122,A0038,motor,motor_compulsory,2025-11-18,2026-11-18,2475908,66714,monthly,active
P005500,C00577,A0049,motor,motor_compulsory,2023-05-31,2024-05-30,2247274,87659,monthly,active
P005501,C01152,A0029,motor,motor_voluntary,2025-10-20,2026-10-20,615658,23618,quarterly,active
P005502,C00682,A0033,motor,motor_voluntary,2023-06-13,2024-06-12,1221541,37480,monthly,active
P005503,C01990,A0016,motor,motor_voluntary,2026-04-03,2027-04-03,1873866,89876,monthly,active
P005504,C01794,A0003,motor,motor_compulsory,2025-11-01,2026-11-01,956250,35735,annual,active
P005505,C01732,A0015,motor,motor_compulsory,2023-04-20,2024-04-19,2461413,55821,quarterly,active
P005506,C00536,A0005,motor,motor_voluntary,2024-12-06,2025-12-06,280008,6337,quarterly,active
P005507,C02773,A0029,property,property_fire,2026-01-03,2027-01-03,6896299,60403,monthly,active
P005508,C00611,A0042,motor,motor_compulsory,2026-03-27,2027-03-27,706140,31833,quarterly,active
P005509,C02065,A0004,property,property_flood,2023-08-30,2024-08-29,11703563,106656,monthly,active
P005510,C02237,A0001,motor,motor_voluntary,2023-12-20,2024-12-19,586502,17432,annual,active
P005511,C01219,A0048,property,property_fire,2022-04-25,2023-04-25,6239174,36151,monthly,active
P005512,C01978,A0013,motor,motor_compulsory,2022-11-24,2023-11-24,1142063,23253,annual,active
P005513,C01027,A0023,motor,motor_compulsory,2025-01-10,2026-01-10,1618914,59219,quarterly,active
P005514,C00411,A0049,property,property_flood,2023-01-02,2024-01-02,13061071,65779,quarterly,active
P005515,C02881,A0031,motor,motor_voluntary,2025-01-16,2026-01-16,2383495,117074,monthly,active
P005516,C01689,A0031,motor,motor_compulsory,2024-01-10,2025-01-09,745761,35692,monthly,active
P005517,C00104,A0043,motor,motor_compulsory,2023-04-09,2024-04-08,1948689,43314,quarterly,active
P005518,C00408,A0041,motor,motor_compulsory,2024-05-31,2025-05-31,2071198,94130,annual,lapsed
P005519,C01498,A0013,property,property_flood,2025-05-23,2026-05-23,11063456,79412,quarterly,active
P005520,C01030,A0043,motor,motor_voluntary,2024-05-15,2025-05-15,2061218,100634,quarterly,active
P005521,C01220,A0049,motor,motor_voluntary,2024-12-11,2025-12-11,321415,13822,quarterly,active
P005522,C02576,A0019,motor,motor_voluntary,2025-11-22,2026-11-22,986447,48468,annual,active
P005523,C02143,A0012,property,property_allrisk,2024-08-09,2025-08-09,4464407,15810,quarterly,active
P005524,C01883,A0045,motor,motor_compulsory,2023-02-23,2024-02-23,350157,16197,annual,active
P005525,C02023,A0029,motor,motor_voluntary,2025-07-22,2026-07-22,874987,38844,quarterly,active
P005526,C00831,A0045,property,property_fire,2023-10-04,2024-10-03,18165068,149017,annual,active
P005527,C00989,A0014,property,property_allrisk,2024-05-14,2025-05-14,17854590,206963,quarterly,lapsed
P005528,C00593,A0036,motor,motor_voluntary,2025-06-10,2026-06-10,1198508,35357,quarterly,active
P005529,C01901,A0025,property,property_fire,2024-06-07,2025-06-07,17917341,181044,monthly,active
P005530,C00238,A0039,property,property_flood,2023-11-20,2024-11-19,8959011,67945,quarterly,active
P005531,C01141,A0005,motor,motor_compulsory,2023-06-29,2024-06-28,2138765,86295,annual,active
P005532,C02708,A0015,motor,motor_compulsory,2026-03-25,2027-03-25,417890,11561,quarterly,active
P005533,C02092,A0001,property,property_fire,2023-12-09,2024-12-08,5936723,45524,monthly,active
P005534,C01002,A0035,motor,motor_compulsory,2023-03-28,2024-03-27,2237496,54877,annual,active
P005535,C01589,A0030,property,property_allrisk,2025-06-01,2026-06-01,17200581,104987,monthly,active
P005536,C01813,A0044,motor,motor_voluntary,2023-07-12,2024-07-11,2217344,64415,quarterly,active
P005537,C00152,A0007,property,property_allrisk,2023-01-20,2024-01-20,8364952,26141,quarterly,active
P005538,C02298,A0034,motor,motor_compulsory,2023-06-19,2024-06-18,669128,20417,annual,active
P005539,C02958,A0033,property,property_fire,2023-11-23,2024-11-22,17375865,60328,annual,active
P005540,C01840,A0042,motor,motor_compulsory,2024-02-04,2025-02-03,363552,10605,quarterly,active
P005541,C01359,A0033,motor,motor_voluntary,2023-06-24,2024-06-23,1472186,30230,quarterly,active
P005542,C02473,A0012,property,property_fire,2026-04-29,2027-04-29,17398335,121203,monthly,lapsed
P005543,C02508,A0021,motor,motor_voluntary,2023-01-20,2024-01-20,548504,26839,quarterly,active
P005544,C00823,A0021,property,property_flood,2023-12-07,2024-12-06,13847815,67161,monthly,active
P005545,C00450,A0030,property,property_fire,2023-08-15,2024-08-14,19530974,138708,monthly,active
P005546,C00422,A0028,motor,motor_compulsory,2022-06-06,2023-06-06,1858564,40978,annual,active
P005547,C02604,A0041,property,property_allrisk,2022-12-18,2023-12-18,9063819,92697,annual,active
P005548,C02539,A0041,motor,motor_compulsory,2025-06-15,2026-06-15,1341437,52566,annual,active
P005549,C01980,A0040,motor,motor_voluntary,2023-09-19,2024-09-18,341450,7749,monthly,active
P005550,C00351,A0026,motor,motor_compulsory,2023-03-04,2024-03-03,2438586,78798,quarterly,active
P005551,C01327,A0024,motor,motor_compulsory,2024-12-10,2025-12-10,1684152,38464,quarterly,active
P005552,C01981,A0031,motor,motor_voluntary,2023-03-02,2024-03-01,414947,13477,annual,lapsed
P005553,C02951,A0014,property,property_flood,2023-07-05,2024-07-04,4521713,21207,annual,active
P005554,C00999,A0028,motor,motor_voluntary,2024-04-24,2025-04-24,1982813,97719,annual,active
P005555,C00266,A0037,property,property_fire,2025-10-19,2026-10-19,1450325,12225,monthly,active
P005556,C02227,A0003,property,property_fire,2023-08-14,2024-08-13,1222627,11239,monthly,active
P005557,C00131,A0002,motor,motor_compulsory,2024-02-12,2025-02-11,972097,22409,annual,lapsed
P005558,C02705,A0047,motor,motor_compulsory,2023-05-01,2024-04-30,537289,18560,quarterly,active
P005559,C02167,A0038,property,property_flood,2023-08-11,2024-08-10,13241184,41415,monthly,active
P005560,C00922,A0009,property,property_fire,2026-04-22,2027-04-22,11899689,135343,quarterly,active
P005561,C00863,A0012,motor,motor_compulsory,2024-06-11,2025-06-11,1047198,41246,annual,active
P005562,C00831,A0016,property,property_fire,2023-06-12,2024-06-11,11144767,53404,annual,active
P005563,C02375,A0001,motor,motor_compulsory,2023-10-14,2024-10-13,506196,13751,quarterly,lapsed
P005564,C00049,A0039,property,property_flood,2023-11-02,2024-11-01,17224667,198607,annual,lapsed
P005565,C00055,A0047,property,property_fire,2025-06-30,2026-06-30,5060550,53379,annual,active
P005566,C02666,A0013,motor,motor_compulsory,2022-07-22,2023-07-22,2215318,79374,annual,active
P005567,C02079,A0049,motor,motor_compulsory,2022-03-13,2023-03-13,2348909,67919,annual,active
P005568,C01337,A0002,motor,motor_voluntary,2024-02-24,2025-02-23,1872392,86179,quarterly,active
P005569,C01619,A0016,motor,motor_voluntary,2024-03-16,2025-03-16,1125651,30730,annual,active
P005570,C00963,A0027,motor,motor_compulsory,2024-12-25,2025-12-25,1406463,69499,monthly,active
P005571,C00016,A0011,motor,motor_voluntary,2023-09-15,2024-09-14,253797,6941,quarterly,active
P005572,C02608,A0034,property,property_fire,2023-09-25,2024-09-24,5307614,35099,quarterly,active
P005573,C00333,A0005,motor,motor_voluntary,2023-02-03,2024-02-03,1468469,62190,monthly,active
P005574,C02357,A0027,property,property_flood,2024-06-25,2025-06-25,8955044,75655,quarterly,active
P005575,C02147,A0043,motor,motor_compulsory,2024-12-27,2025-12-27,1793129,50635,monthly,active
P005576,C02298,A0019,property,property_allrisk,2023-08-31,2024-08-30,3149279,15425,quarterly,active
P005577,C00383,A0050,motor,motor_voluntary,2024-08-21,2025-08-21,650170,17138,monthly,active
P005578,C01538,A0001,property,property_fire,2022-06-19,2023-06-19,2251581,24668,monthly,active
P005579,C02631,A0012,motor,motor_voluntary,2026-04-05,2027-04-05,1033651,41837,monthly,active
P005580,C01464,A0026,motor,motor_compulsory,2023-02-10,2024-02-10,1691279,41598,annual,active
P005581,C01089,A0016,motor,motor_compulsory,2023-10-16,2024-10-15,229596,7589,annual,active
P005582,C02523,A0027,motor,motor_compulsory,2022-08-22,2023-08-22,1168910,40681,monthly,cancelled
P005583,C00940,A0050,property,property_allrisk,2026-04-16,2027-04-16,8926893,27931,annual,active
P005584,C01060,A0036,motor,motor_voluntary,2025-06-19,2026-06-19,2120573,84199,annual,active
P005585,C01610,A0040,motor,motor_voluntary,2023-05-26,2024-05-25,1350351,32932,quarterly,active
P005586,C02298,A0031,motor,motor_compulsory,2022-08-29,2023-08-29,1241078,27425,annual,active
P005587,C02108,A0038,motor,motor_voluntary,2024-02-18,2025-02-17,1743229,47465,quarterly,active
P005588,C02184,A0049,property,property_fire,2023-01-25,2024-01-25,18974666,208264,annual,active
P005589,C00623,A0049,motor,motor_voluntary,2026-01-21,2027-01-21,2304346,46647,monthly,active
P005590,C02905,A0006,motor,motor_compulsory,2026-02-09,2027-02-09,580209,18638,quarterly,active
P005591,C00555,A0008,motor,motor_compulsory,2025-09-03,2026-09-03,1297549,46986,annual,active
P005592,C02117,A0018,motor,motor_voluntary,2026-01-27,2027-01-27,1739771,72772,monthly,active
P005593,C02357,A0035,property,property_flood,2024-03-30,2025-03-30,13171429,112736,annual,active
P005594,C00600,A0010,motor,motor_compulsory,2023-12-30,2024-12-29,491203,13176,quarterly,cancelled
P005595,C02726,A0032,motor,motor_compulsory,2024-11-14,2025-11-14,970214,47240,annual,active
P005596,C01150,A0045,motor,motor_voluntary,2023-06-22,2024-06-21,1617719,64349,annual,active
P005597,C01140,A0025,motor,motor_voluntary,2024-12-24,2025-12-24,2159512,45968,monthly,active
P005598,C01191,A0032,motor,motor_compulsory,2025-05-08,2026-05-08,1150177,36855,annual,active
P005599,C00629,A0041,motor,motor_compulsory,2023-05-10,2024-05-09,2252267,65810,annual,active
P005600,C01757,A0019,motor,motor_voluntary,2025-07-05,2026-07-05,298047,12450,annual,active
P005601,C02307,A0040,motor,motor_voluntary,2024-12-31,2025-12-31,1015153,24717,annual,active
P005602,C01166,A0034,property,property_fire,2026-01-01,2027-01-01,3079026,30672,quarterly,cancelled
P005603,C01136,A0046,motor,motor_compulsory,2023-12-18,2024-12-17,1824869,74085,monthly,active
P005604,C01023,A0036,property,property_flood,2023-05-02,2024-05-01,14796590,176396,monthly,active
P005605,C02288,A0027,property,property_fire,2024-10-02,2025-10-02,16904878,159026,quarterly,active
P005606,C02947,A0030,motor,motor_voluntary,2026-04-03,2027-04-03,1088713,47852,quarterly,active
P005607,C01935,A0042,property,property_flood,2026-02-13,2027-02-13,10755043,98556,annual,active
P005608,C01972,A0045,motor,motor_compulsory,2023-06-14,2024-06-13,2065013,98651,monthly,active
P005609,C01960,A0041,motor,motor_voluntary,2023-02-07,2024-02-07,2423657,101683,annual,active
P005610,C00868,A0011,property,property_allrisk,2025-04-23,2026-04-23,15925280,69670,quarterly,active
P005611,C00911,A0026,property,property_fire,2024-11-20,2025-11-20,8863229,59847,quarterly,active
P005612,C02920,A0002,motor,motor_compulsory,2023-12-27,2024-12-26,759489,16236,quarterly,active
P005613,C00586,A0018,motor,motor_compulsory,2022-09-09,2023-09-09,1914056,48709,quarterly,lapsed
P005614,C00694,A0006,motor,motor_voluntary,2023-12-01,2024-11-30,741057,20159,quarterly,active
P005615,C00481,A0017,motor,motor_compulsory,2024-12-01,2025-12-01,1270514,61907,monthly,active
P005616,C02755,A0039,motor,motor_voluntary,2025-12-15,2026-12-15,1648345,35979,annual,active
P005617,C02426,A0020,motor,motor_voluntary,2024-03-05,2025-03-05,1662337,36697,annual,active
P005618,C02119,A0016,property,property_flood,2023-08-17,2024-08-16,5595458,52945,quarterly,active
P005619,C02659,A0005,property,property_fire,2023-01-23,2024-01-23,15848591,56204,quarterly,active
P005620,C02019,A0042,motor,motor_compulsory,2024-04-19,2025-04-19,1861296,53500,monthly,active
P005621,C01873,A0038,motor,motor_voluntary,2023-04-16,2024-04-15,1510641,38062,annual,cancelled
P005622,C00667,A0019,property,property_fire,2023-08-04,2024-08-03,3676779,42746,quarterly,active
P005623,C01972,A0011,property,property_allrisk,2023-04-29,2024-04-28,1447446,12435,monthly,lapsed
P005624,C00805,A0006,motor,motor_compulsory,2023-03-12,2024-03-11,267815,6613,quarterly,active
P005625,C01414,A0042,motor,motor_voluntary,2025-12-06,2026-12-06,2254465,53387,quarterly,active
P005626,C01117,A0043,motor,motor_voluntary,2025-05-15,2026-05-15,1744059,56205,quarterly,cancelled
P005627,C01699,A0011,motor,motor_compulsory,2024-10-25,2025-10-25,274720,7838,annual,active
P005628,C02166,A0031,motor,motor_compulsory,2023-12-15,2024-12-14,2246029,100180,monthly,active
P005629,C00481,A0015,property,property_fire,2024-02-28,2025-02-27,7767446,87277,monthly,active
P005630,C01172,A0021,property,property_fire,2025-09-28,2026-09-28,5743701,52733,quarterly,active
P005631,C00075,A0016,motor,motor_voluntary,2026-03-31,2027-03-31,281948,7999,monthly,active
P005632,C01372,A0046,property,property_fire,2023-08-25,2024-08-24,16927564,140345,monthly,cancelled
P005633,C00860,A0049,motor,motor_compulsory,2024-05-17,2025-05-17,1872490,62115,monthly,active
P005634,C00629,A0026,property,property_allrisk,2022-01-13,2023-01-13,17145877,119352,monthly,active
P005635,C00157,A0036,motor,motor_compulsory,2024-03-16,2025-03-16,848633,31177,annual,active
P005636,C02159,A0035,property,property_allrisk,2022-03-18,2023-03-18,4586118,32052,monthly,active
P005637,C01884,A0014,motor,motor_voluntary,2024-12-20,2025-12-20,1229273,53194,monthly,active
P005638,C02310,A0003,motor,motor_voluntary,2025-10-11,2026-10-11,1807817,77603,quarterly,active
P005639,C01291,A0039,property,property_fire,2022-08-09,2023-08-09,18927962,174938,annual,active
P005640,C02108,A0028,property,property_allrisk,2022-01-05,2023-01-05,1937514,13861,annual,active
P005641,C00599,A0007,motor,motor_compulsory,2024-05-09,2025-05-09,449077,15464,monthly,active
P005642,C00565,A0008,motor,motor_voluntary,2024-01-09,2025-01-08,393521,15203,annual,active
P005643,C02549,A0013,motor,motor_compulsory,2025-11-13,2026-11-13,295214,10987,annual,active
P005644,C02576,A0027,motor,motor_voluntary,2024-06-10,2025-06-10,1814674,86212,annual,active
P005645,C00605,A0044,motor,motor_compulsory,2024-04-24,2025-04-24,348954,9291,monthly,active
P005646,C02035,A0009,motor,motor_voluntary,2024-03-09,2025-03-09,966340,26275,quarterly,active
P005647,C02580,A0035,motor,motor_compulsory,2022-03-08,2023-03-08,753894,32141,quarterly,lapsed
P005648,C02981,A0050,motor,motor_compulsory,2025-06-22,2026-06-22,1883724,58015,quarterly,active
P005649,C02059,A0014,motor,motor_compulsory,2023-01-21,2024-01-21,715167,18373,annual,active
P005650,C02082,A0037,motor,motor_voluntary,2023-09-25,2024-09-24,365294,11599,annual,active
P005651,C01642,A0030,property,property_allrisk,2026-04-15,2027-04-15,15741535,91155,annual,cancelled
P005652,C02950,A0020,motor,motor_voluntary,2023-06-21,2024-06-20,2273101,108060,annual,active
P005653,C00026,A0001,motor,motor_voluntary,2024-12-25,2025-12-25,2468611,49553,quarterly,active
P005654,C02273,A0019,motor,motor_voluntary,2024-09-11,2025-09-11,1755495,70411,monthly,active
P005655,C02133,A0020,motor,motor_compulsory,2023-05-10,2024-05-09,488485,13805,monthly,active
P005656,C01471,A0031,property,property_allrisk,2025-12-04,2026-12-04,14085759,45831,annual,active
P005657,C01070,A0044,motor,motor_voluntary,2024-04-18,2025-04-18,1812295,68670,annual,active
P005658,C00088,A0017,motor,motor_voluntary,2024-01-12,2025-01-11,1993307,42960,annual,lapsed
P005659,C02978,A0036,property,property_flood,2024-05-10,2025-05-10,1242140,4497,annual,active
P005660,C01483,A0032,motor,motor_compulsory,2024-07-26,2025-07-26,1189206,49299,annual,active
P005661,C00646,A0010,motor,motor_voluntary,2024-10-07,2025-10-07,1508526,59549,annual,active
P005662,C02581,A0033,motor,motor_compulsory,2024-03-30,2025-03-30,797186,29916,monthly,active
P005663,C00404,A0044,motor,motor_voluntary,2025-02-20,2026-02-20,2025513,49879,monthly,active
P005664,C02620,A0023,motor,motor_compulsory,2022-07-07,2023-07-07,1139747,34289,quarterly,active
P005665,C00609,A0018,motor,motor_compulsory,2023-06-23,2024-06-22,1403925,61703,monthly,active
P005666,C01335,A0029,property,property_fire,2024-10-26,2025-10-26,7149352,78105,monthly,active
P005667,C00556,A0043,motor,motor_voluntary,2023-01-03,2024-01-03,2248130,63008,quarterly,active
P005668,C02342,A0024,motor,motor_compulsory,2024-05-01,2025-05-01,659088,18438,annual,active
P005669,C01013,A0028,property,property_allrisk,2023-11-28,2024-11-27,5082062,36510,annual,active
P005670,C01414,A0042,motor,motor_voluntary,2024-03-26,2025-03-26,2189020,56506,monthly,active
P005671,C02178,A0020,motor,motor_compulsory,2026-01-15,2027-01-15,1042596,35494,quarterly,active
P005672,C00206,A0037,motor,motor_voluntary,2023-07-26,2024-07-25,1698903,41630,monthly,active
P005673,C01899,A0013,motor,motor_voluntary,2025-11-22,2026-11-22,1634787,72163,monthly,active
P005674,C01008,A0041,property,property_fire,2023-03-05,2024-03-04,7013459,30920,quarterly,active
P005675,C00393,A0027,motor,motor_compulsory,2024-06-01,2025-06-01,1176375,30620,quarterly,active
P005676,C01706,A0003,property,property_flood,2025-01-09,2026-01-09,16440192,129678,annual,lapsed
P005677,C01309,A0005,property,property_fire,2026-01-03,2027-01-03,7643395,57290,monthly,active
P005678,C02734,A0014,motor,motor_voluntary,2024-06-16,2025-06-16,1411683,45203,monthly,active
P005679,C00699,A0044,property,property_fire,2025-03-12,2026-03-12,1741965,17619,quarterly,active
P005680,C00086,A0020,property,property_fire,2025-11-10,2026-11-10,3651825,25339,quarterly,active
P005681,C00181,A0005,motor,motor_voluntary,2022-11-27,2023-11-27,247972,11364,quarterly,active
P005682,C00153,A0039,property,property_allrisk,2024-07-31,2025-07-31,3606353,25907,monthly,active
P005683,C01901,A0047,motor,motor_voluntary,2024-09-23,2025-09-23,1914507,88885,annual,active
P005684,C00525,A0031,motor,motor_compulsory,2025-10-06,2026-10-06,414651,17340,monthly,lapsed
P005685,C02063,A0011,motor,motor_voluntary,2023-11-23,2024-11-22,496110,20800,monthly,active
P005686,C01769,A0010,property,property_fire,2026-01-02,2027-01-02,18294046,171175,annual,active
P005687,C00882,A0032,motor,motor_compulsory,2025-03-21,2026-03-21,1326690,40218,monthly,active
P005688,C01302,A0046,motor,motor_voluntary,2025-08-30,2026-08-30,2470018,98985,monthly,active
P005689,C02925,A0008,property,property_fire,2024-05-10,2025-05-10,16281627,142058,annual,lapsed
P005690,C00552,A0004,motor,motor_compulsory,2023-07-07,2024-07-06,1678053,47526,annual,active
P005691,C00244,A0029,motor,motor_voluntary,2025-10-21,2026-10-21,2274779,87353,monthly,active
P005692,C00206,A0027,motor,motor_voluntary,2024-03-25,2025-03-25,997365,38988,annual,active
P005693,C00457,A0014,motor,motor_voluntary,2024-03-19,2025-03-19,255982,7586,quarterly,active
P005694,C00594,A0025,motor,motor_compulsory,2023-11-03,2024-11-02,2074629,99334,quarterly,lapsed
P005695,C01309,A0049,motor,motor_voluntary,2023-02-27,2024-02-27,1080018,39419,monthly,active
P005696,C02404,A0040,motor,motor_compulsory,2023-04-07,2024-04-06,1538313,33803,quarterly,active
P005697,C02013,A0002,property,property_flood,2023-09-20,2024-09-19,10970455,50689,quarterly,active
P005698,C01987,A0017,motor,motor_compulsory,2023-05-28,2024-05-27,1616706,50660,monthly,active
P005699,C01987,A0023,property,property_fire,2023-07-30,2024-07-29,14402086,117047,annual,active
P005700,C00202,A0028,property,property_allrisk,2022-09-28,2023-09-28,4846753,43456,quarterly,lapsed
P005701,C02685,A0040,motor,motor_compulsory,2023-10-28,2024-10-27,2406717,101769,annual,active
P005702,C01819,A0004,motor,motor_compulsory,2023-08-10,2024-08-09,1891047,42008,monthly,lapsed
P005703,C00471,A0024,motor,motor_voluntary,2022-02-03,2023-02-03,256186,8317,quarterly,lapsed
P005704,C02538,A0011,motor,motor_compulsory,2023-02-25,2024-02-25,2137227,97905,annual,active
P005705,C01780,A0021,motor,motor_compulsory,2024-12-28,2025-12-28,1463357,71846,quarterly,active
P005706,C02012,A0024,motor,motor_voluntary,2024-05-08,2025-05-08,1528108,66917,annual,active
P005707,C00650,A0008,property,property_fire,2024-02-01,2025-01-31,11315121,47525,monthly,active
P005708,C00765,A0016,motor,motor_voluntary,2022-04-19,2023-04-19,2167230,91673,monthly,active
P005709,C00870,A0046,motor,motor_voluntary,2022-04-13,2023-04-13,1408627,33824,annual,active
P005710,C01766,A0001,motor,motor_compulsory,2023-06-07,2024-06-06,1006166,20573,annual,active
P005711,C00953,A0007,motor,motor_compulsory,2023-04-15,2024-04-14,661746,26122,monthly,active
P005712,C00216,A0044,motor,motor_compulsory,2024-12-29,2025-12-29,349427,16500,quarterly,active
P005713,C02801,A0012,motor,motor_voluntary,2025-04-25,2026-04-25,1715045,77391,monthly,cancelled
P005714,C02899,A0025,motor,motor_compulsory,2022-01-27,2023-01-27,1705315,61321,monthly,active
P005715,C01125,A0011,motor,motor_voluntary,2024-03-16,2025-03-16,344329,16986,quarterly,active
P005716,C00298,A0022,motor,motor_compulsory,2024-08-26,2025-08-26,232081,9738,annual,active
P005717,C00275,A0011,motor,motor_voluntary,2024-04-08,2025-04-08,856887,21955,annual,active
P005718,C02858,A0002,property,property_fire,2026-02-28,2027-02-28,3285719,33770,monthly,active
P005719,C02033,A0034,motor,motor_voluntary,2023-08-25,2024-08-24,2244633,76074,quarterly,active
P005720,C02005,A0046,property,property_flood,2022-03-24,2023-03-24,15684253,162339,annual,active
P005721,C01172,A0014,property,property_flood,2024-12-08,2025-12-08,9664198,56007,quarterly,active
P005722,C00477,A0033,property,property_allrisk,2022-05-29,2023-05-29,18713947,87080,monthly,lapsed
P005723,C00776,A0021,property,property_fire,2024-07-12,2025-07-12,13283234,81902,monthly,active
P005724,C00344,A0013,motor,motor_voluntary,2024-09-15,2025-09-15,2075675,48244,monthly,lapsed
P005725,C01769,A0017,motor,motor_compulsory,2024-01-16,2025-01-15,1758718,42724,quarterly,active
P005726,C01730,A0021,motor,motor_voluntary,2023-06-25,2024-06-24,481902,18797,monthly,active
P005727,C01842,A0003,motor,motor_compulsory,2024-02-29,2025-02-28,2091169,53461,annual,active
P005728,C00341,A0044,property,property_fire,2024-03-23,2025-03-23,12703311,51971,monthly,active
P005729,C00620,A0023,property,property_fire,2023-07-21,2024-07-20,15766653,149443,annual,active
P005730,C00885,A0006,motor,motor_compulsory,2023-07-28,2024-07-27,1441425,69033,annual,active
P005731,C00481,A0047,property,property_fire,2022-01-30,2023-01-30,17192558,105836,annual,active
P005732,C02674,A0018,motor,motor_compulsory,2024-03-04,2025-03-04,1494158,40142,annual,active
P005733,C01288,A0009,property,property_flood,2024-01-13,2025-01-12,4560383,36716,annual,active
P005734,C02253,A0021,motor,motor_compulsory,2024-06-01,2025-06-01,880649,39176,monthly,active
P005735,C01634,A0039,motor,motor_compulsory,2024-12-22,2025-12-22,475885,16476,monthly,active
P005736,C02540,A0008,motor,motor_compulsory,2023-04-13,2024-04-12,874216,34728,quarterly,active
P005737,C01229,A0002,motor,motor_voluntary,2023-08-06,2024-08-05,2346990,52715,quarterly,active
P005738,C01531,A0009,property,property_allrisk,2022-11-03,2023-11-03,19258553,171450,monthly,active
P005739,C01979,A0050,property,property_allrisk,2025-10-20,2026-10-20,1125595,4677,monthly,active
P005740,C00268,A0004,motor,motor_compulsory,2022-11-20,2023-11-20,1154154,56528,quarterly,active
P005741,C00209,A0026,motor,motor_compulsory,2023-02-17,2024-02-17,2279408,75284,quarterly,active
P005742,C02526,A0048,motor,motor_compulsory,2022-03-01,2023-03-01,1508842,42207,annual,lapsed
P005743,C01200,A0021,motor,motor_compulsory,2025-05-16,2026-05-16,1684937,44927,monthly,cancelled
P005744,C00973,A0007,motor,motor_compulsory,2025-05-01,2026-05-01,944532,32873,quarterly,cancelled
P005745,C00748,A0006,motor,motor_compulsory,2025-08-12,2026-08-12,1331921,30307,monthly,cancelled
P005746,C01222,A0021,motor,motor_voluntary,2023-02-18,2024-02-18,1929538,68541,annual,active
P005747,C01543,A0033,motor,motor_compulsory,2023-01-12,2024-01-12,2261876,107572,annual,active
P005748,C00749,A0014,property,property_fire,2024-04-28,2025-04-28,15572802,175250,quarterly,active
P005749,C01616,A0012,motor,motor_compulsory,2022-03-26,2023-03-26,248537,11763,quarterly,active
P005750,C02569,A0017,property,property_fire,2022-07-08,2023-07-08,11988876,93603,monthly,active
P005751,C01277,A0030,property,property_allrisk,2023-11-14,2024-11-13,17826676,128444,monthly,active
P005752,C00988,A0046,property,property_fire,2025-08-25,2026-08-25,13599383,155725,monthly,active
P005753,C00637,A0040,property,property_fire,2024-04-02,2025-04-02,15092825,58205,annual,active
P005754,C02601,A0023,motor,motor_compulsory,2024-01-06,2025-01-05,1389772,68691,monthly,active
P005755,C02728,A0042,motor,motor_compulsory,2024-04-27,2025-04-27,1767250,67021,annual,active
P005756,C02140,A0008,motor,motor_voluntary,2023-05-25,2024-05-24,2089055,59856,quarterly,cancelled
P005757,C02749,A0020,motor,motor_compulsory,2025-05-27,2026-05-27,627509,16193,quarterly,active
P005758,C02280,A0017,motor,motor_voluntary,2024-07-04,2025-07-04,228384,6556,quarterly,active
P005759,C01773,A0036,motor,motor_voluntary,2024-11-24,2025-11-24,1039665,28411,annual,active
P005760,C00605,A0031,motor,motor_compulsory,2024-07-07,2025-07-07,1333692,27553,annual,active
P005761,C00302,A0020,property,property_fire,2023-10-12,2024-10-11,18150458,58418,monthly,active
P005762,C00411,A0031,property,property_flood,2023-05-25,2024-05-24,10560194,107141,monthly,active
P005763,C00469,A0025,motor,motor_compulsory,2023-01-08,2024-01-08,2087521,88581,quarterly,active
P005764,C00692,A0050,property,property_flood,2023-06-14,2024-06-13,2159298,19939,annual,active
P005765,C00344,A0047,property,property_flood,2026-02-24,2027-02-24,11938750,62892,monthly,active
P005766,C01013,A0036,motor,motor_voluntary,2024-09-29,2025-09-29,1729567,64506,monthly,active
P005767,C02430,A0003,property,property_flood,2023-03-25,2024-03-24,16871701,197645,monthly,cancelled
P005768,C00938,A0013,motor,motor_voluntary,2023-04-17,2024-04-16,1774658,68589,quarterly,active
P005769,C01390,A0005,motor,motor_voluntary,2025-12-06,2026-12-06,1190749,37359,quarterly,active
P005770,C02343,A0004,motor,motor_voluntary,2024-01-12,2025-01-11,1911181,52603,quarterly,active
P005771,C01943,A0008,motor,motor_compulsory,2023-03-24,2024-03-23,955633,21252,monthly,active
P005772,C02693,A0016,property,property_flood,2025-10-09,2026-10-09,10219763,31697,annual,active
P005773,C01885,A0046,motor,motor_voluntary,2024-02-01,2025-01-31,1583359,74554,quarterly,active
P005774,C02830,A0010,motor,motor_compulsory,2024-05-06,2025-05-06,2033140,72140,quarterly,active
P005775,C01308,A0020,property,property_flood,2025-12-26,2026-12-26,8745260,45665,quarterly,active
P005776,C01125,A0025,motor,motor_voluntary,2023-01-31,2024-01-31,726122,18380,quarterly,active
P005777,C02749,A0041,motor,motor_compulsory,2024-11-23,2025-11-23,1767908,71842,quarterly,active
P005778,C02832,A0016,motor,motor_voluntary,2023-09-08,2024-09-07,1171998,34006,quarterly,active
P005779,C02512,A0027,property,property_fire,2025-08-02,2026-08-02,16791449,53915,annual,active
P005780,C00774,A0040,motor,motor_compulsory,2023-05-13,2024-05-12,1156745,55745,quarterly,active
P005781,C01542,A0014,motor,motor_voluntary,2025-03-12,2026-03-12,1186197,28262,annual,active
P005782,C01332,A0031,motor,motor_voluntary,2023-11-01,2024-10-31,705173,23803,quarterly,active
P005783,C00930,A0039,motor,motor_compulsory,2025-06-05,2026-06-05,1075860,27313,annual,active
P005784,C02501,A0041,motor,motor_voluntary,2024-03-03,2025-03-03,2408499,72074,annual,active
P005785,C02363,A0050,property,property_flood,2025-09-21,2026-09-21,14248015,49566,monthly,active
P005786,C02093,A0009,motor,motor_voluntary,2025-09-24,2026-09-24,1883051,43197,monthly,lapsed
P005787,C01847,A0038,motor,motor_voluntary,2026-02-19,2027-02-19,674522,18341,quarterly,active
P005788,C00406,A0032,property,property_flood,2022-06-17,2023-06-17,4772512,14832,monthly,active
P005789,C00265,A0010,motor,motor_voluntary,2024-10-21,2025-10-21,1538732,59061,quarterly,active
P005790,C01232,A0016,motor,motor_compulsory,2023-01-09,2024-01-09,1249500,25343,quarterly,active
P005791,C00919,A0027,motor,motor_compulsory,2025-02-05,2026-02-05,493873,11609,monthly,active
P005792,C00326,A0013,property,property_allrisk,2025-01-30,2026-01-30,8789014,47278,monthly,lapsed
P005793,C00468,A0033,motor,motor_compulsory,2023-04-09,2024-04-08,980737,26470,monthly,cancelled
P005794,C02376,A0027,motor,motor_voluntary,2025-05-07,2026-05-07,1915206,66241,annual,active
P005795,C01177,A0019,property,property_flood,2024-11-13,2025-11-13,3197353,28559,monthly,cancelled
P005796,C00201,A0010,motor,motor_voluntary,2023-11-15,2024-11-14,1120987,33990,monthly,active
P005797,C02159,A0031,motor,motor_voluntary,2025-10-12,2026-10-12,1462236,67963,annual,active
P005798,C00223,A0014,motor,motor_compulsory,2024-12-26,2025-12-26,559043,20419,annual,active
P005799,C02289,A0032,motor,motor_compulsory,2026-01-15,2027-01-15,2117414,97432,annual,lapsed
P005800,C02661,A0015,motor,motor_compulsory,2025-05-06,2026-05-06,619944,20915,annual,active
P005801,C02437,A0038,property,property_fire,2026-03-15,2027-03-15,15608607,130563,annual,active
P005802,C00254,A0020,motor,motor_compulsory,2022-11-21,2023-11-21,976681,20407,annual,active
P005803,C00365,A0016,property,property_fire,2024-06-15,2025-06-15,4979568,52181,annual,active
P005804,C02704,A0019,property,property_flood,2024-03-09,2025-03-09,8621617,44784,annual,active
P005805,C00182,A0018,motor,motor_compulsory,2024-02-08,2025-02-07,763492,32318,monthly,active
P005806,C00028,A0005,motor,motor_voluntary,2023-08-04,2024-08-03,1594551,71963,quarterly,active
P005807,C00531,A0008,motor,motor_voluntary,2025-08-16,2026-08-16,1321191,27431,monthly,active
P005808,C00442,A0020,motor,motor_voluntary,2023-05-31,2024-05-30,2031808,78007,annual,active
P005809,C00262,A0034,motor,motor_voluntary,2022-09-17,2023-09-17,670521,16822,quarterly,lapsed
P005810,C00075,A0039,property,property_fire,2024-08-20,2025-08-20,14981553,150119,annual,active
P005811,C00316,A0022,motor,motor_compulsory,2022-08-23,2023-08-23,1584614,50034,monthly,active
P005812,C02119,A0042,property,property_flood,2024-06-14,2025-06-14,8456031,89560,monthly,active
P005813,C00685,A0050,property,property_fire,2023-12-30,2024-12-29,13315498,124326,quarterly,active
P005814,C00388,A0027,motor,motor_compulsory,2026-05-01,2027-05-01,2065004,47752,quarterly,active
P005815,C00023,A0035,property,property_fire,2025-06-24,2026-06-24,15892527,144079,quarterly,lapsed
P005816,C00166,A0001,property,property_flood,2024-04-23,2025-04-23,9454477,103032,annual,active
P005817,C02576,A0043,motor,motor_compulsory,2024-07-05,2025-07-05,1404933,28486,quarterly,active
P005818,C02045,A0046,motor,motor_compulsory,2023-05-13,2024-05-12,1971986,61081,quarterly,active
P005819,C01361,A0028,property,property_fire,2024-02-21,2025-02-20,4789754,56883,quarterly,active
P005820,C00005,A0014,motor,motor_compulsory,2023-05-29,2024-05-28,1022768,20590,annual,active
P005821,C01268,A0013,motor,motor_voluntary,2023-11-21,2024-11-20,1198356,25663,quarterly,active
P005822,C02663,A0003,motor,motor_compulsory,2024-03-23,2025-03-23,1749811,55138,quarterly,lapsed
P005823,C01603,A0027,motor,motor_compulsory,2024-08-10,2025-08-10,422598,20267,quarterly,active
P005824,C02845,A0015,motor,motor_compulsory,2023-07-12,2024-07-11,479388,14354,monthly,active
P005825,C02197,A0018,motor,motor_voluntary,2024-07-22,2025-07-22,2405114,84423,quarterly,active
P005826,C00581,A0035,motor,motor_voluntary,2023-12-18,2024-12-17,2193597,64278,monthly,active
P005827,C01348,A0028,motor,motor_compulsory,2022-01-04,2023-01-04,1348491,37811,annual,lapsed
P005828,C01055,A0039,property,property_flood,2024-01-11,2025-01-10,17228767,125196,quarterly,active
P005829,C02800,A0034,motor,motor_voluntary,2023-08-24,2024-08-23,841213,37898,annual,active
P005830,C02379,A0015,property,property_flood,2025-09-23,2026-09-23,17778512,122531,quarterly,active
P005831,C00527,A0043,motor,motor_compulsory,2024-01-20,2025-01-19,2013912,98736,monthly,active
P005832,C02432,A0019,property,property_allrisk,2023-12-06,2024-12-05,5250143,52298,annual,cancelled
P005833,C01264,A0030,motor,motor_compulsory,2024-02-05,2025-02-04,1537890,55213,quarterly,active
P005834,C01099,A0033,motor,motor_compulsory,2025-09-03,2026-09-03,1757027,60981,monthly,active
P005835,C02636,A0049,property,property_fire,2023-06-15,2024-06-14,1138286,11694,monthly,active
P005836,C00546,A0024,motor,motor_compulsory,2024-04-25,2025-04-25,484631,16651,annual,active
P005837,C00596,A0012,motor,motor_voluntary,2025-01-08,2026-01-08,1744708,72589,monthly,active
P005838,C02980,A0046,property,property_allrisk,2023-02-07,2024-02-07,2240420,8538,annual,active
P005839,C01117,A0010,motor,motor_voluntary,2026-03-22,2027-03-22,900830,19647,monthly,active
P005840,C01360,A0026,motor,motor_voluntary,2023-06-11,2024-06-10,357761,14873,annual,active
P005841,C02932,A0014,property,property_fire,2022-05-18,2023-05-18,15711529,119393,annual,active
P005842,C00844,A0042,property,property_allrisk,2023-02-08,2024-02-08,19709608,110794,annual,active
P005843,C00641,A0032,property,property_fire,2023-06-19,2024-06-18,6164321,25267,quarterly,active
P005844,C01099,A0016,motor,motor_voluntary,2024-08-14,2025-08-14,690014,22846,quarterly,active
P005845,C01521,A0006,motor,motor_voluntary,2025-07-03,2026-07-03,1711725,78829,quarterly,lapsed
P005846,C00569,A0006,property,property_fire,2024-06-17,2025-06-17,4246764,32294,annual,active
P005847,C02680,A0040,motor,motor_compulsory,2024-05-18,2025-05-18,554181,18985,monthly,active
P005848,C01470,A0015,motor,motor_compulsory,2024-04-01,2025-04-01,232790,9060,quarterly,active
P005849,C01330,A0027,motor,motor_compulsory,2023-12-25,2024-12-24,1021759,38749,monthly,active
P005850,C01485,A0037,motor,motor_compulsory,2023-01-05,2024-01-05,1432391,65168,quarterly,lapsed
P005851,C00355,A0003,property,property_flood,2023-04-07,2024-04-06,14911048,106976,quarterly,lapsed
P005852,C00018,A0015,property,property_fire,2023-06-24,2024-06-23,4346178,42108,monthly,active
P005853,C01063,A0021,motor,motor_voluntary,2023-12-06,2024-12-05,1247562,38230,monthly,active
P005854,C00409,A0012,property,property_flood,2023-10-09,2024-10-08,12239783,80684,monthly,active
P005855,C00765,A0011,property,property_fire,2024-10-05,2025-10-05,18055030,81024,monthly,active
P005856,C01752,A0047,property,property_flood,2026-01-05,2027-01-05,17367425,74471,annual,active
P005857,C00325,A0001,property,property_fire,2025-07-28,2026-07-28,13747491,127580,quarterly,active
P005858,C02175,A0005,property,property_allrisk,2023-05-23,2024-05-22,2035111,19685,quarterly,active
P005859,C01484,A0047,property,property_allrisk,2024-11-30,2025-11-30,7713073,71128,annual,active
P005860,C00936,A0042,motor,motor_compulsory,2023-09-24,2024-09-23,1043677,40454,quarterly,active
P005861,C00698,A0046,motor,motor_voluntary,2022-03-23,2023-03-23,1353920,53051,annual,active
P005862,C00501,A0041,motor,motor_voluntary,2023-06-24,2024-06-23,421564,17628,quarterly,lapsed
P005863,C01640,A0045,motor,motor_compulsory,2023-12-27,2024-12-26,1087841,51294,quarterly,active
P005864,C02305,A0037,motor,motor_voluntary,2023-06-25,2024-06-24,2394763,113968,quarterly,active
P005865,C00222,A0003,motor,motor_voluntary,2025-02-11,2026-02-11,974913,40276,quarterly,active
P005866,C01258,A0010,motor,motor_compulsory,2023-12-12,2024-12-11,1372908,67345,annual,active
P005867,C00649,A0025,motor,motor_voluntary,2023-11-13,2024-11-12,2357964,110200,quarterly,active
P005868,C01879,A0012,property,property_flood,2023-03-26,2024-03-25,3200987,23556,monthly,active
P005869,C00938,A0005,motor,motor_voluntary,2023-12-11,2024-12-10,1852736,60846,quarterly,active
P005870,C02723,A0001,motor,motor_voluntary,2024-07-17,2025-07-17,691510,28599,annual,active
P005871,C00468,A0013,motor,motor_compulsory,2023-11-21,2024-11-20,606082,28260,quarterly,active
P005872,C00621,A0003,motor,motor_voluntary,2024-04-21,2025-04-21,2380038,74640,annual,active
P005873,C01491,A0045,motor,motor_compulsory,2025-10-07,2026-10-07,1895622,78915,annual,active
P005874,C02476,A0020,motor,motor_voluntary,2023-06-05,2024-06-04,257474,10576,monthly,active
P005875,C00053,A0042,motor,motor_compulsory,2023-09-07,2024-09-06,1254466,55670,annual,active
P005876,C02963,A0024,motor,motor_voluntary,2023-05-14,2024-05-13,880005,41499,annual,lapsed
P005877,C00068,A0042,property,property_fire,2025-12-02,2026-12-02,7067224,38676,quarterly,active
P005878,C00597,A0021,motor,motor_voluntary,2023-06-13,2024-06-12,2426290,66211,annual,lapsed
P005879,C00864,A0009,property,property_flood,2022-04-26,2023-04-26,17766708,97479,monthly,lapsed
P005880,C01683,A0021,motor,motor_voluntary,2024-01-05,2025-01-04,1068207,40152,annual,active
P005881,C00259,A0009,property,property_allrisk,2025-11-14,2026-11-14,9656658,110580,annual,active
P005882,C02083,A0016,motor,motor_compulsory,2023-08-19,2024-08-18,1892512,77732,monthly,active
P005883,C01295,A0002,motor,motor_compulsory,2024-08-29,2025-08-29,321396,14002,quarterly,active
P005884,C01917,A0030,motor,motor_voluntary,2024-11-22,2025-11-22,2496567,111563,quarterly,active
P005885,C02681,A0042,motor,motor_compulsory,2026-03-13,2027-03-13,1281251,50115,monthly,active
P005886,C02948,A0021,property,property_fire,2024-05-22,2025-05-22,6690277,58905,monthly,active
P005887,C01089,A0032,motor,motor_compulsory,2025-11-25,2026-11-25,1474967,40262,annual,active
P005888,C01029,A0049,motor,motor_voluntary,2023-01-10,2024-01-10,2185323,107630,quarterly,active
P005889,C02050,A0023,motor,motor_compulsory,2025-02-10,2026-02-10,2224964,97359,annual,active
P005890,C02932,A0014,motor,motor_voluntary,2023-04-19,2024-04-18,2214256,95210,quarterly,active
P005891,C02912,A0022,motor,motor_voluntary,2024-10-18,2025-10-18,2283731,46496,monthly,active
P005892,C00312,A0020,motor,motor_voluntary,2024-03-27,2025-03-27,1367235,34560,quarterly,active
P005893,C02109,A0005,motor,motor_compulsory,2024-03-30,2025-03-30,724088,19364,quarterly,active
P005894,C02720,A0020,property,property_fire,2023-09-06,2024-09-05,1308063,15400,annual,active
P005895,C02946,A0003,motor,motor_voluntary,2024-09-16,2025-09-16,2476542,57091,annual,active
P005896,C01461,A0007,property,property_fire,2025-03-23,2026-03-23,2151693,18711,annual,lapsed
P005897,C02260,A0011,motor,motor_voluntary,2024-07-12,2025-07-12,1872851,48154,quarterly,active
P005898,C00611,A0004,motor,motor_voluntary,2024-06-02,2025-06-02,1526491,73347,quarterly,active
P005899,C02396,A0028,motor,motor_voluntary,2023-10-14,2024-10-13,1808358,37342,quarterly,active
P005900,C01909,A0026,motor,motor_compulsory,2022-05-16,2023-05-16,2016077,85143,monthly,active
P005901,C00952,A0007,motor,motor_compulsory,2025-06-25,2026-06-25,1656148,74506,annual,active
P005902,C00673,A0023,motor,motor_voluntary,2025-06-29,2026-06-29,1806183,89219,monthly,active
P005903,C02353,A0042,motor,motor_voluntary,2026-02-18,2027-02-18,1152521,56666,monthly,lapsed
P005904,C00538,A0031,motor,motor_voluntary,2024-05-26,2025-05-26,2158458,65183,quarterly,active
P005905,C00096,A0031,property,property_fire,2024-10-31,2025-10-31,3610033,36160,monthly,active
P005906,C01227,A0041,property,property_flood,2025-08-12,2026-08-12,9452800,68852,annual,active
P005907,C00895,A0027,motor,motor_compulsory,2022-04-16,2023-04-16,1649683,45174,quarterly,active
P005908,C01635,A0030,property,property_flood,2026-01-17,2027-01-17,7075288,62411,annual,active
P005909,C01395,A0024,motor,motor_voluntary,2024-06-28,2025-06-28,1866225,90824,annual,active
P005910,C00178,A0018,motor,motor_compulsory,2023-01-09,2024-01-09,1523802,31042,quarterly,active
P005911,C02277,A0031,motor,motor_compulsory,2024-01-18,2025-01-17,464305,22033,annual,active
P005912,C02555,A0027,motor,motor_compulsory,2025-11-28,2026-11-28,1879530,84532,quarterly,active
P005913,C01040,A0047,motor,motor_voluntary,2023-06-17,2024-06-16,1511707,43109,monthly,active
P005914,C00488,A0045,motor,motor_compulsory,2024-07-22,2025-07-22,2246689,63990,quarterly,active
P005915,C01490,A0048,property,property_flood,2022-10-18,2023-10-18,15504218,48493,annual,lapsed
P005916,C02958,A0029,motor,motor_compulsory,2025-05-03,2026-05-03,644759,12931,annual,active
P005917,C02861,A0030,motor,motor_voluntary,2022-02-02,2023-02-02,1312889,56139,annual,active
P005918,C00349,A0010,motor,motor_voluntary,2024-07-19,2025-07-19,1708453,42113,annual,active
P005919,C02248,A0004,motor,motor_voluntary,2023-06-23,2024-06-22,448103,17150,annual,active
P005920,C00713,A0047,property,property_flood,2025-07-18,2026-07-18,12804189,127223,quarterly,active
P005921,C01581,A0005,motor,motor_voluntary,2023-12-02,2024-12-01,1976656,77044,annual,active
P005922,C02191,A0030,motor,motor_compulsory,2024-05-11,2025-05-11,748253,31946,annual,active
P005923,C01760,A0023,motor,motor_voluntary,2023-10-21,2024-10-20,874571,37181,quarterly,active
P005924,C00034,A0012,motor,motor_voluntary,2023-06-21,2024-06-20,1515456,38920,quarterly,active
P005925,C01680,A0030,motor,motor_compulsory,2023-05-09,2024-05-08,684743,21737,monthly,active
P005926,C01820,A0005,motor,motor_voluntary,2023-08-06,2024-08-05,1411085,68742,monthly,active
P005927,C01638,A0024,motor,motor_voluntary,2022-10-25,2023-10-25,1646258,36222,annual,cancelled
P005928,C02324,A0015,motor,motor_compulsory,2025-07-27,2026-07-27,1453527,62676,annual,active
P005929,C00758,A0007,motor,motor_compulsory,2022-01-18,2023-01-18,2340555,108406,annual,lapsed
P005930,C02951,A0006,motor,motor_compulsory,2024-03-22,2025-03-22,706288,24264,quarterly,active
P005931,C02083,A0022,motor,motor_voluntary,2024-08-22,2025-08-22,1710201,52799,monthly,active
P005932,C01551,A0016,motor,motor_voluntary,2023-01-21,2024-01-21,264755,10152,annual,active
P005933,C01115,A0036,motor,motor_voluntary,2023-03-03,2024-03-02,628474,23917,annual,active
P005934,C01946,A0005,motor,motor_voluntary,2025-05-17,2026-05-17,1090912,41479,annual,active
P005935,C02770,A0024,property,property_allrisk,2022-09-24,2023-09-24,6905665,71133,annual,active
P005936,C02746,A0050,property,property_flood,2022-09-16,2023-09-16,17907704,172606,annual,lapsed
P005937,C02983,A0033,motor,motor_voluntary,2023-11-01,2024-10-31,2176070,62486,monthly,active
P005938,C00807,A0016,motor,motor_voluntary,2024-02-24,2025-02-23,637418,17996,monthly,lapsed
P005939,C02608,A0033,motor,motor_voluntary,2024-03-23,2025-03-23,487514,22094,monthly,active
P005940,C00787,A0027,motor,motor_compulsory,2023-09-04,2024-09-03,925828,25374,monthly,lapsed
P005941,C01464,A0022,motor,motor_compulsory,2025-07-05,2026-07-05,1827783,44113,monthly,active
P005942,C00174,A0020,property,property_flood,2024-09-22,2025-09-22,9626338,54222,annual,active
P005943,C01764,A0036,motor,motor_compulsory,2024-08-06,2025-08-06,1843892,47903,annual,active
P005944,C02434,A0026,motor,motor_voluntary,2023-04-29,2024-04-28,2180042,73533,quarterly,active
P005945,C01241,A0050,motor,motor_compulsory,2023-01-14,2024-01-14,1719300,82182,monthly,active
P005946,C00093,A0021,motor,motor_voluntary,2024-05-31,2025-05-31,2177252,73166,quarterly,active
P005947,C02422,A0041,motor,motor_voluntary,2022-09-25,2023-09-25,1002242,33347,quarterly,lapsed
P005948,C01808,A0029,property,property_flood,2023-07-14,2024-07-13,6010583,60639,annual,lapsed
P005949,C02454,A0006,property,property_flood,2024-10-24,2025-10-24,18018744,207863,annual,cancelled
P005950,C02407,A0028,motor,motor_voluntary,2025-08-04,2026-08-04,693958,30135,monthly,lapsed
P005951,C01764,A0010,property,property_fire,2024-06-19,2025-06-19,18826064,203871,quarterly,lapsed
P005952,C00053,A0016,motor,motor_voluntary,2023-02-26,2024-02-26,1861874,43888,quarterly,active
P005953,C00396,A0045,property,property_flood,2025-10-18,2026-10-18,1439171,16704,quarterly,active
P005954,C00085,A0003,motor,motor_compulsory,2024-04-18,2025-04-18,2006997,67348,annual,active
P005955,C00557,A0043,motor,motor_voluntary,2025-04-19,2026-04-19,2227047,107567,quarterly,active
P005956,C00996,A0048,motor,motor_compulsory,2023-07-15,2024-07-14,1292320,43574,annual,lapsed
P005957,C02316,A0029,property,property_flood,2023-06-04,2024-06-03,11710817,95255,monthly,active
P005958,C02835,A0002,motor,motor_voluntary,2022-03-21,2023-03-21,1716325,59215,monthly,active
P005959,C00464,A0047,motor,motor_compulsory,2025-04-08,2026-04-08,1538828,69884,monthly,lapsed
P005960,C02508,A0006,property,property_fire,2023-01-05,2024-01-05,16606118,107235,annual,active
P005961,C02695,A0024,motor,motor_compulsory,2023-03-17,2024-03-16,517240,15680,quarterly,active
P005962,C00993,A0013,motor,motor_voluntary,2022-05-05,2023-05-05,221063,5942,quarterly,active
P005963,C00381,A0028,motor,motor_voluntary,2025-09-01,2026-09-01,992523,23145,quarterly,active
P005964,C00369,A0013,property,property_flood,2025-09-03,2026-09-03,4241227,15964,quarterly,active
P005965,C02486,A0010,property,property_allrisk,2024-05-17,2025-05-17,18523476,164544,annual,lapsed
P005966,C02608,A0012,motor,motor_voluntary,2022-03-18,2023-03-18,1802841,72273,annual,active
P005967,C01343,A0004,motor,motor_voluntary,2024-11-01,2025-11-01,484112,11023,annual,active
P005968,C00656,A0007,motor,motor_voluntary,2023-07-11,2024-07-10,1368756,54693,annual,active
P005969,C01273,A0030,motor,motor_voluntary,2023-12-11,2024-12-10,2455860,87800,monthly,active
P005970,C02877,A0023,motor,motor_compulsory,2022-06-07,2023-06-07,1384350,65615,annual,active
P005971,C00752,A0012,property,property_allrisk,2022-08-09,2023-08-09,7452089,31789,monthly,active
P005972,C02246,A0038,property,property_flood,2024-11-07,2025-11-07,4685344,48508,annual,active
P005973,C00659,A0016,motor,motor_compulsory,2023-06-19,2024-06-18,420757,17809,monthly,cancelled
P005974,C00258,A0021,motor,motor_voluntary,2023-03-31,2024-03-30,1761141,40498,monthly,active
P005975,C02750,A0001,motor,motor_voluntary,2022-12-20,2023-12-20,1715952,56157,annual,active
P005976,C02276,A0049,motor,motor_voluntary,2024-10-15,2025-10-15,2063885,58421,monthly,active
P005977,C00775,A0019,motor,motor_compulsory,2022-01-09,2023-01-09,608011,25265,monthly,active
P005978,C00610,A0044,motor,motor_voluntary,2026-04-17,2027-04-17,933213,43267,monthly,active
P005979,C01814,A0027,property,property_allrisk,2023-08-16,2024-08-15,4695624,37044,quarterly,active
P005980,C02308,A0046,property,property_fire,2025-10-24,2026-10-24,16681989,129699,monthly,active
P005981,C00997,A0014,motor,motor_compulsory,2024-03-12,2025-03-12,2132792,66590,annual,active
P005982,C00424,A0049,motor,motor_voluntary,2023-12-09,2024-12-08,641896,16270,monthly,lapsed
P005983,C00619,A0009,property,property_allrisk,2024-12-27,2025-12-27,8912002,49206,monthly,lapsed
P005984,C00002,A0045,property,property_fire,2023-03-31,2024-03-30,13440642,49519,annual,lapsed
P005985,C00928,A0022,motor,motor_compulsory,2025-02-02,2026-02-02,406778,12869,quarterly,active
P005986,C02767,A0023,property,property_flood,2023-02-19,2024-02-19,10070827,108808,monthly,active
P005987,C01981,A0048,property,property_flood,2026-01-02,2027-01-02,14165765,43929,quarterly,active
P005988,C02535,A0017,motor,motor_voluntary,2022-10-31,2023-10-31,2216996,61067,annual,active
P005989,C01619,A0037,motor,motor_compulsory,2022-01-31,2023-01-31,1873544,87512,quarterly,active
P005990,C02542,A0023,motor,motor_compulsory,2022-03-16,2023-03-16,1566929,63262,monthly,active
P005991,C02910,A0028,property,property_allrisk,2023-10-12,2024-10-11,9214312,90418,quarterly,cancelled
P005992,C01413,A0042,motor,motor_compulsory,2024-09-15,2025-09-15,1133503,23560,annual,active
P005993,C00857,A0013,motor,motor_voluntary,2023-10-06,2024-10-05,1893150,51708,quarterly,active
P005994,C02099,A0042,motor,motor_compulsory,2023-09-18,2024-09-17,576656,26578,annual,active
P005995,C00102,A0022,motor,motor_voluntary,2025-12-21,2026-12-21,1963452,83160,quarterly,lapsed
P005996,C00600,A0042,motor,motor_voluntary,2026-02-28,2027-02-28,1598790,65261,monthly,active
P005997,C01524,A0027,motor,motor_compulsory,2023-10-09,2024-10-08,1883589,58847,annual,active
P005998,C02201,A0006,motor,motor_compulsory,2025-06-18,2026-06-18,1850656,42109,monthly,active
P005999,C00134,A0012,motor,motor_voluntary,2023-03-22,2024-03-21,290199,6937,annual,active
P006000,C01021,A0005,motor,motor_voluntary,2023-11-15,2024-11-14,1959984,58769,annual,lapsed
P006001,C00577,A0012,motor,motor_compulsory,2023-06-21,2024-06-20,2115798,77633,monthly,active
P006002,C02143,A0025,motor,motor_compulsory,2023-04-19,2024-04-18,1691408,40227,monthly,active
P006003,C02829,A0043,motor,motor_compulsory,2025-11-07,2026-11-07,1174257,40220,annual,active
P006004,C01527,A0050,motor,motor_voluntary,2023-11-03,2024-11-02,2036388,49823,quarterly,active
P006005,C01478,A0011,property,property_flood,2024-06-05,2025-06-05,16960332,91596,monthly,active
P006006,C00027,A0025,motor,motor_voluntary,2023-10-29,2024-10-28,2414338,57369,quarterly,lapsed
P006007,C02862,A0040,motor,motor_voluntary,2022-11-11,2023-11-11,2029959,69259,quarterly,active
P006008,C02794,A0039,motor,motor_compulsory,2023-07-06,2024-07-05,2324398,110787,monthly,active
P006009,C00507,A0041,motor,motor_compulsory,2023-09-13,2024-09-12,2045338,83314,quarterly,active
P006010,C02189,A0037,motor,motor_compulsory,2026-03-12,2027-03-12,2029118,50949,monthly,lapsed
P006011,C01479,A0039,motor,motor_compulsory,2024-11-19,2025-11-19,1659770,49740,annual,active
P006012,C01415,A0015,motor,motor_voluntary,2023-04-27,2024-04-26,1326604,34491,monthly,active
P006013,C01340,A0043,motor,motor_voluntary,2025-01-13,2026-01-13,644343,29746,annual,active
P006014,C02301,A0003,property,property_allrisk,2024-03-03,2025-03-03,13366798,71735,quarterly,active
P006015,C02700,A0028,motor,motor_voluntary,2025-01-14,2026-01-14,2267179,64703,annual,active
P006016,C01493,A0047,motor,motor_compulsory,2024-03-06,2025-03-06,1925240,60341,monthly,active
P006017,C01010,A0042,motor,motor_voluntary,2025-11-24,2026-11-24,2116391,86741,annual,cancelled
P006018,C00199,A0020,motor,motor_compulsory,2026-04-04,2027-04-04,1290194,51563,quarterly,lapsed
P006019,C00794,A0001,property,property_flood,2023-01-20,2024-01-20,13012268,113082,quarterly,active
P006020,C00339,A0021,property,property_flood,2022-10-11,2023-10-11,18425717,106217,annual,active
P006021,C01612,A0039,motor,motor_compulsory,2023-03-05,2024-03-04,1009608,29036,annual,active
P006022,C00938,A0043,motor,motor_compulsory,2023-06-19,2024-06-18,499672,12988,monthly,active
P006023,C01768,A0045,property,property_fire,2023-02-01,2024-02-01,10383189,37338,monthly,active
P006024,C01719,A0018,property,property_flood,2023-06-15,2024-06-14,6608246,75067,annual,active
P006025,C00136,A0042,motor,motor_voluntary,2024-09-03,2025-09-03,1638412,75926,monthly,active
P006026,C01636,A0012,motor,motor_voluntary,2023-11-08,2024-11-07,352590,7714,monthly,active
P006027,C02996,A0039,property,property_fire,2026-01-02,2027-01-02,1263134,12785,monthly,lapsed
P006028,C00916,A0046,motor,motor_compulsory,2025-04-17,2026-04-17,884655,24220,quarterly,lapsed
P006029,C02425,A0044,motor,motor_compulsory,2024-06-27,2025-06-27,1621215,34163,quarterly,active
P006030,C00933,A0040,property,property_flood,2022-06-20,2023-06-20,12783565,135843,annual,active
P006031,C01018,A0022,property,property_fire,2025-04-26,2026-04-26,1871205,13569,annual,cancelled
P006032,C02821,A0031,motor,motor_compulsory,2025-11-09,2026-11-09,1962138,93907,monthly,active
P006033,C01728,A0028,motor,motor_compulsory,2025-09-10,2026-09-10,2104623,95221,monthly,active
P006034,C01103,A0031,motor,motor_compulsory,2025-11-25,2026-11-25,2358320,68807,annual,active
P006035,C02266,A0011,motor,motor_voluntary,2023-07-20,2024-07-19,1966919,96198,annual,active
P006036,C00480,A0024,property,property_allrisk,2023-05-12,2024-05-11,18946061,201141,quarterly,active
P006037,C00385,A0032,motor,motor_voluntary,2022-10-16,2023-10-16,1439067,43256,monthly,active
P006038,C01724,A0045,motor,motor_compulsory,2022-06-24,2023-06-24,1601330,60172,monthly,active
P006039,C00354,A0043,motor,motor_voluntary,2022-01-30,2023-01-30,1622429,48478,annual,active
P006040,C00563,A0024,motor,motor_compulsory,2024-12-12,2025-12-12,1446324,69969,monthly,active
P006041,C02403,A0021,motor,motor_compulsory,2025-03-05,2026-03-05,851464,17764,annual,lapsed
P006042,C02293,A0039,motor,motor_compulsory,2023-01-25,2024-01-25,215287,7853,monthly,active
P006043,C02638,A0045,motor,motor_voluntary,2024-09-19,2025-09-19,683614,26894,annual,active
P006044,C01389,A0008,motor,motor_voluntary,2025-09-07,2026-09-07,2316721,62689,annual,active
P006045,C02402,A0006,property,property_fire,2026-04-23,2027-04-23,7490100,60265,monthly,active
P006046,C01057,A0038,motor,motor_compulsory,2022-08-13,2023-08-13,1142838,43337,annual,active
P006047,C00698,A0010,motor,motor_voluntary,2022-07-15,2023-07-15,2076715,62663,monthly,active
P006048,C02320,A0021,motor,motor_compulsory,2023-05-30,2024-05-29,326619,12071,quarterly,cancelled
P006049,C02292,A0011,property,property_allrisk,2023-10-23,2024-10-22,8132201,96691,quarterly,active
P006050,C00281,A0003,motor,motor_compulsory,2023-04-01,2024-03-31,1778627,63555,quarterly,active
P006051,C02560,A0015,motor,motor_voluntary,2026-04-07,2027-04-07,657053,19188,monthly,active
P006052,C00919,A0025,property,property_flood,2023-06-01,2024-05-31,13640799,132096,monthly,active
P006053,C02232,A0005,motor,motor_voluntary,2023-10-24,2024-10-23,2402525,71915,monthly,active
P006054,C02178,A0027,property,property_allrisk,2025-12-17,2026-12-17,13496154,99647,annual,active
P006055,C00730,A0019,motor,motor_compulsory,2024-09-09,2025-09-09,403090,16438,quarterly,active
P006056,C00813,A0001,property,property_flood,2023-02-08,2024-02-08,15749419,153235,monthly,active
P006057,C01609,A0015,motor,motor_voluntary,2023-07-20,2024-07-19,2191538,65170,monthly,active
P006058,C01738,A0049,motor,motor_compulsory,2025-10-30,2026-10-30,2264989,104955,monthly,lapsed
P006059,C02644,A0023,property,property_fire,2024-09-12,2025-09-12,5949342,50385,annual,active
P006060,C00687,A0031,motor,motor_voluntary,2023-07-26,2024-07-25,1440262,61307,monthly,cancelled
P006061,C01985,A0044,motor,motor_voluntary,2025-10-10,2026-10-10,1079272,38231,monthly,active
P006062,C02070,A0049,motor,motor_voluntary,2025-02-17,2026-02-17,1889365,37903,quarterly,active
P006063,C00549,A0009,property,property_flood,2022-07-18,2023-07-18,17540236,145105,monthly,active
P006064,C01165,A0014,motor,motor_voluntary,2022-06-14,2023-06-14,1369147,67628,quarterly,lapsed
P006065,C02059,A0032,property,property_flood,2024-03-09,2025-03-09,13192174,85238,annual,active
P006066,C01355,A0002,property,property_allrisk,2022-02-23,2023-02-23,9245295,101936,monthly,cancelled
P006067,C01168,A0023,motor,motor_voluntary,2024-03-07,2025-03-07,1680630,35682,monthly,cancelled
P006068,C02328,A0012,motor,motor_compulsory,2024-01-03,2025-01-02,1177730,36734,quarterly,active
P006069,C02143,A0035,motor,motor_voluntary,2024-05-18,2025-05-18,1986296,43773,annual,active
P006070,C02668,A0006,motor,motor_voluntary,2022-08-11,2023-08-11,2327629,78083,monthly,active
P006071,C01820,A0046,motor,motor_voluntary,2024-03-19,2025-03-19,1073946,26471,quarterly,active
P006072,C02702,A0001,property,property_flood,2023-03-07,2024-03-06,10716780,63812,quarterly,active
P006073,C01183,A0042,property,property_allrisk,2025-07-04,2026-07-04,15404790,47254,annual,active
P006074,C02346,A0040,motor,motor_voluntary,2023-10-24,2024-10-23,2103620,44444,monthly,active
P006075,C02082,A0048,property,property_fire,2026-04-09,2027-04-09,3953724,18085,quarterly,active
P006076,C02683,A0011,property,property_fire,2024-02-13,2025-02-12,12649081,68556,quarterly,lapsed
P006077,C01151,A0026,property,property_allrisk,2025-11-16,2026-11-16,16100744,87516,quarterly,lapsed
P006078,C00259,A0037,property,property_allrisk,2023-04-08,2024-04-07,13963908,131866,quarterly,active
P006079,C02195,A0024,motor,motor_voluntary,2023-10-16,2024-10-15,1610287,45578,annual,active
P006080,C01531,A0048,property,property_fire,2026-03-15,2027-03-15,3662266,22864,monthly,active
P006081,C00618,A0049,motor,motor_compulsory,2023-12-17,2024-12-16,1755821,46471,annual,active
P006082,C02874,A0048,motor,motor_voluntary,2023-12-15,2024-12-14,842066,27483,quarterly,active
P006083,C02272,A0029,property,property_fire,2025-05-18,2026-05-18,11827438,84029,annual,lapsed
P006084,C01617,A0006,property,property_fire,2023-07-24,2024-07-23,12563330,56125,monthly,active
P006085,C01732,A0028,motor,motor_compulsory,2023-06-15,2024-06-14,2015720,99145,annual,lapsed
P006086,C02252,A0023,property,property_flood,2024-05-01,2025-05-01,12535713,65104,quarterly,lapsed
P006087,C00675,A0041,motor,motor_voluntary,2024-06-27,2025-06-27,2058459,50940,monthly,active
P006088,C02393,A0016,motor,motor_compulsory,2024-03-06,2025-03-06,1646435,38891,quarterly,active
P006089,C02720,A0001,motor,motor_compulsory,2026-01-12,2027-01-12,1190073,25546,annual,active
P006090,C00500,A0006,motor,motor_compulsory,2024-07-22,2025-07-22,738242,33553,quarterly,active
P006091,C00108,A0047,motor,motor_compulsory,2023-09-04,2024-09-03,1187565,57256,annual,active
P006092,C00919,A0034,motor,motor_compulsory,2024-01-29,2025-01-28,1630354,54926,monthly,active
P006093,C01632,A0018,property,property_allrisk,2024-08-08,2025-08-08,1647447,6484,annual,active
P006094,C02352,A0029,motor,motor_voluntary,2022-11-24,2023-11-24,1591431,61187,annual,active
P006095,C00286,A0013,property,property_allrisk,2022-04-11,2023-04-11,7807095,75355,annual,lapsed
P006096,C02927,A0007,property,property_allrisk,2022-01-03,2023-01-03,1237680,13822,quarterly,active
P006097,C00466,A0028,motor,motor_compulsory,2025-09-06,2026-09-06,2252587,53347,quarterly,active
P006098,C01047,A0024,property,property_fire,2023-12-31,2024-12-30,3648512,37452,quarterly,active
P006099,C00797,A0032,motor,motor_compulsory,2023-03-05,2024-03-04,783959,28240,monthly,active
P006100,C00824,A0032,motor,motor_compulsory,2025-12-31,2026-12-31,1999556,46394,annual,lapsed
P006101,C00693,A0032,motor,motor_voluntary,2023-09-13,2024-09-12,1482893,54288,monthly,active
P006102,C01631,A0005,property,property_fire,2025-04-10,2026-04-10,14325927,155622,annual,active
P006103,C01413,A0020,motor,motor_voluntary,2023-12-01,2024-11-30,1710191,84341,monthly,lapsed
P006104,C02691,A0001,property,property_allrisk,2022-06-26,2023-06-26,16844765,123634,quarterly,active
P006105,C01089,A0029,motor,motor_compulsory,2023-05-12,2024-05-11,1105519,33283,annual,active
P006106,C01061,A0023,motor,motor_compulsory,2026-03-15,2027-03-15,1876446,91414,monthly,active
P006107,C02633,A0047,property,property_fire,2023-10-12,2024-10-11,7000281,65771,annual,active
P006108,C02312,A0007,property,property_allrisk,2023-09-20,2024-09-19,6341168,46905,quarterly,active
P006109,C01880,A0045,property,property_allrisk,2023-05-09,2024-05-08,11750429,66956,monthly,lapsed
P006110,C01091,A0008,motor,motor_voluntary,2023-12-13,2024-12-12,2029120,71481,annual,active
P006111,C00054,A0034,property,property_fire,2022-01-21,2023-01-21,10719263,82813,annual,active
P006112,C00884,A0041,motor,motor_compulsory,2025-11-07,2026-11-07,729455,20454,monthly,active
P006113,C02462,A0012,motor,motor_voluntary,2025-12-02,2026-12-02,2166195,57528,quarterly,active
P006114,C00309,A0024,motor,motor_voluntary,2022-06-21,2023-06-21,1878647,75764,quarterly,active
P006115,C01567,A0042,motor,motor_voluntary,2023-04-01,2024-03-31,2214186,66123,annual,active
P006116,C02963,A0027,motor,motor_compulsory,2025-12-14,2026-12-14,688451,30550,annual,active
P006117,C01950,A0036,motor,motor_voluntary,2023-06-01,2024-05-31,1070527,34633,monthly,active
P006118,C02267,A0039,motor,motor_voluntary,2025-02-15,2026-02-15,318196,12368,quarterly,active
P006119,C02197,A0048,motor,motor_compulsory,2026-01-23,2027-01-23,1484507,52898,monthly,lapsed
P006120,C02684,A0016,property,property_flood,2023-07-19,2024-07-18,7439152,89055,annual,lapsed
P006121,C00027,A0035,motor,motor_voluntary,2023-10-15,2024-10-14,563589,16794,monthly,lapsed
P006122,C01936,A0015,property,property_fire,2023-10-18,2024-10-17,13666522,127435,monthly,active
P006123,C00458,A0027,property,property_fire,2023-05-01,2024-04-30,17950260,187053,monthly,active
P006124,C01513,A0031,motor,motor_voluntary,2026-02-14,2027-02-14,1999513,99294,annual,active
P006125,C01427,A0011,motor,motor_compulsory,2025-04-14,2026-04-14,2480245,105345,annual,active
P006126,C02153,A0003,motor,motor_voluntary,2025-04-12,2026-04-12,238966,5966,monthly,active
P006127,C00729,A0037,motor,motor_compulsory,2026-03-03,2027-03-03,1077359,39743,monthly,active
P006128,C00857,A0047,motor,motor_voluntary,2023-05-18,2024-05-17,2114938,101775,annual,active
P006129,C01389,A0003,property,property_fire,2025-02-13,2026-02-13,15829507,96617,annual,active
P006130,C00904,A0002,motor,motor_voluntary,2024-07-15,2025-07-15,241595,10936,monthly,active
P006131,C00724,A0018,motor,motor_compulsory,2024-07-26,2025-07-26,316088,14366,monthly,cancelled
P006132,C02796,A0005,property,property_fire,2023-05-01,2024-04-30,8261527,50997,annual,active
P006133,C00573,A0030,motor,motor_voluntary,2024-04-02,2025-04-02,1334985,55100,monthly,active
P006134,C00106,A0043,property,property_fire,2025-01-24,2026-01-24,2666556,20383,monthly,active
P006135,C01679,A0009,motor,motor_voluntary,2026-01-10,2027-01-10,2145147,97020,monthly,active
P006136,C02189,A0039,motor,motor_compulsory,2022-10-09,2023-10-09,2449800,118514,quarterly,active
P006137,C02643,A0004,motor,motor_compulsory,2026-04-20,2027-04-20,884640,24296,monthly,cancelled
P006138,C00433,A0024,property,property_flood,2025-03-18,2026-03-18,2403037,8725,monthly,active
P006139,C02803,A0028,motor,motor_compulsory,2022-10-16,2023-10-16,2049804,100459,quarterly,active
P006140,C02671,A0001,motor,motor_compulsory,2024-08-19,2025-08-19,2037939,78770,monthly,lapsed
P006141,C01314,A0045,motor,motor_voluntary,2023-04-07,2024-04-06,1316845,41461,monthly,lapsed
P006142,C01482,A0045,motor,motor_compulsory,2022-02-07,2023-02-07,1665158,35186,annual,active
P006143,C02560,A0008,motor,motor_voluntary,2023-09-28,2024-09-27,1938070,91110,annual,active
P006144,C01015,A0039,motor,motor_compulsory,2024-04-27,2025-04-27,2234276,105046,annual,active
P006145,C02487,A0015,property,property_fire,2024-03-27,2025-03-27,6834108,35553,quarterly,active
P006146,C01951,A0035,property,property_flood,2023-05-07,2024-05-06,16670385,146840,annual,active
P006147,C02398,A0037,motor,motor_voluntary,2023-05-16,2024-05-15,2153281,94918,monthly,active
P006148,C00675,A0017,motor,motor_voluntary,2024-11-28,2025-11-28,429767,12847,monthly,active
P006149,C02100,A0019,property,property_allrisk,2025-06-25,2026-06-25,5419672,17955,monthly,lapsed
P006150,C01638,A0020,motor,motor_voluntary,2024-05-14,2025-05-14,2122340,101753,annual,active
P006151,C02353,A0015,property,property_allrisk,2024-03-29,2025-03-29,4772426,25641,quarterly,lapsed
P006152,C01956,A0045,motor,motor_compulsory,2023-01-23,2024-01-23,1520345,71297,monthly,active
P006153,C00455,A0026,motor,motor_voluntary,2025-12-17,2026-12-17,1746352,40571,monthly,active
P006154,C00005,A0011,motor,motor_compulsory,2024-03-02,2025-03-02,1247962,33787,monthly,active
P006155,C00572,A0010,motor,motor_voluntary,2023-02-20,2024-02-20,764695,16932,annual,active
P006156,C01003,A0016,property,property_flood,2025-09-24,2026-09-24,7340792,52320,monthly,lapsed
P006157,C02848,A0021,motor,motor_voluntary,2022-07-28,2023-07-28,418421,19688,monthly,active
P006158,C01243,A0048,motor,motor_compulsory,2022-04-07,2023-04-07,235090,4989,annual,active
P006159,C00646,A0017,motor,motor_voluntary,2026-04-27,2027-04-27,1881910,52816,quarterly,active
P006160,C02486,A0038,motor,motor_voluntary,2023-12-25,2024-12-24,911345,34409,monthly,active
P006161,C00696,A0050,property,property_allrisk,2024-05-07,2025-05-07,11579950,39623,quarterly,active
P006162,C00661,A0048,property,property_flood,2023-12-05,2024-12-04,5443183,38726,quarterly,active
P006163,C00764,A0025,motor,motor_voluntary,2024-04-07,2025-04-07,2254158,64665,annual,active
P006164,C01359,A0040,motor,motor_voluntary,2023-10-26,2024-10-25,2449451,74280,monthly,active
P006165,C01841,A0039,motor,motor_compulsory,2025-12-25,2026-12-25,2374605,64506,monthly,active
P006166,C01117,A0008,motor,motor_compulsory,2023-07-26,2024-07-25,1476280,44456,monthly,active
P006167,C00747,A0015,property,property_fire,2023-05-28,2024-05-27,8829185,61135,monthly,lapsed
P006168,C02886,A0041,property,property_flood,2024-02-05,2025-02-04,19524711,70454,quarterly,active
P006169,C00597,A0042,motor,motor_compulsory,2024-05-30,2025-05-30,807406,34856,monthly,active
P006170,C01850,A0050,motor,motor_compulsory,2025-11-11,2026-11-11,2262637,58947,quarterly,active
P006171,C00936,A0043,property,property_fire,2026-01-27,2027-01-27,5042021,43820,annual,active
P006172,C00564,A0001,property,property_allrisk,2023-02-19,2024-02-19,10743140,101601,annual,lapsed
P006173,C00421,A0011,motor,motor_compulsory,2026-02-14,2027-02-14,2111809,77655,quarterly,active
P006174,C02786,A0015,property,property_fire,2023-11-24,2024-11-23,11532803,85358,annual,active
P006175,C00449,A0004,property,property_fire,2022-01-13,2023-01-13,2822379,8682,annual,lapsed
P006176,C02171,A0031,motor,motor_voluntary,2023-07-11,2024-07-10,905861,21170,annual,lapsed
P006177,C01504,A0019,motor,motor_voluntary,2025-10-28,2026-10-28,1417541,32820,monthly,active
P006178,C01502,A0024,property,property_allrisk,2023-10-13,2024-10-12,6911758,66525,monthly,lapsed
P006179,C00717,A0046,motor,motor_voluntary,2023-07-02,2024-07-01,2205894,107057,annual,active
P006180,C00257,A0045,property,property_allrisk,2023-10-11,2024-10-10,19423290,173986,quarterly,active
P006181,C01194,A0026,property,property_allrisk,2022-09-29,2023-09-29,12051664,69999,quarterly,lapsed
P006182,C02519,A0002,motor,motor_compulsory,2022-07-08,2023-07-08,960735,36480,monthly,lapsed
P006183,C01778,A0042,motor,motor_compulsory,2023-07-20,2024-07-19,1138749,49493,monthly,cancelled
P006184,C01119,A0007,motor,motor_voluntary,2022-09-08,2023-09-08,2006727,67776,annual,active
P006185,C00840,A0015,motor,motor_compulsory,2023-01-28,2024-01-28,331313,11630,quarterly,lapsed
P006186,C00504,A0049,motor,motor_voluntary,2026-01-31,2027-01-31,1693304,40011,monthly,cancelled
P006187,C01809,A0047,property,property_allrisk,2022-03-27,2023-03-27,6935476,63570,monthly,active
P006188,C02371,A0037,motor,motor_voluntary,2026-04-02,2027-04-02,1566566,41841,monthly,active
P006189,C02254,A0020,property,property_flood,2023-11-03,2024-11-02,12234303,127440,annual,active
P006190,C00815,A0026,property,property_flood,2022-04-28,2023-04-28,4433482,30210,monthly,active
P006191,C00816,A0045,motor,motor_compulsory,2025-08-06,2026-08-06,696989,25967,annual,active
P006192,C02984,A0021,motor,motor_voluntary,2024-01-24,2025-01-23,837050,31626,quarterly,active
P006193,C00041,A0049,property,property_allrisk,2023-06-27,2024-06-26,8931849,81942,quarterly,active
P006194,C01226,A0020,property,property_flood,2022-02-13,2023-02-13,5664339,38877,quarterly,active
P006195,C02306,A0025,motor,motor_voluntary,2025-11-07,2026-11-07,2248027,110334,annual,cancelled
P006196,C02535,A0042,property,property_flood,2022-07-22,2023-07-22,14877413,111355,annual,lapsed
P006197,C02097,A0004,property,property_flood,2023-11-15,2024-11-14,12505204,129801,quarterly,active
P006198,C02282,A0002,motor,motor_compulsory,2024-12-27,2025-12-27,877987,26941,monthly,active
P006199,C02984,A0013,property,property_allrisk,2024-11-17,2025-11-17,8410003,70954,monthly,active
P006200,C01388,A0005,motor,motor_voluntary,2025-11-02,2026-11-02,479713,13949,quarterly,active
P006201,C02817,A0016,motor,motor_voluntary,2023-08-25,2024-08-24,977675,46824,monthly,lapsed
P006202,C02107,A0043,motor,motor_compulsory,2025-01-22,2026-01-22,958943,31476,quarterly,active
P006203,C00422,A0008,property,property_fire,2024-06-23,2025-06-23,4937137,40141,quarterly,lapsed
P006204,C02619,A0035,motor,motor_voluntary,2024-11-20,2025-11-20,277178,9573,quarterly,active
P006205,C02593,A0049,motor,motor_compulsory,2025-01-09,2026-01-09,374184,17888,annual,active
P006206,C00249,A0021,property,property_fire,2023-08-26,2024-08-25,1500523,9919,quarterly,active
P006207,C02400,A0020,motor,motor_voluntary,2022-04-24,2023-04-24,1239381,48091,annual,active
P006208,C01766,A0001,motor,motor_compulsory,2024-02-10,2025-02-09,523202,11164,quarterly,active
P006209,C02750,A0022,motor,motor_compulsory,2024-12-20,2025-12-20,2397212,88040,quarterly,active
P006210,C02939,A0038,property,property_flood,2024-11-25,2025-11-25,3060834,20044,annual,active
P006211,C00242,A0039,property,property_allrisk,2023-12-10,2024-12-09,6960222,68052,monthly,active
P006212,C00271,A0025,motor,motor_voluntary,2024-03-03,2025-03-03,1612187,41780,monthly,active
P006213,C00699,A0003,motor,motor_voluntary,2024-09-22,2025-09-22,1240532,25048,annual,active
P006214,C02099,A0044,property,property_fire,2025-02-14,2026-02-14,11487366,34806,annual,cancelled
P006215,C01687,A0032,property,property_fire,2026-04-28,2027-04-28,3237881,12261,quarterly,active
P006216,C01979,A0049,motor,motor_compulsory,2023-09-02,2024-09-01,1350631,29683,monthly,active
P006217,C01691,A0047,motor,motor_voluntary,2026-04-11,2027-04-11,665545,23287,monthly,lapsed
P006218,C02556,A0008,motor,motor_voluntary,2024-03-09,2025-03-09,229630,9792,quarterly,active
P006219,C00417,A0008,motor,motor_compulsory,2023-08-23,2024-08-22,1506004,61757,monthly,active
P006220,C00622,A0045,motor,motor_compulsory,2022-09-25,2023-09-25,2267115,104774,monthly,active
P006221,C00691,A0039,motor,motor_voluntary,2024-04-26,2025-04-26,1538190,49922,monthly,active
P006222,C02948,A0021,motor,motor_voluntary,2023-04-18,2024-04-17,1246756,52211,quarterly,active
P006223,C02213,A0027,property,property_fire,2025-02-10,2026-02-10,7548991,41646,annual,active
P006224,C02815,A0037,motor,motor_voluntary,2025-04-18,2026-04-18,1101440,22942,monthly,active
P006225,C01841,A0025,motor,motor_voluntary,2025-09-12,2026-09-12,361884,9925,monthly,active
P006226,C00086,A0045,motor,motor_voluntary,2024-07-14,2025-07-14,747805,20139,quarterly,active
P006227,C00791,A0039,motor,motor_compulsory,2023-01-24,2024-01-24,921753,31853,quarterly,active
P006228,C02638,A0047,motor,motor_voluntary,2023-08-16,2024-08-15,1419375,52627,monthly,cancelled
P006229,C01618,A0012,motor,motor_compulsory,2025-04-22,2026-04-22,817400,24158,monthly,cancelled
P006230,C01917,A0031,property,property_flood,2022-04-02,2023-04-02,14511571,140751,monthly,lapsed
P006231,C02120,A0014,motor,motor_voluntary,2023-01-23,2024-01-23,1689958,52126,monthly,active
P006232,C02437,A0033,motor,motor_compulsory,2023-04-07,2024-04-06,1499221,48417,annual,active
P006233,C01920,A0033,motor,motor_voluntary,2025-04-10,2026-04-10,2189775,94661,annual,cancelled
P006234,C01447,A0006,motor,motor_voluntary,2023-10-28,2024-10-27,484413,19017,annual,active
P006235,C00711,A0002,motor,motor_compulsory,2024-09-15,2025-09-15,912542,34850,monthly,active
P006236,C01452,A0046,motor,motor_compulsory,2023-07-29,2024-07-28,2239835,104563,monthly,active
P006237,C01792,A0004,motor,motor_compulsory,2026-02-21,2027-02-21,2322117,47834,quarterly,active
P006238,C02837,A0048,property,property_allrisk,2022-06-30,2023-06-30,17622076,93902,annual,active
P006239,C00695,A0037,motor,motor_voluntary,2025-07-27,2026-07-27,327674,9446,quarterly,active
P006240,C01925,A0028,motor,motor_compulsory,2023-02-08,2024-02-08,2192759,105365,annual,active
P006241,C00911,A0050,property,property_flood,2022-09-26,2023-09-26,13200949,113787,monthly,active
P006242,C02539,A0024,motor,motor_compulsory,2024-03-24,2025-03-24,1459620,66210,annual,active
P006243,C01002,A0016,property,property_allrisk,2025-06-29,2026-06-29,1049964,11446,annual,active
P006244,C02378,A0013,property,property_fire,2023-02-20,2024-02-20,11957410,143310,annual,active
P006245,C02145,A0044,motor,motor_voluntary,2025-11-17,2026-11-17,2384324,77540,quarterly,active
P006246,C01594,A0015,motor,motor_compulsory,2025-03-15,2026-03-15,1808890,69764,annual,active
P006247,C00960,A0041,motor,motor_voluntary,2025-10-22,2026-10-22,376811,14121,monthly,lapsed
P006248,C01138,A0034,property,property_flood,2023-05-12,2024-05-11,12916806,53161,quarterly,active
P006249,C00075,A0032,motor,motor_voluntary,2025-09-23,2026-09-23,2107171,89890,annual,active
P006250,C02008,A0032,property,property_allrisk,2025-05-24,2026-05-24,14271526,107450,annual,active
P006251,C02846,A0035,property,property_flood,2023-10-08,2024-10-07,2789557,27975,quarterly,active
P006252,C01999,A0004,motor,motor_compulsory,2022-07-11,2023-07-11,500234,18686,annual,active
P006253,C02752,A0031,motor,motor_compulsory,2024-04-12,2025-04-12,1832563,57344,annual,active
P006254,C01093,A0034,property,property_flood,2025-11-10,2026-11-10,19982776,95691,monthly,active
P006255,C01142,A0041,motor,motor_voluntary,2026-04-22,2027-04-22,1768242,85995,monthly,active
P006256,C00446,A0019,motor,motor_voluntary,2022-11-13,2023-11-13,1666171,70622,annual,active
P006257,C02287,A0038,property,property_fire,2025-05-07,2026-05-07,3866430,35559,annual,active
P006258,C02991,A0017,property,property_flood,2025-03-25,2026-03-25,9537539,30711,monthly,lapsed
P006259,C01556,A0011,motor,motor_voluntary,2026-02-17,2027-02-17,2016956,70962,monthly,active
P006260,C01360,A0024,motor,motor_voluntary,2024-06-29,2025-06-29,2464037,74184,monthly,active
P006261,C02881,A0002,motor,motor_voluntary,2024-02-04,2025-02-03,640489,24116,annual,active
P006262,C00364,A0009,motor,motor_compulsory,2023-02-05,2024-02-05,792871,32753,quarterly,active
P006263,C02980,A0042,motor,motor_voluntary,2024-11-12,2025-11-12,1494927,41477,monthly,active
P006264,C02342,A0045,property,property_fire,2026-03-11,2027-03-11,17238523,157118,annual,active
P006265,C01738,A0012,motor,motor_voluntary,2025-12-03,2026-12-03,704917,29182,annual,active
P006266,C00159,A0002,motor,motor_compulsory,2025-11-03,2026-11-03,2086762,57504,monthly,active
P006267,C00786,A0023,property,property_fire,2022-11-02,2023-11-02,12474540,122245,annual,active
P006268,C02138,A0032,motor,motor_compulsory,2023-05-02,2024-05-01,692886,23731,quarterly,lapsed
P006269,C00182,A0038,motor,motor_voluntary,2023-09-11,2024-09-10,1957030,81806,annual,active
P006270,C01759,A0013,motor,motor_voluntary,2022-12-22,2023-12-22,1393187,48426,annual,lapsed
P006271,C02268,A0002,property,property_allrisk,2023-09-09,2024-09-08,10981433,125186,monthly,active
P006272,C00222,A0029,motor,motor_compulsory,2024-06-13,2025-06-13,1042974,46783,quarterly,active
P006273,C00560,A0011,motor,motor_voluntary,2022-12-22,2023-12-22,1607515,49497,quarterly,active
P006274,C02679,A0004,property,property_flood,2023-01-16,2024-01-16,5637792,54907,annual,cancelled
P006275,C02904,A0034,property,property_allrisk,2024-02-27,2025-02-26,1142492,8701,monthly,active
P006276,C01979,A0033,motor,motor_compulsory,2024-02-11,2025-02-10,1187814,51354,annual,cancelled
P006277,C02204,A0007,motor,motor_voluntary,2024-11-23,2025-11-23,2055258,50408,quarterly,active
P006278,C02887,A0002,property,property_fire,2023-12-14,2024-12-13,7387498,50945,monthly,active
P006279,C02847,A0024,motor,motor_compulsory,2022-08-01,2023-08-01,2096908,94439,monthly,active
P006280,C00167,A0024,motor,motor_voluntary,2025-06-24,2026-06-24,948196,33300,quarterly,active
P006281,C01788,A0044,motor,motor_voluntary,2023-07-27,2024-07-26,685177,15257,monthly,active
P006282,C00457,A0020,property,property_flood,2023-08-10,2024-08-09,19474304,229105,quarterly,active
P006283,C02588,A0019,motor,motor_voluntary,2023-08-08,2024-08-07,1442934,70952,monthly,active
P006284,C01882,A0003,property,property_fire,2025-05-19,2026-05-19,7605367,86749,quarterly,active
P006285,C01718,A0038,motor,motor_voluntary,2025-10-03,2026-10-03,1997024,92398,annual,active
P006286,C02505,A0044,motor,motor_voluntary,2025-10-09,2026-10-09,449588,10491,quarterly,active
P006287,C02646,A0026,property,property_fire,2023-09-07,2024-09-06,17100323,155650,annual,active
P006288,C02297,A0050,property,property_flood,2023-04-30,2024-04-29,6549379,42997,monthly,active
P006289,C00112,A0014,motor,motor_compulsory,2022-08-18,2023-08-18,1766559,64791,quarterly,active
P006290,C00855,A0036,motor,motor_voluntary,2025-11-29,2026-11-29,341617,8673,quarterly,active
P006291,C02022,A0013,motor,motor_voluntary,2025-11-23,2026-11-23,227407,11207,monthly,lapsed
P006292,C02758,A0008,property,property_fire,2022-03-22,2023-03-22,15469977,108771,annual,active
P006293,C01022,A0002,motor,motor_compulsory,2026-03-28,2027-03-28,1682047,75792,monthly,active
P006294,C02052,A0008,motor,motor_compulsory,2022-07-25,2023-07-25,1137858,23525,monthly,cancelled
P006295,C01354,A0042,motor,motor_compulsory,2025-08-05,2026-08-05,285420,6860,quarterly,cancelled
P006296,C00993,A0025,property,property_allrisk,2024-10-13,2025-10-13,6786731,46839,monthly,active
P006297,C00601,A0019,property,property_allrisk,2026-02-23,2027-02-23,7379806,82080,monthly,active
P006298,C01835,A0025,motor,motor_voluntary,2023-01-15,2024-01-15,798424,28538,monthly,active
P006299,C01024,A0048,motor,motor_voluntary,2024-01-04,2025-01-03,1814335,45585,quarterly,active
P006300,C00724,A0022,property,property_fire,2024-12-04,2025-12-04,11417444,89054,quarterly,lapsed
P006301,C01434,A0031,motor,motor_compulsory,2023-03-24,2024-03-23,416399,14890,monthly,lapsed
P006302,C00705,A0035,property,property_flood,2024-12-08,2025-12-08,19435347,84041,monthly,active
P006303,C01369,A0042,motor,motor_voluntary,2023-10-05,2024-10-04,2039258,45897,annual,active
P006304,C01751,A0003,property,property_fire,2023-06-02,2024-06-01,14775539,113797,monthly,active
P006305,C01262,A0032,motor,motor_voluntary,2023-08-06,2024-08-05,908196,22109,monthly,active
P006306,C00931,A0049,motor,motor_compulsory,2024-08-07,2025-08-07,1506264,53395,annual,lapsed
P006307,C02707,A0047,motor,motor_voluntary,2023-04-05,2024-04-04,738793,18475,quarterly,active
P006308,C00322,A0021,property,property_flood,2024-04-25,2025-04-25,4066767,20079,quarterly,active
P006309,C00020,A0022,motor,motor_compulsory,2023-05-05,2024-05-04,755257,34646,annual,active
P006310,C02986,A0032,motor,motor_voluntary,2023-02-19,2024-02-19,1895946,44711,annual,lapsed
P006311,C00325,A0015,motor,motor_voluntary,2022-01-14,2023-01-14,1399814,52029,quarterly,active
P006312,C01055,A0045,property,property_fire,2025-01-29,2026-01-29,11263913,120579,annual,active
P006313,C01294,A0024,motor,motor_voluntary,2025-11-15,2026-11-15,1525064,47436,monthly,active
P006314,C00359,A0021,motor,motor_compulsory,2023-05-14,2024-05-13,816587,23199,quarterly,active
P006315,C01846,A0011,motor,motor_voluntary,2023-02-13,2024-02-13,923750,35586,quarterly,active
P006316,C02427,A0021,property,property_allrisk,2024-07-16,2025-07-16,19578968,98175,quarterly,active
P006317,C02706,A0001,motor,motor_voluntary,2025-02-06,2026-02-06,1461382,51996,monthly,lapsed
P006318,C00647,A0035,motor,motor_voluntary,2025-02-14,2026-02-14,2136084,103064,quarterly,active
P006319,C02332,A0041,motor,motor_voluntary,2023-03-05,2024-03-04,2347421,70021,quarterly,active
P006320,C00071,A0007,property,property_fire,2023-11-07,2024-11-06,10478784,42294,annual,active
P006321,C02206,A0036,motor,motor_voluntary,2025-03-07,2026-03-07,490829,13413,quarterly,active
P006322,C01130,A0048,motor,motor_compulsory,2025-04-08,2026-04-08,1987080,64580,annual,cancelled
P006323,C01041,A0013,motor,motor_compulsory,2022-03-25,2023-03-25,1205459,56740,annual,active
P006324,C00974,A0027,property,property_flood,2024-10-10,2025-10-10,14446535,47556,annual,active
P006325,C00564,A0042,motor,motor_compulsory,2025-02-18,2026-02-18,1279062,53377,monthly,active
P006326,C00154,A0015,property,property_fire,2023-04-02,2024-04-01,14765894,103172,monthly,active
P006327,C00081,A0044,motor,motor_voluntary,2026-02-11,2027-02-11,1619617,36954,quarterly,active
P006328,C00621,A0010,motor,motor_compulsory,2023-08-14,2024-08-13,1297374,55525,annual,active
P006329,C02696,A0022,motor,motor_voluntary,2025-09-20,2026-09-20,1491247,62400,annual,active
P006330,C00449,A0028,motor,motor_voluntary,2024-11-11,2025-11-11,1567627,55171,monthly,cancelled
P006331,C02763,A0037,motor,motor_voluntary,2023-03-20,2024-03-19,2060310,98321,monthly,active
P006332,C02898,A0027,motor,motor_voluntary,2023-01-31,2024-01-31,303974,12303,annual,lapsed
P006333,C02516,A0049,motor,motor_compulsory,2023-09-11,2024-09-10,2312478,110500,annual,active
P006334,C02427,A0016,property,property_fire,2024-04-24,2025-04-24,7764680,70570,quarterly,lapsed
P006335,C00095,A0040,motor,motor_voluntary,2023-07-24,2024-07-23,1101293,45242,annual,active
P006336,C00468,A0004,property,property_allrisk,2023-05-24,2024-05-23,11843067,129033,monthly,active
P006337,C02226,A0049,property,property_fire,2025-03-06,2026-03-06,15624438,63355,quarterly,lapsed
P006338,C02412,A0025,motor,motor_voluntary,2023-02-27,2024-02-27,439342,14247,quarterly,active
P006339,C00431,A0031,property,property_fire,2023-09-09,2024-09-08,11882019,111272,quarterly,active
P006340,C02025,A0035,motor,motor_voluntary,2024-10-31,2025-10-31,1868865,67594,monthly,lapsed
P006341,C02260,A0028,motor,motor_compulsory,2024-04-14,2025-04-14,739996,25955,monthly,active
P006342,C01985,A0035,motor,motor_compulsory,2024-10-11,2025-10-11,1758208,41848,quarterly,active
P006343,C00332,A0028,motor,motor_voluntary,2024-09-07,2025-09-07,1547601,72746,annual,active
P006344,C01298,A0010,property,property_allrisk,2022-01-22,2023-01-22,4143772,15654,quarterly,cancelled
P006345,C02337,A0001,motor,motor_compulsory,2025-07-02,2026-07-02,2007895,74503,monthly,active
P006346,C01072,A0008,property,property_flood,2023-09-01,2024-08-31,6862789,51668,monthly,cancelled
P006347,C01971,A0003,motor,motor_compulsory,2024-08-17,2025-08-17,1336090,53593,monthly,cancelled
P006348,C01460,A0032,motor,motor_compulsory,2023-05-24,2024-05-23,598245,12015,annual,active
P006349,C02080,A0020,property,property_fire,2023-01-26,2024-01-26,3334210,26166,annual,active
P006350,C02890,A0040,property,property_flood,2024-12-10,2025-12-10,7068554,68933,quarterly,active
P006351,C00526,A0013,property,property_fire,2024-02-08,2025-02-07,1824059,7430,annual,active
P006352,C00813,A0049,property,property_fire,2024-05-20,2025-05-20,12660447,68897,annual,active
P006353,C00456,A0039,motor,motor_compulsory,2025-08-14,2026-08-14,2239423,55559,quarterly,active
P006354,C01320,A0043,property,property_flood,2023-01-14,2024-01-14,11517613,136666,quarterly,lapsed
P006355,C01680,A0018,property,property_allrisk,2023-12-23,2024-12-22,2614338,23659,quarterly,cancelled
P006356,C00904,A0017,motor,motor_compulsory,2025-04-09,2026-04-09,1077764,30908,annual,active
P006357,C00171,A0002,motor,motor_compulsory,2024-11-03,2025-11-03,1629962,37841,quarterly,active
P006358,C00216,A0028,property,property_fire,2026-04-11,2027-04-11,5965047,40564,monthly,active
P006359,C00371,A0048,property,property_fire,2025-11-30,2026-11-30,3363391,23379,monthly,active
P006360,C00956,A0012,motor,motor_voluntary,2024-05-13,2025-05-13,2294727,84029,annual,active
P006361,C00317,A0045,motor,motor_compulsory,2023-03-14,2024-03-13,1163413,54449,monthly,lapsed
P006362,C00701,A0011,property,property_allrisk,2022-06-03,2023-06-03,12605392,48204,quarterly,lapsed
P006363,C02948,A0040,motor,motor_voluntary,2025-11-12,2026-11-12,1789374,76761,annual,active
P006364,C02232,A0010,motor,motor_voluntary,2023-03-10,2024-03-09,1590377,38978,quarterly,active
P006365,C02061,A0026,motor,motor_compulsory,2025-11-01,2026-11-01,520090,21903,annual,active
P006366,C00564,A0039,motor,motor_voluntary,2025-08-11,2026-08-11,1452464,65366,annual,active
P006367,C01485,A0017,motor,motor_compulsory,2025-10-14,2026-10-14,2438647,49207,quarterly,active
P006368,C00112,A0006,property,property_flood,2023-06-17,2024-06-16,1270845,15080,monthly,active
P006369,C01614,A0039,motor,motor_voluntary,2023-05-10,2024-05-09,817857,20888,monthly,active
P006370,C01565,A0035,motor,motor_compulsory,2024-11-10,2025-11-10,2069799,52724,quarterly,lapsed
P006371,C01030,A0007,motor,motor_voluntary,2025-12-20,2026-12-20,920368,21993,quarterly,active
P006372,C00610,A0021,motor,motor_voluntary,2025-08-02,2026-08-02,1250473,31711,monthly,active
P006373,C00116,A0019,motor,motor_voluntary,2024-06-22,2025-06-22,383938,18515,quarterly,active
P006374,C01969,A0028,motor,motor_voluntary,2023-01-16,2024-01-16,353372,8876,annual,active
P006375,C01691,A0038,motor,motor_voluntary,2023-06-04,2024-06-03,1122277,34057,annual,cancelled
P006376,C02464,A0010,motor,motor_voluntary,2022-04-25,2023-04-25,2333163,67750,quarterly,active
P006377,C00824,A0016,motor,motor_compulsory,2026-01-10,2027-01-10,560409,21377,monthly,active
P006378,C01458,A0022,motor,motor_compulsory,2025-07-11,2026-07-11,1726721,52433,monthly,active
P006379,C02007,A0030,property,property_fire,2025-06-27,2026-06-27,6164774,69071,annual,active
P006380,C01403,A0045,motor,motor_voluntary,2026-02-02,2027-02-02,922076,33210,monthly,active
P006381,C00377,A0037,motor,motor_compulsory,2023-12-23,2024-12-22,2490320,90705,annual,active
P006382,C01041,A0002,motor,motor_voluntary,2022-11-28,2023-11-28,1720367,50010,annual,active
P006383,C00045,A0004,property,property_fire,2024-03-02,2025-03-02,12461008,81834,annual,lapsed
P006384,C02044,A0021,motor,motor_compulsory,2023-05-22,2024-05-21,242926,10712,monthly,active
P006385,C00723,A0050,property,property_allrisk,2023-09-10,2024-09-09,9304573,103738,monthly,active
P006386,C00802,A0021,motor,motor_compulsory,2024-10-16,2025-10-16,1224717,43196,annual,active
P006387,C01132,A0028,motor,motor_compulsory,2023-06-21,2024-06-20,845238,42032,annual,active
P006388,C02047,A0041,property,property_fire,2024-01-19,2025-01-18,9983548,106962,annual,cancelled
P006389,C00666,A0046,motor,motor_compulsory,2024-05-11,2025-05-11,1006049,43298,monthly,lapsed
P006390,C02223,A0003,motor,motor_voluntary,2023-11-24,2024-11-23,2339126,116618,quarterly,active
P006391,C02699,A0028,motor,motor_compulsory,2022-05-20,2023-05-20,2122601,95570,quarterly,cancelled
P006392,C00971,A0048,property,property_fire,2025-05-24,2026-05-24,11649300,127238,monthly,cancelled
P006393,C02994,A0036,motor,motor_voluntary,2023-10-10,2024-10-09,403342,13567,annual,active
P006394,C01508,A0043,property,property_flood,2022-10-25,2023-10-25,15019990,130250,quarterly,active
P006395,C00561,A0022,property,property_fire,2023-10-06,2024-10-05,12727195,40173,monthly,active
P006396,C00691,A0022,property,property_allrisk,2024-03-23,2025-03-23,18148117,189598,monthly,active
P006397,C02659,A0010,motor,motor_voluntary,2024-12-24,2025-12-24,821663,23327,quarterly,cancelled
P006398,C00777,A0012,property,property_allrisk,2024-04-28,2025-04-28,15605631,126538,monthly,cancelled
P006399,C00033,A0012,property,property_flood,2023-12-16,2024-12-15,7441145,52152,annual,lapsed
P006400,C02632,A0002,motor,motor_voluntary,2024-09-08,2025-09-08,726542,31585,monthly,active
P006401,C00694,A0032,motor,motor_voluntary,2025-03-16,2026-03-16,1458103,41796,annual,active
P006402,C00993,A0013,property,property_flood,2022-06-30,2023-06-30,5473020,41060,quarterly,active
P006403,C00982,A0032,motor,motor_voluntary,2025-12-26,2026-12-26,288501,8068,quarterly,active
P006404,C01259,A0036,property,property_fire,2024-11-20,2025-11-20,19542120,202537,quarterly,active
P006405,C01777,A0050,motor,motor_compulsory,2025-01-16,2026-01-16,1665285,62149,annual,active
P006406,C02788,A0029,property,property_flood,2024-05-02,2025-05-02,9397737,108918,monthly,active
P006407,C00443,A0033,motor,motor_voluntary,2023-08-13,2024-08-12,1121786,33735,monthly,active
P006408,C01636,A0045,motor,motor_compulsory,2025-03-02,2026-03-02,1360003,61300,quarterly,active
P006409,C02651,A0010,motor,motor_compulsory,2022-01-29,2023-01-29,1885971,77212,quarterly,active
P006410,C00459,A0049,property,property_allrisk,2024-05-01,2025-05-01,3667862,43865,monthly,active
P006411,C02690,A0020,motor,motor_voluntary,2024-11-13,2025-11-13,1427143,58796,annual,active
P006412,C01310,A0015,motor,motor_compulsory,2024-10-18,2025-10-18,1450973,36238,quarterly,active
P006413,C02099,A0030,property,property_allrisk,2022-10-30,2023-10-30,16813420,183240,quarterly,active
P006414,C00276,A0048,motor,motor_voluntary,2024-01-19,2025-01-18,1630288,65183,annual,active
P006415,C02878,A0021,property,property_flood,2025-02-09,2026-02-09,19863012,166421,quarterly,active
P006416,C00482,A0024,motor,motor_voluntary,2025-12-09,2026-12-09,1500502,56817,quarterly,active
P006417,C02363,A0003,motor,motor_voluntary,2025-10-30,2026-10-30,451189,13114,annual,active
P006418,C02468,A0050,motor,motor_voluntary,2022-09-19,2023-09-19,1780763,79367,monthly,active
P006419,C01315,A0011,motor,motor_compulsory,2025-07-09,2026-07-09,1328447,62581,monthly,active
P006420,C01222,A0040,motor,motor_voluntary,2024-10-09,2025-10-09,1754468,52852,annual,lapsed
P006421,C02826,A0045,motor,motor_compulsory,2024-10-08,2025-10-08,785851,29679,monthly,active
P006422,C00944,A0048,motor,motor_voluntary,2024-05-02,2025-05-02,343173,7841,quarterly,active
P006423,C01485,A0033,motor,motor_compulsory,2025-11-03,2026-11-03,967802,47650,quarterly,active
P006424,C02358,A0031,motor,motor_voluntary,2024-10-21,2025-10-21,1756056,36034,quarterly,active
P006425,C02668,A0043,property,property_flood,2023-06-19,2024-06-18,6472941,67008,monthly,active
P006426,C00707,A0038,motor,motor_voluntary,2024-05-29,2025-05-29,1642815,46675,monthly,active
P006427,C00207,A0029,property,property_flood,2023-04-16,2024-04-15,7548642,47161,quarterly,lapsed
P006428,C00580,A0049,property,property_fire,2024-05-29,2025-05-29,1049445,11687,quarterly,active
P006429,C02517,A0025,motor,motor_voluntary,2024-04-12,2025-04-12,590528,20378,monthly,active
P006430,C01264,A0035,property,property_allrisk,2025-04-22,2026-04-22,9365015,88207,quarterly,lapsed
P006431,C02973,A0021,motor,motor_voluntary,2022-06-28,2023-06-28,479445,13035,annual,active
P006432,C02706,A0028,motor,motor_compulsory,2023-08-15,2024-08-14,306254,9538,monthly,lapsed
P006433,C00591,A0024,motor,motor_voluntary,2023-07-30,2024-07-29,840703,16888,annual,active
P006434,C00559,A0042,property,property_flood,2024-08-20,2025-08-20,14790371,136003,monthly,active
P006435,C01617,A0006,motor,motor_voluntary,2026-01-14,2027-01-14,330863,7850,quarterly,active
P006436,C02311,A0009,motor,motor_voluntary,2025-02-10,2026-02-10,2253592,47789,quarterly,active
P006437,C02832,A0014,motor,motor_compulsory,2024-01-09,2025-01-08,218955,6029,monthly,active
P006438,C00601,A0022,property,property_fire,2024-07-10,2025-07-10,2665853,20368,quarterly,lapsed
P006439,C02088,A0042,motor,motor_voluntary,2023-08-18,2024-08-17,1086016,33594,annual,active
P006440,C02709,A0038,motor,motor_compulsory,2024-08-04,2025-08-04,2266691,71468,quarterly,active
P006441,C01595,A0025,motor,motor_compulsory,2023-06-12,2024-06-11,496226,11164,quarterly,active
P006442,C02101,A0035,motor,motor_voluntary,2024-04-02,2025-04-02,972684,32160,monthly,active
P006443,C00613,A0019,motor,motor_compulsory,2025-07-30,2026-07-30,2311559,103198,quarterly,active
P006444,C01746,A0015,motor,motor_compulsory,2023-06-26,2024-06-25,2323627,105288,quarterly,lapsed
P006445,C01418,A0018,motor,motor_compulsory,2024-08-23,2025-08-23,1443119,58833,monthly,active
P006446,C01262,A0030,motor,motor_voluntary,2023-11-17,2024-11-16,1035958,24454,monthly,active
P006447,C01142,A0001,motor,motor_voluntary,2023-04-12,2024-04-11,997925,24665,monthly,active
P006448,C01360,A0034,motor,motor_compulsory,2022-06-09,2023-06-09,591792,27917,annual,cancelled
P006449,C01577,A0044,motor,motor_voluntary,2023-02-01,2024-02-01,2198444,84171,quarterly,active
P006450,C02137,A0024,motor,motor_voluntary,2025-05-01,2026-05-01,1791252,70720,monthly,active
P006451,C02853,A0044,property,property_allrisk,2024-10-06,2025-10-06,5911740,50124,monthly,active
P006452,C01629,A0033,property,property_fire,2023-12-11,2024-12-10,4691345,23660,quarterly,active
P006453,C02008,A0047,motor,motor_compulsory,2023-06-08,2024-06-07,1551487,60416,annual,active
P006454,C00869,A0039,property,property_fire,2023-04-23,2024-04-22,6616507,49655,monthly,active
P006455,C00089,A0011,property,property_fire,2023-09-09,2024-09-08,13674454,79399,annual,active
P006456,C00412,A0002,motor,motor_voluntary,2025-11-17,2026-11-17,429687,18860,quarterly,active
P006457,C01387,A0038,motor,motor_voluntary,2022-02-16,2023-02-16,1670553,67315,monthly,active
P006458,C02542,A0006,motor,motor_compulsory,2023-10-13,2024-10-12,205141,9415,monthly,active
P006459,C02102,A0050,motor,motor_voluntary,2023-07-04,2024-07-03,1342408,66428,quarterly,lapsed
P006460,C01772,A0005,motor,motor_compulsory,2022-03-26,2023-03-26,929696,46345,monthly,active
P006461,C01431,A0041,motor,motor_voluntary,2026-04-27,2027-04-27,685048,16043,quarterly,active
P006462,C02271,A0022,property,property_flood,2025-07-27,2026-07-27,3530168,33924,quarterly,lapsed
P006463,C01750,A0018,motor,motor_voluntary,2022-08-17,2023-08-17,1297747,30777,monthly,active
P006464,C01095,A0024,motor,motor_voluntary,2024-03-21,2025-03-21,2090882,56395,annual,active
P006465,C01756,A0002,property,property_allrisk,2023-09-15,2024-09-14,10366769,40152,annual,active
P006466,C01062,A0010,motor,motor_voluntary,2026-03-04,2027-03-04,2190821,75377,quarterly,lapsed
P006467,C00708,A0007,property,property_fire,2023-09-22,2024-09-21,16977350,148112,annual,lapsed
P006468,C02975,A0010,property,property_flood,2026-02-25,2027-02-25,16360821,147279,annual,active
P006469,C00323,A0048,property,property_flood,2024-05-29,2025-05-29,6185405,61261,monthly,active
P006470,C00931,A0040,property,property_allrisk,2024-04-17,2025-04-17,10507805,80048,quarterly,active
P006471,C00290,A0022,motor,motor_voluntary,2026-04-19,2027-04-19,816809,35418,quarterly,active
P006472,C00433,A0022,motor,motor_voluntary,2026-04-28,2027-04-28,854892,22569,annual,lapsed
P006473,C01373,A0003,property,property_flood,2025-01-01,2026-01-01,3666469,42739,annual,active
P006474,C02286,A0045,motor,motor_compulsory,2023-07-26,2024-07-25,724293,18047,annual,active
P006475,C02507,A0007,motor,motor_compulsory,2023-07-15,2024-07-14,403717,8578,monthly,lapsed
P006476,C00120,A0013,property,property_fire,2024-04-19,2025-04-19,5313111,58634,monthly,active
P006477,C00542,A0047,motor,motor_compulsory,2025-04-03,2026-04-03,500182,24865,annual,active
P006478,C01547,A0039,motor,motor_compulsory,2024-08-21,2025-08-21,1244902,50840,monthly,active
P006479,C02381,A0047,motor,motor_voluntary,2023-06-12,2024-06-11,400930,9899,annual,active
P006480,C00023,A0032,property,property_flood,2024-05-27,2025-05-27,17934517,202797,annual,active
P006481,C02705,A0011,property,property_flood,2024-03-17,2025-03-17,9473436,78407,monthly,active
P006482,C00140,A0022,motor,motor_voluntary,2026-03-28,2027-03-28,427971,18702,quarterly,active
P006483,C00275,A0041,property,property_fire,2022-04-11,2023-04-11,10975761,124168,quarterly,active
P006484,C01318,A0013,motor,motor_compulsory,2022-11-18,2023-11-18,641000,15460,quarterly,active
P006485,C01962,A0023,property,property_allrisk,2025-05-24,2026-05-24,6627659,64285,quarterly,active
P006486,C00752,A0020,motor,motor_voluntary,2024-01-03,2025-01-02,726141,28366,annual,lapsed
P006487,C02184,A0022,motor,motor_compulsory,2024-08-26,2025-08-26,1871938,43866,quarterly,active
P006488,C01745,A0008,property,property_fire,2024-05-10,2025-05-10,19504514,223078,monthly,active
P006489,C00271,A0021,property,property_flood,2023-06-12,2024-06-11,5768826,32782,monthly,lapsed
P006490,C00484,A0032,motor,motor_compulsory,2023-09-17,2024-09-16,2429564,89916,monthly,active
P006491,C01289,A0050,motor,motor_compulsory,2024-03-04,2025-03-04,2148027,105954,quarterly,active
P006492,C00092,A0010,motor,motor_compulsory,2024-04-23,2025-04-23,2080023,87587,quarterly,active
P006493,C01125,A0001,property,property_allrisk,2023-06-08,2024-06-07,16180208,143772,quarterly,active
P006494,C01355,A0018,property,property_fire,2022-01-27,2023-01-27,18859135,94784,monthly,active
P006495,C01605,A0019,motor,motor_compulsory,2025-08-16,2026-08-16,729972,31780,monthly,active
P006496,C00349,A0012,motor,motor_voluntary,2023-03-02,2024-03-01,1078452,52972,annual,lapsed
P006497,C02740,A0050,motor,motor_voluntary,2024-11-11,2025-11-11,1502727,30666,monthly,active
P006498,C02757,A0049,property,property_allrisk,2023-11-07,2024-11-06,16675459,187198,quarterly,active
P006499,C02563,A0046,motor,motor_compulsory,2024-09-24,2025-09-24,1952647,44163,annual,active
P006500,C01936,A0002,motor,motor_compulsory,2023-11-03,2024-11-02,1588440,66447,quarterly,active
P006501,C01893,A0006,property,property_allrisk,2024-02-18,2025-02-17,10228349,79692,quarterly,lapsed
P006502,C01139,A0033,motor,motor_voluntary,2024-01-25,2025-01-24,1008060,34880,monthly,active
P006503,C00497,A0048,property,property_allrisk,2023-07-31,2024-07-30,16383104,86384,annual,cancelled
P006504,C02724,A0032,motor,motor_voluntary,2025-05-06,2026-05-06,1664781,61484,quarterly,cancelled
P006505,C01742,A0042,property,property_flood,2023-12-15,2024-12-14,4509876,32974,quarterly,lapsed
P006506,C01506,A0018,motor,motor_compulsory,2023-08-10,2024-08-09,1778106,36802,monthly,active
P006507,C01127,A0009,motor,motor_compulsory,2023-11-07,2024-11-06,703597,28054,annual,active
P006508,C01019,A0044,motor,motor_voluntary,2025-05-15,2026-05-15,2035926,72890,quarterly,cancelled
P006509,C02282,A0027,property,property_allrisk,2024-04-01,2025-04-01,7027078,30559,annual,active
P006510,C01590,A0004,motor,motor_compulsory,2026-03-09,2027-03-09,1116533,27827,annual,active
P006511,C02484,A0016,motor,motor_voluntary,2026-01-24,2027-01-24,1380721,48087,quarterly,active
P006512,C02533,A0019,motor,motor_voluntary,2023-07-23,2024-07-22,2361835,50332,quarterly,active
P006513,C02059,A0038,motor,motor_compulsory,2024-02-17,2025-02-16,296709,12158,quarterly,active
P006514,C00057,A0029,motor,motor_compulsory,2022-09-02,2023-09-02,426804,13312,quarterly,active
P006515,C01333,A0037,motor,motor_compulsory,2023-02-08,2024-02-08,1156074,38565,quarterly,lapsed
P006516,C00600,A0019,motor,motor_compulsory,2023-05-18,2024-05-17,778668,34545,annual,active
P006517,C02089,A0037,motor,motor_compulsory,2024-07-29,2025-07-29,1849942,55051,annual,active
P006518,C01678,A0027,motor,motor_voluntary,2023-01-10,2024-01-10,217097,9129,monthly,active
P006519,C00418,A0009,property,property_flood,2023-10-01,2024-09-30,13138046,120008,quarterly,active
P006520,C02956,A0037,motor,motor_voluntary,2023-01-08,2024-01-08,291003,8704,monthly,active
P006521,C01302,A0019,motor,motor_voluntary,2023-01-29,2024-01-29,2090027,88108,annual,active
P006522,C00117,A0038,motor,motor_voluntary,2023-06-28,2024-06-27,877406,38256,monthly,active
P006523,C02822,A0038,motor,motor_voluntary,2024-02-02,2025-02-01,1881978,65276,quarterly,active
P006524,C01947,A0031,motor,motor_compulsory,2025-04-14,2026-04-14,2370280,61261,monthly,active
P006525,C02020,A0022,motor,motor_voluntary,2025-11-01,2026-11-01,1124990,27549,monthly,active
P006526,C01090,A0016,motor,motor_compulsory,2024-12-13,2025-12-13,2483233,110413,quarterly,active
P006527,C01378,A0020,property,property_flood,2026-04-27,2027-04-27,17673475,199548,monthly,active
P006528,C02480,A0045,motor,motor_compulsory,2023-09-01,2024-08-31,578950,24857,quarterly,active
P006529,C01283,A0040,motor,motor_voluntary,2024-09-27,2025-09-27,1785522,47380,monthly,active
P006530,C02479,A0041,motor,motor_voluntary,2024-07-08,2025-07-08,2149661,66538,quarterly,active
P006531,C02189,A0030,property,property_fire,2023-07-20,2024-07-19,9564362,38389,annual,active
P006532,C00789,A0038,motor,motor_voluntary,2024-09-21,2025-09-21,1672573,78149,monthly,active
P006533,C02947,A0040,property,property_flood,2026-04-20,2027-04-20,13831143,94477,annual,cancelled
P006534,C00907,A0046,motor,motor_voluntary,2024-01-26,2025-01-25,2180956,90545,monthly,active
P006535,C02316,A0041,property,property_fire,2022-12-26,2023-12-26,12048923,125793,quarterly,active
P006536,C02995,A0007,motor,motor_compulsory,2023-11-10,2024-11-09,451832,9814,quarterly,active
P006537,C00186,A0018,property,property_allrisk,2026-04-10,2027-04-10,9024733,88878,quarterly,active
P006538,C00682,A0049,motor,motor_voluntary,2023-07-08,2024-07-07,1619491,50002,quarterly,active
P006539,C00155,A0025,motor,motor_voluntary,2023-09-29,2024-09-28,2095644,87927,quarterly,active
P006540,C02644,A0027,motor,motor_voluntary,2022-10-25,2023-10-25,2434078,87093,annual,active
P006541,C02183,A0032,motor,motor_voluntary,2025-09-08,2026-09-08,272913,12091,annual,active
P006542,C02434,A0043,motor,motor_voluntary,2022-02-09,2023-02-09,799339,33780,quarterly,active
P006543,C01143,A0050,motor,motor_compulsory,2023-01-04,2024-01-04,1609328,61034,quarterly,active
P006544,C01026,A0013,motor,motor_voluntary,2024-02-25,2025-02-24,928664,24463,quarterly,active
P006545,C02878,A0038,motor,motor_compulsory,2023-08-01,2024-07-31,1117553,27629,quarterly,active
P006546,C02146,A0023,motor,motor_compulsory,2025-07-13,2026-07-13,531243,22483,quarterly,lapsed
P006547,C02584,A0001,motor,motor_voluntary,2024-06-30,2025-06-30,2342826,56588,annual,active
P006548,C00836,A0014,motor,motor_voluntary,2024-09-21,2025-09-21,969775,30190,monthly,active
P006549,C01128,A0013,property,property_allrisk,2024-08-07,2025-08-07,12391153,97222,monthly,active
P006550,C01214,A0032,motor,motor_compulsory,2025-06-11,2026-06-11,1235524,48425,annual,active
P006551,C02831,A0044,motor,motor_compulsory,2026-04-02,2027-04-02,2183414,50041,annual,active
P006552,C00913,A0002,property,property_fire,2025-09-11,2026-09-11,15651790,130944,annual,active
P006553,C01094,A0020,motor,motor_voluntary,2023-12-12,2024-12-11,2332610,80149,monthly,active
P006554,C00329,A0030,property,property_flood,2025-01-29,2026-01-29,12326022,58237,monthly,active
P006555,C00492,A0029,property,property_flood,2023-06-08,2024-06-07,18091274,75049,monthly,cancelled
P006556,C00188,A0049,motor,motor_voluntary,2026-01-20,2027-01-20,1056449,25112,monthly,active
P006557,C00834,A0017,motor,motor_compulsory,2022-12-30,2023-12-30,217849,7767,quarterly,active
P006558,C01160,A0004,motor,motor_compulsory,2024-02-17,2025-02-16,2123991,99061,monthly,active
P006559,C02088,A0019,motor,motor_compulsory,2023-12-26,2024-12-25,1979863,87463,annual,active
P006560,C02209,A0049,motor,motor_voluntary,2022-08-11,2023-08-11,435403,10648,quarterly,active
P006561,C02645,A0005,motor,motor_compulsory,2023-05-31,2024-05-30,726130,35436,annual,active
P006562,C02545,A0042,property,property_allrisk,2024-10-03,2025-10-03,3865035,36047,quarterly,active
P006563,C00402,A0036,motor,motor_voluntary,2025-04-09,2026-04-09,1285334,44997,monthly,active
P006564,C02403,A0036,motor,motor_compulsory,2023-10-12,2024-10-11,497201,11808,annual,cancelled
P006565,C01497,A0043,property,property_fire,2024-06-07,2025-06-07,3145589,35576,annual,active
P006566,C00026,A0018,motor,motor_compulsory,2025-04-18,2026-04-18,1103836,24808,annual,lapsed
P006567,C01285,A0013,property,property_fire,2025-05-08,2026-05-08,4269992,26775,annual,active
P006568,C01610,A0017,motor,motor_voluntary,2023-08-10,2024-08-09,2445216,56141,annual,cancelled
P006569,C00220,A0030,motor,motor_voluntary,2026-01-05,2027-01-05,2087822,104181,quarterly,active
P006570,C00027,A0009,motor,motor_voluntary,2022-05-29,2023-05-29,898326,42976,monthly,active
P006571,C02909,A0046,property,property_allrisk,2025-12-13,2026-12-13,6039768,28769,monthly,active
P006572,C02110,A0023,motor,motor_voluntary,2023-07-05,2024-07-04,883359,26442,monthly,active
P006573,C01965,A0008,motor,motor_voluntary,2022-08-11,2023-08-11,2108071,86170,quarterly,active
P006574,C02944,A0017,motor,motor_compulsory,2025-07-15,2026-07-15,358267,16114,quarterly,lapsed
P006575,C01157,A0008,motor,motor_compulsory,2025-06-07,2026-06-07,2155214,105034,annual,active
P006576,C01228,A0048,motor,motor_voluntary,2024-01-19,2025-01-18,922534,35531,quarterly,active
P006577,C01753,A0029,property,property_flood,2022-01-31,2023-01-31,2208199,22995,monthly,lapsed
P006578,C02156,A0043,motor,motor_compulsory,2025-12-26,2026-12-26,1896519,49885,monthly,active
P006579,C00195,A0018,property,property_fire,2024-06-23,2025-06-23,17505265,174730,quarterly,active
P006580,C01469,A0027,motor,motor_compulsory,2025-04-17,2026-04-17,2264395,59623,monthly,active
P006581,C00386,A0018,motor,motor_compulsory,2024-02-22,2025-02-21,819988,19590,quarterly,active
P006582,C00030,A0019,motor,motor_compulsory,2023-12-02,2024-12-01,1611285,72125,annual,active
P006583,C00702,A0026,motor,motor_voluntary,2023-01-18,2024-01-18,654848,16783,annual,active
P006584,C02887,A0044,motor,motor_voluntary,2023-04-22,2024-04-21,2319423,78172,monthly,active
P006585,C02770,A0046,property,property_flood,2024-09-11,2025-09-11,18766751,80031,annual,active
P006586,C02397,A0013,property,property_fire,2026-04-07,2027-04-07,11968887,85381,annual,active
P006587,C01218,A0006,property,property_fire,2023-03-01,2024-02-29,12616818,49476,quarterly,active
P006588,C01341,A0015,motor,motor_compulsory,2025-12-29,2026-12-29,1749230,82453,annual,active
P006589,C01498,A0011,property,property_allrisk,2024-04-26,2025-04-26,12622356,60926,monthly,lapsed
P006590,C02437,A0046,motor,motor_voluntary,2024-01-09,2025-01-08,523349,24878,quarterly,active
P006591,C00598,A0020,property,property_flood,2024-05-19,2025-05-19,10436198,48661,monthly,active
P006592,C01301,A0008,motor,motor_voluntary,2026-01-07,2027-01-07,2331665,89634,annual,active
P006593,C01655,A0025,motor,motor_compulsory,2025-04-14,2026-04-14,1362447,41853,monthly,active
P006594,C02691,A0041,motor,motor_voluntary,2024-05-18,2025-05-18,1778252,78668,annual,active
P006595,C00205,A0013,motor,motor_compulsory,2024-06-27,2025-06-27,216518,7471,monthly,active
P006596,C02944,A0034,motor,motor_compulsory,2023-02-26,2024-02-26,1778446,45942,quarterly,active
P006597,C01942,A0014,motor,motor_voluntary,2025-06-10,2026-06-10,831514,41292,annual,active
P006598,C00654,A0041,motor,motor_voluntary,2022-01-25,2023-01-25,2176144,82974,quarterly,active
P006599,C02225,A0032,motor,motor_compulsory,2023-08-23,2024-08-22,570256,15107,annual,active
P006600,C00195,A0035,motor,motor_compulsory,2024-01-02,2025-01-01,1229965,42970,annual,active
P006601,C00318,A0026,motor,motor_voluntary,2023-08-15,2024-08-14,948614,21863,annual,active
P006602,C01049,A0035,motor,motor_compulsory,2025-04-16,2026-04-16,2112607,81454,annual,active
P006603,C02797,A0033,motor,motor_voluntary,2024-06-17,2025-06-17,542228,18121,quarterly,active
P006604,C01225,A0030,property,property_fire,2023-01-27,2024-01-27,13576619,58227,quarterly,active
P006605,C01930,A0020,property,property_flood,2023-01-24,2024-01-24,18358809,215618,quarterly,active
P006606,C00858,A0019,motor,motor_voluntary,2024-08-05,2025-08-05,1855786,80763,quarterly,active
P006607,C02983,A0028,motor,motor_compulsory,2023-01-11,2024-01-11,1804628,83558,quarterly,active
P006608,C00777,A0013,motor,motor_compulsory,2024-11-28,2025-11-28,1517106,48131,annual,active
P006609,C00933,A0046,property,property_flood,2025-05-09,2026-05-09,5638034,33150,annual,active
P006610,C02435,A0009,property,property_fire,2024-04-13,2025-04-13,14966102,117960,annual,active
P006611,C02047,A0048,motor,motor_voluntary,2024-01-30,2025-01-29,1271838,56566,monthly,active
P006612,C02882,A0046,property,property_allrisk,2023-01-09,2024-01-09,3905197,24242,annual,active
P006613,C02077,A0005,property,property_fire,2023-04-26,2024-04-25,4797816,51871,monthly,lapsed
P006614,C02842,A0012,property,property_flood,2023-08-13,2024-08-12,3664548,14091,annual,active
P006615,C00574,A0032,property,property_flood,2023-05-06,2024-05-05,19266132,182146,monthly,cancelled
P006616,C02391,A0012,motor,motor_compulsory,2026-01-28,2027-01-28,2395078,75525,annual,active
P006617,C01362,A0001,motor,motor_compulsory,2024-07-03,2025-07-03,2398693,105108,monthly,active
P006618,C00851,A0023,motor,motor_compulsory,2025-09-18,2026-09-18,1193053,53492,annual,lapsed
P006619,C02950,A0023,property,property_flood,2024-01-06,2025-01-05,11857722,84040,monthly,active
P006620,C00254,A0045,motor,motor_compulsory,2022-09-24,2023-09-24,2390713,58063,quarterly,lapsed
P006621,C01716,A0015,property,property_fire,2024-02-05,2025-02-04,15998575,61223,monthly,active
P006622,C01179,A0040,motor,motor_voluntary,2025-10-16,2026-10-16,2182491,66436,monthly,active
P006623,C00783,A0010,motor,motor_voluntary,2025-10-20,2026-10-20,1022240,26213,annual,active
P006624,C01223,A0018,motor,motor_voluntary,2026-02-23,2027-02-23,364360,10682,monthly,active
P006625,C02951,A0046,motor,motor_voluntary,2024-03-08,2025-03-08,2133602,51525,monthly,active
P006626,C02138,A0011,property,property_flood,2023-08-26,2024-08-25,6819029,65554,quarterly,active
P006627,C02745,A0019,property,property_flood,2023-06-10,2024-06-09,15799869,60938,monthly,active
P006628,C00329,A0003,motor,motor_voluntary,2022-08-22,2023-08-22,2358150,54818,annual,active
P006629,C01226,A0049,motor,motor_voluntary,2024-06-03,2025-06-03,651587,29757,annual,active
P006630,C00506,A0013,property,property_fire,2022-12-12,2023-12-12,9422915,77079,quarterly,active
P006631,C01885,A0022,property,property_allrisk,2023-02-03,2024-02-03,13642999,65120,quarterly,active
P006632,C02486,A0019,motor,motor_compulsory,2022-04-06,2023-04-06,707454,31844,annual,active
P006633,C01253,A0044,motor,motor_voluntary,2022-05-21,2023-05-21,1442364,61229,monthly,cancelled
P006634,C00812,A0016,motor,motor_compulsory,2025-11-08,2026-11-08,1681231,35121,annual,active
P006635,C00740,A0030,motor,motor_compulsory,2026-01-03,2027-01-03,1665974,48518,quarterly,active
P006636,C02160,A0048,motor,motor_compulsory,2023-10-16,2024-10-15,2145847,78519,quarterly,active
P006637,C02802,A0034,motor,motor_voluntary,2023-10-31,2024-10-30,1060156,43665,monthly,lapsed
P006638,C01461,A0040,motor,motor_voluntary,2023-05-14,2024-05-13,455335,13053,monthly,active
P006639,C01389,A0004,motor,motor_compulsory,2023-10-26,2024-10-25,2471796,106068,monthly,active
P006640,C02452,A0034,motor,motor_voluntary,2023-06-29,2024-06-28,618350,21352,monthly,active
P006641,C01201,A0017,motor,motor_compulsory,2023-09-28,2024-09-27,774092,19010,annual,active
P006642,C00977,A0002,property,property_flood,2022-05-29,2023-05-29,2912740,32516,monthly,cancelled
P006643,C00604,A0019,property,property_fire,2025-08-19,2026-08-19,1401091,15982,annual,active
P006644,C02713,A0029,motor,motor_compulsory,2022-12-14,2023-12-14,1328714,61765,quarterly,active
P006645,C00187,A0023,motor,motor_compulsory,2024-06-06,2025-06-06,434376,13348,quarterly,active
P006646,C02342,A0045,property,property_allrisk,2024-06-03,2025-06-03,6148403,63664,annual,active
P006647,C02728,A0011,motor,motor_voluntary,2023-10-15,2024-10-14,1035253,26820,annual,active
P006648,C01537,A0011,property,property_fire,2023-03-02,2024-03-01,8242679,42785,quarterly,active
P006649,C02668,A0006,motor,motor_compulsory,2023-06-18,2024-06-17,1821469,39396,monthly,active
P006650,C00687,A0032,motor,motor_compulsory,2023-05-06,2024-05-05,2239611,87420,quarterly,active
P006651,C02103,A0043,property,property_fire,2023-04-19,2024-04-18,1308864,11982,monthly,active
P006652,C01423,A0047,property,property_flood,2024-04-08,2025-04-08,13379369,146606,quarterly,active
P006653,C01847,A0029,motor,motor_voluntary,2024-03-31,2025-03-31,2112361,102340,monthly,active
P006654,C00111,A0028,motor,motor_compulsory,2023-01-21,2024-01-21,216365,9319,monthly,lapsed
P006655,C01874,A0050,motor,motor_voluntary,2024-02-07,2025-02-06,1805870,59862,quarterly,active
P006656,C00728,A0009,motor,motor_voluntary,2022-04-17,2023-04-17,268787,7960,annual,active
P006657,C01713,A0020,motor,motor_voluntary,2023-08-13,2024-08-12,861137,19908,annual,active
P006658,C00406,A0045,motor,motor_voluntary,2022-04-22,2023-04-22,1011063,49881,annual,active
P006659,C01709,A0047,motor,motor_compulsory,2024-01-06,2025-01-05,413143,20609,monthly,active
P006660,C01556,A0032,property,property_flood,2023-04-09,2024-04-08,18419919,71144,quarterly,active
P006661,C00814,A0042,motor,motor_voluntary,2023-04-02,2024-04-01,326713,15071,annual,active
P006662,C00355,A0025,property,property_fire,2024-01-05,2025-01-04,16201649,140065,annual,active
P006663,C00284,A0023,motor,motor_voluntary,2023-06-21,2024-06-20,1548985,57132,annual,cancelled
P006664,C01341,A0035,motor,motor_voluntary,2023-03-15,2024-03-14,585126,11998,monthly,active
P006665,C01845,A0050,motor,motor_voluntary,2025-09-29,2026-09-29,2204319,59277,annual,active
P006666,C02953,A0013,property,property_flood,2024-12-10,2025-12-10,7854925,28545,quarterly,lapsed
P006667,C01930,A0045,motor,motor_compulsory,2025-04-08,2026-04-08,2368697,71282,monthly,active
P006668,C02858,A0010,motor,motor_compulsory,2023-07-05,2024-07-04,2196952,63396,monthly,active
P006669,C02744,A0007,motor,motor_voluntary,2024-03-17,2025-03-17,1262580,30819,monthly,active
P006670,C00976,A0032,motor,motor_compulsory,2022-04-26,2023-04-26,2304236,112979,quarterly,active
P006671,C01907,A0043,motor,motor_compulsory,2023-05-24,2024-05-23,2299501,83220,monthly,active
P006672,C02806,A0038,motor,motor_compulsory,2023-06-16,2024-06-15,839159,29681,annual,active
P006673,C02148,A0001,motor,motor_compulsory,2023-02-28,2024-02-28,281425,6140,monthly,active
P006674,C00242,A0011,motor,motor_voluntary,2024-08-16,2025-08-16,1278421,49812,annual,active
P006675,C02486,A0011,motor,motor_compulsory,2022-07-25,2023-07-25,845032,37049,monthly,active
P006676,C01305,A0006,motor,motor_voluntary,2022-02-10,2023-02-10,377017,12180,quarterly,cancelled
P006677,C02471,A0020,motor,motor_voluntary,2024-04-29,2025-04-29,1735376,41173,annual,active
P006678,C01270,A0010,motor,motor_voluntary,2024-01-21,2025-01-20,482371,12389,monthly,active
P006679,C01515,A0025,motor,motor_compulsory,2023-12-01,2024-11-30,596836,21844,quarterly,active
P006680,C01475,A0024,motor,motor_compulsory,2024-08-24,2025-08-24,1433044,46261,quarterly,active
P006681,C01005,A0008,motor,motor_voluntary,2025-03-27,2026-03-27,1097855,51667,annual,active
P006682,C02605,A0016,motor,motor_compulsory,2026-04-26,2027-04-26,1230755,35715,monthly,active
P006683,C00248,A0042,motor,motor_voluntary,2024-05-28,2025-05-28,846717,37599,quarterly,active
P006684,C00874,A0031,motor,motor_voluntary,2025-07-20,2026-07-20,844638,19940,annual,active
P006685,C00539,A0017,motor,motor_compulsory,2022-07-13,2023-07-13,307851,14896,monthly,active
P006686,C02489,A0035,motor,motor_compulsory,2025-06-22,2026-06-22,1489994,56086,monthly,active
P006687,C01990,A0017,property,property_flood,2023-11-02,2024-11-01,4747474,42306,monthly,active
P006688,C00543,A0024,property,property_allrisk,2025-08-30,2026-08-30,3439277,31087,monthly,cancelled
P006689,C00315,A0005,motor,motor_voluntary,2025-10-27,2026-10-27,2015101,60825,annual,active
P006690,C00324,A0025,motor,motor_compulsory,2025-07-18,2026-07-18,1289989,51541,monthly,active
P006691,C02966,A0024,motor,motor_compulsory,2025-02-16,2026-02-16,2215011,47139,quarterly,active
P006692,C01781,A0010,motor,motor_compulsory,2023-11-06,2024-11-05,450202,12346,quarterly,active
P006693,C00667,A0036,motor,motor_voluntary,2025-04-11,2026-04-11,1904363,91999,annual,cancelled
P006694,C00460,A0047,motor,motor_voluntary,2024-05-25,2025-05-25,1407560,62426,quarterly,active
P006695,C00383,A0023,property,property_allrisk,2026-03-18,2027-03-18,13346461,101945,quarterly,active
P006696,C01651,A0029,motor,motor_compulsory,2023-10-10,2024-10-09,1966257,57406,monthly,active
P006697,C01686,A0050,motor,motor_voluntary,2024-07-18,2025-07-18,2325037,69354,quarterly,active
P006698,C02070,A0031,property,property_flood,2025-09-18,2026-09-18,8584139,62615,annual,active
P006699,C02959,A0018,property,property_flood,2024-02-21,2025-02-20,15417285,121308,annual,cancelled
P006700,C02870,A0010,motor,motor_compulsory,2025-06-15,2026-06-15,706498,29870,annual,active
P006701,C02812,A0006,property,property_allrisk,2024-05-26,2025-05-26,19678895,64253,annual,active
P006702,C00218,A0037,motor,motor_compulsory,2025-09-30,2026-09-30,1285129,43757,monthly,lapsed
P006703,C02578,A0041,property,property_allrisk,2023-08-02,2024-08-01,16285217,104868,monthly,active
P006704,C01141,A0021,motor,motor_voluntary,2022-04-04,2023-04-04,1189523,45350,monthly,active
P006705,C00110,A0040,motor,motor_compulsory,2024-08-31,2025-08-31,768039,21865,monthly,active
P006706,C00920,A0004,motor,motor_voluntary,2023-11-27,2024-11-26,745249,21684,quarterly,active
P006707,C00240,A0002,motor,motor_compulsory,2022-05-26,2023-05-26,282716,8357,quarterly,active
P006708,C01379,A0022,motor,motor_voluntary,2024-02-15,2025-02-14,2308157,65913,quarterly,active
P006709,C02463,A0030,motor,motor_voluntary,2023-04-04,2024-04-03,808087,25643,annual,active
P006710,C01148,A0030,motor,motor_voluntary,2023-01-09,2024-01-09,586152,28428,annual,lapsed
P006711,C02142,A0033,property,property_allrisk,2025-02-02,2026-02-02,2465579,15274,monthly,active
P006712,C00765,A0030,property,property_flood,2023-04-28,2024-04-27,3311695,36415,monthly,active
P006713,C01652,A0023,motor,motor_voluntary,2025-05-30,2026-05-30,505117,14291,quarterly,active
P006714,C01907,A0017,property,property_fire,2023-01-19,2024-01-19,8703119,39706,annual,active
P006715,C00712,A0013,motor,motor_compulsory,2023-08-28,2024-08-27,1924495,65926,monthly,lapsed
P006716,C03000,A0004,property,property_flood,2026-02-04,2027-02-04,13708805,110277,annual,active
P006717,C00221,A0022,property,property_flood,2026-04-08,2027-04-08,16433062,52983,monthly,active
P006718,C02539,A0010,motor,motor_compulsory,2023-03-11,2024-03-10,2144921,65555,quarterly,active
P006719,C00189,A0040,motor,motor_compulsory,2022-06-19,2023-06-19,1256674,55141,annual,active
P006720,C01704,A0034,property,property_flood,2023-01-12,2024-01-12,13980129,143853,annual,active
P006721,C01736,A0017,motor,motor_compulsory,2023-08-04,2024-08-03,281563,8030,monthly,active
P006722,C01254,A0026,motor,motor_compulsory,2023-09-08,2024-09-07,1277389,32322,annual,active
P006723,C00099,A0029,property,property_fire,2024-10-16,2025-10-16,19286527,203135,annual,active
P006724,C02922,A0050,property,property_allrisk,2022-02-06,2023-02-06,8945707,107339,annual,active
P006725,C01369,A0006,property,property_fire,2024-07-05,2025-07-05,13938851,110963,quarterly,active
P006726,C02406,A0044,motor,motor_voluntary,2024-03-10,2025-03-10,1400963,29965,quarterly,active
P006727,C00544,A0018,motor,motor_voluntary,2024-08-22,2025-08-22,203802,7857,annual,cancelled
P006728,C01269,A0021,motor,motor_voluntary,2024-09-25,2025-09-25,558232,12521,monthly,cancelled
P006729,C00924,A0034,motor,motor_compulsory,2023-11-08,2024-11-07,1909662,71892,annual,active
P006730,C02875,A0033,motor,motor_compulsory,2024-08-09,2025-08-09,1301942,42452,annual,active
P006731,C02106,A0031,property,property_flood,2023-11-12,2024-11-11,5598983,63728,quarterly,active
P006732,C02637,A0011,motor,motor_voluntary,2023-12-05,2024-12-04,796461,21284,quarterly,active
P006733,C01541,A0034,motor,motor_compulsory,2024-07-19,2025-07-19,1579842,35578,annual,lapsed
P006734,C01913,A0045,property,property_allrisk,2023-01-10,2024-01-10,2762724,8631,monthly,active
P006735,C02812,A0048,motor,motor_voluntary,2022-04-21,2023-04-21,832586,17529,monthly,lapsed
P006736,C02433,A0046,property,property_fire,2025-01-30,2026-01-30,2574380,24763,annual,active
P006737,C00156,A0020,motor,motor_voluntary,2025-09-07,2026-09-07,2110500,42818,annual,active
P006738,C00412,A0039,motor,motor_voluntary,2024-11-04,2025-11-04,260458,11873,annual,active
P006739,C00250,A0029,motor,motor_compulsory,2025-01-13,2026-01-13,1662966,78924,annual,active
P006740,C00539,A0045,motor,motor_compulsory,2023-09-19,2024-09-18,1414916,39851,monthly,active
P006741,C02385,A0037,property,property_fire,2025-01-10,2026-01-10,19465032,231344,monthly,active
P006742,C01824,A0006,motor,motor_voluntary,2025-01-22,2026-01-22,1467711,38664,quarterly,active
P006743,C00397,A0045,motor,motor_compulsory,2023-08-08,2024-08-07,1283714,30303,monthly,cancelled
P006744,C02160,A0012,property,property_allrisk,2022-07-11,2023-07-11,2112086,10182,quarterly,active
P006745,C01027,A0001,motor,motor_voluntary,2023-12-03,2024-12-02,2258974,74048,monthly,active
P006746,C01533,A0022,motor,motor_voluntary,2026-01-29,2027-01-29,1555609,67017,monthly,active
P006747,C01736,A0039,motor,motor_voluntary,2023-09-04,2024-09-03,338338,7344,quarterly,cancelled
P006748,C00544,A0023,motor,motor_voluntary,2024-04-16,2025-04-16,2430010,62753,monthly,active
P006749,C01837,A0026,motor,motor_compulsory,2023-04-26,2024-04-25,337802,14602,quarterly,active
P006750,C00767,A0017,motor,motor_voluntary,2022-05-25,2023-05-25,589321,18426,quarterly,active
P006751,C02334,A0028,motor,motor_compulsory,2024-12-09,2025-12-09,1493006,67612,annual,active
P006752,C01358,A0040,motor,motor_voluntary,2022-10-16,2023-10-16,1266450,43666,annual,active
P006753,C02708,A0022,motor,motor_compulsory,2023-09-26,2024-09-25,2410844,105151,monthly,active
P006754,C00703,A0013,motor,motor_voluntary,2022-08-30,2023-08-30,2340415,56033,monthly,cancelled
P006755,C00127,A0009,motor,motor_compulsory,2025-09-10,2026-09-10,780459,36964,annual,active
P006756,C00325,A0044,motor,motor_voluntary,2024-05-12,2025-05-12,2460448,101483,annual,active
P006757,C01424,A0013,property,property_flood,2023-05-08,2024-05-07,4182041,17725,monthly,active
P006758,C02577,A0028,motor,motor_compulsory,2024-08-27,2025-08-27,1455752,54602,quarterly,active
P006759,C02708,A0040,motor,motor_compulsory,2024-09-14,2025-09-14,2109671,98032,quarterly,active
P006760,C01001,A0037,motor,motor_compulsory,2024-02-29,2025-02-28,686455,27097,quarterly,active
P006761,C01538,A0007,motor,motor_voluntary,2024-01-03,2025-01-02,1011493,45705,quarterly,active
P006762,C02026,A0005,property,property_allrisk,2024-09-08,2025-09-08,11658196,80054,annual,lapsed
P006763,C00837,A0014,property,property_allrisk,2025-09-10,2026-09-10,7294380,60689,quarterly,active
P006764,C00138,A0039,property,property_fire,2022-02-21,2023-02-21,13777792,42745,quarterly,active
P006765,C00697,A0026,property,property_fire,2024-10-09,2025-10-09,10324001,43930,monthly,cancelled
P006766,C01018,A0027,motor,motor_voluntary,2024-01-31,2025-01-30,1593815,55686,monthly,lapsed
P006767,C01895,A0006,motor,motor_compulsory,2024-07-12,2025-07-12,1149682,54422,quarterly,lapsed
P006768,C01071,A0027,motor,motor_compulsory,2026-04-16,2027-04-16,534101,23971,monthly,active
P006769,C01136,A0032,property,property_fire,2024-01-10,2025-01-09,17053361,62973,monthly,active
P006770,C01671,A0044,motor,motor_compulsory,2023-01-31,2024-01-31,1832541,49883,annual,lapsed
P006771,C02279,A0034,motor,motor_voluntary,2023-08-23,2024-08-22,1016687,23272,quarterly,lapsed
P006772,C00326,A0009,property,property_allrisk,2024-04-30,2025-04-30,13717314,145854,annual,active
P006773,C00559,A0026,property,property_fire,2025-05-25,2026-05-25,10489450,108323,monthly,active
P006774,C02132,A0042,motor,motor_voluntary,2025-06-05,2026-06-05,358822,13433,monthly,active
P006775,C02175,A0006,motor,motor_voluntary,2024-07-05,2025-07-05,218177,4405,annual,active
P006776,C01790,A0044,motor,motor_compulsory,2025-05-14,2026-05-14,1531776,57367,annual,active
P006777,C02553,A0050,motor,motor_voluntary,2023-07-17,2024-07-16,1316205,55099,monthly,active
P006778,C01883,A0014,motor,motor_voluntary,2023-01-26,2024-01-26,1044588,44191,annual,active
P006779,C01569,A0023,property,property_fire,2025-08-23,2026-08-23,13810618,83473,quarterly,active
P006780,C01728,A0021,motor,motor_compulsory,2023-10-22,2024-10-21,844640,21020,annual,active
P006781,C02560,A0036,property,property_allrisk,2025-05-05,2026-05-05,2127917,8524,annual,active
P006782,C01661,A0023,property,property_flood,2024-09-15,2025-09-15,12971841,142746,annual,active
P006783,C01554,A0002,property,property_allrisk,2023-06-24,2024-06-23,3113302,34197,quarterly,lapsed
P006784,C01386,A0001,motor,motor_compulsory,2024-07-16,2025-07-16,1123915,44157,monthly,active
P006785,C00243,A0001,motor,motor_voluntary,2023-12-28,2024-12-27,2313698,89550,annual,active
P006786,C00809,A0045,property,property_allrisk,2023-06-17,2024-06-16,9594524,42276,monthly,active
P006787,C01440,A0013,motor,motor_voluntary,2025-10-24,2026-10-24,2176387,61496,quarterly,lapsed
P006788,C00194,A0010,property,property_flood,2025-08-10,2026-08-10,1235281,5075,annual,active
P006789,C02216,A0004,motor,motor_compulsory,2025-02-06,2026-02-06,997697,40773,quarterly,active
P006790,C01462,A0007,property,property_allrisk,2024-08-27,2025-08-27,15884577,89801,quarterly,active
P006791,C02525,A0030,motor,motor_compulsory,2023-02-27,2024-02-27,1277562,32601,annual,active
P006792,C02112,A0004,motor,motor_voluntary,2024-11-10,2025-11-10,2298158,109567,quarterly,active
P006793,C00915,A0003,motor,motor_compulsory,2025-11-23,2026-11-23,1539187,37576,monthly,active
P006794,C02701,A0001,motor,motor_compulsory,2024-06-02,2025-06-02,2085040,54626,monthly,active
P006795,C02475,A0012,motor,motor_voluntary,2025-06-12,2026-06-12,1773551,53986,quarterly,active
P006796,C02219,A0018,motor,motor_compulsory,2023-10-08,2024-10-07,1815609,40221,quarterly,cancelled
P006797,C02261,A0028,motor,motor_voluntary,2024-04-18,2025-04-18,1743027,46925,annual,lapsed
P006798,C01531,A0038,motor,motor_compulsory,2025-10-10,2026-10-10,2213145,65257,quarterly,active
P006799,C00944,A0023,property,property_allrisk,2023-11-16,2024-11-15,14794843,152644,quarterly,active
P006800,C02008,A0015,motor,motor_compulsory,2025-05-22,2026-05-22,854867,41182,quarterly,active
P006801,C00213,A0006,property,property_flood,2023-11-13,2024-11-12,13756399,81315,quarterly,active
P006802,C02906,A0008,property,property_flood,2025-03-17,2026-03-17,14098944,162389,quarterly,active
P006803,C00566,A0022,motor,motor_voluntary,2025-06-17,2026-06-17,277926,10843,quarterly,active
P006804,C00139,A0049,property,property_allrisk,2025-02-23,2026-02-23,16708709,147586,monthly,active
P006805,C00289,A0009,motor,motor_voluntary,2023-10-10,2024-10-09,598208,16255,quarterly,active
P006806,C01009,A0017,motor,motor_compulsory,2023-10-12,2024-10-11,2168153,83598,annual,lapsed
P006807,C01750,A0040,motor,motor_voluntary,2023-05-04,2024-05-03,705784,26861,quarterly,active
P006808,C00180,A0023,motor,motor_compulsory,2023-09-01,2024-08-31,1277620,57852,monthly,active
P006809,C00716,A0007,motor,motor_voluntary,2025-02-11,2026-02-11,2223927,102275,annual,active
P006810,C00340,A0002,property,property_flood,2025-09-08,2026-09-08,15407507,146061,annual,cancelled
P006811,C02280,A0013,motor,motor_compulsory,2026-02-02,2027-02-02,2079231,79115,annual,active
P006812,C02754,A0012,motor,motor_compulsory,2025-08-21,2026-08-21,2479933,57234,quarterly,active
P006813,C00395,A0011,property,property_allrisk,2023-03-04,2024-03-03,1006702,8799,annual,active
P006814,C01591,A0005,property,property_allrisk,2025-04-28,2026-04-28,4422112,49945,monthly,active
P006815,C01440,A0023,motor,motor_voluntary,2023-12-24,2024-12-23,629482,22099,monthly,active
P006816,C00011,A0024,property,property_flood,2024-01-20,2025-01-19,9601919,60548,annual,active
P006817,C02225,A0029,property,property_flood,2024-02-21,2025-02-20,17797378,165209,annual,active
P006818,C02948,A0044,motor,motor_compulsory,2025-03-03,2026-03-03,658350,20020,annual,active
P006819,C02352,A0026,motor,motor_compulsory,2023-09-15,2024-09-14,1447385,49164,quarterly,active
P006820,C01917,A0033,motor,motor_voluntary,2025-03-02,2026-03-02,1026598,29955,annual,active
P006821,C01059,A0008,motor,motor_compulsory,2023-05-13,2024-05-12,2199211,49564,monthly,active
P006822,C02158,A0034,motor,motor_compulsory,2023-06-09,2024-06-08,2098989,58990,quarterly,active
P006823,C02444,A0035,motor,motor_compulsory,2024-05-22,2025-05-22,2458895,79633,quarterly,active
P006824,C01986,A0041,motor,motor_compulsory,2022-08-18,2023-08-18,2439147,74491,annual,active
P006825,C00354,A0023,motor,motor_voluntary,2023-09-19,2024-09-18,1584025,71327,annual,lapsed
P006826,C00431,A0046,property,property_allrisk,2023-07-13,2024-07-12,7426566,88681,quarterly,active
P006827,C02236,A0022,motor,motor_compulsory,2024-08-10,2025-08-10,1088403,41490,annual,active
P006828,C02117,A0006,motor,motor_voluntary,2025-10-24,2026-10-24,1012454,43349,annual,lapsed
P006829,C00588,A0017,motor,motor_voluntary,2024-10-30,2025-10-30,700126,31849,annual,active
P006830,C01927,A0019,property,property_allrisk,2023-04-20,2024-04-19,8880517,102916,monthly,active
P006831,C00878,A0046,motor,motor_compulsory,2026-04-30,2027-04-30,683649,16260,annual,active
P006832,C00726,A0018,motor,motor_compulsory,2025-09-13,2026-09-13,1838045,66050,monthly,active
P006833,C01379,A0009,property,property_fire,2024-03-09,2025-03-09,11394999,105307,monthly,active
P006834,C02095,A0044,property,property_allrisk,2023-11-11,2024-11-10,14941231,77339,annual,active
P006835,C00794,A0041,property,property_allrisk,2024-12-01,2025-12-01,7402356,35728,annual,lapsed
P006836,C01436,A0014,motor,motor_compulsory,2023-06-07,2024-06-06,790282,22715,monthly,lapsed
P006837,C02715,A0013,property,property_allrisk,2023-09-02,2024-09-01,16090859,159898,quarterly,active
P006838,C01932,A0019,motor,motor_compulsory,2024-04-17,2025-04-17,2351560,65762,monthly,active
P006839,C02453,A0011,motor,motor_voluntary,2022-09-24,2023-09-24,712467,31563,annual,active
P006840,C00245,A0006,motor,motor_voluntary,2023-05-17,2024-05-16,2057526,89283,monthly,cancelled
P006841,C01840,A0039,property,property_flood,2022-03-24,2023-03-24,9114387,80477,quarterly,active
P006842,C01566,A0044,motor,motor_compulsory,2025-05-26,2026-05-26,1624178,40907,monthly,active
P006843,C01839,A0033,motor,motor_compulsory,2024-02-19,2025-02-18,829287,29233,annual,active
P006844,C02593,A0014,property,property_fire,2025-05-28,2026-05-28,8473200,28247,annual,active
P006845,C01755,A0048,motor,motor_compulsory,2022-07-16,2023-07-16,1250705,57929,annual,active
P006846,C01482,A0017,property,property_allrisk,2022-09-08,2023-09-08,12951764,116016,annual,active
P006847,C02852,A0007,property,property_flood,2023-06-16,2024-06-15,4313216,29041,monthly,lapsed
P006848,C01426,A0039,motor,motor_voluntary,2023-10-31,2024-10-30,2016980,70902,monthly,active
P006849,C01541,A0016,motor,motor_compulsory,2024-12-02,2025-12-02,823016,19118,monthly,active
P006850,C01498,A0042,property,property_flood,2025-11-09,2026-11-09,12326074,53369,annual,active
P006851,C01025,A0002,motor,motor_voluntary,2022-08-06,2023-08-06,796836,31648,annual,active
P006852,C02717,A0010,property,property_allrisk,2022-08-21,2023-08-21,2582602,21612,annual,active
P006853,C02478,A0016,property,property_allrisk,2024-03-15,2025-03-15,19549476,59289,quarterly,active
P006854,C02942,A0050,property,property_flood,2024-12-15,2025-12-15,10807599,68690,annual,active
P006855,C02167,A0046,motor,motor_compulsory,2024-03-09,2025-03-09,2337711,105045,annual,active
P006856,C02189,A0026,motor,motor_compulsory,2022-09-15,2023-09-15,2287887,60329,quarterly,active
P006857,C00758,A0047,motor,motor_voluntary,2023-12-05,2024-12-04,538422,11038,annual,lapsed
P006858,C01543,A0026,property,property_fire,2025-05-03,2026-05-03,1932873,13538,annual,active
P006859,C02586,A0013,motor,motor_voluntary,2023-01-28,2024-01-28,217268,6526,monthly,active
P006860,C00108,A0049,property,property_fire,2022-12-23,2023-12-23,4491243,20626,monthly,active
P006861,C01022,A0016,property,property_flood,2024-11-17,2025-11-17,3481054,34987,annual,active
P006862,C02527,A0025,motor,motor_compulsory,2025-09-21,2026-09-21,1536921,61865,annual,active
P006863,C02778,A0026,motor,motor_voluntary,2024-12-26,2025-12-26,868684,41825,monthly,lapsed
P006864,C00590,A0046,motor,motor_voluntary,2025-03-17,2026-03-17,280777,7974,quarterly,active
P006865,C02983,A0014,property,property_fire,2025-05-08,2026-05-08,12386191,43267,annual,active
P006866,C00562,A0039,motor,motor_compulsory,2022-11-24,2023-11-24,394017,16385,annual,active
P006867,C00547,A0029,property,property_fire,2024-12-13,2025-12-13,14551443,152859,monthly,active
P006868,C01740,A0041,motor,motor_voluntary,2023-09-01,2024-08-31,2229277,63046,quarterly,lapsed
P006869,C02020,A0006,property,property_allrisk,2024-10-10,2025-10-10,9927200,41779,annual,active
P006870,C02810,A0009,motor,motor_voluntary,2024-01-19,2025-01-18,1455606,48938,quarterly,active
P006871,C01958,A0001,motor,motor_voluntary,2023-09-19,2024-09-18,2294705,73749,quarterly,active
P006872,C00561,A0014,motor,motor_voluntary,2023-12-18,2024-12-17,1811914,86772,quarterly,active
P006873,C00636,A0011,property,property_flood,2024-05-04,2025-05-04,6120163,46049,annual,active
P006874,C00522,A0019,motor,motor_compulsory,2022-10-02,2023-10-02,2350839,79772,monthly,active
P006875,C02112,A0016,motor,motor_compulsory,2025-12-16,2026-12-16,983897,40727,monthly,lapsed
P006876,C00036,A0011,property,property_flood,2026-01-16,2027-01-16,3611390,13467,quarterly,active
P006877,C01160,A0027,motor,motor_compulsory,2026-02-28,2027-02-28,893330,31855,monthly,active
P006878,C00136,A0005,property,property_fire,2023-06-03,2024-06-02,6756828,25806,monthly,active
P006879,C02922,A0038,motor,motor_voluntary,2023-10-16,2024-10-15,1197679,56161,annual,cancelled
P006880,C01533,A0023,motor,motor_voluntary,2023-05-19,2024-05-18,376761,12713,quarterly,lapsed
P006881,C00924,A0003,motor,motor_voluntary,2023-05-25,2024-05-24,1111420,43958,monthly,cancelled
P006882,C00958,A0038,property,property_fire,2024-01-29,2025-01-28,1960555,20570,quarterly,active
P006883,C02829,A0027,property,property_flood,2023-11-12,2024-11-11,10651484,81168,quarterly,active
P006884,C00901,A0050,motor,motor_compulsory,2024-11-22,2025-11-22,1967785,54008,monthly,active
P006885,C01209,A0049,motor,motor_voluntary,2025-08-25,2026-08-25,1122967,24612,annual,active
P006886,C02633,A0047,motor,motor_voluntary,2024-06-16,2025-06-16,1081709,31904,quarterly,active
P006887,C00193,A0025,property,property_allrisk,2024-10-16,2025-10-16,16941308,192503,quarterly,active
P006888,C01450,A0002,motor,motor_compulsory,2025-03-08,2026-03-08,1785695,76281,quarterly,active
P006889,C00312,A0050,motor,motor_compulsory,2023-07-02,2024-07-01,1080056,38948,monthly,active
P006890,C02846,A0018,motor,motor_voluntary,2024-12-13,2025-12-13,2159086,80173,annual,active
P006891,C00790,A0044,property,property_allrisk,2023-03-13,2024-03-12,14933322,134377,annual,active
P006892,C01655,A0013,motor,motor_compulsory,2023-08-29,2024-08-28,1555314,48453,monthly,active
P006893,C00225,A0042,motor,motor_compulsory,2025-04-19,2026-04-19,690885,33014,monthly,active
P006894,C02540,A0003,property,property_allrisk,2025-04-03,2026-04-03,13207497,152477,quarterly,lapsed
P006895,C02924,A0042,motor,motor_compulsory,2024-09-14,2025-09-14,1898833,45170,quarterly,active
P006896,C02313,A0025,motor,motor_compulsory,2025-01-02,2026-01-02,1355269,48668,monthly,active
P006897,C00271,A0007,property,property_flood,2023-08-18,2024-08-17,7781336,79564,annual,lapsed
P006898,C02301,A0029,property,property_allrisk,2023-03-07,2024-03-06,18396712,204485,annual,active
P006899,C02151,A0036,motor,motor_voluntary,2023-12-24,2024-12-23,1262892,50224,monthly,active
P006900,C00085,A0041,motor,motor_voluntary,2025-10-12,2026-10-12,792002,19745,annual,active
P006901,C00828,A0047,motor,motor_voluntary,2023-12-25,2024-12-24,2071837,99926,annual,active
P006902,C02034,A0044,motor,motor_voluntary,2024-12-11,2025-12-11,2347841,71743,quarterly,active
P006903,C01905,A0006,motor,motor_compulsory,2023-04-13,2024-04-12,1761839,70203,annual,lapsed
P006904,C02898,A0038,motor,motor_compulsory,2025-08-26,2026-08-26,799044,23357,monthly,active
P006905,C01192,A0021,motor,motor_voluntary,2025-09-11,2026-09-11,1322019,56564,monthly,active
P006906,C00877,A0012,motor,motor_compulsory,2024-05-12,2025-05-12,1254638,37886,monthly,active
P006907,C01054,A0013,motor,motor_voluntary,2023-06-16,2024-06-15,1353111,55147,annual,active
P006908,C01933,A0050,motor,motor_compulsory,2022-05-29,2023-05-29,513239,16521,monthly,active
P006909,C01394,A0044,motor,motor_voluntary,2023-10-01,2024-09-30,431406,19511,quarterly,active
P006910,C02531,A0017,motor,motor_compulsory,2022-11-12,2023-11-12,921703,30349,monthly,active
P006911,C02796,A0009,property,property_allrisk,2023-04-14,2024-04-13,17601493,78216,annual,active
P006912,C01905,A0048,motor,motor_compulsory,2024-12-14,2025-12-14,1353559,67181,monthly,active
P006913,C02235,A0040,motor,motor_voluntary,2024-04-21,2025-04-21,1392042,33438,monthly,active
P006914,C02049,A0010,motor,motor_compulsory,2024-02-10,2025-02-09,1259760,41513,annual,active
P006915,C02328,A0041,motor,motor_voluntary,2022-09-09,2023-09-09,1520308,72086,monthly,active
P006916,C01041,A0038,property,property_flood,2025-11-03,2026-11-03,3137490,19290,annual,lapsed
P006917,C02227,A0030,motor,motor_compulsory,2025-02-23,2026-02-23,2259305,74059,monthly,active
P006918,C01674,A0037,motor,motor_compulsory,2022-04-25,2023-04-25,999344,29571,monthly,lapsed
P006919,C02464,A0048,motor,motor_compulsory,2022-06-25,2023-06-25,988505,31815,annual,lapsed
P006920,C00364,A0039,motor,motor_compulsory,2023-09-18,2024-09-17,1970599,69686,quarterly,active
P006921,C01858,A0002,motor,motor_voluntary,2026-04-07,2027-04-07,912563,41788,monthly,active
P006922,C02466,A0046,motor,motor_voluntary,2024-01-15,2025-01-14,566722,21317,monthly,active
P006923,C02636,A0033,motor,motor_voluntary,2024-08-07,2025-08-07,572873,19272,quarterly,active
P006924,C01910,A0012,motor,motor_voluntary,2023-08-13,2024-08-12,607170,14095,annual,active
P006925,C02206,A0009,property,property_fire,2023-10-09,2024-10-08,3005097,10971,monthly,active
P006926,C00089,A0032,property,property_flood,2024-02-06,2025-02-05,1488436,12237,quarterly,active
P006927,C02018,A0007,motor,motor_compulsory,2023-10-02,2024-10-01,1892736,84773,quarterly,active
P006928,C01621,A0032,motor,motor_compulsory,2025-05-25,2026-05-25,2276021,59504,quarterly,active
P006929,C01893,A0025,motor,motor_compulsory,2023-08-14,2024-08-13,1900497,81615,annual,active
P006930,C02834,A0035,motor,motor_voluntary,2026-02-11,2027-02-11,538650,12589,monthly,active
P006931,C01969,A0020,motor,motor_compulsory,2023-11-12,2024-11-11,1002706,37122,monthly,active
P006932,C00562,A0017,motor,motor_compulsory,2024-06-19,2025-06-19,1701652,34079,monthly,active
P006933,C02701,A0014,motor,motor_compulsory,2023-01-29,2024-01-29,1199501,45006,quarterly,active
P006934,C01419,A0017,motor,motor_voluntary,2023-08-03,2024-08-02,436673,21346,annual,active
P006935,C02895,A0043,property,property_flood,2024-05-21,2025-05-21,9726369,53665,monthly,active
P006936,C01044,A0042,property,property_allrisk,2023-04-15,2024-04-14,12242951,72093,annual,active
P006937,C02421,A0010,motor,motor_voluntary,2026-02-19,2027-02-19,899945,31317,monthly,active
P006938,C02818,A0018,motor,motor_compulsory,2025-12-02,2026-12-02,744315,18420,monthly,active
P006939,C02099,A0019,motor,motor_voluntary,2023-03-31,2024-03-30,616343,24264,quarterly,active
P006940,C02332,A0038,property,property_allrisk,2023-12-31,2024-12-30,12691889,103440,monthly,lapsed
P006941,C02677,A0045,motor,motor_compulsory,2025-12-05,2026-12-05,2345916,84554,annual,active
P006942,C00615,A0029,motor,motor_voluntary,2025-03-17,2026-03-17,2372701,87064,monthly,lapsed
P006943,C01021,A0023,motor,motor_compulsory,2025-10-27,2026-10-27,303961,12146,annual,active
P006944,C02422,A0012,motor,motor_voluntary,2022-07-30,2023-07-30,1726571,67527,annual,active
P006945,C00856,A0035,motor,motor_voluntary,2025-12-16,2026-12-16,2400948,54643,monthly,active
P006946,C02956,A0034,motor,motor_voluntary,2023-04-14,2024-04-13,589792,24431,annual,active
P006947,C01657,A0042,motor,motor_voluntary,2025-03-05,2026-03-05,1054405,48407,quarterly,lapsed
P006948,C02154,A0050,motor,motor_compulsory,2024-06-14,2025-06-14,1624494,37250,annual,active
P006949,C02914,A0009,property,property_allrisk,2025-04-08,2026-04-08,1770602,5534,monthly,active
P006950,C01953,A0046,motor,motor_voluntary,2023-09-21,2024-09-20,2028997,40869,quarterly,active
P006951,C02416,A0023,motor,motor_compulsory,2025-01-13,2026-01-13,1680752,82458,monthly,lapsed
P006952,C01896,A0040,property,property_fire,2026-03-20,2027-03-20,9492291,82298,annual,active
P006953,C00691,A0032,motor,motor_voluntary,2025-10-31,2026-10-31,247951,7647,quarterly,active
P006954,C00943,A0010,property,property_allrisk,2026-04-27,2027-04-27,5015574,25523,annual,active
P006955,C01789,A0033,motor,motor_voluntary,2022-07-06,2023-07-06,571762,23652,monthly,active
P006956,C00071,A0026,motor,motor_compulsory,2024-05-20,2025-05-20,1871080,79505,annual,active
P006957,C02691,A0030,property,property_allrisk,2025-09-15,2026-09-15,11630809,64538,monthly,active
P006958,C02667,A0044,motor,motor_voluntary,2024-04-18,2025-04-18,705419,30601,monthly,lapsed
P006959,C00870,A0012,property,property_allrisk,2023-12-03,2024-12-02,15221996,171692,annual,active
P006960,C01331,A0010,motor,motor_compulsory,2024-12-15,2025-12-15,2415290,69085,monthly,active
P006961,C00834,A0030,property,property_fire,2025-01-18,2026-01-18,7675140,34857,monthly,active
P006962,C01969,A0031,property,property_flood,2023-03-07,2024-03-06,10392490,34959,quarterly,active
P006963,C00581,A0048,property,property_flood,2023-02-04,2024-02-04,3964409,13950,annual,active
P006964,C01376,A0049,motor,motor_voluntary,2025-03-12,2026-03-12,905548,30198,quarterly,lapsed
P006965,C00720,A0037,motor,motor_voluntary,2023-10-08,2024-10-07,949692,32934,monthly,active
P006966,C00366,A0006,property,property_flood,2024-11-26,2025-11-26,10715448,122628,quarterly,active
P006967,C00722,A0002,motor,motor_compulsory,2023-08-25,2024-08-24,741000,31957,monthly,active
P006968,C02197,A0023,motor,motor_voluntary,2024-01-19,2025-01-18,2340242,95245,monthly,active
P006969,C01436,A0042,property,property_allrisk,2023-09-28,2024-09-27,7028469,48085,annual,active
P006970,C00044,A0005,property,property_flood,2023-06-29,2024-06-28,12162525,81270,monthly,active
P006971,C01238,A0049,motor,motor_compulsory,2023-05-11,2024-05-10,1482883,34726,monthly,active
P006972,C00276,A0021,property,property_allrisk,2023-02-25,2024-02-25,3214515,25116,monthly,active
P006973,C02365,A0043,motor,motor_voluntary,2025-04-24,2026-04-24,2254008,93713,monthly,active
P006974,C02176,A0024,property,property_fire,2024-05-21,2025-05-21,1483373,8896,annual,active
P006975,C01671,A0038,motor,motor_voluntary,2022-07-20,2023-07-20,2135151,68140,monthly,active
P006976,C02537,A0006,motor,motor_voluntary,2023-07-28,2024-07-27,1453967,60640,monthly,lapsed
P006977,C02965,A0045,motor,motor_voluntary,2022-12-04,2023-12-04,2284439,89225,monthly,active
P006978,C00075,A0022,motor,motor_voluntary,2023-09-14,2024-09-13,1960740,61831,annual,active
P006979,C00571,A0049,property,property_fire,2024-05-14,2025-05-14,10883613,51656,quarterly,active
P006980,C02992,A0018,motor,motor_compulsory,2024-10-05,2025-10-05,1216217,51609,monthly,active
P006981,C01974,A0037,motor,motor_compulsory,2023-06-09,2024-06-08,867927,29880,monthly,active
P006982,C00824,A0036,motor,motor_voluntary,2025-11-29,2026-11-29,1302565,64559,quarterly,active
P006983,C00484,A0043,property,property_flood,2025-11-30,2026-11-30,11082229,130818,monthly,active
P006984,C02919,A0049,motor,motor_voluntary,2022-04-23,2023-04-23,346640,10489,annual,lapsed
P006985,C01171,A0023,property,property_fire,2024-01-01,2024-12-31,14954572,48733,annual,active
P006986,C01303,A0009,property,property_allrisk,2024-08-31,2025-08-31,3846962,32053,annual,cancelled
P006987,C00429,A0043,property,property_flood,2024-05-06,2025-05-06,3616312,21563,monthly,active
P006988,C01332,A0034,motor,motor_voluntary,2024-04-01,2025-04-01,986401,32736,annual,active
P006989,C00853,A0011,motor,motor_compulsory,2024-09-23,2025-09-23,2155649,99185,monthly,active
P006990,C02099,A0046,property,property_flood,2024-08-15,2025-08-15,1732667,8698,monthly,active
P006991,C00326,A0019,motor,motor_voluntary,2025-03-25,2026-03-25,727693,17298,monthly,active
P006992,C01258,A0010,motor,motor_voluntary,2025-10-10,2026-10-10,1440049,61144,quarterly,active
P006993,C00283,A0031,motor,motor_compulsory,2024-03-04,2025-03-04,2378694,109733,monthly,active
P006994,C00285,A0036,motor,motor_voluntary,2024-02-01,2025-01-31,512982,23728,monthly,active
P006995,C02953,A0020,property,property_flood,2023-11-03,2024-11-02,16112585,69425,quarterly,lapsed
P006996,C00993,A0041,property,property_fire,2023-02-18,2024-02-18,16201768,123692,annual,lapsed
P006997,C01807,A0036,property,property_allrisk,2026-04-01,2027-04-01,8448098,58458,quarterly,active
P006998,C02175,A0016,property,property_fire,2024-06-29,2025-06-29,4415186,48485,monthly,active
P006999,C01651,A0018,motor,motor_voluntary,2022-05-30,2023-05-30,2186858,100024,monthly,active
P007000,C00652,A0008,motor,motor_compulsory,2023-05-27,2024-05-26,447934,10006,annual,cancelled
P007001,C02847,A0001,motor,motor_voluntary,2024-05-23,2025-05-23,963941,28544,quarterly,active
P007002,C02853,A0043,motor,motor_compulsory,2024-11-03,2025-11-03,1686933,76039,quarterly,active
P007003,C02801,A0050,motor,motor_compulsory,2023-12-09,2024-12-08,1553950,72796,monthly,lapsed
P007004,C02221,A0031,motor,motor_compulsory,2024-06-27,2025-06-27,1623139,46848,monthly,active
P007005,C02181,A0045,motor,motor_voluntary,2023-03-13,2024-03-12,1594086,79690,monthly,active
P007006,C01698,A0006,property,property_fire,2024-05-28,2025-05-28,17813657,103336,annual,active
P007007,C01977,A0018,property,property_flood,2024-06-21,2025-06-21,18993009,58645,monthly,active
P007008,C01058,A0033,motor,motor_compulsory,2024-03-22,2025-03-22,729623,34090,monthly,active
P007009,C02249,A0024,property,property_allrisk,2025-03-23,2026-03-23,19259707,118490,annual,active
P007010,C01309,A0050,motor,motor_compulsory,2024-04-01,2025-04-01,1208976,34303,quarterly,active
P007011,C00279,A0043,motor,motor_voluntary,2025-02-04,2026-02-04,2034818,54897,annual,active
P007012,C02479,A0031,property,property_flood,2022-12-17,2023-12-17,2915461,18893,quarterly,active
P007013,C02047,A0033,motor,motor_voluntary,2025-09-30,2026-09-30,1638179,64327,monthly,active
P007014,C01485,A0015,property,property_flood,2024-09-06,2025-09-06,4058424,32270,annual,cancelled
P007015,C02804,A0046,property,property_allrisk,2022-02-26,2023-02-26,6759872,37377,annual,active
P007016,C02978,A0043,motor,motor_compulsory,2023-01-13,2024-01-13,1646410,40626,quarterly,active
P007017,C00606,A0030,motor,motor_voluntary,2026-01-17,2027-01-17,1628969,58471,annual,active
P007018,C01358,A0020,motor,motor_compulsory,2024-11-17,2025-11-17,1870170,45434,monthly,active
P007019,C02350,A0007,motor,motor_compulsory,2023-09-15,2024-09-14,2139579,102795,annual,active
P007020,C00355,A0015,motor,motor_voluntary,2024-03-18,2025-03-18,2345934,53400,annual,active
P007021,C00566,A0043,motor,motor_voluntary,2023-02-01,2024-02-01,1718536,67482,quarterly,active
P007022,C00366,A0029,motor,motor_compulsory,2026-01-04,2027-01-04,331876,9156,quarterly,active
P007023,C00574,A0031,motor,motor_compulsory,2023-11-03,2024-11-02,1384272,63354,quarterly,active
P007024,C01827,A0021,motor,motor_voluntary,2022-08-26,2023-08-26,475522,11099,monthly,active
P007025,C01343,A0039,motor,motor_voluntary,2023-01-17,2024-01-17,2339733,100269,quarterly,active
P007026,C02377,A0031,motor,motor_compulsory,2024-05-20,2025-05-20,2199119,53955,annual,active
P007027,C01086,A0047,property,property_flood,2025-07-02,2026-07-02,14402784,111724,monthly,lapsed
P007028,C01032,A0040,motor,motor_compulsory,2026-04-28,2027-04-28,2292246,73101,quarterly,active
P007029,C00001,A0012,property,property_fire,2025-09-16,2026-09-16,14631240,138776,annual,active
P007030,C02578,A0050,property,property_allrisk,2023-01-31,2024-01-31,9243127,102924,quarterly,active
P007031,C00824,A0017,motor,motor_voluntary,2024-01-20,2025-01-19,1436612,44186,annual,active
P007032,C01537,A0025,motor,motor_compulsory,2024-05-17,2025-05-17,1515169,67453,quarterly,active
P007033,C01168,A0023,property,property_allrisk,2025-12-31,2026-12-31,5894046,20931,monthly,active
P007034,C02954,A0011,motor,motor_compulsory,2025-11-17,2026-11-17,1024347,23969,monthly,active
P007035,C01255,A0014,motor,motor_voluntary,2023-07-04,2024-07-03,357250,17573,quarterly,active
P007036,C00053,A0028,motor,motor_voluntary,2024-10-22,2025-10-22,1563611,40587,annual,active
P007037,C01039,A0026,motor,motor_voluntary,2024-02-19,2025-02-18,2381596,99874,monthly,active
P007038,C00527,A0022,motor,motor_compulsory,2025-09-12,2026-09-12,371182,9489,monthly,active
P007039,C00410,A0002,motor,motor_voluntary,2026-04-04,2027-04-04,1990514,88868,annual,active
P007040,C01493,A0033,motor,motor_voluntary,2023-01-19,2024-01-19,755921,34415,annual,active
P007041,C01498,A0037,motor,motor_compulsory,2024-07-30,2025-07-30,463445,15828,monthly,active
P007042,C00406,A0007,motor,motor_compulsory,2026-01-13,2027-01-13,1947665,39507,annual,lapsed
P007043,C01222,A0012,motor,motor_voluntary,2025-10-02,2026-10-02,1928113,44826,quarterly,active
P007044,C02242,A0028,motor,motor_voluntary,2024-05-26,2025-05-26,822402,38113,annual,active
P007045,C02475,A0014,motor,motor_voluntary,2024-07-02,2025-07-02,1007331,23603,annual,active
P007046,C02688,A0018,motor,motor_voluntary,2025-12-16,2026-12-16,2277980,78234,monthly,active
P007047,C02608,A0017,motor,motor_compulsory,2025-11-06,2026-11-06,608749,19027,quarterly,active
P007048,C01330,A0045,motor,motor_voluntary,2026-01-10,2027-01-10,419561,17702,quarterly,active
P007049,C02027,A0016,motor,motor_voluntary,2023-05-14,2024-05-13,751002,16579,annual,active
P007050,C00725,A0020,property,property_fire,2023-01-28,2024-01-28,10802726,88008,monthly,lapsed
P007051,C00256,A0012,motor,motor_voluntary,2025-05-20,2026-05-20,1888084,37866,quarterly,lapsed
P007052,C00613,A0044,motor,motor_voluntary,2025-02-22,2026-02-22,1827378,83945,quarterly,lapsed
P007053,C00272,A0007,motor,motor_voluntary,2024-08-08,2025-08-08,2372162,92309,quarterly,cancelled
P007054,C02435,A0029,motor,motor_compulsory,2025-06-23,2026-06-23,1153511,41248,annual,active
P007055,C01536,A0025,motor,motor_compulsory,2023-12-07,2024-12-06,1068355,28762,monthly,active
P007056,C00504,A0020,motor,motor_voluntary,2025-08-20,2026-08-20,2101631,80964,annual,active
P007057,C02194,A0021,motor,motor_voluntary,2023-10-29,2024-10-28,428428,18535,monthly,active
P007058,C02961,A0048,motor,motor_voluntary,2024-01-09,2025-01-08,1567297,31571,annual,active
P007059,C02446,A0025,motor,motor_voluntary,2025-07-17,2026-07-17,2497769,108505,quarterly,active
P007060,C02258,A0035,motor,motor_voluntary,2024-05-16,2025-05-16,1452271,53780,quarterly,active
P007061,C02009,A0027,motor,motor_compulsory,2023-11-16,2024-11-15,1022175,35972,annual,active
P007062,C00090,A0011,motor,motor_voluntary,2023-09-18,2024-09-17,1346000,50773,quarterly,active
P007063,C01995,A0018,motor,motor_compulsory,2025-05-21,2026-05-21,2443098,55270,annual,active
P007064,C01984,A0045,motor,motor_voluntary,2023-02-18,2024-02-18,683530,28240,annual,lapsed
P007065,C02697,A0029,property,property_fire,2025-05-22,2026-05-22,6400230,56419,annual,active
P007066,C00787,A0049,property,property_allrisk,2025-09-09,2026-09-09,15319542,166186,monthly,active
P007067,C00680,A0023,motor,motor_compulsory,2023-05-22,2024-05-21,555164,22541,monthly,active
P007068,C00585,A0011,motor,motor_compulsory,2024-05-08,2025-05-08,1149423,47687,monthly,active
P007069,C02993,A0036,property,property_fire,2023-04-09,2024-04-08,12719117,148100,monthly,active
P007070,C01798,A0037,motor,motor_compulsory,2023-07-25,2024-07-24,470367,11647,quarterly,lapsed
P007071,C01903,A0039,motor,motor_voluntary,2025-11-18,2026-11-18,801310,26138,monthly,active
P007072,C00565,A0009,motor,motor_compulsory,2024-07-01,2025-07-01,644277,23394,monthly,active
P007073,C01626,A0023,motor,motor_compulsory,2026-03-24,2027-03-24,530688,12253,monthly,active
P007074,C01165,A0017,motor,motor_compulsory,2024-03-24,2025-03-24,2045293,93938,quarterly,active
P007075,C01064,A0011,property,property_allrisk,2023-10-08,2024-10-07,15200306,116251,quarterly,lapsed
P007076,C00319,A0028,motor,motor_compulsory,2026-02-25,2027-02-25,722443,33529,annual,active
P007077,C01203,A0041,motor,motor_compulsory,2022-10-15,2023-10-15,369809,7573,annual,active
P007078,C00228,A0021,motor,motor_voluntary,2022-12-21,2023-12-21,1749381,56174,annual,active
P007079,C02193,A0026,motor,motor_compulsory,2024-01-05,2025-01-04,950429,23635,monthly,active
P007080,C00144,A0047,property,property_flood,2022-08-21,2023-08-21,5156183,60223,monthly,active
P007081,C01026,A0034,motor,motor_compulsory,2024-03-19,2025-03-19,2339926,52152,annual,active
P007082,C02832,A0010,motor,motor_voluntary,2024-03-15,2025-03-15,1227323,52648,quarterly,active
P007083,C00150,A0045,motor,motor_voluntary,2022-01-07,2023-01-07,778210,22530,quarterly,lapsed
P007084,C00294,A0042,motor,motor_voluntary,2023-04-08,2024-04-07,1246049,54483,annual,active
P007085,C02569,A0005,motor,motor_compulsory,2023-11-03,2024-11-02,2157245,87271,quarterly,cancelled
P007086,C00220,A0007,motor,motor_voluntary,2023-07-02,2024-07-01,1936624,94209,monthly,active
P007087,C00259,A0017,property,property_fire,2022-02-11,2023-02-11,4819216,48919,monthly,active
P007088,C01083,A0033,motor,motor_compulsory,2025-10-03,2026-10-03,1237761,31138,quarterly,active
P007089,C02840,A0047,motor,motor_voluntary,2025-10-12,2026-10-12,1566140,62521,annual,active
P007090,C01232,A0012,motor,motor_voluntary,2025-12-04,2026-12-04,867103,40635,annual,active
P007091,C02956,A0029,property,property_flood,2022-04-02,2023-04-02,9754314,84568,quarterly,lapsed
P007092,C00489,A0049,motor,motor_compulsory,2024-03-25,2025-03-25,2224272,75614,monthly,cancelled
P007093,C02840,A0038,motor,motor_compulsory,2026-02-02,2027-02-02,1155938,49025,monthly,active
P007094,C02719,A0031,motor,motor_compulsory,2023-01-12,2024-01-12,1748314,56419,monthly,active
P007095,C00141,A0006,motor,motor_voluntary,2024-06-15,2025-06-15,1301830,44855,annual,lapsed
P007096,C00504,A0035,motor,motor_voluntary,2025-07-03,2026-07-03,1060836,46702,quarterly,active
P007097,C02029,A0036,property,property_flood,2022-02-27,2023-02-27,15793922,93472,monthly,lapsed
P007098,C01865,A0037,property,property_allrisk,2025-03-13,2026-03-13,15276115,166979,annual,active
P007099,C00908,A0042,property,property_fire,2023-04-15,2024-04-14,18339195,118056,annual,active
P007100,C01823,A0045,property,property_fire,2024-04-19,2025-04-19,1625164,10010,monthly,lapsed
P007101,C01786,A0028,motor,motor_compulsory,2024-05-30,2025-05-30,799617,19979,annual,lapsed
P007102,C02272,A0049,motor,motor_compulsory,2022-06-14,2023-06-14,1259980,26897,annual,active
P007103,C01932,A0024,motor,motor_voluntary,2022-07-17,2023-07-17,2364073,48058,annual,lapsed
P007104,C00987,A0008,motor,motor_voluntary,2025-06-29,2026-06-29,2134075,71654,monthly,active
P007105,C02367,A0028,motor,motor_voluntary,2025-11-11,2026-11-11,805711,30335,quarterly,active
P007106,C00467,A0014,motor,motor_voluntary,2025-04-15,2026-04-15,2318332,101713,annual,lapsed
P007107,C01648,A0043,motor,motor_compulsory,2023-11-06,2024-11-05,1165068,33321,monthly,active
P007108,C02030,A0045,motor,motor_compulsory,2025-11-14,2026-11-14,435268,18994,annual,active
P007109,C01869,A0050,motor,motor_compulsory,2023-11-02,2024-11-01,2201020,104007,monthly,active
P007110,C00868,A0023,motor,motor_compulsory,2023-01-04,2024-01-04,642024,27701,annual,active
P007111,C02322,A0028,property,property_flood,2022-01-27,2023-01-27,11989352,50362,monthly,lapsed
P007112,C01659,A0025,motor,motor_voluntary,2024-01-17,2025-01-16,332936,12379,quarterly,active
P007113,C02128,A0003,motor,motor_compulsory,2022-02-03,2023-02-03,1114857,49026,monthly,lapsed
P007114,C01227,A0043,motor,motor_compulsory,2022-05-08,2023-05-08,2300383,98523,quarterly,active
P007115,C01891,A0006,property,property_flood,2022-06-27,2023-06-27,6256277,32203,quarterly,cancelled
P007116,C02102,A0024,motor,motor_compulsory,2024-11-22,2025-11-22,701134,20726,quarterly,active
P007117,C02494,A0002,motor,motor_compulsory,2023-02-24,2024-02-24,2392108,79427,monthly,active
P007118,C02645,A0007,motor,motor_voluntary,2025-03-22,2026-03-22,2390812,78162,annual,active
P007119,C02009,A0044,property,property_flood,2025-10-20,2026-10-20,8860686,71632,monthly,active
P007120,C01167,A0025,motor,motor_voluntary,2023-02-04,2024-02-04,1377168,34072,monthly,active
P007121,C00100,A0039,motor,motor_voluntary,2023-10-17,2024-10-16,1978458,88355,monthly,active
P007122,C00193,A0017,motor,motor_voluntary,2023-06-20,2024-06-19,1876715,47330,monthly,active
P007123,C02036,A0013,motor,motor_compulsory,2023-04-23,2024-04-22,421337,13363,monthly,active
P007124,C00306,A0021,motor,motor_voluntary,2023-09-24,2024-09-23,1902839,54656,annual,active
P007125,C01029,A0026,motor,motor_voluntary,2025-05-07,2026-05-07,363066,12916,monthly,active
P007126,C00430,A0039,motor,motor_compulsory,2024-02-13,2025-02-12,1640254,70753,monthly,active
P007127,C00493,A0042,motor,motor_compulsory,2023-06-05,2024-06-04,513112,21292,monthly,active
P007128,C01708,A0014,motor,motor_voluntary,2025-09-06,2026-09-06,1953956,49737,quarterly,active
P007129,C02904,A0044,motor,motor_compulsory,2023-01-15,2024-01-15,885286,39983,monthly,lapsed
P007130,C01986,A0028,motor,motor_voluntary,2023-06-24,2024-06-23,903240,30449,quarterly,lapsed
P007131,C02575,A0037,motor,motor_voluntary,2024-09-19,2025-09-19,1908098,94981,monthly,active
P007132,C01766,A0020,motor,motor_compulsory,2024-11-22,2025-11-22,1318233,37601,monthly,active
P007133,C02233,A0031,property,property_flood,2024-05-06,2025-05-06,9071061,42129,quarterly,active
P007134,C01940,A0003,motor,motor_voluntary,2026-01-06,2027-01-06,1525257,59010,quarterly,cancelled
P007135,C02089,A0023,motor,motor_voluntary,2023-09-22,2024-09-21,2124879,84114,annual,active
P007136,C02736,A0026,property,property_fire,2023-04-07,2024-04-06,1029642,7903,quarterly,active
P007137,C02120,A0024,motor,motor_voluntary,2025-11-28,2026-11-28,744019,26648,quarterly,active
P007138,C02499,A0050,motor,motor_voluntary,2022-09-08,2023-09-08,575029,17477,annual,active
P007139,C01925,A0022,property,property_flood,2025-11-12,2026-11-12,3797036,33689,monthly,active
P007140,C00746,A0004,motor,motor_compulsory,2024-03-04,2025-03-04,1331824,51911,quarterly,active
P007141,C02321,A0035,motor,motor_voluntary,2023-11-18,2024-11-17,985828,35837,monthly,active
P007142,C02557,A0014,motor,motor_compulsory,2024-09-25,2025-09-25,1145949,39400,monthly,lapsed
P007143,C01995,A0036,motor,motor_compulsory,2025-01-12,2026-01-12,501488,10583,quarterly,active
P007144,C01474,A0005,motor,motor_compulsory,2025-02-06,2026-02-06,370840,8093,annual,active
P007145,C00931,A0038,motor,motor_voluntary,2025-10-03,2026-10-03,1668360,50915,annual,active
P007146,C02997,A0046,property,property_allrisk,2023-07-27,2024-07-26,1730705,20529,annual,active
P007147,C02171,A0031,property,property_fire,2023-12-13,2024-12-12,12057092,141433,annual,active
P007148,C02856,A0029,property,property_fire,2024-02-01,2025-01-31,11765296,139071,annual,active
P007149,C01395,A0018,motor,motor_voluntary,2022-02-11,2023-02-11,402644,14480,monthly,active
P007150,C00640,A0005,motor,motor_voluntary,2026-04-13,2027-04-13,610683,19777,annual,active
P007151,C00542,A0041,property,property_fire,2023-09-03,2024-09-02,6904847,32944,quarterly,active
P007152,C00038,A0028,motor,motor_compulsory,2023-11-09,2024-11-08,868757,33984,quarterly,active
P007153,C02488,A0049,motor,motor_voluntary,2022-11-03,2023-11-03,2489243,72613,annual,active
P007154,C02198,A0035,property,property_allrisk,2024-02-19,2025-02-18,4586399,38654,monthly,active
P007155,C00420,A0040,property,property_allrisk,2024-03-18,2025-03-18,7898442,40360,quarterly,lapsed
P007156,C02487,A0032,motor,motor_voluntary,2025-12-23,2026-12-23,1582675,44450,monthly,active
P007157,C01557,A0007,motor,motor_compulsory,2023-09-27,2024-09-26,1816336,62916,quarterly,active
P007158,C02620,A0005,motor,motor_compulsory,2023-02-21,2024-02-21,1238631,55992,monthly,active
P007159,C01210,A0044,motor,motor_compulsory,2024-01-18,2025-01-17,264383,9403,annual,lapsed
P007160,C01411,A0031,property,property_allrisk,2022-08-11,2023-08-11,4014255,35004,annual,active
P007161,C02297,A0030,motor,motor_voluntary,2022-09-05,2023-09-05,1382974,42062,annual,active
P007162,C00924,A0020,motor,motor_compulsory,2023-06-09,2024-06-08,2291493,72354,quarterly,active
P007163,C01838,A0024,motor,motor_compulsory,2023-06-19,2024-06-18,1185653,30814,monthly,lapsed
P007164,C02750,A0032,motor,motor_compulsory,2023-04-18,2024-04-17,1564959,40694,monthly,active
P007165,C00347,A0037,motor,motor_compulsory,2025-04-23,2026-04-23,1111291,53291,annual,lapsed
P007166,C01071,A0029,motor,motor_voluntary,2023-11-15,2024-11-14,2153031,84015,quarterly,active
P007167,C01330,A0002,motor,motor_voluntary,2022-05-08,2023-05-08,2039406,59444,monthly,active
P007168,C02842,A0005,motor,motor_voluntary,2023-07-17,2024-07-16,1597058,60688,annual,active
P007169,C01337,A0036,property,property_allrisk,2024-05-31,2025-05-31,3906888,25837,annual,active
P007170,C02936,A0002,motor,motor_compulsory,2022-03-27,2023-03-27,1023679,39282,annual,active
P007171,C01271,A0011,motor,motor_compulsory,2024-12-28,2025-12-28,1297607,47487,monthly,cancelled
P007172,C01368,A0007,motor,motor_compulsory,2026-03-18,2027-03-18,699712,18907,annual,active
P007173,C02137,A0023,motor,motor_compulsory,2025-06-05,2026-06-05,2066002,48944,annual,active
P007174,C00355,A0023,property,property_allrisk,2024-04-06,2025-04-06,6889207,44136,monthly,active
P007175,C00419,A0014,motor,motor_compulsory,2024-07-15,2025-07-15,372831,8388,annual,active
P007176,C00075,A0034,property,property_allrisk,2023-08-27,2024-08-26,3592793,14925,monthly,lapsed
P007177,C02300,A0025,motor,motor_compulsory,2023-09-04,2024-09-03,1333759,48783,quarterly,active
P007178,C01203,A0044,motor,motor_voluntary,2023-10-12,2024-10-11,1686360,80670,quarterly,active
P007179,C02610,A0029,motor,motor_compulsory,2023-07-05,2024-07-04,1792615,53542,quarterly,active
P007180,C02767,A0015,motor,motor_voluntary,2025-12-31,2026-12-31,1711079,75401,monthly,active
P007181,C00852,A0024,motor,motor_voluntary,2024-01-24,2025-01-23,943440,19363,quarterly,active
P007182,C02140,A0032,property,property_fire,2024-11-13,2025-11-13,6725982,67532,monthly,lapsed
P007183,C01276,A0007,property,property_fire,2024-06-26,2025-06-26,5480624,19742,annual,active
P007184,C00853,A0049,motor,motor_voluntary,2024-07-02,2025-07-02,1795313,56457,annual,active
P007185,C02815,A0023,motor,motor_compulsory,2026-04-17,2027-04-17,572588,15152,quarterly,active
P007186,C01054,A0031,motor,motor_voluntary,2026-04-08,2027-04-08,812559,40052,quarterly,active
P007187,C01601,A0003,property,property_flood,2024-01-19,2025-01-18,15256391,59116,annual,active
P007188,C00530,A0046,motor,motor_voluntary,2023-11-13,2024-11-12,486830,16089,quarterly,active
P007189,C02800,A0028,motor,motor_compulsory,2023-06-05,2024-06-04,1756725,56506,annual,lapsed
P007190,C01352,A0027,property,property_allrisk,2023-04-17,2024-04-16,15632394,56247,monthly,active
P007191,C00607,A0020,motor,motor_voluntary,2024-02-22,2025-02-21,1066082,28463,quarterly,active
P007192,C02201,A0036,property,property_allrisk,2024-02-02,2025-02-01,17728068,204388,annual,active
P007193,C01530,A0008,motor,motor_voluntary,2024-03-05,2025-03-05,2311527,67351,quarterly,active
P007194,C02332,A0024,motor,motor_compulsory,2022-03-07,2023-03-07,631966,16623,quarterly,active
P007195,C00912,A0034,motor,motor_voluntary,2022-04-21,2023-04-21,303375,7774,annual,active
P007196,C00745,A0029,motor,motor_voluntary,2026-04-28,2027-04-28,1549166,75293,quarterly,active
P007197,C01716,A0023,motor,motor_voluntary,2024-08-12,2025-08-12,1425382,31139,monthly,active
P007198,C02197,A0003,motor,motor_compulsory,2022-06-22,2023-06-22,1231350,43618,annual,active
P007199,C01860,A0019,motor,motor_voluntary,2023-03-31,2024-03-30,544272,16720,quarterly,active
P007200,C02313,A0017,property,property_fire,2024-11-19,2025-11-19,2289754,24920,quarterly,active
P007201,C01047,A0031,property,property_flood,2025-01-27,2026-01-27,17501211,138152,annual,active
P007202,C01993,A0027,motor,motor_voluntary,2025-07-07,2026-07-07,1914333,45949,monthly,lapsed
P007203,C00577,A0035,motor,motor_voluntary,2026-02-15,2027-02-15,1901865,70035,monthly,cancelled
P007204,C00474,A0023,motor,motor_compulsory,2025-03-23,2026-03-23,649805,22509,quarterly,active
P007205,C00936,A0018,property,property_allrisk,2022-06-25,2023-06-25,18166114,144022,quarterly,lapsed
P007206,C02018,A0029,property,property_allrisk,2024-04-23,2025-04-23,4829613,45859,quarterly,active
P007207,C02298,A0018,motor,motor_compulsory,2024-03-22,2025-03-22,220635,5049,monthly,active
P007208,C01498,A0001,property,property_allrisk,2026-01-08,2027-01-08,1539475,14676,quarterly,active
P007209,C01939,A0022,property,property_allrisk,2024-08-04,2025-08-04,19722967,221467,quarterly,active
P007210,C01343,A0023,motor,motor_voluntary,2025-06-12,2026-06-12,1791107,73186,quarterly,active
P007211,C01145,A0023,motor,motor_voluntary,2025-07-27,2026-07-27,416475,18761,annual,active
P007212,C02841,A0002,motor,motor_compulsory,2026-02-05,2027-02-05,1077761,51395,quarterly,active
P007213,C02307,A0020,property,property_fire,2024-02-25,2025-02-24,12079936,79677,quarterly,lapsed
P007214,C02144,A0017,property,property_fire,2023-06-27,2024-06-26,6042766,53635,monthly,lapsed
P007215,C01488,A0037,motor,motor_compulsory,2023-07-13,2024-07-12,1926168,88889,quarterly,active
P007216,C01624,A0047,property,property_fire,2023-11-04,2024-11-03,7905032,52826,monthly,active
P007217,C00945,A0010,property,property_flood,2024-05-19,2025-05-19,17523935,112435,quarterly,active
P007218,C01043,A0022,motor,motor_compulsory,2024-08-04,2025-08-04,1769343,77012,quarterly,active
P007219,C01433,A0010,motor,motor_voluntary,2026-04-28,2027-04-28,1985794,97259,monthly,active
P007220,C00298,A0029,motor,motor_voluntary,2025-06-06,2026-06-06,355080,11882,monthly,active
P007221,C01892,A0046,motor,motor_voluntary,2025-12-21,2026-12-21,594022,25969,quarterly,lapsed
P007222,C01675,A0016,motor,motor_compulsory,2023-02-19,2024-02-19,881039,19286,quarterly,lapsed
P007223,C01754,A0004,motor,motor_voluntary,2026-01-29,2027-01-29,1916491,45527,quarterly,active
P007224,C00479,A0036,property,property_fire,2025-07-12,2026-07-12,17666835,108638,quarterly,active
P007225,C02112,A0006,motor,motor_compulsory,2024-03-11,2025-03-11,936188,20049,annual,active
P007226,C01592,A0049,property,property_flood,2023-02-09,2024-02-09,4158575,23526,quarterly,active
P007227,C02758,A0011,motor,motor_compulsory,2025-05-16,2026-05-16,2069597,63647,monthly,active
P007228,C02938,A0017,motor,motor_compulsory,2025-12-21,2026-12-21,1457902,60579,annual,active
P007229,C02903,A0034,motor,motor_compulsory,2025-07-22,2026-07-22,248993,7332,quarterly,active
P007230,C02248,A0042,motor,motor_voluntary,2023-01-13,2024-01-13,1293550,41484,monthly,active
P007231,C01718,A0048,motor,motor_voluntary,2026-04-23,2027-04-23,751930,36956,monthly,active
P007232,C01541,A0026,motor,motor_compulsory,2024-01-16,2025-01-15,2109484,88460,quarterly,active
P007233,C02533,A0011,motor,motor_voluntary,2022-09-29,2023-09-29,408531,9054,monthly,active
P007234,C02184,A0040,motor,motor_voluntary,2023-05-12,2024-05-11,479491,23240,monthly,lapsed
P007235,C00266,A0040,motor,motor_voluntary,2026-03-26,2027-03-26,2278652,79294,quarterly,active
P007236,C02860,A0040,property,property_fire,2022-03-04,2023-03-04,19118638,108021,quarterly,active
P007237,C00240,A0014,property,property_allrisk,2026-04-22,2027-04-22,19156441,162409,monthly,active
P007238,C00078,A0001,property,property_flood,2023-08-24,2024-08-23,18643218,106052,monthly,lapsed
P007239,C02404,A0033,property,property_flood,2024-02-29,2025-02-28,14009323,117253,annual,active
P007240,C00959,A0025,motor,motor_voluntary,2024-10-24,2025-10-24,1236411,40543,quarterly,active
P007241,C01298,A0030,motor,motor_compulsory,2025-07-16,2026-07-16,1035959,34656,annual,active
P007242,C01602,A0009,property,property_flood,2023-06-26,2024-06-25,8735254,65248,annual,active
P007243,C02292,A0029,motor,motor_voluntary,2023-06-03,2024-06-02,1066498,42873,annual,active
P007244,C01925,A0012,motor,motor_compulsory,2024-05-06,2025-05-06,2162181,105749,quarterly,active
P007245,C00519,A0034,motor,motor_compulsory,2024-12-21,2025-12-21,328058,12708,monthly,active
P007246,C01263,A0036,motor,motor_voluntary,2024-04-26,2025-04-26,205403,5065,quarterly,active
P007247,C02037,A0041,motor,motor_voluntary,2026-04-05,2027-04-05,814677,22665,monthly,active
P007248,C01471,A0045,motor,motor_compulsory,2025-01-17,2026-01-17,1923181,56709,monthly,lapsed
P007249,C01128,A0027,motor,motor_voluntary,2024-04-20,2025-04-20,240893,6983,quarterly,active
P007250,C01020,A0047,property,property_fire,2024-08-13,2025-08-13,6294539,21120,monthly,cancelled
P007251,C02615,A0028,motor,motor_compulsory,2025-10-01,2026-10-01,1434498,70978,annual,active
P007252,C02645,A0022,motor,motor_compulsory,2024-01-24,2025-01-23,1636793,58874,monthly,lapsed
P007253,C01635,A0002,motor,motor_compulsory,2024-11-14,2025-11-14,2115816,86499,monthly,active
P007254,C00734,A0049,property,property_allrisk,2024-02-19,2025-02-18,10449283,36088,monthly,active
P007255,C00431,A0032,motor,motor_compulsory,2024-04-03,2025-04-03,2406128,85209,annual,active
P007256,C01645,A0036,motor,motor_compulsory,2024-12-19,2025-12-19,1504791,43509,annual,active
P007257,C02188,A0022,property,property_flood,2023-04-17,2024-04-16,14121398,161985,monthly,active
P007258,C00986,A0037,motor,motor_compulsory,2022-06-12,2023-06-12,2131706,91816,monthly,active
P007259,C01503,A0043,motor,motor_voluntary,2023-07-06,2024-07-05,287569,11699,quarterly,active
P007260,C02338,A0025,property,property_allrisk,2026-04-25,2027-04-25,17983080,145075,monthly,active
P007261,C00741,A0007,property,property_allrisk,2023-06-23,2024-06-22,10835026,42533,monthly,lapsed
P007262,C02475,A0032,motor,motor_voluntary,2024-02-17,2025-02-16,656825,21027,quarterly,lapsed
P007263,C01252,A0009,property,property_fire,2023-07-14,2024-07-13,6742423,22939,monthly,active
P007264,C00844,A0030,motor,motor_voluntary,2025-06-28,2026-06-28,1319945,65418,quarterly,active
P007265,C02978,A0002,motor,motor_compulsory,2023-02-03,2024-02-03,2483153,123433,annual,active
P007266,C02653,A0023,property,property_fire,2025-01-11,2026-01-11,15784489,95190,monthly,active
P007267,C01659,A0037,property,property_fire,2023-08-12,2024-08-11,2802095,14932,quarterly,active
P007268,C00369,A0011,motor,motor_voluntary,2026-04-13,2027-04-13,355995,13311,quarterly,active
P007269,C00261,A0008,motor,motor_compulsory,2026-01-04,2027-01-04,1829831,79954,monthly,active
P007270,C01108,A0008,property,property_flood,2024-06-29,2025-06-29,3595827,29914,monthly,active
P007271,C01602,A0002,property,property_fire,2024-03-01,2025-03-01,16168344,148537,monthly,active
P007272,C01960,A0006,motor,motor_voluntary,2023-07-25,2024-07-24,713134,19283,annual,active
P007273,C00627,A0007,motor,motor_compulsory,2024-04-05,2025-04-05,1075221,47492,annual,active
P007274,C02098,A0021,motor,motor_voluntary,2023-08-20,2024-08-19,2367208,95574,quarterly,cancelled
P007275,C00131,A0045,motor,motor_compulsory,2023-12-22,2024-12-21,682586,19272,monthly,active
P007276,C00316,A0002,motor,motor_compulsory,2025-01-12,2026-01-12,1162020,50264,quarterly,active
P007277,C02422,A0020,motor,motor_voluntary,2025-10-24,2026-10-24,874887,30960,monthly,active
P007278,C02880,A0033,motor,motor_compulsory,2024-11-12,2025-11-12,1207833,51109,monthly,active
P007279,C02474,A0004,motor,motor_voluntary,2026-02-02,2027-02-02,611246,30107,annual,lapsed
P007280,C00227,A0036,motor,motor_compulsory,2025-06-06,2026-06-06,1835676,87386,quarterly,active
P007281,C00359,A0044,motor,motor_voluntary,2024-11-19,2025-11-19,1257207,37496,monthly,active
P007282,C01476,A0007,motor,motor_compulsory,2025-11-04,2026-11-04,843299,31248,monthly,active
P007283,C01454,A0034,property,property_flood,2025-09-29,2026-09-29,17259929,177574,monthly,active
P007284,C02330,A0010,motor,motor_voluntary,2024-08-10,2025-08-10,811679,20925,quarterly,lapsed
P007285,C02187,A0021,motor,motor_compulsory,2023-08-02,2024-08-01,1972581,49604,quarterly,active
P007286,C00473,A0029,motor,motor_compulsory,2025-10-30,2026-10-30,1951594,39369,quarterly,lapsed
P007287,C02088,A0018,motor,motor_voluntary,2023-06-12,2024-06-11,840930,32058,annual,active
P007288,C02396,A0028,motor,motor_voluntary,2024-11-15,2025-11-15,1892303,53165,monthly,active
P007289,C02650,A0012,motor,motor_compulsory,2025-08-26,2026-08-26,680712,26398,monthly,active
P007290,C01591,A0004,property,property_fire,2023-02-10,2024-02-10,15660198,183018,quarterly,active
P007291,C02655,A0044,property,property_fire,2023-11-10,2024-11-09,12200136,144564,monthly,active
P007292,C00474,A0024,motor,motor_compulsory,2022-02-12,2023-02-12,681350,20465,annual,lapsed
P007293,C00250,A0017,motor,motor_compulsory,2025-12-16,2026-12-16,459696,19852,monthly,active
P007294,C00652,A0021,property,property_fire,2023-12-15,2024-12-14,2555919,21448,annual,active
P007295,C00841,A0012,motor,motor_voluntary,2022-09-12,2023-09-12,1425603,29263,quarterly,lapsed
P007296,C02196,A0036,motor,motor_voluntary,2025-06-23,2026-06-23,2331380,58974,quarterly,active
P007297,C00566,A0004,motor,motor_compulsory,2024-08-30,2025-08-30,1893442,61695,monthly,active
P007298,C00161,A0001,motor,motor_compulsory,2025-02-16,2026-02-16,1111658,51923,monthly,active
P007299,C00257,A0027,motor,motor_compulsory,2024-12-30,2025-12-30,584483,18821,quarterly,active
P007300,C00417,A0037,property,property_flood,2024-02-06,2025-02-05,4885614,18279,quarterly,active
P007301,C02555,A0031,motor,motor_voluntary,2025-11-03,2026-11-03,401831,18572,quarterly,active
P007302,C00499,A0037,motor,motor_voluntary,2024-12-17,2025-12-17,1457911,64989,annual,lapsed
P007303,C01511,A0039,motor,motor_voluntary,2025-01-17,2026-01-17,1197710,24929,quarterly,active
P007304,C01492,A0007,motor,motor_voluntary,2023-08-05,2024-08-04,1510574,44878,quarterly,active
P007305,C00631,A0046,property,property_flood,2023-08-21,2024-08-20,12650330,129067,monthly,active
P007306,C00741,A0033,motor,motor_voluntary,2023-05-28,2024-05-27,430964,10854,monthly,lapsed
P007307,C01804,A0005,motor,motor_compulsory,2023-03-29,2024-03-28,1090859,32402,quarterly,active
P007308,C02278,A0021,motor,motor_compulsory,2024-12-04,2025-12-04,2385744,82801,quarterly,active
P007309,C02428,A0026,property,property_fire,2023-08-15,2024-08-14,8076061,31153,monthly,active
P007310,C02366,A0035,motor,motor_voluntary,2022-07-14,2023-07-14,1987201,91595,annual,lapsed
P007311,C00974,A0047,property,property_flood,2025-08-14,2026-08-14,2258050,19329,monthly,active
P007312,C02472,A0016,motor,motor_compulsory,2023-09-19,2024-09-18,225363,6305,monthly,active
P007313,C02961,A0047,property,property_allrisk,2023-11-18,2024-11-17,17928298,135041,quarterly,cancelled
P007314,C02952,A0016,property,property_allrisk,2025-03-03,2026-03-03,10385769,38954,quarterly,active
P007315,C01804,A0038,property,property_allrisk,2023-05-27,2024-05-26,15367410,175457,monthly,active
P007316,C02199,A0030,property,property_fire,2023-06-26,2024-06-25,17894291,93504,quarterly,active
P007317,C02127,A0022,motor,motor_voluntary,2025-07-11,2026-07-11,1649731,37110,annual,active
P007318,C00181,A0014,motor,motor_compulsory,2025-04-03,2026-04-03,2136661,88184,quarterly,active
P007319,C00666,A0021,property,property_flood,2023-03-27,2024-03-26,19807441,170096,quarterly,active
P007320,C01818,A0003,motor,motor_compulsory,2026-01-19,2027-01-19,1507382,64539,quarterly,active
P007321,C00702,A0046,motor,motor_voluntary,2024-11-16,2025-11-16,872432,25387,monthly,active
P007322,C00595,A0017,property,property_allrisk,2023-09-24,2024-09-23,2136833,20013,annual,active
P007323,C00624,A0034,property,property_flood,2025-09-17,2026-09-17,17205157,140384,annual,active
P007324,C01042,A0037,property,property_flood,2025-06-08,2026-06-08,14091244,113046,monthly,active
P007325,C02280,A0036,property,property_flood,2023-11-02,2024-11-01,14238153,114079,quarterly,active
P007326,C02577,A0012,motor,motor_voluntary,2024-07-09,2025-07-09,627986,22622,quarterly,active
P007327,C02500,A0007,motor,motor_compulsory,2024-11-12,2025-11-12,505943,17485,annual,active
P007328,C00211,A0039,motor,motor_compulsory,2024-07-30,2025-07-30,822375,39110,quarterly,active
P007329,C01721,A0020,property,property_flood,2025-06-29,2026-06-29,4426096,48979,annual,active
P007330,C02208,A0046,motor,motor_compulsory,2023-12-09,2024-12-08,745821,15606,quarterly,active
P007331,C01991,A0007,property,property_allrisk,2023-11-18,2024-11-17,6173407,58149,monthly,active
P007332,C02249,A0004,motor,motor_compulsory,2023-04-15,2024-04-14,2427484,74231,quarterly,active
P007333,C02853,A0007,property,property_flood,2024-03-20,2025-03-20,16241804,168101,quarterly,active
P007334,C02010,A0006,motor,motor_voluntary,2025-02-28,2026-02-28,499573,16825,quarterly,active
P007335,C02039,A0035,motor,motor_voluntary,2023-02-26,2024-02-26,337189,15267,annual,active
P007336,C01973,A0050,motor,motor_compulsory,2023-06-28,2024-06-27,1482399,40997,monthly,lapsed
P007337,C01003,A0039,motor,motor_voluntary,2025-11-10,2026-11-10,1837990,76867,monthly,cancelled
P007338,C02265,A0031,motor,motor_compulsory,2022-03-06,2023-03-06,1052902,48286,quarterly,active
P007339,C01341,A0010,motor,motor_voluntary,2026-04-10,2027-04-10,2268025,63898,quarterly,lapsed
P007340,C02766,A0036,property,property_allrisk,2022-01-26,2023-01-26,8640263,71744,annual,active
P007341,C01732,A0015,motor,motor_compulsory,2022-07-03,2023-07-03,1326959,47642,quarterly,lapsed
P007342,C01300,A0002,property,property_flood,2026-02-06,2027-02-06,17871850,116460,annual,cancelled
P007343,C02389,A0037,motor,motor_compulsory,2023-05-23,2024-05-22,774695,21798,annual,active
P007344,C00127,A0027,motor,motor_voluntary,2023-01-16,2024-01-16,1268398,32516,monthly,active
P007345,C02071,A0020,property,property_flood,2026-04-24,2027-04-24,19321438,130383,quarterly,cancelled
P007346,C01034,A0002,motor,motor_compulsory,2024-11-25,2025-11-25,566001,20015,monthly,active
P007347,C00871,A0012,property,property_allrisk,2025-04-08,2026-04-08,9830808,31704,quarterly,active
P007348,C00664,A0005,motor,motor_compulsory,2025-03-29,2026-03-29,1444133,71377,monthly,active
P007349,C02273,A0014,motor,motor_voluntary,2024-05-16,2025-05-16,1746691,59306,annual,active
P007350,C00030,A0029,motor,motor_voluntary,2023-05-04,2024-05-03,2064857,44526,monthly,lapsed
P007351,C01843,A0043,motor,motor_voluntary,2023-10-24,2024-10-23,1574652,66168,monthly,active
P007352,C02802,A0010,motor,motor_voluntary,2023-05-29,2024-05-28,1019277,49371,annual,active
P007353,C01583,A0026,property,property_fire,2025-02-17,2026-02-17,12858589,43195,annual,active
P007354,C00940,A0047,property,property_fire,2022-10-16,2023-10-16,15783115,61980,monthly,active
P007355,C02189,A0024,motor,motor_voluntary,2024-04-08,2025-04-08,2068863,56000,monthly,lapsed
P007356,C02686,A0017,motor,motor_compulsory,2024-05-14,2025-05-14,1719341,43702,annual,active
P007357,C02486,A0016,motor,motor_voluntary,2025-08-07,2026-08-07,374293,13248,monthly,active
P007358,C00457,A0049,motor,motor_compulsory,2025-05-31,2026-05-31,1475230,39036,quarterly,active
P007359,C02798,A0034,motor,motor_compulsory,2024-02-21,2025-02-20,1967399,92374,quarterly,active
P007360,C02061,A0022,property,property_allrisk,2025-09-15,2026-09-15,5509579,62402,quarterly,active
P007361,C02904,A0027,motor,motor_voluntary,2024-06-08,2025-06-08,1129871,52379,quarterly,cancelled
P007362,C02584,A0035,motor,motor_voluntary,2025-11-09,2026-11-09,1015345,31267,annual,active
P007363,C01859,A0023,motor,motor_compulsory,2022-06-19,2023-06-19,2154626,85689,annual,active
P007364,C00466,A0005,property,property_flood,2023-01-16,2024-01-16,19287866,189012,annual,active
P007365,C02405,A0015,motor,motor_compulsory,2026-01-13,2027-01-13,321639,9925,annual,active
P007366,C02073,A0031,property,property_flood,2025-06-15,2026-06-15,6241472,24408,quarterly,active
P007367,C00977,A0029,motor,motor_voluntary,2023-04-26,2024-04-25,2296959,66419,monthly,active
P007368,C00943,A0036,property,property_flood,2022-02-08,2023-02-08,9038502,32061,quarterly,active
P007369,C00632,A0045,property,property_fire,2024-03-10,2025-03-10,15400629,53320,monthly,active
P007370,C02848,A0002,motor,motor_voluntary,2023-05-30,2024-05-29,2163845,71941,annual,active
P007371,C02780,A0035,motor,motor_voluntary,2022-03-25,2023-03-25,908694,27827,monthly,active
P007372,C00708,A0027,property,property_flood,2022-10-20,2023-10-20,9345311,46951,quarterly,active
P007373,C00694,A0024,motor,motor_voluntary,2023-08-04,2024-08-03,342152,14614,annual,active
P007374,C00871,A0026,motor,motor_compulsory,2024-02-15,2025-02-14,2214251,60149,quarterly,lapsed
P007375,C02792,A0038,property,property_allrisk,2024-02-19,2025-02-18,15303559,68242,quarterly,cancelled
P007376,C02300,A0041,property,property_fire,2024-09-25,2025-09-25,12460369,52715,quarterly,active
P007377,C02286,A0039,motor,motor_compulsory,2023-10-21,2024-10-20,656382,13476,annual,active
P007378,C02537,A0004,property,property_flood,2022-05-04,2023-05-04,17158860,155829,monthly,active
P007379,C01554,A0022,property,property_allrisk,2025-11-09,2026-11-09,19179352,90872,monthly,active
P007380,C01907,A0049,motor,motor_compulsory,2023-07-10,2024-07-09,1877986,49689,quarterly,active
P007381,C02533,A0007,property,property_flood,2026-02-14,2027-02-14,8267744,32726,monthly,active
P007382,C01999,A0019,motor,motor_voluntary,2023-05-03,2024-05-02,1246810,45828,quarterly,active
P007383,C02664,A0016,property,property_fire,2022-10-04,2023-10-04,6337547,75312,annual,active
P007384,C02330,A0026,motor,motor_voluntary,2023-05-09,2024-05-08,770136,24164,monthly,active
P007385,C02297,A0017,property,property_fire,2023-07-08,2024-07-07,7106226,72819,quarterly,active
P007386,C01647,A0032,motor,motor_compulsory,2024-09-29,2025-09-29,1280548,46141,quarterly,lapsed
P007387,C02298,A0016,property,property_flood,2025-01-12,2026-01-12,10625798,104927,annual,active
P007388,C00242,A0013,motor,motor_voluntary,2023-04-17,2024-04-16,541785,16137,monthly,active
P007389,C02780,A0042,motor,motor_compulsory,2025-05-25,2026-05-25,1808784,73171,monthly,active
P007390,C02809,A0011,motor,motor_compulsory,2025-01-20,2026-01-20,1538174,34940,annual,cancelled
P007391,C00326,A0027,motor,motor_voluntary,2022-05-23,2023-05-23,1561145,60296,annual,active
P007392,C01085,A0032,motor,motor_voluntary,2023-07-16,2024-07-15,2284617,72424,annual,active
P007393,C01624,A0022,motor,motor_compulsory,2023-02-06,2024-02-06,369349,10980,monthly,lapsed
P007394,C00112,A0023,motor,motor_voluntary,2023-08-20,2024-08-19,305318,7752,monthly,active
P007395,C02463,A0003,motor,motor_compulsory,2022-11-30,2023-11-30,1051466,39729,quarterly,active
P007396,C00432,A0038,motor,motor_compulsory,2025-03-24,2026-03-24,845798,25685,monthly,active
P007397,C00430,A0007,motor,motor_voluntary,2025-08-27,2026-08-27,2208443,47426,quarterly,active
P007398,C02833,A0045,motor,motor_voluntary,2025-08-17,2026-08-17,2019640,42367,quarterly,active
P007399,C01951,A0007,motor,motor_voluntary,2023-12-09,2024-12-08,932107,35894,monthly,active
P007400,C02377,A0002,motor,motor_voluntary,2024-05-27,2025-05-27,2355029,80581,monthly,active
P007401,C01226,A0043,motor,motor_compulsory,2025-11-29,2026-11-29,1470340,32430,monthly,active
P007402,C00779,A0048,motor,motor_voluntary,2024-02-22,2025-02-21,1368367,38507,monthly,active
P007403,C00217,A0018,motor,motor_compulsory,2025-09-16,2026-09-16,1557960,62825,monthly,active
P007404,C01465,A0046,property,property_allrisk,2022-07-30,2023-07-30,9497517,109362,annual,active
P007405,C02535,A0016,motor,motor_voluntary,2023-05-10,2024-05-09,966286,41068,quarterly,active
P007406,C01977,A0022,property,property_allrisk,2024-10-24,2025-10-24,8059393,44644,annual,lapsed
P007407,C00900,A0029,motor,motor_voluntary,2026-04-26,2027-04-26,436503,18029,quarterly,active
P007408,C00311,A0025,motor,motor_voluntary,2025-11-01,2026-11-01,2263135,105203,quarterly,active
P007409,C02210,A0019,property,property_allrisk,2024-04-14,2025-04-14,2894583,16265,quarterly,lapsed
P007410,C00752,A0018,motor,motor_voluntary,2022-06-05,2023-06-05,650496,32129,annual,active
P007411,C02934,A0032,property,property_flood,2022-07-07,2023-07-07,17850557,181408,monthly,active
P007412,C01211,A0034,property,property_flood,2022-07-01,2023-07-01,12989663,95097,monthly,active
P007413,C02002,A0039,motor,motor_voluntary,2023-03-18,2024-03-17,785838,29136,quarterly,active
P007414,C02242,A0023,motor,motor_compulsory,2024-12-16,2025-12-16,604920,27614,quarterly,active
P007415,C02296,A0004,motor,motor_voluntary,2024-08-16,2025-08-16,787265,37681,annual,active
P007416,C00421,A0020,motor,motor_compulsory,2023-04-18,2024-04-17,1876269,50839,monthly,active
P007417,C01365,A0009,motor,motor_voluntary,2024-08-27,2025-08-27,260508,10827,monthly,active
P007418,C01961,A0003,property,property_fire,2026-04-15,2027-04-15,2750884,11287,quarterly,active
P007419,C02626,A0022,property,property_allrisk,2025-08-19,2026-08-19,5955264,71350,quarterly,active
P007420,C02101,A0035,motor,motor_voluntary,2022-06-03,2023-06-03,839158,31585,annual,active
P007421,C02600,A0015,property,property_allrisk,2026-04-23,2027-04-23,7195248,83271,monthly,active
P007422,C00203,A0031,motor,motor_compulsory,2025-05-23,2026-05-23,2291397,96030,annual,active
P007423,C02596,A0006,motor,motor_compulsory,2024-01-01,2024-12-31,244118,8880,annual,active
P007424,C01414,A0023,motor,motor_compulsory,2023-06-11,2024-06-10,1698523,37009,annual,active
P007425,C01409,A0010,motor,motor_voluntary,2024-09-05,2025-09-05,1060219,48001,monthly,active
P007426,C01656,A0036,motor,motor_compulsory,2024-05-22,2025-05-22,1633792,77166,annual,active
P007427,C02431,A0034,motor,motor_voluntary,2024-11-26,2025-11-26,396730,19498,monthly,active
P007428,C00366,A0019,motor,motor_compulsory,2026-03-16,2027-03-16,1976422,83950,quarterly,active
P007429,C00067,A0022,motor,motor_compulsory,2025-08-13,2026-08-13,1024488,50502,quarterly,cancelled
P007430,C00852,A0026,motor,motor_voluntary,2024-06-20,2025-06-20,2483576,96879,monthly,active
P007431,C02178,A0047,motor,motor_compulsory,2024-06-16,2025-06-16,1556887,44324,annual,lapsed
P007432,C00370,A0007,motor,motor_voluntary,2025-12-19,2026-12-19,1892956,67510,annual,active
P007433,C02816,A0035,motor,motor_compulsory,2023-12-01,2024-11-30,1117902,49772,annual,active
P007434,C01612,A0014,motor,motor_compulsory,2024-12-07,2025-12-07,274880,12268,monthly,active
P007435,C00104,A0050,property,property_fire,2023-07-15,2024-07-14,2656207,29670,quarterly,cancelled
P007436,C00916,A0005,motor,motor_voluntary,2023-09-26,2024-09-25,929212,30669,monthly,active
P007437,C01850,A0017,motor,motor_compulsory,2024-09-13,2025-09-13,796284,30123,quarterly,active
P007438,C02233,A0025,property,property_fire,2023-05-26,2024-05-25,6948599,46213,monthly,active
P007439,C01932,A0001,motor,motor_compulsory,2025-01-15,2026-01-15,1154255,31925,quarterly,active
P007440,C00691,A0038,property,property_flood,2025-01-19,2026-01-19,17583661,131910,annual,active
P007441,C01375,A0033,motor,motor_compulsory,2025-10-02,2026-10-02,236794,5512,annual,active
P007442,C01019,A0007,motor,motor_voluntary,2023-03-24,2024-03-23,1357974,40209,quarterly,active
P007443,C02270,A0041,motor,motor_compulsory,2022-07-05,2023-07-05,909994,36776,annual,active
P007444,C00214,A0001,motor,motor_compulsory,2024-05-08,2025-05-08,1508223,57603,annual,active
P007445,C02965,A0032,property,property_fire,2024-07-04,2025-07-04,4117559,17193,monthly,active
P007446,C02574,A0050,property,property_allrisk,2025-10-18,2026-10-18,9740286,63682,annual,lapsed
P007447,C02180,A0011,motor,motor_voluntary,2026-04-19,2027-04-19,1867574,68154,quarterly,lapsed
P007448,C02386,A0006,property,property_flood,2022-09-01,2023-09-01,3864535,39745,annual,active
P007449,C00275,A0031,motor,motor_voluntary,2023-05-26,2024-05-25,1373689,51290,monthly,active
P007450,C01846,A0020,motor,motor_voluntary,2026-03-22,2027-03-22,1769611,67515,annual,active
P007451,C01911,A0044,motor,motor_compulsory,2025-11-04,2026-11-04,2184399,84828,annual,active
P007452,C01270,A0042,motor,motor_voluntary,2023-01-20,2024-01-20,1389732,42940,annual,active
P007453,C00633,A0034,motor,motor_voluntary,2024-07-03,2025-07-03,268672,6451,annual,lapsed
P007454,C01173,A0009,property,property_flood,2023-11-26,2024-11-25,13408397,57629,annual,active
P007455,C01196,A0015,motor,motor_voluntary,2024-12-13,2025-12-13,1414839,34800,monthly,active
P007456,C02025,A0009,motor,motor_voluntary,2025-09-06,2026-09-06,987092,41104,monthly,active
P007457,C02886,A0048,motor,motor_voluntary,2023-04-21,2024-04-20,1372756,58759,quarterly,active
P007458,C01997,A0024,motor,motor_voluntary,2025-06-13,2026-06-13,305391,9104,annual,active
P007459,C01523,A0037,property,property_fire,2023-09-02,2024-09-01,12693781,93870,annual,active
P007460,C01743,A0017,motor,motor_compulsory,2023-03-30,2024-03-29,281971,12069,quarterly,active
P007461,C01855,A0001,motor,motor_voluntary,2023-10-08,2024-10-07,1914944,55213,monthly,lapsed
P007462,C00453,A0029,property,property_flood,2022-02-15,2023-02-15,10752702,38990,quarterly,active
P007463,C01526,A0042,property,property_allrisk,2023-06-20,2024-06-19,18284235,192659,annual,active
P007464,C00350,A0006,motor,motor_compulsory,2025-03-17,2026-03-17,1788334,56296,annual,lapsed
P007465,C01779,A0014,property,property_fire,2023-11-21,2024-11-20,6512737,33216,monthly,active
P007466,C00508,A0044,property,property_fire,2024-03-07,2025-03-07,5026057,43526,quarterly,lapsed
P007467,C00946,A0007,property,property_flood,2024-01-06,2025-01-05,15966311,123658,quarterly,active
P007468,C01319,A0036,motor,motor_compulsory,2024-05-08,2025-05-08,2439757,78184,monthly,active
P007469,C00461,A0003,motor,motor_voluntary,2024-08-18,2025-08-18,2225615,97433,annual,active
P007470,C00993,A0037,motor,motor_compulsory,2023-05-10,2024-05-09,904071,25327,quarterly,active
P007471,C00398,A0037,property,property_fire,2023-06-08,2024-06-07,8105162,83803,quarterly,active
P007472,C00467,A0001,property,property_fire,2025-05-29,2026-05-29,11427272,109904,quarterly,cancelled
P007473,C01162,A0012,property,property_allrisk,2023-10-30,2024-10-29,9826242,50446,quarterly,active
P007474,C01374,A0007,motor,motor_voluntary,2024-07-19,2025-07-19,823308,22832,quarterly,active
P007475,C01284,A0012,motor,motor_compulsory,2023-12-28,2024-12-27,600556,12763,annual,active
P007476,C00408,A0015,motor,motor_compulsory,2024-07-05,2025-07-05,1923454,94406,annual,active
P007477,C02732,A0041,property,property_fire,2025-06-22,2026-06-22,14758706,166785,monthly,active
P007478,C01276,A0013,motor,motor_compulsory,2025-11-06,2026-11-06,923654,44835,monthly,active
P007479,C01104,A0029,property,property_flood,2022-11-22,2023-11-22,1193106,7745,annual,active
P007480,C00823,A0047,motor,motor_compulsory,2024-12-08,2025-12-08,2252775,58305,annual,cancelled
P007481,C02536,A0039,motor,motor_compulsory,2025-09-11,2026-09-11,812823,33932,annual,active
P007482,C01912,A0028,motor,motor_compulsory,2023-09-13,2024-09-12,578642,22368,quarterly,lapsed
P007483,C01842,A0019,motor,motor_voluntary,2025-07-27,2026-07-27,1747666,66240,quarterly,active
P007484,C01679,A0003,property,property_allrisk,2025-03-22,2026-03-22,8048159,68609,quarterly,active
P007485,C01204,A0050,motor,motor_compulsory,2026-02-19,2027-02-19,221700,8669,annual,lapsed
P007486,C02484,A0019,motor,motor_compulsory,2026-01-17,2027-01-17,1015926,49389,quarterly,active
P007487,C01930,A0024,motor,motor_voluntary,2024-02-09,2025-02-08,1184112,33828,quarterly,active
P007488,C00749,A0040,motor,motor_voluntary,2024-02-13,2025-02-12,648781,31026,quarterly,active
P007489,C02329,A0043,motor,motor_compulsory,2025-03-28,2026-03-28,2182675,58574,annual,active
P007490,C00390,A0017,property,property_fire,2025-04-20,2026-04-20,4239950,35072,monthly,active
P007491,C01109,A0001,property,property_fire,2023-12-30,2024-12-29,4335560,51828,quarterly,active
P007492,C00299,A0048,property,property_allrisk,2025-07-26,2026-07-26,10850487,32594,monthly,active
P007493,C02352,A0050,property,property_allrisk,2025-03-24,2026-03-24,13693511,151053,annual,active
P007494,C00289,A0038,motor,motor_voluntary,2024-01-27,2025-01-26,719644,18961,monthly,active
P007495,C01951,A0031,property,property_fire,2026-04-26,2027-04-26,8184882,67226,annual,active
P007496,C01718,A0024,motor,motor_compulsory,2023-03-25,2024-03-24,2267160,94211,monthly,lapsed
P007497,C02475,A0003,property,property_allrisk,2024-04-01,2025-04-01,6367941,36933,monthly,active
P007498,C00145,A0027,property,property_fire,2024-05-08,2025-05-08,18177164,213770,quarterly,lapsed
P007499,C01500,A0008,property,property_fire,2023-12-19,2024-12-18,1235672,13118,annual,active
P007500,C00289,A0004,property,property_flood,2023-04-03,2024-04-02,18824254,224431,monthly,active
P007501,C01940,A0015,motor,motor_voluntary,2023-06-28,2024-06-27,1902844,40980,quarterly,active
P007502,C01503,A0005,motor,motor_voluntary,2024-11-01,2025-11-01,936515,42296,monthly,active
P007503,C01365,A0003,property,property_flood,2023-09-30,2024-09-29,5275188,23525,annual,cancelled
P007504,C01711,A0037,property,property_fire,2023-04-20,2024-04-19,5066082,37013,annual,active
P007505,C00486,A0017,motor,motor_voluntary,2026-01-24,2027-01-24,1378565,41047,annual,active
P007506,C00508,A0021,motor,motor_voluntary,2024-07-24,2025-07-24,935370,19083,annual,active
P007507,C01516,A0047,motor,motor_compulsory,2024-11-06,2025-11-06,1128720,50149,annual,active
P007508,C01849,A0033,property,property_allrisk,2022-08-23,2023-08-23,17200462,178657,annual,active
P007509,C02566,A0034,property,property_fire,2024-09-22,2025-09-22,16414500,156491,quarterly,active
P007510,C01434,A0041,motor,motor_voluntary,2024-07-03,2025-07-03,1766290,49207,annual,active
P007511,C02904,A0011,motor,motor_voluntary,2024-04-02,2025-04-02,1641402,47899,monthly,lapsed
P007512,C02297,A0047,motor,motor_compulsory,2025-08-31,2026-08-31,347525,16815,quarterly,lapsed
P007513,C01061,A0029,motor,motor_voluntary,2025-06-21,2026-06-21,1746087,78365,quarterly,lapsed
P007514,C02672,A0022,property,property_fire,2025-02-08,2026-02-08,12417538,70516,monthly,active
P007515,C02027,A0048,motor,motor_compulsory,2024-02-13,2025-02-12,2212744,78796,annual,lapsed
P007516,C02889,A0005,motor,motor_voluntary,2023-10-08,2024-10-07,1050391,46883,quarterly,active
P007517,C00449,A0020,motor,motor_voluntary,2024-01-31,2025-01-30,856005,20877,monthly,active
P007518,C00829,A0027,motor,motor_voluntary,2024-05-12,2025-05-12,749460,27272,monthly,active
P007519,C01206,A0009,motor,motor_compulsory,2024-01-18,2025-01-17,1835041,45234,annual,lapsed
P007520,C00210,A0034,motor,motor_compulsory,2024-11-07,2025-11-07,2125463,58962,monthly,lapsed
P007521,C02674,A0014,motor,motor_voluntary,2025-11-19,2026-11-19,2231088,67914,monthly,active
P007522,C00777,A0028,property,property_allrisk,2024-01-10,2025-01-09,1859437,20408,monthly,active
P007523,C02926,A0023,motor,motor_voluntary,2024-03-25,2025-03-25,2464675,59717,annual,active
P007524,C00184,A0043,motor,motor_compulsory,2023-11-23,2024-11-22,1697539,70498,annual,active
P007525,C00384,A0015,motor,motor_voluntary,2023-01-16,2024-01-16,1146303,40542,monthly,active
P007526,C00078,A0015,property,property_allrisk,2023-12-27,2024-12-26,18345938,174057,annual,lapsed
P007527,C00196,A0006,motor,motor_voluntary,2026-02-10,2027-02-10,1378638,68281,quarterly,active
P007528,C02518,A0038,motor,motor_voluntary,2024-09-29,2025-09-29,445389,8923,annual,active
P007529,C00750,A0024,motor,motor_voluntary,2023-03-23,2024-03-22,1824130,74507,quarterly,active
P007530,C00148,A0010,motor,motor_compulsory,2022-05-10,2023-05-10,501759,24437,quarterly,active
P007531,C00466,A0043,motor,motor_voluntary,2023-08-05,2024-08-04,1426400,57941,monthly,lapsed
P007532,C00370,A0024,motor,motor_voluntary,2026-01-06,2027-01-06,1027345,24342,annual,active
P007533,C02335,A0012,property,property_fire,2025-02-08,2026-02-08,16424478,120138,quarterly,active
P007534,C02339,A0021,motor,motor_voluntary,2024-07-01,2025-07-01,1317046,32833,quarterly,active
P007535,C02137,A0030,motor,motor_compulsory,2026-01-18,2027-01-18,944577,35733,quarterly,active
P007536,C01289,A0035,motor,motor_voluntary,2023-03-14,2024-03-13,2367951,56120,quarterly,active
P007537,C02272,A0034,motor,motor_compulsory,2023-07-17,2024-07-16,1149701,25773,annual,active
P007538,C01666,A0042,motor,motor_compulsory,2025-12-02,2026-12-02,568975,22738,quarterly,lapsed
P007539,C01054,A0009,motor,motor_compulsory,2025-05-01,2026-05-01,252958,11001,quarterly,active
P007540,C01522,A0038,property,property_allrisk,2023-11-08,2024-11-07,12227757,78502,monthly,cancelled
P007541,C02812,A0048,property,property_flood,2023-09-15,2024-09-14,9541097,38549,annual,active
P007542,C01849,A0023,motor,motor_compulsory,2023-03-19,2024-03-18,993410,36408,annual,active
P007543,C00702,A0032,motor,motor_compulsory,2025-02-28,2026-02-28,2147086,106688,annual,active
P007544,C00497,A0022,motor,motor_voluntary,2023-05-06,2024-05-05,714274,33932,annual,active
P007545,C01116,A0046,property,property_flood,2025-01-19,2026-01-19,17812620,173594,annual,active
P007546,C00175,A0008,property,property_fire,2023-11-29,2024-11-28,19670603,138112,monthly,active
P007547,C01744,A0003,property,property_allrisk,2024-12-19,2025-12-19,14153278,77306,monthly,active
P007548,C01629,A0021,property,property_flood,2023-07-06,2024-07-05,3118103,24044,annual,active
P007549,C00910,A0018,motor,motor_voluntary,2024-04-29,2025-04-29,1668685,72182,quarterly,active
P007550,C00106,A0031,motor,motor_voluntary,2023-02-18,2024-02-18,836383,24071,monthly,lapsed
P007551,C00760,A0015,property,property_fire,2024-11-23,2025-11-23,19589837,147024,annual,active
P007552,C02410,A0022,motor,motor_voluntary,2025-04-25,2026-04-25,2176871,104718,annual,active
P007553,C01807,A0017,motor,motor_compulsory,2025-03-24,2026-03-24,988873,40981,quarterly,lapsed
P007554,C02898,A0038,property,property_fire,2022-07-13,2023-07-13,3827002,33570,monthly,active
P007555,C00083,A0004,property,property_allrisk,2025-10-15,2026-10-15,9326761,57767,monthly,active
P007556,C02633,A0019,motor,motor_voluntary,2025-01-09,2026-01-09,252791,9769,monthly,active
P007557,C01494,A0047,motor,motor_compulsory,2026-03-28,2027-03-28,1484447,73386,annual,active
P007558,C00785,A0021,property,property_fire,2023-09-21,2024-09-20,4878410,54595,quarterly,active
P007559,C02130,A0048,motor,motor_voluntary,2024-04-02,2025-04-02,1516810,71634,annual,active
P007560,C02713,A0018,motor,motor_compulsory,2024-01-04,2025-01-03,1744976,40689,monthly,active
P007561,C02221,A0004,motor,motor_voluntary,2026-01-26,2027-01-26,2069695,63190,quarterly,active
P007562,C01286,A0003,motor,motor_compulsory,2025-05-17,2026-05-17,1356971,35143,monthly,active
P007563,C01212,A0033,motor,motor_compulsory,2023-12-01,2024-11-30,1009008,46308,monthly,active
P007564,C02410,A0008,motor,motor_compulsory,2023-07-27,2024-07-26,1595959,47130,monthly,active
P007565,C00730,A0012,motor,motor_voluntary,2024-07-18,2025-07-18,2228542,60669,monthly,active
P007566,C02338,A0029,motor,motor_voluntary,2025-01-04,2026-01-04,1410280,36527,monthly,active
P007567,C02637,A0050,property,property_allrisk,2022-02-10,2023-02-10,4618670,40309,monthly,active
P007568,C00946,A0033,motor,motor_voluntary,2022-08-22,2023-08-22,1727500,36655,quarterly,lapsed
P007569,C01897,A0033,motor,motor_voluntary,2024-06-09,2025-06-09,1170446,29006,monthly,lapsed
P007570,C00429,A0038,motor,motor_voluntary,2023-12-16,2024-12-15,513108,20722,monthly,cancelled
P007571,C00920,A0014,motor,motor_voluntary,2024-12-07,2025-12-07,943623,22501,annual,active
P007572,C01513,A0035,property,property_allrisk,2022-04-23,2023-04-23,8079927,78638,annual,active
P007573,C00932,A0004,property,property_flood,2022-02-14,2023-02-14,4641906,16884,annual,lapsed
P007574,C01122,A0020,motor,motor_voluntary,2022-03-13,2023-03-13,2097549,43239,monthly,active
P007575,C01471,A0018,property,property_fire,2025-10-14,2026-10-14,18121965,169146,annual,lapsed
P007576,C01087,A0021,property,property_allrisk,2024-10-13,2025-10-13,13145632,118573,monthly,lapsed
P007577,C02739,A0016,motor,motor_compulsory,2023-12-04,2024-12-03,1731416,35889,quarterly,active
P007578,C00902,A0024,motor,motor_voluntary,2026-02-25,2027-02-25,2025243,49749,quarterly,active
P007579,C00019,A0034,property,property_fire,2026-02-07,2027-02-07,3210110,38397,monthly,cancelled
P007580,C00340,A0038,motor,motor_voluntary,2023-09-26,2024-09-25,1883157,44978,annual,lapsed
P007581,C01202,A0029,motor,motor_voluntary,2025-07-01,2026-07-01,237581,5691,monthly,active
P007582,C02798,A0007,property,property_flood,2023-07-12,2024-07-11,11687345,110103,annual,active
P007583,C00643,A0047,property,property_allrisk,2023-07-05,2024-07-04,9867749,56704,monthly,active
P007584,C02541,A0033,property,property_flood,2024-08-27,2025-08-27,19185046,197177,monthly,active
P007585,C00785,A0018,motor,motor_compulsory,2024-12-09,2025-12-09,2344961,83403,annual,active
P007586,C00329,A0039,motor,motor_compulsory,2022-01-17,2023-01-17,2016367,86395,monthly,active
P007587,C02111,A0049,motor,motor_voluntary,2023-08-23,2024-08-22,848233,28813,quarterly,active
P007588,C00541,A0028,property,property_allrisk,2024-09-14,2025-09-14,11645861,118415,quarterly,active
P007589,C01425,A0047,motor,motor_compulsory,2023-03-29,2024-03-28,1096039,23828,annual,active
P007590,C02960,A0043,motor,motor_compulsory,2023-01-13,2024-01-13,1812939,68485,monthly,active
P007591,C02859,A0035,motor,motor_compulsory,2026-03-22,2027-03-22,2102547,81205,quarterly,active
P007592,C00701,A0007,property,property_fire,2023-02-10,2024-02-10,4851923,21700,monthly,active
P007593,C01494,A0017,motor,motor_voluntary,2023-08-31,2024-08-30,1322012,46059,monthly,active
P007594,C00388,A0031,motor,motor_compulsory,2024-03-09,2025-03-09,754806,28970,annual,active
P007595,C00392,A0003,motor,motor_voluntary,2023-08-17,2024-08-16,2195340,58228,annual,active
P007596,C02471,A0048,property,property_flood,2023-01-15,2024-01-15,17857835,145606,annual,active
P007597,C02201,A0020,property,property_flood,2023-05-02,2024-05-01,14791690,78921,annual,active
P007598,C02711,A0004,motor,motor_voluntary,2025-05-05,2026-05-05,616095,27398,monthly,active
P007599,C01945,A0013,motor,motor_voluntary,2024-04-15,2025-04-15,1106244,51531,quarterly,active
P007600,C00831,A0024,motor,motor_compulsory,2026-04-04,2027-04-04,1298762,50901,annual,active
P007601,C00259,A0032,property,property_allrisk,2022-05-23,2023-05-23,10014905,77507,annual,active
P007602,C02499,A0049,motor,motor_voluntary,2026-02-23,2027-02-23,1952797,56159,quarterly,active
P007603,C00221,A0008,motor,motor_compulsory,2024-09-14,2025-09-14,2013586,82509,annual,cancelled
P007604,C00680,A0026,motor,motor_voluntary,2023-04-13,2024-04-12,1037201,28506,monthly,active
P007605,C01443,A0030,motor,motor_compulsory,2025-08-17,2026-08-17,1190603,26225,quarterly,active
P007606,C02453,A0016,property,property_fire,2023-08-10,2024-08-09,12742512,75770,annual,active
P007607,C02320,A0048,motor,motor_voluntary,2024-08-01,2025-08-01,1811297,79754,annual,lapsed
P007608,C00129,A0006,motor,motor_voluntary,2024-08-16,2025-08-16,1495229,58353,quarterly,lapsed
P007609,C02046,A0020,motor,motor_compulsory,2023-11-30,2024-11-29,615800,29994,annual,active
P007610,C02585,A0028,property,property_flood,2023-02-26,2024-02-26,1772397,11543,quarterly,active
P007611,C02672,A0040,motor,motor_compulsory,2025-08-15,2026-08-15,1344732,56318,quarterly,active
P007612,C02000,A0043,property,property_allrisk,2024-10-09,2025-10-09,4153790,45439,monthly,active
P007613,C00284,A0036,motor,motor_voluntary,2022-05-27,2023-05-27,930358,45595,monthly,active
P007614,C00876,A0020,property,property_fire,2025-01-17,2026-01-17,17986197,210691,monthly,cancelled
P007615,C00959,A0025,motor,motor_compulsory,2023-02-21,2024-02-21,2076724,42296,quarterly,active
P007616,C02904,A0043,property,property_flood,2026-03-20,2027-03-20,12196211,83271,annual,active
P007617,C02124,A0035,property,property_flood,2026-03-27,2027-03-27,13462208,94815,annual,active
P007618,C02565,A0047,motor,motor_voluntary,2024-03-28,2025-03-28,2486745,107886,quarterly,cancelled
P007619,C02207,A0030,motor,motor_voluntary,2025-08-11,2026-08-11,850235,21220,annual,active
P007620,C02388,A0013,motor,motor_voluntary,2025-10-27,2026-10-27,2361031,104905,annual,active
P007621,C02059,A0018,property,property_allrisk,2024-05-19,2025-05-19,14880478,116893,annual,lapsed
P007622,C00981,A0043,motor,motor_compulsory,2025-10-28,2026-10-28,1080642,37380,monthly,active
P007623,C01994,A0030,property,property_allrisk,2023-11-14,2024-11-13,1022406,5325,monthly,active
P007624,C01107,A0039,motor,motor_voluntary,2023-01-28,2024-01-28,1832141,40679,monthly,lapsed
P007625,C00935,A0046,motor,motor_voluntary,2023-01-03,2024-01-03,2347545,83863,monthly,active
P007626,C00632,A0015,motor,motor_compulsory,2023-06-30,2024-06-29,2267100,86628,quarterly,cancelled
P007627,C01046,A0019,motor,motor_voluntary,2024-10-29,2025-10-29,1014393,27226,quarterly,active
P007628,C02031,A0029,property,property_fire,2025-07-17,2026-07-17,12817439,113684,monthly,active
P007629,C01515,A0007,motor,motor_voluntary,2022-08-19,2023-08-19,1113277,31618,annual,active
P007630,C00117,A0016,motor,motor_compulsory,2023-08-20,2024-08-19,2396882,112379,annual,active
P007631,C02118,A0041,property,property_flood,2024-02-06,2025-02-05,13284796,71882,annual,active
P007632,C02652,A0012,motor,motor_voluntary,2023-01-03,2024-01-03,918177,38844,monthly,active
P007633,C00864,A0020,motor,motor_compulsory,2024-11-27,2025-11-27,2002295,97285,quarterly,active
P007634,C00159,A0021,motor,motor_compulsory,2023-04-11,2024-04-10,230826,8412,annual,active
P007635,C01051,A0026,motor,motor_compulsory,2023-10-26,2024-10-25,1570218,70145,annual,active
P007636,C00011,A0028,motor,motor_compulsory,2022-01-22,2023-01-22,1545372,44846,quarterly,active
P007637,C02743,A0050,motor,motor_compulsory,2022-12-08,2023-12-08,2042698,55883,annual,active
P007638,C01009,A0008,motor,motor_voluntary,2023-10-01,2024-09-30,1081797,48365,annual,active
P007639,C01681,A0041,motor,motor_voluntary,2024-11-20,2025-11-20,237439,9442,quarterly,active
P007640,C01865,A0019,motor,motor_voluntary,2023-05-19,2024-05-18,1442150,63797,annual,active
P007641,C01619,A0012,motor,motor_voluntary,2025-11-06,2026-11-06,1959323,87322,quarterly,lapsed
P007642,C01033,A0005,property,property_fire,2024-02-13,2025-02-12,4981212,28128,monthly,active
P007643,C01142,A0007,property,property_allrisk,2026-03-20,2027-03-20,7099058,43820,monthly,lapsed
P007644,C00870,A0018,property,property_fire,2023-11-24,2024-11-23,10255178,104213,monthly,active
P007645,C01241,A0021,motor,motor_compulsory,2022-10-09,2023-10-09,1928405,64827,quarterly,active
P007646,C01753,A0002,property,property_fire,2023-05-13,2024-05-12,8443173,70347,quarterly,active
P007647,C02682,A0023,property,property_allrisk,2022-07-09,2023-07-09,17852036,57704,monthly,active
P007648,C01487,A0022,property,property_allrisk,2023-12-24,2024-12-23,6165407,59614,monthly,active
P007649,C01815,A0041,motor,motor_compulsory,2023-07-26,2024-07-25,920261,43705,quarterly,active
P007650,C02157,A0036,motor,motor_compulsory,2023-08-05,2024-08-04,1940987,68297,annual,active
P007651,C02468,A0009,motor,motor_compulsory,2024-10-04,2025-10-04,261708,12339,monthly,active
P007652,C01970,A0050,property,property_flood,2025-11-05,2026-11-05,7519198,45757,quarterly,active
P007653,C02976,A0018,motor,motor_compulsory,2023-07-27,2024-07-26,2179888,57768,monthly,active
P007654,C02449,A0047,motor,motor_compulsory,2025-02-19,2026-02-19,2149045,82578,annual,active
P007655,C00105,A0050,motor,motor_compulsory,2023-09-03,2024-09-02,1868233,77238,monthly,lapsed
P007656,C02160,A0018,motor,motor_voluntary,2023-02-28,2024-02-28,1853524,66315,quarterly,lapsed
P007657,C02176,A0041,motor,motor_compulsory,2024-05-02,2025-05-02,1297166,29277,annual,lapsed
P007658,C00616,A0006,property,property_fire,2023-02-14,2024-02-14,17215179,158015,annual,active
P007659,C00738,A0019,motor,motor_voluntary,2024-08-06,2025-08-06,837553,40755,annual,active
P007660,C00403,A0041,motor,motor_compulsory,2024-12-11,2025-12-11,2465524,57140,quarterly,lapsed
P007661,C00696,A0002,motor,motor_voluntary,2023-06-12,2024-06-11,1397117,30109,quarterly,active
P007662,C01086,A0006,property,property_allrisk,2023-06-09,2024-06-08,18348763,213496,quarterly,active
P007663,C02632,A0029,property,property_fire,2025-05-12,2026-05-12,4399478,21502,monthly,active
P007664,C01612,A0034,motor,motor_compulsory,2023-07-29,2024-07-28,232943,10152,quarterly,active
P007665,C01124,A0050,motor,motor_compulsory,2023-11-24,2024-11-23,571939,18818,monthly,lapsed
P007666,C02669,A0046,property,property_flood,2024-03-21,2025-03-21,18105891,199483,quarterly,active
P007667,C00581,A0014,motor,motor_voluntary,2024-10-14,2025-10-14,2390882,97835,annual,active
P007668,C00109,A0034,motor,motor_compulsory,2026-04-30,2027-04-30,2107993,56038,quarterly,active
P007669,C00896,A0014,property,property_flood,2024-08-17,2025-08-17,17328562,133743,monthly,lapsed
P007670,C01362,A0042,property,property_flood,2024-01-01,2024-12-31,13797460,65757,monthly,active
P007671,C02721,A0008,property,property_allrisk,2023-02-21,2024-02-21,15690709,107078,monthly,lapsed
P007672,C00605,A0050,motor,motor_compulsory,2022-02-13,2023-02-13,435037,15492,annual,active
P007673,C02178,A0030,motor,motor_voluntary,2022-05-15,2023-05-15,564270,17513,monthly,active
P007674,C02388,A0034,motor,motor_compulsory,2023-01-11,2024-01-11,420881,10699,monthly,active
P007675,C00193,A0046,motor,motor_voluntary,2023-04-11,2024-04-10,1761517,50856,annual,active
P007676,C02343,A0016,property,property_allrisk,2025-10-25,2026-10-25,4104869,47123,quarterly,active
P007677,C02165,A0033,property,property_fire,2024-04-02,2025-04-02,1749744,12385,monthly,active
P007678,C01037,A0034,motor,motor_compulsory,2024-10-03,2025-10-03,1313577,41617,monthly,active
P007679,C02002,A0002,motor,motor_compulsory,2022-09-01,2023-09-01,1440523,60914,monthly,active
P007680,C02189,A0049,motor,motor_compulsory,2023-05-31,2024-05-30,765571,32795,monthly,lapsed
P007681,C00053,A0030,property,property_flood,2023-01-27,2024-01-27,4909415,27582,annual,lapsed
P007682,C02894,A0017,motor,motor_compulsory,2022-03-16,2023-03-16,541632,15641,annual,active
P007683,C02747,A0003,property,property_allrisk,2026-03-31,2027-03-31,10414740,92517,annual,active
P007684,C00087,A0042,motor,motor_compulsory,2025-02-03,2026-02-03,1792868,53195,annual,active
P007685,C00896,A0018,property,property_fire,2023-04-03,2024-04-02,17414726,90210,annual,active
P007686,C00106,A0040,motor,motor_voluntary,2025-10-13,2026-10-13,1480504,54550,monthly,lapsed
P007687,C02987,A0033,motor,motor_compulsory,2023-09-16,2024-09-15,678852,22759,monthly,active
P007688,C00469,A0006,property,property_fire,2023-10-01,2024-09-30,8505580,88047,annual,active
P007689,C01429,A0028,property,property_allrisk,2025-08-06,2026-08-06,18163076,145048,annual,active
P007690,C00004,A0027,motor,motor_compulsory,2025-04-13,2026-04-13,1623636,78000,annual,active
P007691,C01487,A0037,motor,motor_compulsory,2025-10-10,2026-10-10,309655,8037,quarterly,active
P007692,C02510,A0023,motor,motor_voluntary,2025-03-04,2026-03-04,1523454,75229,monthly,lapsed
P007693,C01178,A0003,property,property_fire,2023-09-24,2024-09-23,15796457,118191,quarterly,active
P007694,C01531,A0024,motor,motor_voluntary,2023-01-11,2024-01-11,2120234,66930,annual,active
P007695,C00310,A0010,motor,motor_voluntary,2024-06-07,2025-06-07,368479,8773,monthly,active
P007696,C01473,A0048,property,property_flood,2025-11-06,2026-11-06,1259431,6666,monthly,lapsed
P007697,C02872,A0034,motor,motor_compulsory,2025-09-24,2026-09-24,1728501,64794,quarterly,active
P007698,C02175,A0033,motor,motor_voluntary,2025-01-11,2026-01-11,2420372,116181,quarterly,active
P007699,C02640,A0032,property,property_fire,2024-03-12,2025-03-12,4595620,29804,monthly,active
P007700,C01155,A0017,property,property_allrisk,2024-01-24,2025-01-23,9600131,51069,monthly,active
P007701,C02905,A0047,motor,motor_compulsory,2025-07-12,2026-07-12,388028,19148,quarterly,lapsed
P007702,C01987,A0040,motor,motor_compulsory,2023-07-21,2024-07-20,1381262,40391,annual,active
P007703,C00708,A0036,motor,motor_compulsory,2025-03-02,2026-03-02,1022097,24873,quarterly,active
P007704,C02279,A0031,property,property_allrisk,2023-10-11,2024-10-10,10713451,57048,annual,active
P007705,C00814,A0034,property,property_fire,2024-08-08,2025-08-08,12119692,89207,quarterly,active
P007706,C02473,A0043,motor,motor_voluntary,2023-01-12,2024-01-12,992593,46293,annual,active
P007707,C00642,A0023,property,property_fire,2023-09-16,2024-09-15,8875879,28564,monthly,active
P007708,C00560,A0005,property,property_allrisk,2023-05-06,2024-05-05,13280245,115689,monthly,cancelled
P007709,C01920,A0025,motor,motor_compulsory,2024-05-01,2025-05-01,1370441,43456,monthly,active
P007710,C01413,A0035,motor,motor_compulsory,2024-03-29,2025-03-29,760482,16624,annual,active
P007711,C01837,A0037,motor,motor_voluntary,2023-12-29,2024-12-28,1168947,57842,annual,active
P007712,C00469,A0015,motor,motor_compulsory,2023-02-23,2024-02-23,1275721,26603,monthly,active
P007713,C02565,A0042,motor,motor_voluntary,2025-03-07,2026-03-07,217779,5880,annual,active
P007714,C01884,A0032,motor,motor_compulsory,2024-04-02,2025-04-02,900954,23153,quarterly,active
P007715,C00188,A0010,motor,motor_compulsory,2022-04-07,2023-04-07,1074537,23759,quarterly,active
P007716,C02816,A0033,motor,motor_voluntary,2026-03-14,2027-03-14,1595399,66919,quarterly,active
P007717,C01098,A0033,motor,motor_compulsory,2025-10-18,2026-10-18,470953,16095,monthly,active
P007718,C01391,A0039,motor,motor_voluntary,2025-03-29,2026-03-29,793169,16751,annual,active
P007719,C02961,A0010,motor,motor_voluntary,2025-08-13,2026-08-13,2403265,63256,monthly,cancelled
P007720,C00504,A0037,property,property_allrisk,2022-11-20,2023-11-20,13675588,85010,monthly,lapsed
P007721,C01452,A0034,motor,motor_compulsory,2023-01-05,2024-01-05,1378344,31482,annual,active
P007722,C00463,A0038,property,property_allrisk,2024-11-02,2025-11-02,13762191,59670,monthly,active
P007723,C01346,A0038,motor,motor_compulsory,2023-05-30,2024-05-29,2315304,109103,quarterly,active
P007724,C02742,A0009,motor,motor_compulsory,2024-05-16,2025-05-16,409246,11529,monthly,active
P007725,C01051,A0038,motor,motor_voluntary,2026-03-02,2027-03-02,1410880,64554,quarterly,active
P007726,C01612,A0028,property,property_flood,2024-04-24,2025-04-24,13246825,63703,quarterly,active
P007727,C02357,A0009,motor,motor_compulsory,2024-04-18,2025-04-18,833393,35480,monthly,cancelled
P007728,C02195,A0004,property,property_fire,2022-12-28,2023-12-28,6516356,21698,monthly,lapsed
P007729,C01371,A0015,property,property_flood,2026-01-29,2027-01-29,9797573,67148,quarterly,lapsed
P007730,C01729,A0033,property,property_flood,2026-04-20,2027-04-20,11399852,119894,monthly,active
P007731,C01778,A0021,motor,motor_compulsory,2025-05-24,2026-05-24,1362767,55607,annual,active
P007732,C00668,A0008,property,property_allrisk,2025-12-05,2026-12-05,6390214,72656,annual,active
P007733,C02648,A0041,motor,motor_voluntary,2023-08-29,2024-08-28,2235353,103764,monthly,active
P007734,C01520,A0049,property,property_allrisk,2024-03-07,2025-03-07,8983045,66185,annual,lapsed
P007735,C01932,A0042,motor,motor_voluntary,2023-07-14,2024-07-13,861287,29503,annual,active
P007736,C02168,A0003,property,property_fire,2024-02-18,2025-02-17,5024188,15633,annual,active
P007737,C02770,A0032,motor,motor_voluntary,2024-05-22,2025-05-22,1517826,73411,quarterly,lapsed
P007738,C00906,A0006,motor,motor_voluntary,2025-07-04,2026-07-04,2414987,68275,quarterly,active
P007739,C01386,A0048,property,property_fire,2024-06-10,2025-06-10,3703217,24593,monthly,active
P007740,C00930,A0002,motor,motor_compulsory,2025-09-04,2026-09-04,983795,45359,monthly,active
P007741,C02098,A0013,motor,motor_compulsory,2024-11-17,2025-11-17,1691393,42522,quarterly,lapsed
P007742,C02286,A0005,property,property_flood,2025-03-24,2026-03-24,5511941,44082,monthly,lapsed
P007743,C00673,A0007,property,property_flood,2025-09-11,2026-09-11,8682959,26689,annual,active
P007744,C00661,A0008,property,property_allrisk,2024-11-18,2025-11-18,12546261,65529,annual,active
P007745,C00324,A0017,motor,motor_compulsory,2024-07-12,2025-07-12,1401701,69293,quarterly,active
P007746,C01521,A0034,motor,motor_voluntary,2023-09-19,2024-09-18,1572565,43446,quarterly,active
P007747,C00086,A0036,property,property_allrisk,2025-12-13,2026-12-13,15591879,138805,quarterly,active
P007748,C00520,A0039,property,property_flood,2023-11-27,2024-11-26,7857901,49508,monthly,active
P007749,C00143,A0043,motor,motor_compulsory,2023-09-24,2024-09-23,350360,12157,annual,active
P007750,C01022,A0008,property,property_allrisk,2023-08-08,2024-08-07,15441323,127023,quarterly,active
P007751,C01457,A0039,property,property_fire,2024-04-16,2025-04-16,12044454,127891,quarterly,active
P007752,C00833,A0033,motor,motor_voluntary,2022-04-05,2023-04-05,1722001,35813,annual,active
P007753,C00674,A0042,motor,motor_compulsory,2023-08-10,2024-08-09,274961,5654,monthly,active
P007754,C00046,A0026,motor,motor_voluntary,2026-02-10,2027-02-10,808799,36167,quarterly,active
P007755,C00967,A0037,motor,motor_compulsory,2023-04-09,2024-04-08,901166,25420,quarterly,active
P007756,C00415,A0026,motor,motor_voluntary,2023-09-21,2024-09-20,1419152,35481,quarterly,active
P007757,C01149,A0017,motor,motor_compulsory,2024-02-03,2025-02-02,1923784,40997,quarterly,lapsed
P007758,C00900,A0011,motor,motor_compulsory,2024-08-21,2025-08-21,270838,10611,monthly,lapsed
P007759,C02852,A0020,motor,motor_compulsory,2025-08-08,2026-08-08,1214885,37704,annual,active
P007760,C01320,A0045,property,property_flood,2023-09-16,2024-09-15,13250106,111789,annual,active
P007761,C01500,A0013,property,property_fire,2025-08-24,2026-08-24,11684393,137275,monthly,active
P007762,C01118,A0026,motor,motor_voluntary,2023-10-22,2024-10-21,1886614,59168,monthly,active
P007763,C00844,A0009,motor,motor_voluntary,2024-04-25,2025-04-25,1707170,66363,monthly,active
P007764,C00462,A0019,motor,motor_compulsory,2023-03-05,2024-03-04,1976736,84647,annual,active
P007765,C02083,A0049,motor,motor_compulsory,2024-07-16,2025-07-16,1198065,39344,monthly,active
P007766,C02865,A0007,motor,motor_voluntary,2026-03-11,2027-03-11,1107815,27014,annual,active
P007767,C00301,A0010,property,property_flood,2024-02-25,2025-02-24,3244291,24469,quarterly,active
P007768,C00300,A0019,motor,motor_compulsory,2022-02-02,2023-02-02,1006184,23063,monthly,active
P007769,C00424,A0002,motor,motor_voluntary,2022-04-05,2023-04-05,1383488,60662,annual,lapsed
P007770,C02229,A0047,motor,motor_voluntary,2023-12-03,2024-12-02,1536615,43834,monthly,active
P007771,C00854,A0043,motor,motor_voluntary,2026-02-13,2027-02-13,245360,7192,monthly,active
P007772,C00123,A0030,motor,motor_voluntary,2024-03-22,2025-03-22,982343,32453,monthly,lapsed
P007773,C01740,A0006,property,property_flood,2022-09-07,2023-09-07,12166900,57506,monthly,lapsed
P007774,C01558,A0048,property,property_flood,2025-04-04,2026-04-04,12782633,141209,annual,lapsed
P007775,C02589,A0050,motor,motor_voluntary,2023-04-20,2024-04-19,1946269,43136,quarterly,active
P007776,C00145,A0026,motor,motor_compulsory,2023-11-24,2024-11-23,335099,13022,monthly,active
P007777,C00281,A0033,motor,motor_compulsory,2023-03-08,2024-03-07,1339157,44246,quarterly,active
P007778,C01850,A0032,motor,motor_compulsory,2023-09-23,2024-09-22,229522,5997,annual,lapsed
P007779,C00455,A0042,motor,motor_voluntary,2022-08-23,2023-08-23,1576861,51954,quarterly,active
P007780,C00941,A0019,property,property_allrisk,2024-03-12,2025-03-12,18588013,175661,annual,active
P007781,C01277,A0022,property,property_allrisk,2023-05-28,2024-05-27,8011066,73369,annual,active
P007782,C00908,A0008,property,property_flood,2025-01-19,2026-01-19,1062180,9823,monthly,active
P007783,C00982,A0024,property,property_flood,2024-05-22,2025-05-22,13456984,73360,monthly,active
P007784,C01537,A0029,property,property_allrisk,2024-02-12,2025-02-11,16115753,73310,monthly,active
P007785,C00747,A0014,motor,motor_voluntary,2024-08-12,2025-08-12,1560806,39136,monthly,lapsed
P007786,C00571,A0008,motor,motor_voluntary,2025-07-16,2026-07-16,562454,14753,quarterly,active
P007787,C00573,A0002,motor,motor_compulsory,2026-02-12,2027-02-12,2201035,47397,quarterly,active
P007788,C01504,A0021,motor,motor_compulsory,2025-12-25,2026-12-25,2413546,117773,quarterly,active
P007789,C00037,A0033,motor,motor_compulsory,2022-08-27,2023-08-27,1120526,22539,monthly,active
P007790,C00729,A0028,motor,motor_voluntary,2023-08-30,2024-08-29,946753,44390,quarterly,active
P007791,C00146,A0022,property,property_flood,2026-03-10,2027-03-10,18335073,134224,annual,active
P007792,C00592,A0017,motor,motor_voluntary,2025-10-09,2026-10-09,2094235,77465,quarterly,active
P007793,C01438,A0025,motor,motor_compulsory,2023-05-01,2024-04-30,1116652,27183,quarterly,active
P007794,C02450,A0041,property,property_allrisk,2025-10-15,2026-10-15,19316768,59886,monthly,lapsed
P007795,C01797,A0043,motor,motor_compulsory,2023-07-26,2024-07-25,544225,16667,annual,active
P007796,C00504,A0022,motor,motor_voluntary,2023-12-19,2024-12-18,2159346,101237,monthly,active
P007797,C02106,A0038,motor,motor_voluntary,2024-01-06,2025-01-05,987850,33679,annual,active
P007798,C00992,A0023,motor,motor_voluntary,2024-11-26,2025-11-26,271683,13423,quarterly,active
P007799,C02715,A0050,motor,motor_compulsory,2024-08-07,2025-08-07,473976,16990,quarterly,lapsed
P007800,C00224,A0046,motor,motor_voluntary,2023-01-18,2024-01-18,2196753,92675,quarterly,active
P007801,C02063,A0046,motor,motor_compulsory,2026-02-04,2027-02-04,750221,16747,annual,lapsed
P007802,C00287,A0027,motor,motor_compulsory,2023-01-27,2024-01-27,2159540,83313,annual,active
P007803,C01226,A0049,motor,motor_compulsory,2025-10-09,2026-10-09,215703,7504,monthly,lapsed
P007804,C01484,A0045,motor,motor_voluntary,2024-11-15,2025-11-15,1768655,73261,monthly,active
P007805,C01768,A0038,motor,motor_compulsory,2023-10-14,2024-10-13,2389036,49729,quarterly,active
P007806,C01103,A0025,motor,motor_voluntary,2024-07-18,2025-07-18,1452648,61870,annual,lapsed
P007807,C01124,A0004,motor,motor_compulsory,2024-05-27,2025-05-27,1946390,72002,monthly,active
P007808,C01256,A0018,property,property_fire,2022-01-13,2023-01-13,14719319,62754,monthly,active
P007809,C02510,A0006,motor,motor_voluntary,2023-07-11,2024-07-10,318263,14433,monthly,active
P007810,C01610,A0015,motor,motor_compulsory,2023-03-30,2024-03-29,340553,14306,monthly,active
P007811,C00487,A0006,motor,motor_compulsory,2022-06-14,2023-06-14,294020,14689,monthly,active
P007812,C02094,A0025,property,property_fire,2024-08-06,2025-08-06,19728448,180414,annual,active
P007813,C00076,A0029,motor,motor_voluntary,2025-05-31,2026-05-31,645278,15875,annual,active
P007814,C01264,A0018,motor,motor_compulsory,2023-07-02,2024-07-01,738789,34543,annual,active
P007815,C02698,A0032,motor,motor_voluntary,2024-04-22,2025-04-22,447653,12549,annual,active
P007816,C01036,A0050,motor,motor_voluntary,2024-12-18,2025-12-18,259765,10161,quarterly,active
P007817,C00210,A0007,motor,motor_compulsory,2022-08-09,2023-08-09,2226679,70302,monthly,active
P007818,C00699,A0019,motor,motor_voluntary,2023-01-26,2024-01-26,577473,12053,quarterly,active
P007819,C00939,A0050,motor,motor_compulsory,2023-09-20,2024-09-19,687756,30121,annual,active
P007820,C02549,A0015,property,property_flood,2024-08-24,2025-08-24,9803103,36914,quarterly,active
P007821,C00889,A0023,motor,motor_compulsory,2025-06-11,2026-06-11,216567,4995,monthly,active
P007822,C01940,A0030,motor,motor_compulsory,2023-10-05,2024-10-04,1794433,59091,quarterly,active
P007823,C02154,A0014,property,property_fire,2023-12-08,2024-12-07,3916655,12461,quarterly,active
P007824,C01362,A0027,motor,motor_compulsory,2023-11-27,2024-11-26,2205673,93947,quarterly,active
P007825,C00857,A0036,motor,motor_compulsory,2024-07-15,2025-07-15,1542362,58088,annual,active
P007826,C01128,A0049,property,property_allrisk,2023-08-06,2024-08-05,7231974,70231,quarterly,active
P007827,C02924,A0004,property,property_fire,2023-05-06,2024-05-05,16686526,63058,monthly,active
P007828,C01564,A0025,property,property_allrisk,2026-04-09,2027-04-09,14310670,62649,annual,lapsed
P007829,C02700,A0038,property,property_allrisk,2026-03-31,2027-03-31,3425922,12392,annual,active
P007830,C02103,A0022,motor,motor_compulsory,2023-09-01,2024-08-31,2225631,92890,monthly,active
P007831,C01753,A0031,motor,motor_voluntary,2024-04-21,2025-04-21,212392,4449,monthly,lapsed
P007832,C01382,A0039,motor,motor_compulsory,2024-04-24,2025-04-24,556571,18554,annual,active
P007833,C00332,A0009,motor,motor_compulsory,2025-09-26,2026-09-26,1280509,56734,quarterly,active
P007834,C00761,A0016,motor,motor_voluntary,2024-10-10,2025-10-10,1637237,49769,monthly,cancelled
P007835,C01569,A0003,motor,motor_voluntary,2024-07-03,2025-07-03,672748,31321,monthly,lapsed
P007836,C01054,A0042,motor,motor_voluntary,2022-04-17,2023-04-17,2180300,95147,annual,active
P007837,C01480,A0020,motor,motor_voluntary,2024-11-03,2025-11-03,2009793,44303,annual,active
P007838,C00242,A0033,motor,motor_voluntary,2023-03-04,2024-03-03,365789,17965,annual,active
P007839,C01251,A0037,motor,motor_compulsory,2023-01-21,2024-01-21,440834,18520,quarterly,active
P007840,C00890,A0003,property,property_flood,2025-09-02,2026-09-02,6697539,71540,quarterly,active
P007841,C01498,A0030,property,property_fire,2025-07-05,2026-07-05,11106113,96273,quarterly,active
P007842,C01606,A0006,motor,motor_compulsory,2024-03-21,2025-03-21,1310892,44302,annual,active
P007843,C02497,A0044,motor,motor_compulsory,2023-01-31,2024-01-31,501749,14121,annual,lapsed
P007844,C00403,A0007,motor,motor_voluntary,2025-12-10,2026-12-10,1268403,47762,quarterly,active
P007845,C01555,A0006,motor,motor_compulsory,2025-05-04,2026-05-04,708349,19602,annual,active
P007846,C02370,A0033,property,property_fire,2022-05-24,2023-05-24,9401864,99634,annual,active
P007847,C01953,A0045,motor,motor_compulsory,2023-09-06,2024-09-05,1492357,66160,monthly,active
P007848,C01922,A0017,motor,motor_voluntary,2024-06-02,2025-06-02,1066117,30401,quarterly,active
P007849,C01272,A0003,motor,motor_compulsory,2025-04-28,2026-04-28,452313,11012,quarterly,lapsed
P007850,C01560,A0017,motor,motor_compulsory,2025-06-23,2026-06-23,1050354,22999,annual,lapsed
P007851,C02579,A0042,motor,motor_compulsory,2023-03-22,2024-03-21,605445,28144,annual,active
P007852,C00272,A0016,motor,motor_voluntary,2022-01-21,2023-01-21,2355525,74685,monthly,active
P007853,C02913,A0036,motor,motor_compulsory,2025-09-11,2026-09-11,259336,6572,annual,active
P007854,C01256,A0050,property,property_flood,2023-04-16,2024-04-15,8082083,95322,monthly,active
P007855,C02003,A0021,motor,motor_compulsory,2024-11-01,2025-11-01,911904,29431,monthly,active
P007856,C02366,A0018,motor,motor_compulsory,2025-05-06,2026-05-06,1432253,67899,monthly,lapsed
P007857,C01399,A0032,motor,motor_compulsory,2025-01-24,2026-01-24,1136596,26301,annual,active
P007858,C02358,A0044,motor,motor_compulsory,2024-07-01,2025-07-01,957168,38176,monthly,active
P007859,C01711,A0021,motor,motor_compulsory,2025-11-28,2026-11-28,979916,42499,monthly,lapsed
P007860,C02687,A0049,property,property_fire,2023-03-28,2024-03-27,11079722,36706,annual,active
P007861,C01880,A0028,motor,motor_voluntary,2023-12-03,2024-12-02,1805612,72328,monthly,active
P007862,C00267,A0003,motor,motor_voluntary,2022-09-10,2023-09-10,2143430,92158,annual,active
P007863,C00822,A0006,motor,motor_voluntary,2024-05-29,2025-05-29,2318333,74090,quarterly,active
P007864,C02124,A0033,property,property_flood,2024-01-19,2025-01-18,13907460,51867,monthly,lapsed
P007865,C00542,A0026,motor,motor_compulsory,2024-10-31,2025-10-31,2469314,56854,quarterly,active
P007866,C02740,A0005,property,property_flood,2024-12-25,2025-12-25,15314750,130405,quarterly,active
P007867,C02342,A0022,motor,motor_voluntary,2025-06-19,2026-06-19,1420413,59023,quarterly,lapsed
P007868,C02983,A0041,property,property_allrisk,2023-02-07,2024-02-07,13799076,63732,monthly,active
P007869,C00546,A0047,motor,motor_voluntary,2025-08-14,2026-08-14,1004002,24539,quarterly,active
P007870,C00391,A0045,motor,motor_voluntary,2024-08-28,2025-08-28,257548,8589,quarterly,active
P007871,C00050,A0011,property,property_allrisk,2024-06-06,2025-06-06,15191468,136574,quarterly,active
P007872,C02354,A0037,motor,motor_compulsory,2024-07-25,2025-07-25,1958485,94399,quarterly,active
P007873,C00515,A0016,motor,motor_voluntary,2024-06-17,2025-06-17,1247050,29612,quarterly,active
P007874,C02772,A0043,motor,motor_compulsory,2023-04-06,2024-04-05,2401808,86123,quarterly,active
P007875,C01578,A0010,motor,motor_compulsory,2025-12-21,2026-12-21,801001,29667,monthly,active
P007876,C02484,A0043,property,property_fire,2023-04-19,2024-04-18,11132821,56307,quarterly,active
P007877,C01316,A0038,motor,motor_voluntary,2024-01-20,2025-01-19,1324867,63131,quarterly,active
P007878,C02407,A0040,property,property_flood,2024-08-04,2025-08-04,14167877,112132,annual,lapsed
P007879,C00086,A0039,property,property_fire,2023-08-10,2024-08-09,14590369,45957,quarterly,active
P007880,C00528,A0040,property,property_fire,2023-05-13,2024-05-12,19520701,221934,monthly,active
P007881,C01305,A0034,motor,motor_compulsory,2024-03-09,2025-03-09,676351,18366,monthly,active
P007882,C00719,A0047,motor,motor_compulsory,2023-05-20,2024-05-19,1203497,35667,annual,active
P007883,C02292,A0016,property,property_allrisk,2024-12-30,2025-12-30,4064267,19949,monthly,active
P007884,C02541,A0020,motor,motor_compulsory,2024-11-19,2025-11-19,2204551,69151,quarterly,lapsed
P007885,C01005,A0018,motor,motor_compulsory,2025-11-11,2026-11-11,1831978,62190,monthly,active
P007886,C01732,A0034,motor,motor_voluntary,2024-05-19,2025-05-19,347786,13322,monthly,active
P007887,C00347,A0020,motor,motor_compulsory,2025-01-06,2026-01-06,1087043,43944,annual,active
P007888,C02355,A0037,motor,motor_compulsory,2024-09-19,2025-09-19,1203681,47050,annual,active
P007889,C00785,A0031,motor,motor_compulsory,2023-01-26,2024-01-26,1286665,42859,monthly,active
P007890,C00162,A0002,motor,motor_compulsory,2024-07-13,2025-07-13,1339696,60046,annual,active
P007891,C02958,A0005,motor,motor_voluntary,2024-11-23,2025-11-23,1926927,57501,annual,active
P007892,C00028,A0034,motor,motor_compulsory,2023-05-19,2024-05-18,548511,25533,annual,active
P007893,C01607,A0039,motor,motor_voluntary,2022-11-07,2023-11-07,2326502,84225,annual,active
P007894,C02452,A0037,motor,motor_voluntary,2023-09-08,2024-09-07,498810,15885,quarterly,lapsed
P007895,C02181,A0048,motor,motor_voluntary,2025-06-21,2026-06-21,1361989,32757,monthly,lapsed
P007896,C01473,A0016,property,property_flood,2022-01-31,2023-01-31,2145303,16798,quarterly,active
P007897,C00993,A0028,property,property_allrisk,2025-03-31,2026-03-31,6610599,29524,monthly,active
P007898,C02138,A0022,motor,motor_compulsory,2023-09-22,2024-09-21,1350326,35991,quarterly,active
P007899,C01835,A0014,motor,motor_voluntary,2023-10-23,2024-10-22,1800216,89757,monthly,active
P007900,C01844,A0024,motor,motor_voluntary,2023-07-30,2024-07-29,1996021,42618,quarterly,active
P007901,C01286,A0005,property,property_allrisk,2023-09-30,2024-09-29,8372432,87140,annual,active
P007902,C02436,A0017,motor,motor_compulsory,2026-02-01,2027-02-01,559293,19740,quarterly,active
P007903,C00231,A0042,property,property_fire,2025-11-22,2026-11-22,8257762,33733,annual,active
P007904,C02987,A0029,motor,motor_voluntary,2023-07-24,2024-07-23,606954,27026,quarterly,active
P007905,C01097,A0023,property,property_allrisk,2025-04-03,2026-04-03,18652461,92933,annual,active
P007906,C01619,A0022,property,property_flood,2022-10-30,2023-10-30,19805110,232376,quarterly,active
P007907,C02505,A0015,motor,motor_voluntary,2024-02-12,2025-02-11,754278,19793,annual,active
P007908,C00641,A0002,property,property_flood,2025-05-22,2026-05-22,17717437,58959,monthly,active
P007909,C00335,A0001,motor,motor_voluntary,2023-07-16,2024-07-15,1221367,33374,annual,active
P007910,C00162,A0047,motor,motor_compulsory,2024-07-18,2025-07-18,457117,11883,quarterly,active
P007911,C01605,A0021,property,property_fire,2024-04-08,2025-04-08,17811801,204834,monthly,active
P007912,C02354,A0001,motor,motor_compulsory,2025-10-24,2026-10-24,1530564,63063,quarterly,active
P007913,C01506,A0027,motor,motor_voluntary,2025-04-23,2026-04-23,1871196,79821,quarterly,active
P007914,C00180,A0048,motor,motor_voluntary,2022-09-09,2023-09-09,247073,12118,monthly,active
P007915,C02255,A0045,motor,motor_compulsory,2024-07-03,2025-07-03,1137789,43700,quarterly,lapsed
P007916,C01916,A0018,motor,motor_voluntary,2023-11-09,2024-11-08,1162242,45674,monthly,active
P007917,C01488,A0028,motor,motor_compulsory,2023-10-05,2024-10-04,917656,40054,quarterly,active
P007918,C02235,A0006,motor,motor_compulsory,2024-06-01,2025-06-01,2455836,87216,quarterly,active
P007919,C01050,A0021,motor,motor_compulsory,2025-11-16,2026-11-16,2020530,54675,quarterly,active
P007920,C00619,A0050,property,property_allrisk,2025-02-08,2026-02-08,4047743,28121,annual,active
P007921,C01655,A0028,motor,motor_voluntary,2022-07-05,2023-07-05,1815234,55347,quarterly,active
P007922,C02907,A0048,motor,motor_compulsory,2025-08-17,2026-08-17,495583,23813,monthly,active
P007923,C01960,A0001,property,property_allrisk,2023-01-04,2024-01-04,9029676,102557,quarterly,lapsed
P007924,C01226,A0012,motor,motor_voluntary,2025-09-26,2026-09-26,2193714,77026,annual,active
P007925,C02905,A0014,property,property_fire,2023-03-24,2024-03-23,5687059,27696,quarterly,active
P007926,C01216,A0023,motor,motor_voluntary,2023-01-11,2024-01-11,2332243,94230,quarterly,active
P007927,C00253,A0005,property,property_flood,2022-07-29,2023-07-29,15542904,155467,monthly,active
P007928,C02638,A0029,motor,motor_voluntary,2023-07-03,2024-07-02,1968018,61108,annual,lapsed
P007929,C01955,A0007,property,property_fire,2023-05-25,2024-05-24,10313359,78133,quarterly,lapsed
P007930,C02762,A0023,property,property_allrisk,2023-02-26,2024-02-26,8858262,75069,annual,active
P007931,C01991,A0016,motor,motor_compulsory,2023-04-21,2024-04-20,423677,16047,monthly,active
P007932,C00387,A0008,motor,motor_voluntary,2025-08-31,2026-08-31,910378,34109,monthly,lapsed
P007933,C00631,A0029,motor,motor_voluntary,2026-02-08,2027-02-08,1154392,36301,annual,active
P007934,C01783,A0008,property,property_flood,2024-09-11,2025-09-11,3629016,24656,quarterly,active
P007935,C02193,A0032,motor,motor_voluntary,2025-09-29,2026-09-29,572365,27963,monthly,active
P007936,C00395,A0004,motor,motor_compulsory,2023-04-04,2024-04-03,598097,17439,annual,active
P007937,C00101,A0027,motor,motor_compulsory,2024-11-16,2025-11-16,1514224,48890,quarterly,active
P007938,C01322,A0017,motor,motor_voluntary,2022-11-08,2023-11-08,961701,26973,monthly,active
P007939,C02082,A0013,motor,motor_compulsory,2025-09-28,2026-09-28,270775,12013,annual,active
P007940,C02681,A0013,motor,motor_voluntary,2025-11-21,2026-11-21,1473912,36411,annual,active
P007941,C02000,A0035,motor,motor_voluntary,2023-11-08,2024-11-07,2488223,110996,annual,active
P007942,C01425,A0031,property,property_allrisk,2024-04-06,2025-04-06,7775362,32001,quarterly,active
P007943,C02092,A0026,motor,motor_compulsory,2024-01-25,2025-01-24,312451,15518,monthly,active
P007944,C02148,A0026,motor,motor_compulsory,2023-08-03,2024-08-02,314648,10658,quarterly,active
P007945,C02790,A0004,motor,motor_voluntary,2025-04-20,2026-04-20,1841985,63105,monthly,active
P007946,C02697,A0032,motor,motor_compulsory,2023-03-26,2024-03-25,1824736,61833,quarterly,active
P007947,C02935,A0013,motor,motor_compulsory,2023-07-02,2024-07-01,2167337,45579,annual,active
P007948,C01582,A0029,motor,motor_voluntary,2024-12-27,2025-12-27,1238630,36540,monthly,active
P007949,C02150,A0002,motor,motor_voluntary,2022-04-16,2023-04-16,2019545,74522,monthly,active
P007950,C02086,A0036,motor,motor_compulsory,2023-06-22,2024-06-21,1112414,24373,monthly,active
P007951,C00610,A0013,motor,motor_compulsory,2025-02-11,2026-02-11,874624,33299,monthly,active
P007952,C02218,A0013,motor,motor_voluntary,2025-06-24,2026-06-24,948024,30382,quarterly,active
P007953,C02959,A0016,motor,motor_compulsory,2025-11-05,2026-11-05,2199199,83353,quarterly,lapsed
P007954,C01400,A0050,property,property_allrisk,2024-05-04,2025-05-04,18895893,177185,monthly,active
P007955,C01721,A0038,motor,motor_compulsory,2024-10-05,2025-10-05,2108034,77959,monthly,active
P007956,C01863,A0047,motor,motor_voluntary,2026-02-12,2027-02-12,1226053,57355,monthly,active
P007957,C02106,A0023,motor,motor_compulsory,2022-10-04,2023-10-04,1256284,54625,quarterly,active
P007958,C02289,A0048,motor,motor_compulsory,2024-08-24,2025-08-24,2341649,48699,monthly,active
P007959,C02184,A0006,property,property_flood,2024-02-10,2025-02-09,1344562,5916,quarterly,lapsed
P007960,C02148,A0005,motor,motor_voluntary,2025-12-29,2026-12-29,1326270,48531,monthly,active
P007961,C02005,A0016,motor,motor_compulsory,2025-01-07,2026-01-07,305644,14178,quarterly,cancelled
P007962,C01617,A0005,motor,motor_voluntary,2022-02-11,2023-02-11,2307354,103449,annual,active
P007963,C01159,A0003,motor,motor_voluntary,2023-01-09,2024-01-09,954221,24100,annual,lapsed
P007964,C01010,A0007,property,property_fire,2025-09-20,2026-09-20,17543884,180588,monthly,active
P007965,C00969,A0002,motor,motor_voluntary,2025-03-17,2026-03-17,1243016,40050,quarterly,active
P007966,C02978,A0026,motor,motor_voluntary,2024-06-10,2025-06-10,1075453,28847,monthly,active
P007967,C00602,A0039,motor,motor_compulsory,2023-12-05,2024-12-04,2058104,65179,annual,active
P007968,C01972,A0038,motor,motor_compulsory,2024-07-07,2025-07-07,1435900,30967,monthly,lapsed
P007969,C02593,A0036,property,property_fire,2026-01-17,2027-01-17,17948485,186952,annual,active
P007970,C01654,A0042,motor,motor_compulsory,2024-07-02,2025-07-02,1558212,56749,annual,active
P007971,C01980,A0014,motor,motor_voluntary,2023-10-29,2024-10-28,1928918,71002,annual,active
P007972,C02285,A0048,motor,motor_voluntary,2023-06-13,2024-06-12,1533946,38227,monthly,active
P007973,C02493,A0011,motor,motor_voluntary,2023-10-27,2024-10-26,1151757,51101,quarterly,active
P007974,C01005,A0001,motor,motor_compulsory,2025-04-28,2026-04-28,1811780,71489,monthly,active
P007975,C02736,A0040,property,property_allrisk,2023-09-28,2024-09-27,1613762,11383,annual,active
P007976,C01822,A0005,motor,motor_voluntary,2025-06-05,2026-06-05,1309758,34567,quarterly,active
P007977,C00528,A0031,motor,motor_voluntary,2025-02-15,2026-02-15,746032,16190,quarterly,active
P007978,C01245,A0046,motor,motor_compulsory,2025-04-11,2026-04-11,1476639,48056,quarterly,active
P007979,C00706,A0049,property,property_flood,2025-08-03,2026-08-03,2973983,30237,quarterly,active
P007980,C02616,A0036,motor,motor_compulsory,2022-07-26,2023-07-26,1038305,24093,monthly,active
P007981,C00123,A0028,motor,motor_voluntary,2025-09-02,2026-09-02,646633,21279,quarterly,active
P007982,C01658,A0038,property,property_flood,2025-04-13,2026-04-13,1948184,9605,quarterly,active
P007983,C01549,A0050,motor,motor_compulsory,2022-02-07,2023-02-07,2139885,54798,quarterly,active
P007984,C01723,A0017,motor,motor_compulsory,2023-11-28,2024-11-27,982065,29154,quarterly,active
P007985,C01030,A0028,motor,motor_voluntary,2024-03-04,2025-03-04,1893646,90604,annual,active
P007986,C02108,A0006,property,property_flood,2023-02-01,2024-02-01,11291712,106577,annual,active
P007987,C00764,A0040,motor,motor_voluntary,2023-03-13,2024-03-12,2229469,75267,annual,active
P007988,C00639,A0048,motor,motor_compulsory,2024-02-25,2025-02-24,1004307,24101,monthly,lapsed
P007989,C00046,A0034,property,property_flood,2022-09-08,2023-09-08,11772115,119031,annual,active
P007990,C02774,A0025,motor,motor_voluntary,2025-06-08,2026-06-08,2365541,61532,annual,active
P007991,C02660,A0024,motor,motor_voluntary,2025-11-17,2026-11-17,2186398,94351,monthly,active
P007992,C00913,A0041,property,property_fire,2023-02-02,2024-02-02,8358206,56810,monthly,active
P007993,C02172,A0038,property,property_allrisk,2023-10-08,2024-10-07,10094850,88119,annual,active
P007994,C01250,A0033,motor,motor_voluntary,2026-02-19,2027-02-19,1799213,76120,annual,active
P007995,C01328,A0024,motor,motor_compulsory,2022-05-08,2023-05-08,963041,40485,quarterly,active
P007996,C02119,A0016,motor,motor_compulsory,2026-02-06,2027-02-06,624041,30164,quarterly,active
P007997,C02689,A0025,motor,motor_voluntary,2024-12-07,2025-12-07,202615,6340,annual,active
P007998,C02246,A0048,property,property_fire,2024-01-09,2025-01-08,11738678,51371,monthly,active
P007999,C02245,A0003,motor,motor_voluntary,2022-02-15,2023-02-15,420055,20167,monthly,active
P008000,C00938,A0021,motor,motor_voluntary,2023-09-12,2024-09-11,905975,29240,annual,lapsed
P008001,C00074,A0001,motor,motor_voluntary,2023-09-15,2024-09-14,754064,19842,annual,active
P008002,C00642,A0028,motor,motor_compulsory,2024-06-06,2025-06-06,1876295,91699,annual,active
P008003,C00883,A0015,motor,motor_compulsory,2023-10-05,2024-10-04,1162013,24673,quarterly,active
P008004,C00740,A0012,motor,motor_voluntary,2025-04-25,2026-04-25,1268829,38153,annual,active
P008005,C01760,A0006,motor,motor_compulsory,2025-03-13,2026-03-13,628299,28521,quarterly,active
P008006,C00036,A0028,motor,motor_voluntary,2023-08-26,2024-08-25,1353181,33683,monthly,active
P008007,C02232,A0029,motor,motor_voluntary,2025-12-15,2026-12-15,1083020,46839,annual,active
P008008,C01392,A0012,motor,motor_voluntary,2023-05-04,2024-05-03,1323736,54478,quarterly,active
P008009,C00621,A0045,motor,motor_compulsory,2023-04-28,2024-04-27,1359713,42160,quarterly,lapsed
P008010,C01524,A0017,property,property_flood,2025-11-09,2026-11-09,5003880,55277,monthly,active
P008011,C01568,A0045,motor,motor_voluntary,2024-02-29,2025-02-28,1070532,30624,monthly,active
P008012,C02135,A0033,motor,motor_compulsory,2023-02-05,2024-02-05,2200791,101933,monthly,active
P008013,C02450,A0043,property,property_flood,2022-11-22,2023-11-22,13632139,121040,quarterly,lapsed
P008014,C02694,A0007,motor,motor_compulsory,2025-01-02,2026-01-02,1232006,36658,monthly,active
P008015,C01883,A0036,motor,motor_compulsory,2023-01-31,2024-01-31,1547681,58552,quarterly,cancelled
P008016,C00912,A0004,motor,motor_compulsory,2024-01-11,2025-01-10,481868,19259,annual,active
P008017,C02599,A0030,property,property_allrisk,2025-09-05,2026-09-05,5651078,61238,monthly,active
P008018,C01991,A0045,motor,motor_voluntary,2026-04-29,2027-04-29,1565104,61191,annual,lapsed
P008019,C00994,A0008,motor,motor_compulsory,2024-01-30,2025-01-29,2235448,59718,annual,active
P008020,C00666,A0028,motor,motor_voluntary,2023-06-02,2024-06-01,2194657,60810,monthly,active
P008021,C02167,A0028,motor,motor_voluntary,2023-08-20,2024-08-19,654580,27292,monthly,active
P008022,C00944,A0045,motor,motor_compulsory,2024-11-05,2025-11-05,1086231,23731,quarterly,lapsed
P008023,C00315,A0045,motor,motor_compulsory,2022-05-20,2023-05-20,2414623,110957,annual,active
P008024,C00812,A0002,motor,motor_compulsory,2024-03-24,2025-03-24,2263132,54687,annual,lapsed
P008025,C02862,A0029,property,property_allrisk,2023-07-16,2024-07-15,11779223,41691,quarterly,lapsed
P008026,C01770,A0015,property,property_allrisk,2023-01-28,2024-01-28,11654126,103520,annual,active
P008027,C01611,A0013,motor,motor_compulsory,2026-04-03,2027-04-03,2024303,61695,quarterly,lapsed
P008028,C01824,A0031,motor,motor_compulsory,2023-09-29,2024-09-28,1042183,49514,quarterly,active
P008029,C01304,A0025,motor,motor_voluntary,2025-04-13,2026-04-13,207119,5541,quarterly,active
P008030,C02203,A0039,motor,motor_voluntary,2023-10-22,2024-10-21,2435141,88933,monthly,active
P008031,C00643,A0036,motor,motor_voluntary,2022-07-27,2023-07-27,297580,12360,annual,active
P008032,C01270,A0007,motor,motor_voluntary,2022-01-15,2023-01-15,1330632,35049,annual,active
P008033,C02857,A0036,motor,motor_voluntary,2023-10-17,2024-10-16,1076123,32276,quarterly,cancelled
P008034,C00515,A0025,property,property_flood,2023-03-21,2024-03-20,11521268,87600,quarterly,active
P008035,C02872,A0027,motor,motor_voluntary,2025-08-20,2026-08-20,1275705,43915,annual,active
P008036,C00702,A0029,property,property_fire,2026-02-04,2027-02-04,4231304,19332,annual,active
P008037,C02721,A0042,property,property_flood,2024-01-06,2025-01-05,7677730,49451,monthly,active
P008038,C02060,A0032,motor,motor_voluntary,2025-07-24,2026-07-24,1153972,48812,monthly,cancelled
P008039,C01866,A0033,motor,motor_compulsory,2025-02-19,2026-02-19,2043436,74295,monthly,active
P008040,C02170,A0050,motor,motor_compulsory,2026-04-15,2027-04-15,1641395,79661,monthly,active
P008041,C01418,A0047,motor,motor_voluntary,2023-12-15,2024-12-14,1528710,72085,monthly,active
P008042,C00692,A0041,motor,motor_compulsory,2024-12-14,2025-12-14,820603,22663,quarterly,active
P008043,C00583,A0011,motor,motor_compulsory,2023-02-21,2024-02-21,1106405,52944,quarterly,lapsed
P008044,C02694,A0033,property,property_allrisk,2023-10-10,2024-10-09,13240560,153023,monthly,active
P008045,C01390,A0029,property,property_allrisk,2023-09-11,2024-09-10,10567027,124007,annual,active
P008046,C02299,A0049,motor,motor_voluntary,2024-02-24,2025-02-23,1583490,40652,quarterly,active
P008047,C01372,A0042,motor,motor_voluntary,2026-03-17,2027-03-17,840824,21159,quarterly,active
P008048,C00364,A0050,motor,motor_voluntary,2025-06-05,2026-06-05,255543,11488,monthly,cancelled
P008049,C02805,A0017,property,property_flood,2026-04-02,2027-04-02,17919383,115130,quarterly,active
P008050,C00510,A0009,property,property_allrisk,2026-04-27,2027-04-27,17497628,81080,annual,active
P008051,C00595,A0041,motor,motor_voluntary,2024-05-12,2025-05-12,2016335,67563,quarterly,active
P008052,C00128,A0034,motor,motor_compulsory,2023-01-24,2024-01-24,971611,33428,quarterly,active
P008053,C01393,A0045,motor,motor_compulsory,2023-06-19,2024-06-18,368701,13055,monthly,cancelled
P008054,C02372,A0036,motor,motor_compulsory,2023-09-19,2024-09-18,525833,11003,annual,lapsed
P008055,C02106,A0006,property,property_fire,2022-07-25,2023-07-25,8375083,72235,monthly,active
P008056,C00458,A0009,motor,motor_voluntary,2025-07-19,2026-07-19,2348589,64087,annual,active
P008057,C00430,A0018,motor,motor_compulsory,2023-02-03,2024-02-03,1716290,63630,monthly,active
P008058,C02023,A0046,motor,motor_voluntary,2025-08-21,2026-08-21,2472120,71340,quarterly,active
P008059,C00762,A0016,property,property_fire,2025-06-26,2026-06-26,9195328,79217,quarterly,cancelled
P008060,C02740,A0037,motor,motor_voluntary,2024-04-17,2025-04-17,1539281,44695,monthly,active
P008061,C02294,A0022,motor,motor_compulsory,2025-12-13,2026-12-13,2063798,89161,quarterly,active
P008062,C01481,A0047,property,property_flood,2022-04-22,2023-04-22,7203752,31614,quarterly,active
P008063,C00607,A0029,property,property_fire,2026-02-18,2027-02-18,4170973,22072,monthly,active
P008064,C02041,A0006,property,property_flood,2022-03-14,2023-03-14,1843549,11035,annual,active
P008065,C02588,A0038,motor,motor_compulsory,2026-04-07,2027-04-07,1063903,52151,quarterly,active
P008066,C02289,A0043,motor,motor_compulsory,2023-11-15,2024-11-14,1835213,45018,monthly,active
P008067,C02637,A0029,property,property_allrisk,2024-12-27,2025-12-27,9084974,99128,annual,active
P008068,C00488,A0024,property,property_fire,2026-04-16,2027-04-16,17068310,157431,quarterly,active
P008069,C00935,A0021,motor,motor_voluntary,2024-05-30,2025-05-30,721676,22114,annual,active
P008070,C02382,A0024,property,property_flood,2023-08-21,2024-08-20,16749689,57293,monthly,active
P008071,C02825,A0028,motor,motor_voluntary,2023-09-15,2024-09-14,2376835,77575,quarterly,active
P008072,C00358,A0034,motor,motor_voluntary,2024-03-22,2025-03-22,2405623,51832,quarterly,active
P008073,C01373,A0049,property,property_fire,2025-03-02,2026-03-02,2829999,14836,monthly,active
P008074,C00012,A0029,motor,motor_compulsory,2025-06-01,2026-06-01,1976567,56797,quarterly,active
P008075,C00999,A0046,property,property_fire,2023-12-12,2024-12-11,11798944,72229,annual,active
P008076,C00164,A0049,motor,motor_compulsory,2025-03-12,2026-03-12,544497,16188,annual,cancelled
P008077,C02529,A0021,property,property_fire,2022-08-13,2023-08-13,19527369,117193,monthly,active
P008078,C01518,A0008,motor,motor_voluntary,2022-01-10,2023-01-10,2497124,116597,annual,active
P008079,C00380,A0041,property,property_fire,2024-08-05,2025-08-05,7841514,29503,quarterly,active
P008080,C01835,A0001,motor,motor_voluntary,2024-10-03,2025-10-03,776845,27819,monthly,active
P008081,C01725,A0002,motor,motor_voluntary,2023-08-28,2024-08-27,2092562,86260,quarterly,active
P008082,C00320,A0045,property,property_fire,2022-11-30,2023-11-30,18115618,191397,monthly,active
P008083,C02526,A0042,property,property_allrisk,2025-12-27,2026-12-27,14709418,166265,annual,active
P008084,C00564,A0009,motor,motor_compulsory,2025-02-01,2026-02-01,1748133,79884,monthly,active
P008085,C02727,A0002,property,property_allrisk,2023-08-07,2024-08-06,14596458,133369,quarterly,active
P008086,C01867,A0021,motor,motor_compulsory,2024-06-21,2025-06-21,2306851,101769,quarterly,active
P008087,C01870,A0007,motor,motor_voluntary,2023-11-28,2024-11-27,1407947,35545,monthly,active
P008088,C02123,A0016,motor,motor_compulsory,2024-10-09,2025-10-09,1902668,83865,monthly,active
P008089,C00880,A0025,motor,motor_voluntary,2026-01-03,2027-01-03,895571,23077,quarterly,lapsed
P008090,C00353,A0030,motor,motor_voluntary,2025-06-04,2026-06-04,689978,25087,annual,active
P008091,C01655,A0027,property,property_allrisk,2023-04-08,2024-04-07,1167452,9316,annual,active
P008092,C02580,A0012,motor,motor_voluntary,2024-04-30,2025-04-30,1044839,21632,monthly,active
P008093,C00101,A0043,motor,motor_compulsory,2024-06-23,2025-06-23,256646,12545,annual,active
P008094,C00657,A0048,property,property_allrisk,2023-01-25,2024-01-25,18884862,136364,annual,active
P008095,C01476,A0007,motor,motor_voluntary,2025-08-14,2026-08-14,410474,17426,annual,cancelled
P008096,C00927,A0035,property,property_flood,2023-10-15,2024-10-14,8461630,40648,quarterly,active
P008097,C02075,A0022,property,property_fire,2025-06-08,2026-06-08,16128931,98926,quarterly,active
P008098,C01285,A0013,motor,motor_voluntary,2024-04-01,2025-04-01,1747437,58409,monthly,active
P008099,C00088,A0037,motor,motor_voluntary,2023-11-05,2024-11-04,916741,29911,monthly,active
P008100,C01943,A0032,property,property_fire,2023-07-11,2024-07-10,2502726,8783,monthly,cancelled
P008101,C00773,A0012,motor,motor_voluntary,2024-01-09,2025-01-08,261163,11543,annual,lapsed
P008102,C01893,A0019,property,property_fire,2023-01-12,2024-01-12,3765280,13543,quarterly,active
P008103,C02604,A0019,motor,motor_compulsory,2024-08-14,2025-08-14,2025672,83129,quarterly,active
P008104,C00078,A0027,property,property_fire,2025-07-23,2026-07-23,9279075,86134,monthly,active
P008105,C02689,A0007,motor,motor_voluntary,2023-01-04,2024-01-04,1356159,50410,quarterly,active
P008106,C00709,A0021,property,property_flood,2023-02-11,2024-02-11,19579380,96368,annual,active
P008107,C01407,A0012,motor,motor_compulsory,2023-06-23,2024-06-22,2411599,109775,quarterly,active
P008108,C02837,A0007,motor,motor_compulsory,2025-03-10,2026-03-10,613327,14837,quarterly,active
P008109,C02095,A0012,property,property_allrisk,2022-12-11,2023-12-11,11486588,91364,monthly,active
P008110,C00821,A0002,motor,motor_compulsory,2025-08-12,2026-08-12,891861,32822,quarterly,active
P008111,C01138,A0025,motor,motor_voluntary,2024-03-12,2025-03-12,2156085,98330,quarterly,active
P008112,C00525,A0008,motor,motor_voluntary,2024-12-27,2025-12-27,262675,8044,monthly,active
P008113,C01042,A0026,motor,motor_voluntary,2024-11-13,2025-11-13,2382286,112014,monthly,active
P008114,C00948,A0025,motor,motor_compulsory,2023-09-01,2024-08-31,253997,11943,quarterly,active
P008115,C00042,A0041,motor,motor_voluntary,2025-07-04,2026-07-04,771879,20576,monthly,active
P008116,C02499,A0001,motor,motor_compulsory,2025-01-30,2026-01-30,2098385,86725,quarterly,active
P008117,C02356,A0022,motor,motor_compulsory,2025-12-10,2026-12-10,233287,11425,monthly,active
P008118,C02021,A0044,motor,motor_voluntary,2025-02-03,2026-02-03,1887442,94100,quarterly,active
P008119,C00357,A0032,motor,motor_compulsory,2025-02-10,2026-02-10,710617,34345,monthly,active
P008120,C02437,A0024,property,property_allrisk,2026-04-20,2027-04-20,14688480,98125,quarterly,active
P008121,C01833,A0005,motor,motor_voluntary,2025-05-28,2026-05-28,444391,12793,monthly,active
P008122,C01118,A0007,motor,motor_voluntary,2026-03-16,2027-03-16,1328602,50989,monthly,active
P008123,C01681,A0003,motor,motor_compulsory,2022-09-04,2023-09-04,1417183,54412,quarterly,active
P008124,C00096,A0005,motor,motor_voluntary,2023-02-28,2024-02-28,620230,27254,monthly,active
P008125,C00717,A0003,property,property_flood,2024-01-15,2025-01-14,8194918,72464,monthly,active
P008126,C00897,A0046,property,property_flood,2023-10-11,2024-10-10,8777172,90467,annual,active
P008127,C02156,A0046,motor,motor_compulsory,2022-03-11,2023-03-11,421766,9155,quarterly,active
P008128,C00556,A0031,property,property_fire,2023-11-11,2024-11-10,2565333,15863,monthly,active
P008129,C00487,A0009,property,property_fire,2024-09-26,2025-09-26,1760096,14773,annual,active
P008130,C00414,A0046,motor,motor_voluntary,2025-01-18,2026-01-18,513005,23342,quarterly,lapsed
P008131,C01453,A0042,motor,motor_compulsory,2024-04-18,2025-04-18,744398,24216,quarterly,active
P008132,C02702,A0023,motor,motor_compulsory,2023-02-20,2024-02-20,2093264,96523,annual,active
P008133,C02038,A0026,motor,motor_compulsory,2024-05-03,2025-05-03,499949,21055,annual,active
P008134,C01697,A0030,motor,motor_voluntary,2026-01-26,2027-01-26,2098706,98779,quarterly,active
P008135,C00689,A0026,property,property_flood,2023-07-24,2024-07-23,12982980,146399,quarterly,active
P008136,C02446,A0012,motor,motor_voluntary,2022-03-26,2023-03-26,714462,24547,annual,active
P008137,C02566,A0024,property,property_flood,2023-11-18,2024-11-17,19147069,143768,annual,active
P008138,C01870,A0016,motor,motor_compulsory,2025-11-23,2026-11-23,1086237,39039,monthly,active
P008139,C01002,A0021,motor,motor_compulsory,2023-10-20,2024-10-19,1199147,41051,quarterly,active
P008140,C02353,A0015,property,property_flood,2023-02-08,2024-02-08,1075621,7888,monthly,active
P008141,C00851,A0019,property,property_allrisk,2026-01-29,2027-01-29,14081999,81450,annual,active
P008142,C00673,A0011,motor,motor_voluntary,2023-07-04,2024-07-03,1394662,57540,monthly,active
P008143,C00668,A0048,motor,motor_voluntary,2022-12-09,2023-12-09,232565,10590,annual,lapsed
P008144,C02658,A0019,motor,motor_compulsory,2023-01-03,2024-01-03,994302,29703,monthly,active
P008145,C00819,A0027,motor,motor_compulsory,2024-03-13,2025-03-13,868363,28805,annual,active
P008146,C00963,A0050,property,property_flood,2023-10-15,2024-10-14,3568985,17928,annual,active
P008147,C01107,A0006,motor,motor_voluntary,2023-07-30,2024-07-29,1435443,52156,monthly,active
P008148,C00379,A0002,motor,motor_voluntary,2023-11-28,2024-11-27,1933428,45970,annual,active
P008149,C01602,A0022,motor,motor_voluntary,2023-07-20,2024-07-19,333651,14006,quarterly,lapsed
P008150,C00340,A0050,motor,motor_voluntary,2023-08-25,2024-08-24,416125,18135,monthly,active
P008151,C00628,A0015,motor,motor_compulsory,2025-09-26,2026-09-26,227578,8208,annual,active
P008152,C00135,A0045,motor,motor_compulsory,2023-01-24,2024-01-24,2278628,73685,annual,active
P008153,C01223,A0012,property,property_fire,2023-01-17,2024-01-17,10394849,54834,quarterly,cancelled
P008154,C00499,A0037,motor,motor_compulsory,2022-02-20,2023-02-20,1903603,62151,monthly,lapsed
P008155,C02215,A0032,motor,motor_compulsory,2023-12-30,2024-12-29,487504,20054,annual,active
P008156,C01259,A0025,property,property_allrisk,2024-01-18,2025-01-17,7964339,72689,monthly,active
P008157,C00397,A0048,motor,motor_voluntary,2023-01-09,2024-01-09,655268,31574,quarterly,active
P008158,C00742,A0026,property,property_flood,2022-02-12,2023-02-12,14802448,170282,quarterly,active
P008159,C01258,A0013,motor,motor_voluntary,2025-12-26,2026-12-26,642852,21014,quarterly,active
P008160,C00919,A0038,property,property_allrisk,2025-07-01,2026-07-01,10573842,54452,quarterly,active
P008161,C00705,A0033,property,property_flood,2026-02-19,2027-02-19,1292257,15094,quarterly,active
P008162,C00324,A0043,motor,motor_voluntary,2025-12-19,2026-12-19,689377,21158,annual,active
P008163,C00306,A0041,motor,motor_voluntary,2025-11-27,2026-11-27,990547,49351,monthly,active
P008164,C02415,A0015,property,property_flood,2024-07-04,2025-07-04,14235936,47959,annual,active
P008165,C01110,A0042,motor,motor_voluntary,2026-04-12,2027-04-12,2394424,52742,quarterly,active
P008166,C00942,A0015,motor,motor_compulsory,2026-04-19,2027-04-19,600663,25163,monthly,active
P008167,C01487,A0042,motor,motor_compulsory,2023-10-15,2024-10-14,497429,11801,monthly,active
P008168,C02401,A0017,property,property_allrisk,2022-05-27,2023-05-27,18911191,124719,annual,active
P008169,C00696,A0034,motor,motor_voluntary,2022-11-06,2023-11-06,828846,39961,quarterly,active
P008170,C00553,A0008,motor,motor_voluntary,2024-12-18,2025-12-18,1383392,35549,monthly,active
P008171,C00480,A0041,motor,motor_compulsory,2026-02-21,2027-02-21,534677,24997,quarterly,active
P008172,C01443,A0020,property,property_fire,2025-03-15,2026-03-15,19924716,159355,monthly,active
P008173,C00810,A0033,property,property_fire,2024-08-27,2025-08-27,6964813,82046,quarterly,active
P008174,C02782,A0040,motor,motor_compulsory,2023-05-13,2024-05-12,1529558,49778,quarterly,active
P008175,C01202,A0048,property,property_allrisk,2025-05-16,2026-05-16,6087746,58712,monthly,active
P008176,C02988,A0045,motor,motor_compulsory,2024-12-31,2025-12-31,889307,18510,annual,active
P008177,C02925,A0018,property,property_flood,2023-05-30,2024-05-29,12512439,69878,quarterly,active
P008178,C00787,A0021,motor,motor_compulsory,2024-11-21,2025-11-21,1085453,23469,monthly,active
P008179,C01393,A0043,motor,motor_voluntary,2024-05-30,2025-05-30,1273074,37256,quarterly,active
P008180,C00228,A0014,property,property_flood,2024-02-18,2025-02-17,16418360,130179,quarterly,active
P008181,C01647,A0046,motor,motor_voluntary,2023-09-24,2024-09-23,899791,27952,annual,lapsed
P008182,C02030,A0043,motor,motor_compulsory,2022-09-06,2023-09-06,527552,16813,monthly,cancelled
P008183,C01142,A0011,motor,motor_voluntary,2024-09-13,2025-09-13,1984318,49437,monthly,lapsed
P008184,C00032,A0041,motor,motor_compulsory,2025-06-26,2026-06-26,481203,19402,quarterly,active
P008185,C00546,A0026,motor,motor_voluntary,2025-03-20,2026-03-20,1003526,33107,monthly,active
P008186,C01938,A0008,motor,motor_compulsory,2025-11-01,2026-11-01,1583520,57768,monthly,active
P008187,C00967,A0019,motor,motor_compulsory,2025-10-20,2026-10-20,1340190,41190,monthly,active
P008188,C00461,A0009,motor,motor_voluntary,2024-12-19,2025-12-19,1258273,43909,annual,active
P008189,C01037,A0014,motor,motor_compulsory,2025-10-06,2026-10-06,2311642,83331,monthly,active
P008190,C01724,A0034,property,property_fire,2024-06-27,2025-06-27,19180160,60767,annual,active
P008191,C01770,A0021,motor,motor_voluntary,2025-10-24,2026-10-24,416834,18463,quarterly,cancelled
P008192,C00175,A0048,motor,motor_voluntary,2025-01-29,2026-01-29,1022899,43340,annual,active
P008193,C02448,A0015,motor,motor_compulsory,2024-08-28,2025-08-28,1575219,64633,annual,lapsed
P008194,C01136,A0011,motor,motor_voluntary,2022-12-15,2023-12-15,833194,16844,quarterly,active
P008195,C01142,A0030,motor,motor_voluntary,2024-11-24,2025-11-24,1438998,62805,quarterly,active
P008196,C02102,A0001,motor,motor_compulsory,2023-08-09,2024-08-08,1432944,28948,monthly,active
P008197,C02124,A0001,motor,motor_compulsory,2022-07-12,2023-07-12,710015,25585,quarterly,lapsed
P008198,C01294,A0047,motor,motor_compulsory,2022-01-13,2023-01-13,840989,20806,quarterly,active
P008199,C00514,A0036,motor,motor_voluntary,2024-02-07,2025-02-06,1140526,26029,monthly,active
P008200,C01139,A0041,motor,motor_voluntary,2022-03-04,2023-03-04,2046336,78692,monthly,active
P008201,C02828,A0010,property,property_allrisk,2023-07-18,2024-07-17,19993311,187348,quarterly,active
P008202,C02767,A0048,motor,motor_voluntary,2024-07-17,2025-07-17,2356093,53397,annual,active
P008203,C01467,A0033,property,property_flood,2023-05-12,2024-05-11,11385054,126935,annual,active
P008204,C01932,A0004,motor,motor_voluntary,2024-06-11,2025-06-11,1030240,22873,monthly,active
P008205,C02952,A0006,motor,motor_voluntary,2023-11-02,2024-11-01,660047,18847,annual,active
P008206,C02438,A0015,motor,motor_voluntary,2026-04-07,2027-04-07,1094163,37733,quarterly,active
P008207,C01096,A0041,motor,motor_compulsory,2024-05-05,2025-05-05,817890,34811,quarterly,active
P008208,C00101,A0021,motor,motor_voluntary,2023-07-02,2024-07-01,233429,10360,monthly,active
P008209,C01532,A0029,property,property_allrisk,2025-08-10,2026-08-10,18438204,101506,monthly,active
P008210,C01077,A0022,motor,motor_voluntary,2026-03-15,2027-03-15,2091414,89576,monthly,active
P008211,C02513,A0029,motor,motor_compulsory,2023-08-25,2024-08-24,279192,8679,monthly,lapsed
P008212,C00143,A0028,motor,motor_voluntary,2026-01-13,2027-01-13,1758858,84901,monthly,active
P008213,C02851,A0034,property,property_allrisk,2025-08-28,2026-08-28,6716859,77044,monthly,active
P008214,C02844,A0014,property,property_fire,2024-01-07,2025-01-06,7474427,41713,monthly,active
P008215,C00549,A0049,motor,motor_compulsory,2024-01-09,2025-01-08,435066,17833,monthly,active
P008216,C01701,A0047,motor,motor_compulsory,2023-12-26,2024-12-25,737489,33056,monthly,active
P008217,C00074,A0025,property,property_fire,2025-12-11,2026-12-11,7570496,84341,quarterly,active
P008218,C00557,A0012,motor,motor_compulsory,2025-09-13,2026-09-13,988726,42756,quarterly,lapsed
P008219,C00628,A0011,motor,motor_compulsory,2023-03-22,2024-03-21,1985673,49085,quarterly,active
P008220,C00813,A0017,motor,motor_compulsory,2025-03-25,2026-03-25,709502,20211,quarterly,active
P008221,C01186,A0028,motor,motor_voluntary,2022-02-19,2023-02-19,1042481,24761,quarterly,active
P008222,C00537,A0004,motor,motor_compulsory,2025-03-09,2026-03-09,2469768,96493,annual,active
P008223,C01944,A0022,motor,motor_compulsory,2023-11-08,2024-11-07,1705921,54728,quarterly,lapsed
P008224,C00255,A0006,property,property_fire,2025-05-18,2026-05-18,19659242,154587,annual,active
P008225,C01770,A0023,motor,motor_compulsory,2022-09-22,2023-09-22,1184298,52503,annual,active
P008226,C01454,A0050,motor,motor_compulsory,2023-02-16,2024-02-16,2370506,59661,annual,active
P008227,C00944,A0015,motor,motor_voluntary,2025-02-18,2026-02-18,2293465,50945,annual,active
P008228,C00942,A0019,motor,motor_compulsory,2023-08-16,2024-08-15,2018031,52344,monthly,active
P008229,C02025,A0031,motor,motor_compulsory,2023-04-14,2024-04-13,2218587,100194,quarterly,active
P008230,C02549,A0043,motor,motor_voluntary,2023-05-02,2024-05-01,1422192,37364,annual,lapsed
P008231,C02391,A0024,property,property_flood,2024-10-14,2025-10-14,10355131,100965,monthly,active
P008232,C01675,A0016,motor,motor_compulsory,2022-03-05,2023-03-05,628454,25481,quarterly,active
P008233,C01365,A0037,motor,motor_voluntary,2023-11-11,2024-11-10,2447186,112420,annual,active
P008234,C00447,A0050,motor,motor_compulsory,2024-12-10,2025-12-10,1474167,45035,quarterly,lapsed
P008235,C00163,A0050,motor,motor_compulsory,2025-10-31,2026-10-31,318744,13867,quarterly,lapsed
P008236,C00357,A0036,motor,motor_voluntary,2024-04-09,2025-04-09,1374804,56720,monthly,active
P008237,C00182,A0033,motor,motor_voluntary,2026-01-21,2027-01-21,1457125,70151,annual,active
P008238,C01095,A0032,property,property_allrisk,2024-02-09,2025-02-08,1068346,9157,annual,active
P008239,C00638,A0019,property,property_allrisk,2023-11-05,2024-11-04,19997014,147175,quarterly,lapsed
P008240,C01812,A0008,property,property_flood,2022-04-30,2023-04-30,7516755,27435,quarterly,active
P008241,C02571,A0038,motor,motor_compulsory,2024-02-10,2025-02-09,344617,17091,annual,active
P008242,C01911,A0021,motor,motor_voluntary,2023-09-29,2024-09-28,1545474,40270,monthly,active
P008243,C01509,A0017,motor,motor_compulsory,2023-12-23,2024-12-22,1107287,47133,annual,active
P008244,C02971,A0026,property,property_allrisk,2026-01-20,2027-01-20,4674643,44133,monthly,active
P008245,C02759,A0041,motor,motor_voluntary,2025-10-07,2026-10-07,1025223,39580,monthly,active
P008246,C01790,A0020,property,property_flood,2023-11-02,2024-11-01,9983064,63759,quarterly,active
P008247,C00930,A0047,motor,motor_compulsory,2022-08-01,2023-08-01,1080906,32944,quarterly,active
P008248,C00123,A0007,motor,motor_compulsory,2022-02-22,2023-02-22,1411373,42807,quarterly,active
P008249,C01260,A0037,motor,motor_compulsory,2023-10-12,2024-10-11,2123947,94260,annual,active
P008250,C01199,A0020,property,property_flood,2023-08-09,2024-08-08,3207085,32074,monthly,active
P008251,C01176,A0002,motor,motor_compulsory,2026-01-09,2027-01-09,600888,12345,annual,active
P008252,C01809,A0019,motor,motor_compulsory,2026-01-28,2027-01-28,1256850,41248,annual,lapsed
P008253,C00604,A0038,property,property_allrisk,2023-06-25,2024-06-24,15488228,116181,annual,lapsed
P008254,C02561,A0011,property,property_allrisk,2024-03-23,2025-03-23,7378052,34510,annual,lapsed
P008255,C01872,A0027,motor,motor_voluntary,2023-09-11,2024-09-10,2335493,47100,annual,active
P008256,C02034,A0022,motor,motor_voluntary,2023-12-03,2024-12-02,2318693,76390,annual,active
P008257,C00629,A0032,motor,motor_voluntary,2025-10-04,2026-10-04,717847,32132,monthly,active
P008258,C01235,A0033,property,property_fire,2023-11-03,2024-11-02,17468980,79744,quarterly,active
P008259,C02272,A0016,property,property_flood,2025-10-25,2026-10-25,5855251,63921,annual,active
P008260,C02610,A0001,motor,motor_voluntary,2023-10-03,2024-10-02,1450485,54332,annual,active
P008261,C01847,A0007,property,property_fire,2025-05-05,2026-05-05,3533914,22675,annual,cancelled
P008262,C02756,A0012,motor,motor_voluntary,2024-09-10,2025-09-10,2432010,79013,monthly,active
P008263,C00318,A0021,motor,motor_compulsory,2025-08-03,2026-08-03,1149400,27534,monthly,lapsed
P008264,C02247,A0004,motor,motor_compulsory,2024-08-06,2025-08-06,2256804,80267,monthly,active
P008265,C02522,A0040,property,property_allrisk,2024-11-18,2025-11-18,10443968,103531,monthly,active
P008266,C01656,A0016,motor,motor_compulsory,2025-04-27,2026-04-27,676706,28413,annual,active
P008267,C01678,A0021,motor,motor_voluntary,2023-01-19,2024-01-19,274927,8017,quarterly,lapsed
P008268,C00949,A0016,motor,motor_voluntary,2024-01-01,2024-12-31,1891924,65630,quarterly,active
P008269,C01642,A0031,property,property_flood,2023-08-11,2024-08-10,1308587,10673,quarterly,active
P008270,C01241,A0048,motor,motor_voluntary,2025-04-01,2026-04-01,2056691,101294,quarterly,lapsed
P008271,C02120,A0026,motor,motor_voluntary,2022-11-04,2023-11-04,1156531,57737,annual,active
P008272,C00880,A0024,motor,motor_voluntary,2025-05-02,2026-05-02,1589449,72998,annual,active
P008273,C02494,A0036,motor,motor_compulsory,2023-08-06,2024-08-05,1813262,57795,annual,active
P008274,C00138,A0045,motor,motor_compulsory,2024-05-24,2025-05-24,414972,12935,quarterly,active
P008275,C02813,A0022,motor,motor_voluntary,2023-12-29,2024-12-28,241992,7733,monthly,active
P008276,C02843,A0012,property,property_allrisk,2023-12-25,2024-12-24,3067717,17838,monthly,active
P008277,C02001,A0045,motor,motor_compulsory,2026-01-12,2027-01-12,2308428,109178,annual,active
P008278,C00343,A0049,property,property_allrisk,2023-03-08,2024-03-07,2522179,15395,monthly,active
P008279,C00502,A0012,motor,motor_voluntary,2023-02-27,2024-02-27,1257218,58251,quarterly,active
P008280,C00436,A0029,property,property_fire,2023-08-20,2024-08-19,5614711,17285,monthly,active
P008281,C00093,A0011,motor,motor_voluntary,2024-01-14,2025-01-13,1401523,55426,monthly,active
P008282,C01723,A0013,motor,motor_voluntary,2022-09-24,2023-09-24,445506,18666,annual,cancelled
P008283,C02568,A0030,property,property_allrisk,2025-10-06,2026-10-06,11659108,128709,monthly,active
P008284,C01325,A0047,property,property_flood,2023-05-12,2024-05-11,11691821,130681,monthly,active
P008285,C00778,A0026,motor,motor_voluntary,2025-03-21,2026-03-21,699629,30765,quarterly,active
P008286,C00752,A0027,motor,motor_voluntary,2023-02-09,2024-02-09,2402695,50459,annual,active
P008287,C00008,A0024,motor,motor_compulsory,2023-03-23,2024-03-22,315027,9294,annual,active
P008288,C01299,A0027,property,property_flood,2026-04-28,2027-04-28,4101715,21321,quarterly,active
P008289,C00672,A0022,property,property_allrisk,2023-04-03,2024-04-02,14275663,73579,quarterly,active
P008290,C01285,A0008,motor,motor_voluntary,2025-07-07,2026-07-07,627620,28750,annual,active
P008291,C01292,A0046,motor,motor_compulsory,2024-05-21,2025-05-21,1867628,52054,annual,active
P008292,C02743,A0030,property,property_fire,2023-12-25,2024-12-24,10013690,79315,annual,active
P008293,C02341,A0041,motor,motor_compulsory,2022-10-28,2023-10-28,2014931,76695,quarterly,lapsed
P008294,C02324,A0024,motor,motor_voluntary,2023-05-11,2024-05-10,639321,16331,annual,active
P008295,C00845,A0045,property,property_allrisk,2025-08-31,2026-08-31,6417321,42218,quarterly,lapsed
P008296,C01978,A0028,property,property_allrisk,2023-10-11,2024-10-10,10407592,84867,quarterly,active
P008297,C00691,A0023,property,property_flood,2023-02-24,2024-02-24,18642573,122922,monthly,active
P008298,C02029,A0004,motor,motor_voluntary,2025-12-01,2026-12-01,1116154,29955,annual,active
P008299,C02775,A0005,property,property_allrisk,2026-02-09,2027-02-09,3274188,21020,quarterly,lapsed
P008300,C00170,A0028,motor,motor_voluntary,2023-09-10,2024-09-09,1978735,53690,monthly,active
P008301,C00446,A0028,property,property_flood,2024-04-08,2025-04-08,7355335,73501,annual,active
P008302,C00967,A0042,property,property_flood,2023-06-30,2024-06-29,8409754,32385,quarterly,lapsed
P008303,C01082,A0003,motor,motor_voluntary,2023-11-14,2024-11-13,1997443,47312,quarterly,cancelled
P008304,C02720,A0004,motor,motor_voluntary,2024-01-28,2025-01-27,304819,11875,quarterly,active
P008305,C00305,A0007,motor,motor_compulsory,2023-04-04,2024-04-03,914415,29751,monthly,active
P008306,C01846,A0002,property,property_flood,2023-08-31,2024-08-30,18367185,131368,annual,lapsed
P008307,C01233,A0033,motor,motor_compulsory,2024-11-11,2025-11-11,664488,27612,quarterly,active
P008308,C02325,A0030,motor,motor_voluntary,2023-03-15,2024-03-14,1492449,71825,quarterly,active
P008309,C01524,A0032,motor,motor_voluntary,2025-02-05,2026-02-05,1083483,44989,quarterly,active
P008310,C01139,A0039,property,property_flood,2023-03-25,2024-03-24,11946933,36400,monthly,active
P008311,C02386,A0045,motor,motor_voluntary,2025-08-03,2026-08-03,1153331,44777,monthly,lapsed
P008312,C02655,A0023,motor,motor_compulsory,2024-03-01,2025-03-01,704164,30459,quarterly,lapsed
P008313,C02488,A0039,property,property_fire,2023-08-19,2024-08-18,19638917,143447,annual,active
P008314,C00393,A0019,motor,motor_compulsory,2026-03-20,2027-03-20,808206,39491,annual,active
P008315,C00763,A0021,motor,motor_voluntary,2026-04-18,2027-04-18,247007,12020,monthly,lapsed
P008316,C02544,A0026,motor,motor_compulsory,2024-01-15,2025-01-14,2422448,90861,monthly,lapsed
P008317,C00505,A0011,motor,motor_compulsory,2022-01-29,2023-01-29,2152568,88033,monthly,active
P008318,C01744,A0044,motor,motor_voluntary,2023-08-14,2024-08-13,1258594,31234,monthly,active
P008319,C01459,A0016,motor,motor_compulsory,2026-04-13,2027-04-13,1462926,72768,monthly,active
P008320,C01969,A0020,motor,motor_voluntary,2025-03-17,2026-03-17,221980,5814,monthly,active
P008321,C01003,A0008,motor,motor_voluntary,2025-06-21,2026-06-21,2341082,110734,annual,cancelled
P008322,C01797,A0036,motor,motor_compulsory,2022-08-10,2023-08-10,2455260,110704,annual,active
P008323,C00525,A0025,motor,motor_voluntary,2022-03-25,2023-03-25,512790,10757,monthly,active
P008324,C01648,A0044,motor,motor_voluntary,2024-03-15,2025-03-15,1791044,89103,annual,lapsed
P008325,C02491,A0049,motor,motor_compulsory,2024-10-11,2025-10-11,788397,22998,quarterly,active
P008326,C00950,A0037,motor,motor_voluntary,2022-12-13,2023-12-13,398954,15635,monthly,active
P008327,C01238,A0038,motor,motor_voluntary,2025-10-09,2026-10-09,1098347,37094,monthly,active
P008328,C01120,A0017,property,property_flood,2024-06-19,2025-06-19,17655749,104171,quarterly,active
P008329,C00249,A0027,property,property_flood,2023-05-05,2024-05-04,7914441,58765,quarterly,lapsed
P008330,C00746,A0006,motor,motor_voluntary,2025-04-04,2026-04-04,1094840,22089,monthly,active
P008331,C01100,A0036,motor,motor_voluntary,2022-06-09,2023-06-09,2155796,48519,quarterly,lapsed
P008332,C01904,A0005,motor,motor_voluntary,2023-03-26,2024-03-25,1655036,56013,monthly,active
P008333,C01736,A0050,property,property_allrisk,2023-03-26,2024-03-25,3814305,26937,monthly,active
P008334,C01748,A0001,property,property_flood,2023-11-06,2024-11-05,10396782,82829,monthly,lapsed
P008335,C00968,A0001,motor,motor_compulsory,2024-03-28,2025-03-28,1729470,59875,annual,active
P008336,C01437,A0009,property,property_allrisk,2025-03-14,2026-03-14,3141564,12500,quarterly,active
P008337,C01394,A0033,property,property_flood,2025-11-21,2026-11-21,5797673,45889,annual,active
P008338,C01140,A0034,property,property_allrisk,2023-12-02,2024-12-01,4202708,40149,annual,active
P008339,C02077,A0019,motor,motor_voluntary,2024-01-21,2025-01-20,1095941,31159,annual,active
P008340,C01647,A0012,property,property_flood,2025-02-13,2026-02-13,1226732,10255,monthly,active
P008341,C00482,A0047,motor,motor_voluntary,2026-01-23,2027-01-23,1318488,32971,monthly,active
P008342,C02204,A0041,motor,motor_compulsory,2022-04-16,2023-04-16,2340346,51707,annual,active
P008343,C01571,A0022,motor,motor_voluntary,2025-06-26,2026-06-26,396492,17445,quarterly,active
P008344,C00287,A0015,motor,motor_voluntary,2023-11-21,2024-11-20,2089366,86059,monthly,active
P008345,C00392,A0047,motor,motor_compulsory,2023-03-12,2024-03-11,677968,30171,monthly,active
P008346,C00236,A0038,motor,motor_compulsory,2024-01-24,2025-01-23,2448368,104461,annual,active
P008347,C02323,A0046,motor,motor_compulsory,2026-03-08,2027-03-08,1989169,68016,annual,active
P008348,C01935,A0004,motor,motor_compulsory,2023-03-27,2024-03-26,581808,14164,monthly,active
P008349,C01348,A0019,motor,motor_voluntary,2023-05-03,2024-05-02,683099,22011,quarterly,active
P008350,C00754,A0046,property,property_flood,2023-11-08,2024-11-07,11098974,133050,annual,active
P008351,C00761,A0039,motor,motor_voluntary,2025-01-23,2026-01-23,1934945,67174,annual,active
P008352,C00326,A0036,property,property_allrisk,2023-12-23,2024-12-22,1532274,11003,annual,active
P008353,C02149,A0044,motor,motor_compulsory,2023-11-11,2024-11-10,865025,19723,monthly,active
P008354,C00441,A0023,motor,motor_voluntary,2023-02-03,2024-02-03,1506743,72499,quarterly,active
P008355,C00305,A0021,motor,motor_voluntary,2025-05-20,2026-05-20,225839,10403,quarterly,cancelled
P008356,C01392,A0003,motor,motor_compulsory,2025-02-23,2026-02-23,1626319,33223,quarterly,active
P008357,C01959,A0020,property,property_fire,2023-10-17,2024-10-16,12523068,116676,annual,active
P008358,C02855,A0046,motor,motor_voluntary,2025-05-14,2026-05-14,245195,8438,quarterly,active
P008359,C01107,A0035,motor,motor_compulsory,2023-12-15,2024-12-14,646311,15155,annual,active
P008360,C01818,A0030,motor,motor_compulsory,2024-10-15,2025-10-15,2442004,57508,monthly,lapsed
P008361,C02241,A0010,property,property_fire,2025-07-08,2026-07-08,3526021,21601,monthly,active
P008362,C00911,A0023,property,property_allrisk,2022-12-27,2023-12-27,3605154,17951,monthly,active
P008363,C01944,A0036,motor,motor_compulsory,2023-05-08,2024-05-07,384951,10275,quarterly,active
P008364,C02284,A0021,motor,motor_voluntary,2024-05-20,2025-05-20,1456477,58046,monthly,active
P008365,C01694,A0016,motor,motor_compulsory,2023-08-23,2024-08-22,1789930,49269,quarterly,active
P008366,C02983,A0025,property,property_allrisk,2026-03-01,2027-03-01,9527968,47293,quarterly,active
P008367,C00267,A0030,motor,motor_voluntary,2026-04-04,2027-04-04,511563,14859,monthly,active
P008368,C00543,A0031,motor,motor_compulsory,2024-01-24,2025-01-23,2362841,51427,annual,active
P008369,C01592,A0039,motor,motor_compulsory,2025-04-16,2026-04-16,963864,25452,annual,active
P008370,C01583,A0028,motor,motor_compulsory,2024-06-13,2025-06-13,2230115,101107,monthly,active
P008371,C00751,A0031,motor,motor_compulsory,2023-02-28,2024-02-28,1088651,28280,quarterly,active
P008372,C02620,A0047,motor,motor_compulsory,2023-10-16,2024-10-15,1647727,46045,quarterly,active
P008373,C02694,A0044,motor,motor_voluntary,2024-04-15,2025-04-15,1540124,67348,monthly,active
P008374,C01878,A0019,motor,motor_compulsory,2026-01-26,2027-01-26,2199580,104478,quarterly,active
P008375,C00119,A0026,motor,motor_voluntary,2023-11-28,2024-11-27,398788,16204,monthly,active
P008376,C02154,A0008,property,property_allrisk,2023-09-07,2024-09-06,2970543,21000,quarterly,active
P008377,C01088,A0006,motor,motor_compulsory,2025-02-05,2026-02-05,2222678,66713,quarterly,active
P008378,C01768,A0046,property,property_allrisk,2025-10-22,2026-10-22,19114550,226456,quarterly,active
P008379,C00240,A0016,motor,motor_compulsory,2024-04-04,2025-04-04,1154256,34877,annual,lapsed
P008380,C02516,A0002,motor,motor_compulsory,2024-09-03,2025-09-03,616431,19548,monthly,active
P008381,C02834,A0004,property,property_fire,2023-03-09,2024-03-08,2354710,23853,quarterly,active
P008382,C01605,A0024,property,property_flood,2023-08-01,2024-07-31,13946857,88386,annual,active
P008383,C02113,A0013,motor,motor_voluntary,2026-03-22,2027-03-22,618952,21256,quarterly,lapsed
P008384,C02329,A0029,motor,motor_compulsory,2022-02-26,2023-02-26,2184831,88484,quarterly,lapsed
P008385,C01901,A0048,property,property_fire,2023-10-24,2024-10-23,1849316,10481,quarterly,active
P008386,C01914,A0050,motor,motor_compulsory,2024-08-19,2025-08-19,1172783,49289,quarterly,active
P008387,C02978,A0017,motor,motor_voluntary,2023-12-20,2024-12-19,1015958,45108,monthly,active
P008388,C00766,A0010,property,property_fire,2026-02-11,2027-02-11,18308104,101050,monthly,lapsed
P008389,C02841,A0037,property,property_flood,2024-02-27,2025-02-26,15333888,49722,quarterly,lapsed
P008390,C02112,A0011,property,property_fire,2025-10-03,2026-10-03,11079885,113761,annual,active
P008391,C00647,A0049,motor,motor_compulsory,2024-05-08,2025-05-08,674714,16590,quarterly,lapsed
P008392,C00767,A0036,property,property_fire,2023-07-08,2024-07-07,9974422,49117,annual,active
P008393,C02389,A0001,motor,motor_compulsory,2026-02-04,2027-02-04,1218370,49276,monthly,lapsed
P008394,C01357,A0009,motor,motor_compulsory,2022-11-03,2023-11-03,1442040,64400,annual,active
P008395,C01085,A0025,property,property_allrisk,2023-04-13,2024-04-12,2967646,14613,quarterly,active
P008396,C02504,A0019,motor,motor_compulsory,2024-02-15,2025-02-14,1241327,54363,annual,active
P008397,C00405,A0002,motor,motor_compulsory,2025-02-17,2026-02-17,2178451,85124,quarterly,active
P008398,C02706,A0028,motor,motor_compulsory,2024-09-16,2025-09-16,525968,17644,monthly,active
P008399,C01245,A0036,motor,motor_voluntary,2022-02-22,2023-02-22,551062,15750,quarterly,active
P008400,C01801,A0006,motor,motor_voluntary,2026-02-20,2027-02-20,470270,12462,annual,active
P008401,C00938,A0013,motor,motor_compulsory,2022-09-08,2023-09-08,1193413,38605,quarterly,active
P008402,C02731,A0010,motor,motor_voluntary,2023-04-02,2024-04-01,963346,29171,quarterly,active
P008403,C02240,A0007,motor,motor_voluntary,2023-12-15,2024-12-14,2464273,97375,monthly,active
P008404,C02368,A0045,motor,motor_voluntary,2023-01-31,2024-01-31,819887,22685,annual,active
P008405,C00349,A0046,motor,motor_compulsory,2024-08-31,2025-08-31,2013313,96965,monthly,active
P008406,C00606,A0023,motor,motor_voluntary,2023-07-10,2024-07-09,439460,20472,quarterly,active
P008407,C01447,A0039,motor,motor_voluntary,2025-10-26,2026-10-26,2479998,70599,monthly,active
P008408,C00304,A0017,property,property_flood,2026-04-10,2027-04-10,3110598,25533,monthly,active
P008409,C00328,A0018,motor,motor_compulsory,2023-04-22,2024-04-21,2134720,86728,monthly,lapsed
P008410,C01657,A0007,property,property_flood,2025-09-19,2026-09-19,18669807,217889,annual,lapsed
P008411,C00590,A0020,motor,motor_compulsory,2024-08-14,2025-08-14,967710,26651,monthly,active
P008412,C00844,A0035,property,property_allrisk,2025-09-27,2026-09-27,18120921,55164,quarterly,active
P008413,C02226,A0022,property,property_flood,2023-03-20,2024-03-19,16763235,163907,monthly,active
P008414,C01514,A0018,motor,motor_compulsory,2023-12-03,2024-12-02,1690611,57273,quarterly,active
P008415,C01502,A0029,motor,motor_compulsory,2023-08-04,2024-08-03,2432352,59121,quarterly,active
P008416,C01657,A0018,motor,motor_voluntary,2024-01-17,2025-01-16,423916,10405,annual,active
P008417,C00257,A0031,motor,motor_voluntary,2023-12-10,2024-12-09,1144366,51923,annual,active
P008418,C00737,A0032,motor,motor_voluntary,2025-01-24,2026-01-24,923169,43878,monthly,active
P008419,C01609,A0026,motor,motor_compulsory,2024-05-09,2025-05-09,352077,8209,quarterly,active
P008420,C01179,A0002,motor,motor_voluntary,2023-09-11,2024-09-10,726076,24794,quarterly,active
P008421,C00354,A0035,motor,motor_compulsory,2024-05-15,2025-05-15,758001,30674,quarterly,lapsed
P008422,C01634,A0006,motor,motor_compulsory,2023-07-22,2024-07-21,1498707,46657,quarterly,active
P008423,C02010,A0015,property,property_fire,2025-10-25,2026-10-25,2350793,16356,monthly,lapsed
P008424,C00713,A0001,motor,motor_voluntary,2022-07-24,2023-07-24,815475,33825,annual,active
P008425,C02808,A0034,motor,motor_compulsory,2025-02-14,2026-02-14,1155998,32907,annual,active
P008426,C00921,A0008,motor,motor_compulsory,2023-03-20,2024-03-19,536969,13430,quarterly,cancelled
P008427,C02125,A0013,motor,motor_voluntary,2023-08-05,2024-08-04,662963,20765,monthly,lapsed
P008428,C00830,A0040,property,property_fire,2025-09-07,2026-09-07,7956195,55396,annual,active
P008429,C00518,A0015,motor,motor_voluntary,2026-04-16,2027-04-16,930950,18785,annual,cancelled
P008430,C01977,A0005,motor,motor_voluntary,2024-03-24,2025-03-24,2238376,100738,annual,active
P008431,C01308,A0044,motor,motor_voluntary,2023-01-28,2024-01-28,710321,27429,monthly,active
P008432,C01088,A0008,motor,motor_compulsory,2024-01-07,2025-01-06,1119324,39981,monthly,active
P008433,C01796,A0038,property,property_flood,2024-05-17,2025-05-17,17251345,55685,annual,active
P008434,C01931,A0035,property,property_fire,2023-10-02,2024-10-01,7317408,30496,annual,active
P008435,C02386,A0032,property,property_fire,2024-10-06,2025-10-06,13177154,85727,monthly,active
P008436,C02422,A0012,motor,motor_voluntary,2024-01-25,2025-01-24,968271,45949,annual,lapsed
P008437,C00297,A0041,motor,motor_compulsory,2025-11-24,2026-11-24,2006655,75293,quarterly,active
P008438,C01021,A0030,motor,motor_compulsory,2025-03-11,2026-03-11,2035116,57807,quarterly,active
P008439,C00864,A0032,property,property_fire,2024-04-15,2025-04-15,4067043,30411,annual,active
P008440,C02438,A0050,property,property_fire,2023-01-04,2024-01-04,9984875,78033,annual,active
P008441,C00577,A0001,motor,motor_voluntary,2025-02-24,2026-02-24,841325,29485,annual,active
P008442,C00754,A0008,motor,motor_voluntary,2024-09-10,2025-09-10,1749485,57122,annual,active
P008443,C01599,A0037,property,property_flood,2025-08-02,2026-08-02,1885323,15614,annual,active
P008444,C00069,A0045,motor,motor_compulsory,2023-11-11,2024-11-10,2484494,99102,quarterly,lapsed
P008445,C00327,A0045,motor,motor_compulsory,2022-07-04,2023-07-04,1909211,48453,quarterly,active
P008446,C01567,A0047,motor,motor_voluntary,2025-04-23,2026-04-23,1411657,55771,annual,active
P008447,C02804,A0016,motor,motor_compulsory,2022-03-29,2023-03-29,1060718,48547,monthly,active
P008448,C00788,A0032,motor,motor_voluntary,2023-02-27,2024-02-27,1455002,45687,monthly,cancelled
P008449,C01302,A0023,property,property_fire,2023-05-02,2024-05-01,19537697,227908,annual,lapsed
P008450,C02160,A0027,motor,motor_compulsory,2022-05-03,2023-05-03,1683676,66506,monthly,active
P008451,C02461,A0034,motor,motor_voluntary,2025-04-02,2026-04-02,676890,19727,annual,active
P008452,C01244,A0016,property,property_flood,2023-04-30,2024-04-29,2123720,19552,annual,active
P008453,C01708,A0019,motor,motor_voluntary,2023-01-08,2024-01-08,1428651,32382,quarterly,active
P008454,C01531,A0002,property,property_allrisk,2023-07-23,2024-07-22,16959496,153207,annual,cancelled
P008455,C00874,A0006,motor,motor_compulsory,2023-05-29,2024-05-28,1692093,61044,quarterly,active
P008456,C00862,A0035,motor,motor_voluntary,2023-12-01,2024-11-30,756832,18401,quarterly,active
P008457,C01273,A0044,motor,motor_voluntary,2023-06-05,2024-06-04,1939674,83490,annual,active
P008458,C01473,A0031,motor,motor_voluntary,2024-06-14,2025-06-14,2486012,112046,annual,active
P008459,C00440,A0049,property,property_allrisk,2024-10-24,2025-10-24,3150471,37527,annual,active
P008460,C00638,A0046,property,property_allrisk,2024-06-30,2025-06-30,18423639,219270,quarterly,active
P008461,C02080,A0003,motor,motor_compulsory,2024-04-07,2025-04-07,1895965,55716,quarterly,active
P008462,C02271,A0012,motor,motor_voluntary,2025-02-08,2026-02-08,1300981,34340,quarterly,lapsed
P008463,C00193,A0011,motor,motor_voluntary,2025-12-27,2026-12-27,1672439,34091,annual,active
P008464,C02186,A0004,motor,motor_voluntary,2024-12-26,2025-12-26,2235106,74660,annual,active
P008465,C02117,A0003,motor,motor_voluntary,2026-01-19,2027-01-19,2296291,62558,annual,active
P008466,C00789,A0001,property,property_flood,2023-08-06,2024-08-05,18666724,129045,annual,lapsed
P008467,C00157,A0003,property,property_flood,2023-12-10,2024-12-09,8908754,64394,monthly,active
P008468,C01402,A0045,motor,motor_voluntary,2025-08-01,2026-08-01,1998477,89719,annual,lapsed
P008469,C02444,A0033,property,property_flood,2023-04-19,2024-04-18,10564772,117202,quarterly,active
P008470,C02737,A0022,motor,motor_voluntary,2025-11-09,2026-11-09,786917,18903,annual,active
P008471,C01608,A0029,property,property_fire,2023-12-22,2024-12-21,17107279,193438,annual,active
P008472,C01703,A0030,motor,motor_voluntary,2025-02-28,2026-02-28,1151937,44411,monthly,active
P008473,C02611,A0004,motor,motor_voluntary,2023-10-12,2024-10-11,2117530,56717,quarterly,active
P008474,C00550,A0028,property,property_allrisk,2025-01-13,2026-01-13,1781899,16994,quarterly,active
P008475,C00659,A0048,motor,motor_voluntary,2023-03-25,2024-03-24,922079,35464,annual,lapsed
P008476,C02401,A0011,motor,motor_voluntary,2024-03-22,2025-03-22,1489348,65120,quarterly,active
P008477,C02239,A0013,property,property_fire,2026-02-27,2027-02-27,2215633,11242,quarterly,active
P008478,C02417,A0023,motor,motor_compulsory,2023-10-31,2024-10-30,621177,27527,annual,active
P008479,C00623,A0001,property,property_flood,2024-06-16,2025-06-16,5939314,62127,monthly,active
P008480,C01098,A0002,motor,motor_voluntary,2024-12-18,2025-12-18,2063093,93307,quarterly,active
P008481,C01387,A0037,motor,motor_compulsory,2022-04-10,2023-04-10,2278263,53782,quarterly,active
P008482,C01870,A0025,motor,motor_voluntary,2024-08-12,2025-08-12,1502415,64234,annual,cancelled
P008483,C00192,A0020,property,property_fire,2026-01-15,2027-01-15,7788838,28837,annual,active
P008484,C02203,A0009,motor,motor_compulsory,2023-04-28,2024-04-27,1859725,56522,monthly,active
P008485,C00735,A0028,motor,motor_compulsory,2024-07-06,2025-07-06,2442515,117907,monthly,active
P008486,C01685,A0038,motor,motor_compulsory,2024-05-30,2025-05-30,2496193,53248,annual,active
P008487,C02759,A0026,property,property_flood,2023-05-04,2024-05-03,13813285,158093,monthly,active
P008488,C01763,A0016,motor,motor_compulsory,2023-04-03,2024-04-02,558727,16629,quarterly,active
P008489,C00267,A0043,motor,motor_compulsory,2023-11-28,2024-11-27,1109726,55168,quarterly,cancelled
P008490,C00927,A0038,motor,motor_compulsory,2023-10-16,2024-10-15,2403798,73125,monthly,active
P008491,C00791,A0032,property,property_flood,2024-06-09,2025-06-09,15445694,128159,quarterly,active
P008492,C01112,A0046,motor,motor_voluntary,2023-12-20,2024-12-19,1728021,70230,monthly,active
P008493,C01166,A0021,motor,motor_voluntary,2022-05-26,2023-05-26,1128595,55791,quarterly,active
P008494,C00770,A0034,motor,motor_voluntary,2025-03-11,2026-03-11,1079679,31989,quarterly,active
P008495,C02936,A0046,motor,motor_compulsory,2025-11-15,2026-11-15,1002958,44011,annual,lapsed
P008496,C00759,A0001,property,property_allrisk,2025-07-23,2026-07-23,16141806,63778,annual,active
P008497,C00712,A0011,motor,motor_voluntary,2025-04-23,2026-04-23,977917,47308,quarterly,active
P008498,C02601,A0001,motor,motor_compulsory,2024-03-15,2025-03-15,822079,21937,quarterly,lapsed
P008499,C01321,A0031,motor,motor_compulsory,2026-02-25,2027-02-25,2419313,56876,quarterly,active
P008500,C01706,A0039,motor,motor_compulsory,2023-10-01,2024-09-30,2055249,64851,monthly,active
P008501,C01462,A0003,property,property_fire,2023-05-03,2024-05-02,19037225,98291,monthly,active
P008502,C02822,A0007,motor,motor_compulsory,2023-04-16,2024-04-15,2431644,84047,quarterly,active
P008503,C01773,A0028,property,property_fire,2022-07-01,2023-07-01,6460246,28949,annual,active
P008504,C01607,A0002,motor,motor_compulsory,2023-02-03,2024-02-03,1125947,28613,monthly,active
P008505,C02327,A0043,property,property_allrisk,2022-07-03,2023-07-03,12892818,52334,annual,active
P008506,C00918,A0028,property,property_allrisk,2023-08-27,2024-08-26,11917664,90843,quarterly,active
P008507,C01606,A0031,motor,motor_voluntary,2025-08-26,2026-08-26,1941074,60622,monthly,active
P008508,C00688,A0020,motor,motor_compulsory,2022-10-19,2023-10-19,2121485,65860,monthly,active
P008509,C02576,A0021,property,property_flood,2023-04-25,2024-04-24,4884923,43004,monthly,active
P008510,C02271,A0008,motor,motor_voluntary,2024-07-03,2025-07-03,1389258,29541,quarterly,active
P008511,C00130,A0004,motor,motor_voluntary,2024-03-23,2025-03-23,1640520,35645,quarterly,lapsed
P008512,C00923,A0032,motor,motor_compulsory,2024-01-22,2025-01-21,2331396,94168,annual,lapsed
P008513,C02558,A0032,motor,motor_compulsory,2025-09-03,2026-09-03,1040530,37600,monthly,active
P008514,C01273,A0010,motor,motor_voluntary,2026-02-20,2027-02-20,1773130,49842,annual,lapsed
P008515,C02216,A0033,motor,motor_compulsory,2025-04-07,2026-04-07,1173735,44113,annual,lapsed
P008516,C02567,A0016,motor,motor_compulsory,2025-09-06,2026-09-06,279938,8272,quarterly,active
P008517,C01348,A0020,motor,motor_compulsory,2024-03-12,2025-03-12,1891258,94137,monthly,active
P008518,C02133,A0022,motor,motor_compulsory,2023-12-09,2024-12-08,1649384,66482,annual,lapsed
P008519,C00117,A0036,motor,motor_compulsory,2025-09-08,2026-09-08,1882505,55870,monthly,active
P008520,C00203,A0022,motor,motor_compulsory,2022-07-15,2023-07-15,2346234,95679,quarterly,active
P008521,C00417,A0021,motor,motor_voluntary,2023-11-24,2024-11-23,2049677,85701,annual,cancelled
P008522,C01186,A0032,motor,motor_compulsory,2025-07-22,2026-07-22,622348,20381,quarterly,lapsed
P008523,C02661,A0047,motor,motor_voluntary,2025-12-10,2026-12-10,1759669,60361,quarterly,active
P008524,C02400,A0025,motor,motor_compulsory,2025-04-25,2026-04-25,948840,27059,monthly,active
P008525,C02761,A0046,motor,motor_voluntary,2022-02-16,2023-02-16,938857,24230,monthly,active
P008526,C02858,A0049,motor,motor_voluntary,2025-12-08,2026-12-08,1509689,37727,monthly,active
P008527,C00833,A0042,motor,motor_compulsory,2023-09-26,2024-09-25,2315072,59651,quarterly,active
P008528,C01424,A0025,property,property_flood,2025-01-11,2026-01-11,7565502,53080,annual,active
P008529,C02668,A0028,property,property_fire,2024-04-30,2025-04-30,3944420,40745,annual,lapsed
P008530,C01644,A0036,motor,motor_voluntary,2025-07-17,2026-07-17,764988,26149,monthly,active
P008531,C01277,A0040,property,property_fire,2022-09-14,2023-09-14,3647972,19857,monthly,active
P008532,C02705,A0034,property,property_flood,2025-05-30,2026-05-30,16243248,174338,quarterly,lapsed
P008533,C02998,A0012,motor,motor_voluntary,2023-03-28,2024-03-27,258074,8071,annual,active
P008534,C01264,A0021,property,property_allrisk,2023-08-24,2024-08-23,19750274,168527,quarterly,cancelled
P008535,C01563,A0020,motor,motor_voluntary,2023-01-03,2024-01-03,1550221,39594,annual,active
P008536,C01222,A0044,motor,motor_compulsory,2023-06-26,2024-06-25,1141202,45014,quarterly,active
P008537,C00366,A0024,motor,motor_compulsory,2025-07-14,2026-07-14,2068559,85358,monthly,cancelled
P008538,C00900,A0050,property,property_allrisk,2025-11-24,2026-11-24,13879499,64201,monthly,active
P008539,C01842,A0027,motor,motor_voluntary,2025-12-26,2026-12-26,1910335,65797,quarterly,active
P008540,C02162,A0019,property,property_allrisk,2022-08-02,2023-08-02,19160679,169429,annual,active
P008541,C00768,A0012,motor,motor_voluntary,2024-02-13,2025-02-12,432651,9901,quarterly,active
P008542,C01938,A0009,motor,motor_voluntary,2025-12-12,2026-12-12,1903216,41904,monthly,lapsed
P008543,C01001,A0011,motor,motor_compulsory,2023-05-08,2024-05-07,1180954,49877,annual,active
P008544,C00442,A0008,motor,motor_voluntary,2024-04-16,2025-04-16,1826477,59429,annual,active
P008545,C02777,A0014,property,property_fire,2024-01-30,2025-01-29,11302758,92327,monthly,active
P008546,C01520,A0035,motor,motor_compulsory,2024-11-17,2025-11-17,1422033,41000,monthly,active
P008547,C02250,A0030,motor,motor_voluntary,2023-12-06,2024-12-05,453623,18737,annual,active
P008548,C01186,A0008,motor,motor_compulsory,2022-09-15,2023-09-15,692678,16440,monthly,active
P008549,C01625,A0026,motor,motor_compulsory,2023-02-12,2024-02-12,2427648,93700,monthly,active
P008550,C02377,A0015,property,property_allrisk,2025-12-22,2026-12-22,9545066,109673,quarterly,active
P008551,C00445,A0028,property,property_fire,2024-01-05,2025-01-04,1056155,3768,annual,active
P008552,C01342,A0050,property,property_allrisk,2023-06-27,2024-06-26,8554215,69101,quarterly,active
P008553,C01357,A0034,motor,motor_compulsory,2024-08-01,2025-08-01,1455066,57535,quarterly,cancelled
P008554,C01761,A0049,property,property_fire,2024-08-03,2025-08-03,18582152,137930,quarterly,active
P008555,C00505,A0016,motor,motor_voluntary,2026-02-11,2027-02-11,846531,24386,monthly,active
P008556,C01501,A0043,motor,motor_compulsory,2026-01-14,2027-01-14,1991566,46334,quarterly,active
P008557,C01471,A0004,motor,motor_voluntary,2024-01-10,2025-01-09,997020,28704,annual,active
P008558,C01048,A0047,property,property_fire,2025-09-20,2026-09-20,16897778,178316,quarterly,active
P008559,C02966,A0002,property,property_allrisk,2024-04-30,2025-04-30,15600537,113262,monthly,active
P008560,C02877,A0031,motor,motor_voluntary,2024-04-09,2025-04-09,331957,10378,annual,active
P008561,C01146,A0008,motor,motor_voluntary,2023-12-29,2024-12-28,756177,32980,quarterly,active
P008562,C00789,A0049,motor,motor_voluntary,2025-11-20,2026-11-20,2243337,56398,quarterly,active
P008563,C00585,A0029,motor,motor_compulsory,2023-06-25,2024-06-24,1867337,67016,quarterly,active
P008564,C00889,A0013,property,property_flood,2022-08-23,2023-08-23,7724059,41134,quarterly,active
P008565,C00405,A0039,motor,motor_compulsory,2023-04-15,2024-04-14,2332334,114644,monthly,active
P008566,C02573,A0043,motor,motor_voluntary,2025-04-13,2026-04-13,2189805,96908,quarterly,active
P008567,C00820,A0041,motor,motor_voluntary,2023-02-14,2024-02-14,965596,48142,monthly,active
P008568,C01061,A0047,property,property_flood,2022-08-30,2023-08-30,13549648,121096,quarterly,active
P008569,C02774,A0032,property,property_flood,2024-06-23,2025-06-23,12582375,44064,annual,active
P008570,C02425,A0001,property,property_flood,2022-05-18,2023-05-18,8326055,98557,monthly,lapsed
P008571,C01181,A0020,motor,motor_compulsory,2025-06-06,2026-06-06,1216938,41844,annual,active
P008572,C02467,A0039,property,property_allrisk,2023-01-26,2024-01-26,7209552,32841,annual,active
P008573,C02394,A0038,motor,motor_compulsory,2023-04-01,2024-03-31,1229254,55396,monthly,active
P008574,C00292,A0015,property,property_flood,2023-09-24,2024-09-23,7235771,62997,monthly,active
P008575,C02105,A0040,motor,motor_compulsory,2023-08-07,2024-08-06,229030,5130,monthly,active
P008576,C01344,A0023,motor,motor_voluntary,2024-04-01,2025-04-01,462063,22560,monthly,active
P008577,C02104,A0046,motor,motor_compulsory,2024-05-24,2025-05-24,603169,26321,annual,active
P008578,C00698,A0003,property,property_fire,2025-07-04,2026-07-04,2803027,11318,annual,active
P008579,C00008,A0040,property,property_flood,2025-07-29,2026-07-29,2498043,17901,annual,active
P008580,C02170,A0037,motor,motor_compulsory,2022-07-22,2023-07-22,795272,24058,quarterly,active
P008581,C01084,A0040,motor,motor_compulsory,2024-01-21,2025-01-20,972798,44335,annual,active
P008582,C00721,A0036,motor,motor_voluntary,2026-04-15,2027-04-15,1608969,49434,annual,active
P008583,C01245,A0002,property,property_fire,2023-12-21,2024-12-20,15420846,146876,monthly,active
P008584,C00980,A0041,property,property_flood,2025-01-08,2026-01-08,16379870,135985,quarterly,active
P008585,C01648,A0032,motor,motor_compulsory,2025-02-22,2026-02-22,1124246,26991,quarterly,active
P008586,C02912,A0027,motor,motor_voluntary,2024-02-25,2025-02-24,1107398,35658,quarterly,lapsed
P008587,C00549,A0040,motor,motor_voluntary,2025-11-18,2026-11-18,1549211,50980,monthly,active
P008588,C00379,A0010,motor,motor_voluntary,2023-12-08,2024-12-07,271347,7800,monthly,active
P008589,C00669,A0009,property,property_allrisk,2023-10-10,2024-10-09,13217476,149445,quarterly,active
P008590,C01088,A0010,property,property_flood,2023-05-05,2024-05-04,15407061,103634,annual,cancelled
P008591,C02240,A0001,motor,motor_voluntary,2023-04-06,2024-04-05,1792113,50931,annual,active
P008592,C01484,A0039,motor,motor_compulsory,2024-09-05,2025-09-05,1321662,35805,quarterly,lapsed
P008593,C01114,A0028,motor,motor_voluntary,2024-09-02,2025-09-02,1208848,29624,monthly,active
P008594,C02655,A0038,motor,motor_compulsory,2023-01-02,2024-01-02,2190272,53294,quarterly,active
P008595,C01618,A0028,motor,motor_voluntary,2024-01-31,2025-01-30,1539637,75946,quarterly,active
P008596,C02326,A0045,motor,motor_voluntary,2023-12-13,2024-12-12,1792184,50681,annual,lapsed
P008597,C00301,A0010,property,property_fire,2025-07-23,2026-07-23,11737681,92630,annual,active
P008598,C02247,A0039,motor,motor_voluntary,2024-04-24,2025-04-24,1983669,40505,annual,active
P008599,C02962,A0031,motor,motor_voluntary,2023-07-26,2024-07-25,1722808,67690,quarterly,active
P008600,C02561,A0028,motor,motor_voluntary,2022-07-20,2023-07-20,831204,38728,monthly,active
P008601,C01827,A0013,motor,motor_compulsory,2024-11-04,2025-11-04,2408949,81208,quarterly,lapsed
P008602,C00132,A0013,motor,motor_voluntary,2022-07-06,2023-07-06,1058523,26678,monthly,active
P008603,C00449,A0044,motor,motor_compulsory,2024-12-06,2025-12-06,1460220,62040,monthly,active
P008604,C02704,A0048,motor,motor_voluntary,2024-02-28,2025-02-27,212742,9832,annual,active
P008605,C02232,A0034,motor,motor_compulsory,2023-09-20,2024-09-19,702953,30240,monthly,active
P008606,C01854,A0014,motor,motor_voluntary,2022-01-25,2023-01-25,2249061,64934,monthly,active
P008607,C01800,A0039,property,property_allrisk,2025-08-12,2026-08-12,3167257,23130,quarterly,active
P008608,C01848,A0013,motor,motor_compulsory,2025-07-19,2026-07-19,1877059,49951,monthly,active
P008609,C00272,A0034,property,property_allrisk,2023-10-17,2024-10-16,9518819,106373,annual,active
P008610,C02603,A0035,motor,motor_voluntary,2024-11-21,2025-11-21,236143,11484,annual,active
P008611,C00310,A0048,motor,motor_voluntary,2025-01-28,2026-01-28,1582739,71315,monthly,active
P008612,C02137,A0040,motor,motor_voluntary,2025-04-28,2026-04-28,449882,15207,annual,active
P008613,C01199,A0044,property,property_flood,2025-10-09,2026-10-09,9602404,40291,annual,lapsed
P008614,C00747,A0009,motor,motor_compulsory,2024-06-29,2025-06-29,734801,19041,quarterly,active
P008615,C00492,A0004,motor,motor_compulsory,2023-05-04,2024-05-03,544314,23501,annual,active
P008616,C00868,A0007,motor,motor_compulsory,2023-10-21,2024-10-20,1035171,45792,monthly,active
P008617,C00602,A0004,motor,motor_compulsory,2023-06-28,2024-06-27,671071,24035,monthly,active
P008618,C00649,A0035,motor,motor_voluntary,2026-01-08,2027-01-08,2460294,82122,monthly,active
P008619,C00088,A0007,motor,motor_compulsory,2023-08-21,2024-08-20,2092752,100619,monthly,active
P008620,C02428,A0032,motor,motor_compulsory,2024-06-20,2025-06-20,1240842,58035,annual,active
P008621,C02521,A0001,motor,motor_compulsory,2023-09-28,2024-09-27,721973,32962,annual,active
P008622,C02573,A0040,motor,motor_voluntary,2023-08-06,2024-08-05,790618,21618,monthly,active
P008623,C02332,A0005,motor,motor_voluntary,2024-03-20,2025-03-20,983148,43200,quarterly,active
P008624,C02385,A0026,motor,motor_compulsory,2022-01-23,2023-01-23,1186409,56253,monthly,active
P008625,C02809,A0038,motor,motor_compulsory,2025-11-26,2026-11-26,2465100,51789,monthly,cancelled
P008626,C02688,A0027,motor,motor_compulsory,2024-02-15,2025-02-14,1787230,48649,quarterly,lapsed
P008627,C00465,A0011,motor,motor_voluntary,2025-12-27,2026-12-27,1276967,57364,annual,active
P008628,C02554,A0008,motor,motor_compulsory,2022-08-16,2023-08-16,2459448,62351,annual,active
P008629,C02390,A0019,motor,motor_voluntary,2024-12-09,2025-12-09,1899109,85274,annual,lapsed
P008630,C02401,A0015,motor,motor_voluntary,2022-01-10,2023-01-10,2395174,66334,annual,active
P008631,C01884,A0012,motor,motor_voluntary,2023-08-02,2024-08-01,1048413,51471,quarterly,active
P008632,C00628,A0025,property,property_flood,2023-10-07,2024-10-06,17064495,61978,quarterly,active
P008633,C01536,A0033,property,property_allrisk,2025-03-01,2026-03-01,18932703,204349,monthly,active
P008634,C00338,A0038,motor,motor_voluntary,2023-10-08,2024-10-07,1361672,29117,annual,active
P008635,C00429,A0039,motor,motor_compulsory,2025-05-10,2026-05-10,399506,9793,monthly,active
P008636,C02798,A0045,motor,motor_voluntary,2023-07-17,2024-07-16,1837639,55512,monthly,active
P008637,C02682,A0017,property,property_fire,2024-11-12,2025-11-12,10988907,53228,annual,active
P008638,C01379,A0033,motor,motor_voluntary,2024-12-05,2025-12-05,1887656,81050,quarterly,active
P008639,C02534,A0005,property,property_allrisk,2023-08-29,2024-08-28,19782542,205034,annual,lapsed
P008640,C01986,A0023,motor,motor_voluntary,2025-06-12,2026-06-12,1434351,37530,annual,lapsed
P008641,C02031,A0006,property,property_flood,2025-03-08,2026-03-08,2169994,7367,annual,active
P008642,C00368,A0004,motor,motor_voluntary,2025-09-28,2026-09-28,894302,42227,quarterly,active
P008643,C01115,A0019,motor,motor_voluntary,2023-08-03,2024-08-02,698446,30279,monthly,active
P008644,C02926,A0050,motor,motor_voluntary,2024-03-15,2025-03-15,1611411,35646,annual,lapsed
P008645,C02231,A0015,motor,motor_voluntary,2024-01-19,2025-01-18,2258169,70540,annual,active
P008646,C02909,A0013,motor,motor_compulsory,2025-01-17,2026-01-17,1631812,39802,annual,active
P008647,C00114,A0029,motor,motor_voluntary,2022-10-11,2023-10-11,430844,16122,monthly,active
P008648,C02913,A0021,motor,motor_voluntary,2025-07-13,2026-07-13,757132,17463,quarterly,active
P008649,C01330,A0022,motor,motor_compulsory,2026-04-21,2027-04-21,204378,5164,quarterly,lapsed
P008650,C01193,A0049,motor,motor_compulsory,2026-03-07,2027-03-07,1026194,47465,monthly,active
P008651,C00674,A0029,property,property_fire,2023-02-27,2024-02-27,15281623,122450,quarterly,active
P008652,C02482,A0011,motor,motor_voluntary,2022-05-04,2023-05-04,1842542,72365,annual,lapsed
P008653,C00483,A0019,motor,motor_voluntary,2024-06-15,2025-06-15,1123657,41563,quarterly,active
P008654,C01784,A0045,motor,motor_voluntary,2024-08-31,2025-08-31,1744846,64603,annual,active
P008655,C01501,A0022,motor,motor_compulsory,2023-02-15,2024-02-15,1034958,39696,monthly,active
P008656,C01428,A0005,motor,motor_compulsory,2023-01-07,2024-01-07,1359739,63594,monthly,active
P008657,C00857,A0025,motor,motor_compulsory,2023-04-06,2024-04-05,2468333,96698,annual,active
P008658,C00989,A0022,motor,motor_compulsory,2026-02-25,2027-02-25,941801,22752,monthly,active
P008659,C01827,A0017,motor,motor_voluntary,2023-01-05,2024-01-05,1620357,48434,quarterly,lapsed
P008660,C00828,A0011,motor,motor_compulsory,2023-07-13,2024-07-12,779819,27886,quarterly,lapsed
P008661,C00975,A0024,motor,motor_compulsory,2022-08-15,2023-08-15,580680,27618,monthly,active
P008662,C01875,A0008,motor,motor_compulsory,2024-06-01,2025-06-01,1378688,39780,quarterly,active
P008663,C00026,A0029,motor,motor_voluntary,2023-11-21,2024-11-20,1563668,71404,monthly,active
P008664,C00471,A0007,motor,motor_compulsory,2023-05-12,2024-05-11,1719304,44956,quarterly,active
P008665,C02941,A0026,property,property_flood,2024-08-14,2025-08-14,19332193,128803,quarterly,cancelled
P008666,C02476,A0010,property,property_flood,2025-11-16,2026-11-16,11923841,91790,monthly,active
P008667,C02980,A0017,motor,motor_compulsory,2024-04-04,2025-04-04,1764658,63814,monthly,lapsed
P008668,C00150,A0009,motor,motor_voluntary,2024-03-05,2025-03-05,1862900,52652,annual,active
P008669,C00481,A0010,motor,motor_compulsory,2024-01-06,2025-01-05,1578961,73109,annual,cancelled
P008670,C02324,A0034,property,property_allrisk,2025-07-13,2026-07-13,10478911,34085,annual,active
P008671,C00281,A0003,property,property_flood,2024-01-31,2025-01-30,9033618,47829,quarterly,active
P008672,C00943,A0029,motor,motor_voluntary,2022-02-19,2023-02-19,1729120,66387,quarterly,lapsed
P008673,C02254,A0002,motor,motor_voluntary,2024-02-17,2025-02-16,2208477,102604,annual,active
P008674,C01929,A0004,motor,motor_voluntary,2022-07-10,2023-07-10,407564,9066,quarterly,active
P008675,C00637,A0028,motor,motor_voluntary,2023-02-02,2024-02-02,736560,15195,annual,active
P008676,C02114,A0018,property,property_flood,2024-05-17,2025-05-17,7892698,89096,quarterly,active
P008677,C02731,A0011,motor,motor_voluntary,2024-05-05,2025-05-05,1799175,68127,monthly,active
P008678,C01698,A0048,motor,motor_compulsory,2022-08-14,2023-08-14,1052642,38102,monthly,active
P008679,C02412,A0044,motor,motor_voluntary,2023-01-15,2024-01-15,1584751,37628,quarterly,lapsed
P008680,C00716,A0008,motor,motor_compulsory,2025-10-15,2026-10-15,373519,14939,monthly,active
P008681,C01593,A0048,motor,motor_compulsory,2025-12-22,2026-12-22,326706,12257,monthly,lapsed
P008682,C02232,A0023,motor,motor_compulsory,2023-03-14,2024-03-13,1943371,88025,monthly,lapsed
P008683,C01113,A0031,motor,motor_compulsory,2023-05-26,2024-05-25,1142918,37759,monthly,active
P008684,C02156,A0042,motor,motor_compulsory,2024-08-28,2025-08-28,945193,37489,monthly,lapsed
P008685,C00424,A0003,property,property_allrisk,2022-08-27,2023-08-27,16523011,65394,monthly,active
P008686,C02747,A0039,motor,motor_voluntary,2023-03-13,2024-03-12,2141700,59587,annual,active
P008687,C02994,A0019,motor,motor_compulsory,2022-09-17,2023-09-17,2119070,44881,quarterly,active
P008688,C02067,A0028,motor,motor_compulsory,2024-10-11,2025-10-11,1875989,43475,quarterly,active
P008689,C02627,A0049,property,property_allrisk,2022-11-27,2023-11-27,2667441,12113,monthly,active
P008690,C00823,A0006,motor,motor_voluntary,2023-07-29,2024-07-28,2358136,51921,monthly,active
P008691,C02378,A0018,motor,motor_voluntary,2024-12-07,2025-12-07,377591,14357,annual,active
P008692,C01070,A0034,motor,motor_compulsory,2024-04-26,2025-04-26,1901439,56186,monthly,active
P008693,C01776,A0045,motor,motor_voluntary,2023-04-06,2024-04-05,575835,17333,annual,active
P008694,C01594,A0048,property,property_fire,2023-04-10,2024-04-09,3350119,22388,quarterly,active
P008695,C00523,A0003,motor,motor_voluntary,2025-02-03,2026-02-03,364264,12218,monthly,active
P008696,C00292,A0039,motor,motor_voluntary,2025-01-28,2026-01-28,1256654,46862,annual,active
P008697,C02730,A0003,property,property_allrisk,2025-09-12,2026-09-12,18642738,181811,annual,active
P008698,C00428,A0014,motor,motor_compulsory,2023-02-18,2024-02-18,1209001,53187,annual,active
P008699,C00278,A0045,motor,motor_compulsory,2023-04-17,2024-04-16,2181535,70092,annual,active
P008700,C02915,A0027,motor,motor_compulsory,2025-06-05,2026-06-05,865526,43126,annual,lapsed
P008701,C02958,A0042,property,property_fire,2025-06-24,2026-06-24,7534983,59907,quarterly,active
P008702,C00937,A0020,motor,motor_compulsory,2023-02-12,2024-02-12,525122,21466,quarterly,active
P008703,C00669,A0013,motor,motor_voluntary,2023-10-05,2024-10-04,1376728,46943,annual,active
P008704,C02457,A0035,property,property_fire,2024-03-18,2025-03-18,8267458,66959,monthly,active
P008705,C00205,A0034,motor,motor_compulsory,2023-11-02,2024-11-01,1246668,31153,annual,active
P008706,C02332,A0044,motor,motor_compulsory,2024-03-14,2025-03-14,1300578,27761,quarterly,active
P008707,C00986,A0019,motor,motor_compulsory,2024-06-06,2025-06-06,742871,29689,quarterly,active
P008708,C01583,A0044,motor,motor_compulsory,2023-11-17,2024-11-16,578074,15979,monthly,lapsed
P008709,C01402,A0028,motor,motor_compulsory,2024-03-11,2025-03-11,732111,24994,annual,active
P008710,C02483,A0023,property,property_allrisk,2024-08-08,2025-08-08,13929308,53709,quarterly,lapsed
P008711,C02328,A0011,motor,motor_voluntary,2023-05-07,2024-05-06,1846121,81749,annual,active
P008712,C02197,A0040,motor,motor_voluntary,2025-12-27,2026-12-27,219416,4492,monthly,active
P008713,C02164,A0007,motor,motor_voluntary,2022-09-27,2023-09-27,1588183,54909,annual,active
P008714,C00738,A0038,property,property_fire,2025-03-28,2026-03-28,18107794,104580,annual,active
P008715,C02703,A0035,property,property_flood,2023-04-14,2024-04-13,6870491,21483,quarterly,active
P008716,C02252,A0044,motor,motor_voluntary,2025-12-23,2026-12-23,1936187,55338,annual,active
P008717,C00743,A0023,motor,motor_voluntary,2024-04-10,2025-04-10,1148138,45209,monthly,active
P008718,C02184,A0027,property,property_fire,2023-12-17,2024-12-16,14918828,87131,quarterly,active
P008719,C00348,A0041,motor,motor_compulsory,2023-06-01,2024-05-31,374497,13039,monthly,lapsed
P008720,C01381,A0024,motor,motor_compulsory,2024-02-18,2025-02-17,1917777,70766,monthly,lapsed
P008721,C02583,A0001,motor,motor_voluntary,2025-09-27,2026-09-27,613305,30175,annual,active
P008722,C02717,A0005,motor,motor_compulsory,2026-02-18,2027-02-18,527911,24272,annual,active
P008723,C00328,A0015,motor,motor_compulsory,2024-05-04,2025-05-04,1051032,30142,quarterly,active
P008724,C01445,A0015,motor,motor_voluntary,2024-03-10,2025-03-10,1632747,65065,quarterly,active
P008725,C00493,A0049,motor,motor_compulsory,2023-03-16,2024-03-15,1480028,43747,annual,active
P008726,C01324,A0022,motor,motor_voluntary,2022-01-12,2023-01-12,2221978,94439,annual,active
P008727,C01215,A0049,motor,motor_voluntary,2023-07-17,2024-07-16,670109,26879,quarterly,lapsed
P008728,C02975,A0006,motor,motor_voluntary,2024-05-11,2025-05-11,468703,19809,monthly,active
P008729,C00575,A0041,property,property_fire,2022-11-18,2023-11-18,14262273,145253,quarterly,cancelled
P008730,C00174,A0004,motor,motor_voluntary,2023-05-20,2024-05-19,946380,36904,annual,active
P008731,C00424,A0010,motor,motor_voluntary,2025-02-02,2026-02-02,1227468,52976,annual,active
P008732,C00053,A0001,property,property_flood,2023-12-13,2024-12-12,9584201,68701,monthly,active
P008733,C00107,A0024,motor,motor_voluntary,2024-01-29,2025-01-28,2326884,71503,monthly,active
P008734,C00097,A0049,property,property_fire,2025-11-15,2026-11-15,9652887,64001,monthly,active
P008735,C02741,A0017,property,property_fire,2022-02-04,2023-02-04,15608720,51490,monthly,active
P008736,C01730,A0018,motor,motor_voluntary,2023-02-01,2024-02-01,403669,11655,annual,lapsed
P008737,C00476,A0003,property,property_flood,2024-03-29,2025-03-29,10135501,58130,annual,active
P008738,C02405,A0044,property,property_allrisk,2023-11-18,2024-11-17,10332031,57579,annual,active
P008739,C02976,A0038,property,property_allrisk,2022-04-07,2023-04-07,18538881,141956,monthly,active
P008740,C02585,A0032,motor,motor_voluntary,2023-12-18,2024-12-17,536157,13541,monthly,active
P008741,C02630,A0007,motor,motor_voluntary,2023-08-13,2024-08-12,2093128,80490,annual,active
P008742,C02370,A0013,motor,motor_voluntary,2025-09-29,2026-09-29,2028007,76017,quarterly,active
P008743,C01706,A0045,motor,motor_compulsory,2023-01-15,2024-01-15,1744729,42353,monthly,active
P008744,C01421,A0032,motor,motor_compulsory,2025-02-20,2026-02-20,2312420,76132,monthly,active
P008745,C00354,A0026,property,property_flood,2024-01-12,2025-01-11,15056421,64508,annual,lapsed
P008746,C00872,A0009,property,property_fire,2023-07-20,2024-07-19,10670283,120441,annual,active
P008747,C00588,A0016,property,property_allrisk,2024-03-29,2025-03-29,2101467,17379,quarterly,active
P008748,C00368,A0035,property,property_fire,2024-10-29,2025-10-29,8708060,40890,monthly,active
P008749,C02603,A0044,motor,motor_voluntary,2023-12-05,2024-12-04,1068500,21531,annual,active
P008750,C02472,A0049,motor,motor_voluntary,2023-01-22,2024-01-22,381161,16514,monthly,active
P008751,C01719,A0032,motor,motor_voluntary,2024-03-31,2025-03-31,399225,18547,quarterly,active
P008752,C00687,A0027,motor,motor_voluntary,2024-01-10,2025-01-09,1135589,44965,annual,active
P008753,C02331,A0039,motor,motor_voluntary,2022-03-30,2023-03-30,588291,27180,annual,active
P008754,C02267,A0003,motor,motor_voluntary,2025-08-20,2026-08-20,1907353,56581,annual,active
P008755,C02500,A0012,property,property_allrisk,2023-06-22,2024-06-21,11062286,119737,quarterly,active
P008756,C01684,A0004,motor,motor_compulsory,2023-08-24,2024-08-23,1643577,61679,annual,cancelled
P008757,C01455,A0036,motor,motor_voluntary,2025-01-15,2026-01-15,950395,35818,annual,lapsed
P008758,C02490,A0022,property,property_fire,2024-04-18,2025-04-18,3512596,23868,quarterly,active
P008759,C02796,A0032,motor,motor_voluntary,2022-06-20,2023-06-20,1141547,48730,annual,cancelled
P008760,C01983,A0010,motor,motor_voluntary,2026-02-19,2027-02-19,667471,32613,annual,active
P008761,C00722,A0036,property,property_allrisk,2023-01-29,2024-01-29,19043501,118165,quarterly,active
P008762,C00308,A0006,motor,motor_compulsory,2023-11-24,2024-11-23,2461011,83682,annual,active
P008763,C02869,A0007,property,property_fire,2024-11-19,2025-11-19,17551574,185507,monthly,active
P008764,C01186,A0002,property,property_flood,2022-10-03,2023-10-03,1368270,5914,quarterly,cancelled
P008765,C01628,A0024,motor,motor_voluntary,2023-02-26,2024-02-26,1270599,44405,monthly,active
P008766,C02016,A0034,motor,motor_voluntary,2023-12-09,2024-12-08,1039590,41815,monthly,active
P008767,C01685,A0034,motor,motor_voluntary,2022-04-04,2023-04-04,1014428,25183,quarterly,active
P008768,C01770,A0033,motor,motor_voluntary,2024-12-13,2025-12-13,1494601,68541,annual,active
P008769,C01850,A0011,motor,motor_compulsory,2023-12-10,2024-12-09,293835,8908,annual,cancelled
P008770,C00129,A0001,motor,motor_compulsory,2024-08-08,2025-08-08,1246999,56604,quarterly,active
P008771,C01238,A0047,motor,motor_voluntary,2024-08-01,2025-08-01,716013,29662,annual,active
P008772,C00763,A0020,motor,motor_voluntary,2024-10-31,2025-10-31,1154136,52036,quarterly,active
P008773,C00811,A0031,motor,motor_voluntary,2022-08-31,2023-08-31,1354461,67073,monthly,active
P008774,C00404,A0001,motor,motor_compulsory,2026-03-25,2027-03-25,1863290,85152,annual,active
P008775,C00525,A0020,motor,motor_compulsory,2024-04-30,2025-04-30,2457578,109251,annual,active
P008776,C01465,A0041,motor,motor_compulsory,2025-10-27,2026-10-27,453737,10461,quarterly,active
P008777,C00460,A0023,motor,motor_voluntary,2023-05-31,2024-05-30,2439982,111138,monthly,active
P008778,C02329,A0050,property,property_flood,2025-01-08,2026-01-08,12018786,80246,monthly,active
P008779,C00588,A0037,property,property_fire,2024-11-05,2025-11-05,2554988,10068,annual,active
P008780,C01362,A0017,motor,motor_compulsory,2024-10-21,2025-10-21,1912495,43803,quarterly,active
P008781,C01803,A0028,property,property_allrisk,2024-01-30,2025-01-29,5712708,43244,quarterly,cancelled
P008782,C00866,A0013,motor,motor_compulsory,2024-11-22,2025-11-22,389007,18984,monthly,active
P008783,C01677,A0037,motor,motor_compulsory,2023-02-22,2024-02-22,2000243,49211,monthly,active
P008784,C01195,A0029,motor,motor_compulsory,2024-07-10,2025-07-10,1120090,24648,quarterly,active
P008785,C00783,A0047,motor,motor_compulsory,2025-04-06,2026-04-06,958485,47389,monthly,active
P008786,C01613,A0042,motor,motor_compulsory,2022-01-01,2023-01-01,282343,7414,annual,active
P008787,C01085,A0039,property,property_fire,2023-04-16,2024-04-15,3826711,44205,quarterly,lapsed
P008788,C02051,A0035,motor,motor_voluntary,2024-02-11,2025-02-10,701544,33114,monthly,active
P008789,C02021,A0016,motor,motor_compulsory,2022-09-07,2023-09-07,346882,17202,annual,lapsed
P008790,C00926,A0015,property,property_allrisk,2023-07-26,2024-07-25,10042920,31296,annual,active
P008791,C02289,A0034,property,property_fire,2023-12-03,2024-12-02,3569614,30063,monthly,lapsed
P008792,C02226,A0023,motor,motor_voluntary,2023-01-02,2024-01-02,2352057,95781,quarterly,active
P008793,C00882,A0011,motor,motor_compulsory,2024-06-27,2025-06-27,1742492,74628,monthly,active
P008794,C00984,A0047,motor,motor_voluntary,2022-07-02,2023-07-02,2428564,49590,monthly,active
P008795,C01792,A0009,motor,motor_compulsory,2024-08-10,2025-08-10,492750,21913,annual,lapsed
P008796,C00233,A0017,motor,motor_compulsory,2025-06-03,2026-06-03,1404291,37364,monthly,active
P008797,C01868,A0049,motor,motor_voluntary,2024-04-26,2025-04-26,1881765,87332,quarterly,active
P008798,C00842,A0045,property,property_allrisk,2026-02-21,2027-02-21,2475946,7823,annual,active
P008799,C00834,A0005,property,property_fire,2022-03-08,2023-03-08,16947926,132540,monthly,active
P008800,C02270,A0009,property,property_fire,2026-01-03,2027-01-03,5570545,57862,quarterly,active
P008801,C02700,A0050,property,property_flood,2023-11-02,2024-11-01,5234269,32215,annual,active
P008802,C00187,A0008,motor,motor_compulsory,2024-10-07,2025-10-07,2173043,89868,annual,active
P008803,C02358,A0015,motor,motor_voluntary,2022-07-07,2023-07-07,1511398,49710,annual,active
P008804,C00336,A0043,motor,motor_compulsory,2024-10-11,2025-10-11,758674,26507,monthly,active
P008805,C00326,A0012,motor,motor_compulsory,2025-08-08,2026-08-08,1782419,61806,quarterly,lapsed
P008806,C00291,A0039,property,property_fire,2025-11-10,2026-11-10,9868925,105508,annual,active
P008807,C00997,A0032,property,property_fire,2023-12-04,2024-12-03,12955528,129795,monthly,active
P008808,C02426,A0026,motor,motor_voluntary,2024-03-24,2025-03-24,1538641,36229,monthly,active
P008809,C00872,A0044,property,property_flood,2025-05-25,2026-05-25,7802971,69295,annual,active
P008810,C00850,A0019,property,property_allrisk,2024-05-09,2025-05-09,16489484,115665,monthly,active
P008811,C01841,A0047,motor,motor_voluntary,2025-05-19,2026-05-19,2456112,93093,quarterly,active
P008812,C01847,A0038,property,property_fire,2022-05-15,2023-05-15,12613636,115199,annual,active
P008813,C02219,A0045,motor,motor_compulsory,2025-11-03,2026-11-03,1594089,40787,quarterly,active
P008814,C00169,A0026,property,property_flood,2025-01-06,2026-01-06,11951387,40178,annual,active
P008815,C01127,A0009,property,property_fire,2025-07-22,2026-07-22,17343060,61408,annual,active
P008816,C00613,A0008,property,property_allrisk,2026-02-10,2027-02-10,17316634,148096,annual,active
P008817,C00138,A0046,property,property_fire,2023-03-02,2024-03-01,19858101,91378,monthly,active
P008818,C01746,A0017,motor,motor_compulsory,2022-06-22,2023-06-22,565743,15793,quarterly,active
P008819,C00622,A0035,motor,motor_voluntary,2026-02-07,2027-02-07,1387497,56593,quarterly,active
P008820,C02162,A0017,property,property_flood,2025-11-10,2026-11-10,8582946,53979,quarterly,active
P008821,C02660,A0023,property,property_fire,2023-09-15,2024-09-14,13492972,124466,quarterly,active
P008822,C00980,A0045,property,property_fire,2023-01-01,2024-01-01,11241850,69198,quarterly,active
P008823,C02800,A0012,property,property_allrisk,2025-07-24,2026-07-24,15111456,141494,quarterly,active
P008824,C00605,A0043,property,property_fire,2026-01-06,2027-01-06,14329098,144319,quarterly,lapsed
P008825,C02270,A0033,motor,motor_voluntary,2026-02-25,2027-02-25,2335425,53035,monthly,active
P008826,C01618,A0005,motor,motor_compulsory,2022-03-24,2023-03-24,2306294,97210,quarterly,active
P008827,C00544,A0017,motor,motor_compulsory,2023-01-12,2024-01-12,1320497,35774,annual,active
P008828,C01398,A0017,motor,motor_compulsory,2024-07-05,2025-07-05,2163628,94464,annual,active
P008829,C01782,A0018,motor,motor_voluntary,2025-11-17,2026-11-17,1871779,91743,annual,active
P008830,C02923,A0043,motor,motor_compulsory,2023-10-26,2024-10-25,1675901,73852,annual,active
P008831,C00904,A0015,motor,motor_voluntary,2024-12-05,2025-12-05,2025154,45548,quarterly,active
P008832,C00195,A0044,motor,motor_voluntary,2025-12-21,2026-12-21,934247,34129,quarterly,active
P008833,C02095,A0009,property,property_fire,2025-12-05,2026-12-05,1645724,16774,quarterly,lapsed
P008834,C01440,A0025,motor,motor_compulsory,2024-03-25,2025-03-25,1774685,71798,quarterly,lapsed
P008835,C00901,A0001,motor,motor_compulsory,2024-02-29,2025-02-28,923878,44769,quarterly,active
P008836,C02773,A0044,motor,motor_voluntary,2025-10-22,2026-10-22,937477,32653,quarterly,active
P008837,C00473,A0022,property,property_allrisk,2023-03-25,2024-03-24,6213056,27877,annual,active
P008838,C01391,A0039,property,property_flood,2022-07-12,2023-07-12,6393824,38237,annual,active
P008839,C01506,A0038,motor,motor_voluntary,2025-01-09,2026-01-09,1107506,50243,monthly,active
P008840,C01150,A0003,motor,motor_voluntary,2025-08-29,2026-08-29,2133094,46096,annual,active
P008841,C00129,A0009,motor,motor_voluntary,2023-08-31,2024-08-30,960616,27969,quarterly,active
P008842,C02104,A0027,property,property_allrisk,2024-01-26,2025-01-25,5770098,28602,monthly,lapsed
P008843,C01938,A0004,motor,motor_compulsory,2023-03-25,2024-03-24,2224195,64438,monthly,active
P008844,C02946,A0030,motor,motor_voluntary,2023-06-21,2024-06-20,1580320,37264,quarterly,active
P008845,C02678,A0048,property,property_fire,2022-08-17,2023-08-17,18093830,120375,monthly,active
P008846,C00536,A0033,motor,motor_compulsory,2026-01-07,2027-01-07,2003323,60649,quarterly,active
P008847,C02894,A0015,motor,motor_compulsory,2024-10-29,2025-10-29,1608435,33762,monthly,active
P008848,C02593,A0029,motor,motor_compulsory,2022-03-20,2023-03-20,2393603,79542,monthly,active
P008849,C00382,A0032,motor,motor_voluntary,2025-02-13,2026-02-13,1348918,58631,monthly,active
P008850,C02062,A0044,property,property_flood,2024-03-16,2025-03-16,7413684,58549,quarterly,lapsed
P008851,C00577,A0034,motor,motor_compulsory,2023-10-18,2024-10-17,802381,30976,monthly,active
P008852,C02692,A0008,motor,motor_voluntary,2022-06-18,2023-06-18,2429719,60617,annual,active
P008853,C02144,A0049,property,property_allrisk,2025-09-06,2026-09-06,1067874,9942,monthly,active
P008854,C00028,A0032,motor,motor_compulsory,2023-09-26,2024-09-25,2235692,68934,annual,active
P008855,C01739,A0027,motor,motor_voluntary,2023-10-08,2024-10-07,1855975,70621,annual,active
P008856,C01967,A0033,property,property_flood,2022-05-08,2023-05-08,5377082,44282,quarterly,active
P008857,C00873,A0040,property,property_fire,2025-12-07,2026-12-07,19433266,173141,monthly,active
P008858,C00299,A0048,property,property_allrisk,2025-11-14,2026-11-14,5891186,25983,monthly,lapsed
P008859,C01775,A0027,motor,motor_compulsory,2025-09-16,2026-09-16,1016980,34366,monthly,lapsed
P008860,C02020,A0043,motor,motor_voluntary,2023-04-08,2024-04-07,2291300,102824,monthly,active
P008861,C00635,A0029,motor,motor_voluntary,2023-01-09,2024-01-09,1802251,39994,monthly,active
P008862,C02384,A0031,property,property_flood,2022-01-08,2023-01-08,16961965,128527,monthly,active
P008863,C00022,A0010,motor,motor_voluntary,2025-10-12,2026-10-12,1349923,65589,annual,active
P008864,C00317,A0025,motor,motor_compulsory,2023-01-31,2024-01-31,2284862,56996,monthly,active
P008865,C01385,A0010,motor,motor_voluntary,2024-03-26,2025-03-26,956722,25113,annual,active
P008866,C02538,A0004,property,property_flood,2023-08-25,2024-08-24,18177376,187473,annual,active
P008867,C02593,A0027,motor,motor_voluntary,2023-05-03,2024-05-02,2083317,90092,annual,active
P008868,C02823,A0013,motor,motor_compulsory,2022-06-19,2023-06-19,505610,23532,annual,active
P008869,C02802,A0016,motor,motor_voluntary,2026-02-16,2027-02-16,612457,22781,quarterly,active
P008870,C02699,A0032,property,property_allrisk,2023-05-09,2024-05-08,4854989,22570,quarterly,lapsed
P008871,C00750,A0036,motor,motor_voluntary,2023-06-03,2024-06-02,1182560,56641,quarterly,active
P008872,C00381,A0025,motor,motor_voluntary,2023-08-14,2024-08-13,495834,13597,monthly,active
P008873,C02870,A0044,property,property_flood,2023-04-22,2024-04-21,19230340,106778,annual,active
P008874,C01755,A0038,motor,motor_compulsory,2026-02-25,2027-02-25,1383205,55234,monthly,active
P008875,C02851,A0046,motor,motor_voluntary,2024-10-28,2025-10-28,2039963,71626,annual,active
P008876,C00544,A0028,motor,motor_voluntary,2023-06-10,2024-06-09,853056,32033,annual,active
P008877,C02815,A0007,motor,motor_voluntary,2026-03-10,2027-03-10,1621654,61589,monthly,active
P008878,C02369,A0044,motor,motor_voluntary,2023-08-02,2024-08-01,1979700,63002,monthly,active
P008879,C01715,A0046,property,property_allrisk,2023-07-08,2024-07-07,18699136,140396,annual,lapsed
P008880,C01391,A0048,property,property_fire,2023-05-13,2024-05-12,4385275,18574,monthly,active
P008881,C00906,A0003,property,property_allrisk,2025-04-22,2026-04-22,10006097,41133,quarterly,active
P008882,C00157,A0037,property,property_flood,2023-03-26,2024-03-25,3626813,16253,annual,active
P008883,C02741,A0014,property,property_fire,2025-11-01,2026-11-01,10150377,107526,quarterly,active
P008884,C01331,A0024,motor,motor_voluntary,2023-03-29,2024-03-28,2120197,72522,annual,lapsed
P008885,C00132,A0048,motor,motor_voluntary,2025-10-03,2026-10-03,1551487,40314,annual,active
P008886,C00102,A0046,motor,motor_compulsory,2023-09-19,2024-09-18,2039454,70723,annual,active
P008887,C00630,A0046,motor,motor_compulsory,2025-09-14,2026-09-14,1332331,49717,annual,active
P008888,C02508,A0014,motor,motor_voluntary,2023-04-10,2024-04-09,1136898,48664,quarterly,active
P008889,C01856,A0014,motor,motor_voluntary,2025-08-25,2026-08-25,222176,10902,monthly,active
P008890,C01256,A0026,motor,motor_compulsory,2026-01-07,2027-01-07,514513,20146,quarterly,active
P008891,C02449,A0008,motor,motor_voluntary,2023-10-04,2024-10-03,1213061,51126,annual,active
P008892,C02643,A0046,motor,motor_voluntary,2022-10-14,2023-10-14,2203484,100700,annual,active
P008893,C00299,A0025,property,property_flood,2024-01-06,2025-01-05,9455599,59773,monthly,active
P008894,C00351,A0031,motor,motor_compulsory,2024-01-12,2025-01-11,1219240,42750,annual,active
P008895,C01773,A0030,motor,motor_voluntary,2024-02-02,2025-02-01,2428441,67931,annual,active
P008896,C02290,A0041,property,property_fire,2023-09-13,2024-09-12,9421079,52579,annual,active
P008897,C02392,A0032,property,property_allrisk,2025-01-14,2026-01-14,13120704,73268,monthly,active
P008898,C00955,A0008,motor,motor_voluntary,2024-02-19,2025-02-18,927194,19387,monthly,active
P008899,C00318,A0014,motor,motor_compulsory,2024-04-20,2025-04-20,1237159,51582,quarterly,active
P008900,C00781,A0038,motor,motor_voluntary,2023-08-28,2024-08-27,2004900,95679,annual,active
P008901,C01512,A0010,motor,motor_voluntary,2024-03-10,2025-03-10,1647892,48833,annual,active
P008902,C00142,A0031,motor,motor_compulsory,2022-07-26,2023-07-26,1834599,73676,quarterly,active
P008903,C01116,A0015,motor,motor_compulsory,2023-12-11,2024-12-10,203711,4672,monthly,active
P008904,C02552,A0016,motor,motor_compulsory,2023-04-23,2024-04-22,258506,11392,monthly,active
P008905,C02926,A0041,property,property_fire,2025-01-28,2026-01-28,14774420,107087,monthly,cancelled
P008906,C00254,A0030,property,property_flood,2022-07-23,2023-07-23,1637047,9860,annual,active
P008907,C00183,A0047,motor,motor_voluntary,2023-06-15,2024-06-14,1676082,50257,quarterly,active
P008908,C00403,A0030,motor,motor_compulsory,2025-03-16,2026-03-16,1199353,58751,monthly,active
P008909,C00617,A0045,motor,motor_voluntary,2026-02-26,2027-02-26,2286868,89645,monthly,lapsed
P008910,C00078,A0004,property,property_fire,2024-07-23,2025-07-23,7766284,36559,quarterly,active
P008911,C02102,A0027,motor,motor_voluntary,2023-01-20,2024-01-20,206588,8998,quarterly,cancelled
P008912,C02860,A0046,motor,motor_voluntary,2023-06-23,2024-06-22,2285587,87979,annual,active
P008913,C02466,A0018,motor,motor_compulsory,2023-08-04,2024-08-03,1836281,82239,quarterly,active
P008914,C00426,A0038,motor,motor_compulsory,2025-01-10,2026-01-10,777456,30418,monthly,active
P008915,C01744,A0044,motor,motor_compulsory,2023-04-15,2024-04-14,2225656,90177,quarterly,active
P008916,C01630,A0036,motor,motor_voluntary,2023-11-08,2024-11-07,1363742,37785,annual,active
P008917,C02115,A0047,motor,motor_voluntary,2023-05-15,2024-05-14,292089,7539,monthly,active
P008918,C01617,A0021,motor,motor_compulsory,2024-06-19,2025-06-19,642860,30411,monthly,active
P008919,C02820,A0007,motor,motor_voluntary,2025-08-08,2026-08-08,1865115,38830,monthly,active
P008920,C00806,A0031,motor,motor_compulsory,2025-07-05,2026-07-05,721136,16256,quarterly,lapsed
P008921,C01307,A0022,property,property_flood,2024-05-26,2025-05-26,3724948,17346,quarterly,active
P008922,C02016,A0024,motor,motor_compulsory,2023-11-04,2024-11-03,252708,7284,quarterly,active
P008923,C00807,A0032,property,property_flood,2026-03-30,2027-03-30,16622560,153156,annual,active
P008924,C02081,A0043,motor,motor_voluntary,2023-02-13,2024-02-13,2467728,116062,annual,active
P008925,C00749,A0032,property,property_fire,2024-04-22,2025-04-22,9211996,91322,annual,lapsed
P008926,C02584,A0003,motor,motor_voluntary,2023-12-16,2024-12-15,1172108,29322,quarterly,cancelled
P008927,C02088,A0045,motor,motor_voluntary,2024-05-21,2025-05-21,344975,7123,monthly,active
P008928,C02846,A0010,property,property_fire,2023-02-10,2024-02-10,19417528,125794,quarterly,lapsed
P008929,C02016,A0002,motor,motor_compulsory,2022-04-15,2023-04-15,1366551,47389,monthly,active
P008930,C02649,A0009,property,property_flood,2024-12-06,2025-12-06,5741158,46452,annual,active
P008931,C01854,A0008,motor,motor_compulsory,2025-07-13,2026-07-13,312054,7834,annual,active
P008932,C02832,A0034,motor,motor_compulsory,2023-05-07,2024-05-06,2320705,69059,annual,lapsed
P008933,C00330,A0033,motor,motor_voluntary,2024-06-30,2025-06-30,2339496,74662,annual,active
P008934,C02538,A0006,property,property_allrisk,2024-02-28,2025-02-27,7894608,72825,annual,active
P008935,C01284,A0022,property,property_flood,2022-07-18,2023-07-18,3598508,31091,annual,active
P008936,C01744,A0018,motor,motor_voluntary,2023-06-25,2024-06-24,1231986,46152,monthly,active
P008937,C02198,A0044,motor,motor_voluntary,2023-10-14,2024-10-13,2114014,91333,annual,active
P008938,C00928,A0012,motor,motor_compulsory,2022-07-22,2023-07-22,434219,18270,quarterly,cancelled
P008939,C01894,A0025,motor,motor_voluntary,2024-05-25,2025-05-25,746795,17760,annual,active
P008940,C02425,A0011,property,property_fire,2024-09-24,2025-09-24,11979741,66371,monthly,lapsed
P008941,C00514,A0019,motor,motor_voluntary,2024-07-27,2025-07-27,1767242,74890,quarterly,active
P008942,C01567,A0012,property,property_flood,2025-06-10,2026-06-10,16422566,87578,annual,active
P008943,C02291,A0009,motor,motor_compulsory,2024-07-30,2025-07-30,1763272,68384,monthly,active
P008944,C01762,A0035,motor,motor_voluntary,2024-03-13,2025-03-13,1711192,38706,quarterly,lapsed
P008945,C01058,A0040,motor,motor_compulsory,2023-01-04,2024-01-04,286527,12626,annual,active
P008946,C00127,A0017,motor,motor_voluntary,2023-07-29,2024-07-28,1206872,47212,annual,active
P008947,C01695,A0013,property,property_allrisk,2025-04-10,2026-04-10,13205023,148787,monthly,active
P008948,C00461,A0017,property,property_flood,2023-03-23,2024-03-22,11268993,106011,annual,active
P008949,C02057,A0045,motor,motor_voluntary,2024-11-06,2025-11-06,1992370,78430,quarterly,active
P008950,C00290,A0043,property,property_allrisk,2024-02-11,2025-02-10,17625050,123667,monthly,active
P008951,C02646,A0031,property,property_fire,2024-02-26,2025-02-25,14832937,82775,monthly,active
P008952,C02215,A0024,motor,motor_voluntary,2023-07-14,2024-07-13,2444212,97831,annual,active
P008953,C00658,A0032,property,property_flood,2023-05-26,2024-05-25,13669037,104364,quarterly,active
P008954,C00021,A0010,motor,motor_voluntary,2026-01-18,2027-01-18,437942,9698,monthly,active
P008955,C02177,A0024,motor,motor_voluntary,2024-11-04,2025-11-04,2054013,73629,monthly,active
P008956,C02784,A0019,motor,motor_voluntary,2025-01-08,2026-01-08,1259176,50179,monthly,active
P008957,C00333,A0018,motor,motor_voluntary,2025-12-18,2026-12-18,1623626,41266,annual,active
P008958,C02410,A0016,motor,motor_voluntary,2024-02-26,2025-02-25,480784,11678,monthly,active
P008959,C00583,A0032,property,property_flood,2023-11-08,2024-11-07,16638649,82352,annual,active
P008960,C01019,A0044,motor,motor_voluntary,2024-04-09,2025-04-09,823389,31394,annual,lapsed
P008961,C01494,A0019,motor,motor_voluntary,2023-11-19,2024-11-18,233078,10256,monthly,active
P008962,C00607,A0040,motor,motor_compulsory,2023-11-03,2024-11-02,2278849,102373,quarterly,active
P008963,C02061,A0034,property,property_flood,2022-10-20,2023-10-20,8924237,71615,quarterly,active
P008964,C01338,A0025,motor,motor_voluntary,2023-01-08,2024-01-08,2068552,60016,annual,active
P008965,C00280,A0002,property,property_allrisk,2023-01-23,2024-01-23,7675341,71933,quarterly,active
P008966,C02614,A0027,motor,motor_voluntary,2023-04-24,2024-04-23,1118789,45758,quarterly,active
P008967,C00486,A0043,motor,motor_voluntary,2024-09-06,2025-09-06,1940944,52335,annual,active
P008968,C01952,A0027,property,property_allrisk,2023-11-17,2024-11-16,8850975,88622,quarterly,lapsed
P008969,C00271,A0015,motor,motor_compulsory,2024-02-11,2025-02-10,1350115,58429,monthly,active
P008970,C01391,A0032,motor,motor_compulsory,2024-05-06,2025-05-06,1617433,78455,monthly,active
P008971,C02879,A0017,motor,motor_voluntary,2023-01-06,2024-01-06,398448,12440,monthly,active
P008972,C01000,A0043,motor,motor_compulsory,2023-03-03,2024-03-02,1479860,38799,annual,active
P008973,C00365,A0022,property,property_flood,2023-02-15,2024-02-15,13325147,51983,annual,active
P008974,C01539,A0012,motor,motor_voluntary,2023-05-01,2024-04-30,2397003,79180,quarterly,lapsed
P008975,C01695,A0014,motor,motor_voluntary,2025-01-17,2026-01-17,1411107,59537,quarterly,cancelled
P008976,C00142,A0042,motor,motor_voluntary,2024-10-19,2025-10-19,2468391,52908,monthly,active
P008977,C02778,A0020,motor,motor_compulsory,2023-02-25,2024-02-25,1742497,68208,monthly,active
P008978,C00888,A0001,motor,motor_voluntary,2024-07-28,2025-07-28,2388036,101297,monthly,active
P008979,C01457,A0048,motor,motor_voluntary,2026-02-19,2027-02-19,1601174,69877,quarterly,active
P008980,C00247,A0009,property,property_fire,2024-07-24,2025-07-24,8294771,61334,annual,lapsed
P008981,C00158,A0033,property,property_flood,2023-06-14,2024-06-13,19207863,80580,annual,lapsed
P008982,C00375,A0050,motor,motor_compulsory,2023-12-31,2024-12-30,1195274,54784,annual,active
P008983,C00094,A0041,motor,motor_voluntary,2026-03-25,2027-03-25,1226269,48496,quarterly,active
P008984,C02071,A0044,motor,motor_compulsory,2025-12-19,2026-12-19,1864628,92146,monthly,cancelled
P008985,C00639,A0006,motor,motor_compulsory,2025-03-28,2026-03-28,2406274,90768,quarterly,active
P008986,C02576,A0021,motor,motor_voluntary,2023-03-15,2024-03-14,1964820,81015,annual,active
P008987,C01672,A0028,motor,motor_voluntary,2023-01-18,2024-01-18,1160834,27439,annual,active
P008988,C00668,A0014,motor,motor_compulsory,2025-06-24,2026-06-24,1793775,73974,monthly,active
P008989,C01122,A0006,motor,motor_voluntary,2026-02-26,2027-02-26,2176996,107928,monthly,active
P008990,C01823,A0021,motor,motor_compulsory,2025-10-18,2026-10-18,1163169,52087,quarterly,active
P008991,C00548,A0008,motor,motor_voluntary,2024-10-05,2025-10-05,1390938,55983,monthly,active
P008992,C02891,A0006,motor,motor_compulsory,2022-03-02,2023-03-02,1360030,35574,annual,active
P008993,C02504,A0025,property,property_allrisk,2025-12-10,2026-12-10,10341912,101716,monthly,active
P008994,C01586,A0016,motor,motor_compulsory,2024-12-27,2025-12-27,437738,18330,annual,active
P008995,C02188,A0049,property,property_flood,2023-10-06,2024-10-05,12637231,121584,quarterly,active
P008996,C02730,A0014,motor,motor_voluntary,2024-03-26,2025-03-26,632008,17786,quarterly,active
P008997,C00835,A0045,property,property_fire,2023-12-10,2024-12-09,17898195,112137,quarterly,active
P008998,C02366,A0014,property,property_fire,2024-12-01,2025-12-01,12563598,86803,annual,lapsed
P008999,C00303,A0015,motor,motor_voluntary,2023-06-03,2024-06-02,335437,12675,quarterly,cancelled
P009000,C01492,A0022,property,property_flood,2024-04-13,2025-04-13,1371239,4747,quarterly,cancelled
P009001,C01386,A0006,property,property_allrisk,2025-10-02,2026-10-02,2895250,12791,annual,active
P009002,C01879,A0018,motor,motor_voluntary,2024-04-03,2025-04-03,1232879,27956,quarterly,lapsed
P009003,C02247,A0043,motor,motor_voluntary,2024-02-01,2025-01-31,1100690,25084,annual,active
P009004,C02460,A0034,motor,motor_voluntary,2022-06-09,2023-06-09,1377979,61184,quarterly,active
P009005,C02559,A0018,property,property_allrisk,2024-09-21,2025-09-21,12880168,95782,quarterly,active
P009006,C01248,A0017,property,property_fire,2023-05-04,2024-05-03,19421052,196666,quarterly,active
P009007,C02944,A0023,motor,motor_compulsory,2025-09-17,2026-09-17,579066,27194,quarterly,active
P009008,C01097,A0037,property,property_allrisk,2025-08-30,2026-08-30,13701290,134176,monthly,active
P009009,C00255,A0024,motor,motor_compulsory,2024-05-30,2025-05-30,1418766,55811,quarterly,lapsed
P009010,C00563,A0015,motor,motor_compulsory,2023-08-18,2024-08-17,492572,18950,annual,active
P009011,C00572,A0032,motor,motor_voluntary,2023-09-13,2024-09-12,365794,12714,quarterly,active
P009012,C02173,A0042,motor,motor_compulsory,2025-02-15,2026-02-15,396747,9945,quarterly,lapsed
P009013,C02507,A0047,motor,motor_voluntary,2022-10-02,2023-10-02,2233683,76262,monthly,active
P009014,C02426,A0011,property,property_allrisk,2023-05-31,2024-05-30,6214286,24557,quarterly,active
P009015,C02270,A0025,property,property_flood,2025-05-17,2026-05-17,16971707,126143,annual,active
P009016,C02547,A0047,motor,motor_compulsory,2024-10-05,2025-10-05,1495468,43956,annual,active
P009017,C00609,A0020,motor,motor_voluntary,2023-02-12,2024-02-12,1887683,38812,annual,active
P009018,C01361,A0002,property,property_fire,2023-09-13,2024-09-12,3712730,36384,annual,cancelled
P009019,C01450,A0001,motor,motor_voluntary,2023-01-01,2024-01-01,993034,42404,quarterly,active
P009020,C02177,A0043,motor,motor_voluntary,2023-10-31,2024-10-30,1930913,70297,annual,active
P009021,C02276,A0040,property,property_flood,2024-05-02,2025-05-02,16546734,102912,annual,active
P009022,C00281,A0030,motor,motor_voluntary,2024-09-02,2025-09-02,882404,22000,annual,active
P009023,C02142,A0004,motor,motor_voluntary,2024-09-05,2025-09-05,1612121,69375,quarterly,active
P009024,C01137,A0026,motor,motor_voluntary,2023-02-17,2024-02-17,2330634,58299,monthly,active
P009025,C02281,A0017,motor,motor_voluntary,2024-02-06,2025-02-05,1489629,66403,annual,lapsed
P009026,C01722,A0006,property,property_flood,2025-04-09,2026-04-09,1083388,4563,monthly,active
P009027,C00870,A0047,property,property_allrisk,2023-11-22,2024-11-21,8115409,28800,monthly,active
P009028,C00441,A0009,motor,motor_compulsory,2023-12-06,2024-12-05,2376489,76929,quarterly,active
P009029,C01116,A0008,motor,motor_compulsory,2025-12-02,2026-12-02,1106089,22964,quarterly,cancelled
P009030,C00118,A0043,property,property_fire,2026-03-21,2027-03-21,8693486,59406,quarterly,active
P009031,C02871,A0045,motor,motor_compulsory,2024-01-25,2025-01-24,1987763,57130,annual,active
P009032,C02035,A0025,property,property_allrisk,2025-10-08,2026-10-08,17425787,207670,annual,active
P009033,C01193,A0019,motor,motor_compulsory,2025-02-18,2026-02-18,549044,15871,quarterly,active
P009034,C00451,A0013,motor,motor_voluntary,2023-02-05,2024-02-05,2324542,102189,quarterly,active
P009035,C01365,A0046,property,property_fire,2023-11-01,2024-10-31,13925721,145817,annual,active
P009036,C00120,A0035,property,property_fire,2024-06-16,2025-06-16,7567606,62237,annual,active
P009037,C02052,A0018,property,property_allrisk,2023-03-15,2024-03-14,15780945,168494,monthly,active
P009038,C01820,A0046,motor,motor_compulsory,2023-12-30,2024-12-29,568245,19744,monthly,active
P009039,C00615,A0030,motor,motor_compulsory,2025-06-24,2026-06-24,1286088,33190,quarterly,active
P009040,C00602,A0011,motor,motor_compulsory,2023-02-13,2024-02-13,1417895,69011,monthly,active
P009041,C01049,A0006,motor,motor_voluntary,2023-08-05,2024-08-04,1970674,87288,monthly,active
P009042,C02607,A0025,property,property_flood,2022-12-15,2023-12-15,18085121,165694,quarterly,cancelled
P009043,C01161,A0032,motor,motor_voluntary,2025-12-20,2026-12-20,2412980,70441,quarterly,active
P009044,C00200,A0028,motor,motor_compulsory,2024-12-28,2025-12-28,1638345,62078,annual,active
P009045,C00409,A0034,motor,motor_compulsory,2024-03-12,2025-03-12,2037014,90271,quarterly,active
P009046,C00145,A0033,motor,motor_voluntary,2024-10-29,2025-10-29,1027299,27531,monthly,lapsed
P009047,C01814,A0011,property,property_allrisk,2024-01-11,2025-01-10,9372390,49325,quarterly,active
P009048,C01783,A0021,motor,motor_compulsory,2023-06-20,2024-06-19,1144937,44660,monthly,active
P009049,C02737,A0001,property,property_allrisk,2025-12-18,2026-12-18,15176161,65489,monthly,active
P009050,C01273,A0029,motor,motor_voluntary,2024-06-28,2025-06-28,882259,35529,annual,active
P009051,C00175,A0024,motor,motor_compulsory,2023-08-20,2024-08-19,1733395,73939,monthly,active
P009052,C02881,A0011,motor,motor_compulsory,2024-02-22,2025-02-21,914317,28215,annual,lapsed
P009053,C02974,A0034,motor,motor_voluntary,2024-05-27,2025-05-27,2105140,65150,annual,active
P009054,C01096,A0016,motor,motor_compulsory,2023-12-21,2024-12-20,881585,27300,monthly,active
P009055,C00793,A0008,property,property_flood,2024-10-11,2025-10-11,5205781,52885,annual,active
P009056,C00558,A0045,motor,motor_voluntary,2023-04-20,2024-04-19,201308,4427,monthly,active
P009057,C02922,A0042,motor,motor_compulsory,2026-03-24,2027-03-24,2483976,70825,annual,active
P009058,C02919,A0047,property,property_allrisk,2024-01-19,2025-01-18,13500557,54906,annual,active
P009059,C02057,A0026,motor,motor_voluntary,2026-03-22,2027-03-22,1906693,61955,monthly,active
P009060,C01283,A0048,property,property_allrisk,2023-10-07,2024-10-06,1332226,7967,monthly,active
P009061,C01962,A0008,property,property_flood,2024-07-21,2025-07-21,19952761,102457,annual,active
P009062,C02966,A0032,motor,motor_compulsory,2023-10-24,2024-10-23,430938,20098,quarterly,lapsed
P009063,C01629,A0002,motor,motor_voluntary,2023-05-21,2024-05-20,514710,13006,annual,active
P009064,C00017,A0048,motor,motor_compulsory,2025-12-10,2026-12-10,2447381,92243,quarterly,active
P009065,C01041,A0005,motor,motor_compulsory,2023-06-02,2024-06-01,852822,35527,monthly,active
P009066,C01683,A0012,motor,motor_compulsory,2023-10-13,2024-10-12,308110,11067,annual,lapsed
P009067,C00121,A0044,motor,motor_voluntary,2023-02-09,2024-02-09,2086552,94881,annual,active
P009068,C00796,A0019,motor,motor_voluntary,2024-03-07,2025-03-07,208578,7685,annual,active
P009069,C02536,A0010,property,property_allrisk,2024-01-17,2025-01-16,17039625,161409,monthly,active
P009070,C00160,A0046,motor,motor_compulsory,2024-05-11,2025-05-11,1035025,32657,monthly,active
P009071,C01637,A0034,motor,motor_voluntary,2024-08-28,2025-08-28,1564124,50508,quarterly,active
P009072,C01038,A0050,motor,motor_voluntary,2025-03-14,2026-03-14,1997414,57249,quarterly,active
P009073,C01350,A0032,motor,motor_compulsory,2025-08-15,2026-08-15,1621740,78847,quarterly,active
P009074,C00618,A0010,motor,motor_compulsory,2025-01-31,2026-01-31,663704,19847,monthly,active
P009075,C00936,A0013,property,property_flood,2023-05-25,2024-05-24,4402201,13526,annual,active
P009076,C00484,A0007,motor,motor_voluntary,2023-11-18,2024-11-17,923941,26862,monthly,active
P009077,C02517,A0024,motor,motor_compulsory,2022-01-25,2023-01-25,612438,24883,annual,cancelled
P009078,C00543,A0047,property,property_flood,2026-02-21,2027-02-21,8704874,81793,annual,cancelled
P009079,C01487,A0050,property,property_flood,2025-09-14,2026-09-14,17313718,124242,monthly,active
P009080,C00534,A0032,property,property_allrisk,2024-04-21,2025-04-21,17608282,103866,quarterly,active
P009081,C02294,A0017,motor,motor_voluntary,2022-07-06,2023-07-06,1818619,48024,quarterly,active
P009082,C02654,A0016,motor,motor_voluntary,2025-08-23,2026-08-23,1813138,82647,annual,active
P009083,C00624,A0014,property,property_allrisk,2023-12-29,2024-12-28,17822327,85206,quarterly,active
P009084,C02341,A0017,motor,motor_voluntary,2022-06-02,2023-06-02,2428533,60298,monthly,active
P009085,C00809,A0048,property,property_allrisk,2022-01-01,2023-01-01,5964476,41955,monthly,active
P009086,C01867,A0035,property,property_flood,2024-04-27,2025-04-27,14524842,169798,monthly,active
P009087,C00319,A0033,motor,motor_voluntary,2023-01-06,2024-01-06,1064698,43065,annual,active
P009088,C02011,A0006,motor,motor_voluntary,2025-09-10,2026-09-10,1987190,72024,annual,active
P009089,C00548,A0016,motor,motor_compulsory,2023-10-26,2024-10-25,1882811,47068,annual,active
P009090,C01296,A0036,motor,motor_voluntary,2024-08-17,2025-08-17,1849771,37096,monthly,lapsed
P009091,C02464,A0039,property,property_flood,2022-05-17,2023-05-17,5100931,39220,annual,active
P009092,C02696,A0020,property,property_flood,2024-05-27,2025-05-27,16533151,61608,annual,active
P009093,C02060,A0030,motor,motor_compulsory,2022-01-31,2023-01-31,291403,9556,quarterly,active
P009094,C01427,A0017,motor,motor_compulsory,2024-02-27,2025-02-26,2173630,63577,annual,active
P009095,C02653,A0024,motor,motor_voluntary,2025-08-30,2026-08-30,1776432,36245,quarterly,active
P009096,C00501,A0010,motor,motor_compulsory,2025-07-23,2026-07-23,889126,37641,quarterly,cancelled
P009097,C02090,A0017,motor,motor_voluntary,2023-04-03,2024-04-02,2211128,105820,monthly,active
P009098,C02846,A0048,motor,motor_compulsory,2023-04-20,2024-04-19,816218,37683,monthly,active
P009099,C00412,A0038,motor,motor_voluntary,2023-01-20,2024-01-20,415686,11938,quarterly,active
P009100,C00954,A0040,property,property_allrisk,2025-04-30,2026-04-30,4689941,32947,annual,active
P009101,C01334,A0033,motor,motor_voluntary,2025-05-23,2026-05-23,762820,33832,monthly,active
P009102,C02129,A0030,property,property_allrisk,2023-10-07,2024-10-06,10621662,79742,annual,active
P009103,C00260,A0009,motor,motor_voluntary,2023-07-04,2024-07-03,1585059,42316,quarterly,active
P009104,C02563,A0014,motor,motor_compulsory,2025-12-11,2026-12-11,1314891,49034,quarterly,active
P009105,C01121,A0004,motor,motor_voluntary,2022-05-04,2023-05-04,1404131,30852,quarterly,active
P009106,C02984,A0027,property,property_fire,2023-03-07,2024-03-06,11911593,119428,annual,active
P009107,C02000,A0002,motor,motor_compulsory,2022-12-23,2023-12-23,2345225,107054,annual,active
P009108,C01711,A0002,motor,motor_voluntary,2023-01-20,2024-01-20,1022636,38984,quarterly,active
P009109,C00786,A0026,motor,motor_voluntary,2023-12-29,2024-12-28,2016810,99282,annual,active
P009110,C02770,A0003,property,property_flood,2023-07-30,2024-07-29,8312911,47331,annual,active
P009111,C01080,A0023,motor,motor_voluntary,2025-04-10,2026-04-10,868233,34203,monthly,active
P009112,C00322,A0045,motor,motor_voluntary,2023-08-03,2024-08-02,748035,29927,monthly,active
P009113,C00622,A0031,motor,motor_voluntary,2024-03-06,2025-03-06,1258667,44629,monthly,active
P009114,C02809,A0016,property,property_flood,2024-06-22,2025-06-22,15131617,66506,quarterly,active
P009115,C00646,A0039,motor,motor_compulsory,2024-05-11,2025-05-11,1190282,57140,quarterly,active
P009116,C00941,A0025,property,property_flood,2024-01-13,2025-01-12,4067151,23251,monthly,active
P009117,C00064,A0048,motor,motor_compulsory,2024-10-14,2025-10-14,1665687,59470,monthly,active
P009118,C00724,A0018,motor,motor_compulsory,2024-06-11,2025-06-11,2346241,57751,monthly,lapsed
P009119,C01968,A0037,property,property_allrisk,2025-01-05,2026-01-05,17145907,181335,quarterly,active
P009120,C01905,A0004,motor,motor_voluntary,2023-05-11,2024-05-10,2148578,83099,annual,active
P009121,C01981,A0013,property,property_flood,2024-05-07,2025-05-07,6680134,57897,quarterly,active
P009122,C00460,A0034,motor,motor_compulsory,2025-01-07,2026-01-07,2180624,74945,annual,lapsed
P009123,C02669,A0023,property,property_flood,2025-04-13,2026-04-13,17517592,140210,annual,active
P009124,C00430,A0007,motor,motor_voluntary,2024-03-25,2025-03-25,1662690,36184,quarterly,active
P009125,C01062,A0043,motor,motor_compulsory,2025-11-23,2026-11-23,1927266,75519,annual,active
P009126,C02800,A0014,motor,motor_compulsory,2022-11-16,2023-11-16,765762,31603,annual,active
P009127,C00727,A0023,motor,motor_compulsory,2023-06-30,2024-06-29,2259671,68077,quarterly,lapsed
P009128,C02232,A0042,motor,motor_voluntary,2023-09-25,2024-09-24,813474,30446,monthly,active
P009129,C00019,A0047,motor,motor_compulsory,2024-07-19,2025-07-19,942123,35928,quarterly,active
P009130,C00124,A0002,motor,motor_compulsory,2023-08-08,2024-08-07,2384036,100908,quarterly,active
P009131,C01262,A0020,motor,motor_compulsory,2024-12-02,2025-12-02,859794,28222,monthly,active
P009132,C00537,A0006,property,property_fire,2023-11-20,2024-11-19,15432417,115000,quarterly,active
P009133,C01401,A0035,motor,motor_compulsory,2025-04-11,2026-04-11,2395742,81496,monthly,active
P009134,C02999,A0024,motor,motor_compulsory,2022-06-10,2023-06-10,1821857,58173,quarterly,active
P009135,C01492,A0037,motor,motor_compulsory,2025-07-13,2026-07-13,1450479,49274,annual,active
P009136,C02416,A0001,property,property_flood,2023-09-22,2024-09-21,8845631,52210,quarterly,active
P009137,C00354,A0049,motor,motor_voluntary,2024-11-07,2025-11-07,1596245,71105,quarterly,lapsed
P009138,C02886,A0010,motor,motor_compulsory,2022-10-08,2023-10-08,1819368,67342,quarterly,active
P009139,C01692,A0046,motor,motor_voluntary,2026-02-05,2027-02-05,1690080,78018,monthly,lapsed
P009140,C01350,A0035,property,property_allrisk,2023-12-29,2024-12-28,19643018,132946,monthly,lapsed
P009141,C01841,A0023,motor,motor_compulsory,2024-05-20,2025-05-20,1535881,68256,monthly,active
P009142,C00060,A0031,motor,motor_voluntary,2023-01-25,2024-01-25,598078,26152,monthly,active
P009143,C01706,A0030,motor,motor_voluntary,2024-02-08,2025-02-07,1154646,25596,quarterly,active
P009144,C00237,A0017,property,property_fire,2023-11-08,2024-11-07,3446239,32581,monthly,active
P009145,C01633,A0027,motor,motor_voluntary,2025-02-08,2026-02-08,1164365,43275,monthly,active
P009146,C01629,A0022,motor,motor_voluntary,2023-09-18,2024-09-17,1737296,54533,monthly,active
P009147,C02339,A0048,motor,motor_voluntary,2023-05-03,2024-05-02,2238238,54253,monthly,active
P009148,C02796,A0047,motor,motor_compulsory,2023-09-18,2024-09-17,1937961,45398,monthly,active
P009149,C02157,A0009,motor,motor_compulsory,2025-10-28,2026-10-28,357992,11605,quarterly,lapsed
P009150,C01675,A0014,property,property_fire,2023-08-07,2024-08-06,9989581,43529,quarterly,active
P009151,C00515,A0024,motor,motor_compulsory,2022-12-06,2023-12-06,1165237,34775,monthly,lapsed
P009152,C02700,A0001,property,property_flood,2025-11-13,2026-11-13,12442562,85582,quarterly,active
P009153,C01552,A0007,motor,motor_voluntary,2024-03-02,2025-03-02,2144034,102391,annual,active
P009154,C02245,A0017,motor,motor_voluntary,2026-04-18,2027-04-18,1744037,38342,monthly,active
P009155,C00860,A0026,motor,motor_compulsory,2022-03-15,2023-03-15,2364919,73010,monthly,active
P009156,C01506,A0023,property,property_allrisk,2023-03-09,2024-03-08,14206765,146982,monthly,active
P009157,C02145,A0012,motor,motor_voluntary,2024-07-22,2025-07-22,545101,18481,monthly,active
P009158,C01986,A0022,motor,motor_compulsory,2024-12-12,2025-12-12,595567,18169,annual,active
P009159,C00379,A0003,motor,motor_compulsory,2025-09-29,2026-09-29,405275,9016,annual,active
P009160,C02507,A0029,motor,motor_voluntary,2023-01-27,2024-01-27,1484073,38616,annual,lapsed
P009161,C00971,A0046,motor,motor_voluntary,2025-09-20,2026-09-20,608753,20509,monthly,lapsed
P009162,C01669,A0046,motor,motor_compulsory,2025-10-20,2026-10-20,569371,13272,annual,active
P009163,C00436,A0034,motor,motor_compulsory,2025-01-01,2026-01-01,2193352,89268,quarterly,active
P009164,C00958,A0032,motor,motor_voluntary,2025-12-28,2026-12-28,391007,9240,quarterly,active
P009165,C00647,A0011,motor,motor_compulsory,2023-11-24,2024-11-23,1462114,43034,quarterly,active
P009166,C02833,A0034,property,property_fire,2025-08-24,2026-08-24,11015084,102946,quarterly,active
P009167,C02014,A0040,motor,motor_compulsory,2022-06-15,2023-06-15,568044,14557,quarterly,active
P009168,C01404,A0023,property,property_fire,2025-09-07,2026-09-07,4374517,16932,quarterly,active
P009169,C00204,A0045,motor,motor_voluntary,2026-03-16,2027-03-16,1275639,43915,monthly,active
P009170,C02045,A0026,motor,motor_compulsory,2022-07-26,2023-07-26,2102540,44594,monthly,lapsed
P009171,C00707,A0038,motor,motor_voluntary,2022-01-11,2023-01-11,1548625,39444,quarterly,active
P009172,C02325,A0020,motor,motor_voluntary,2024-04-28,2025-04-28,1246157,53574,annual,lapsed
P009173,C02851,A0028,motor,motor_compulsory,2022-02-20,2023-02-20,1023002,32772,monthly,active
P009174,C02269,A0024,motor,motor_voluntary,2024-11-24,2025-11-24,557531,22889,monthly,lapsed
P009175,C02340,A0041,motor,motor_compulsory,2025-04-07,2026-04-07,2088763,89312,quarterly,cancelled
P009176,C02594,A0015,motor,motor_compulsory,2025-12-31,2026-12-31,1636291,71829,monthly,active
P009177,C02820,A0026,motor,motor_compulsory,2026-01-30,2027-01-30,1965796,79387,annual,lapsed
P009178,C01577,A0008,motor,motor_compulsory,2026-03-24,2027-03-24,920929,21775,annual,lapsed
P009179,C01877,A0011,motor,motor_compulsory,2026-01-05,2027-01-05,1633538,33142,annual,active
P009180,C02068,A0038,motor,motor_compulsory,2023-03-06,2024-03-05,2134239,100047,annual,active
P009181,C01033,A0036,motor,motor_voluntary,2024-02-25,2025-02-24,1243268,54107,monthly,active
P009182,C00382,A0029,motor,motor_compulsory,2025-05-20,2026-05-20,899889,24222,quarterly,active
P009183,C01880,A0010,motor,motor_voluntary,2025-10-04,2026-10-04,1132233,51848,quarterly,active
P009184,C00256,A0022,property,property_flood,2024-07-31,2025-07-31,4254594,27776,annual,active
P009185,C02628,A0015,motor,motor_voluntary,2025-10-25,2026-10-25,1686714,64453,quarterly,active
P009186,C02537,A0014,motor,motor_voluntary,2023-04-28,2024-04-27,1128452,47576,monthly,active
P009187,C02693,A0024,motor,motor_voluntary,2022-04-22,2023-04-22,1806393,79909,annual,active
P009188,C00274,A0048,motor,motor_voluntary,2024-02-26,2025-02-25,1660051,77913,monthly,active
P009189,C01476,A0010,property,property_flood,2023-04-16,2024-04-15,18931465,173608,monthly,active
P009190,C02983,A0034,motor,motor_voluntary,2026-01-01,2027-01-01,1398075,46190,quarterly,active
P009191,C01889,A0049,motor,motor_compulsory,2025-06-30,2026-06-30,1867225,90624,monthly,cancelled
P009192,C01671,A0023,motor,motor_voluntary,2024-12-03,2025-12-03,1689517,42304,quarterly,active
P009193,C02841,A0019,motor,motor_compulsory,2023-02-09,2024-02-09,675192,24510,quarterly,active
P009194,C01834,A0028,property,property_fire,2025-11-26,2026-11-26,6543349,72991,annual,active
P009195,C01490,A0022,property,property_flood,2022-08-08,2023-08-08,18311577,64297,monthly,active
P009196,C00272,A0025,property,property_allrisk,2023-09-07,2024-09-06,1170170,9510,quarterly,active
P009197,C00214,A0042,motor,motor_voluntary,2025-12-23,2026-12-23,2142786,77547,monthly,active
P009198,C02537,A0027,motor,motor_compulsory,2024-01-13,2025-01-12,489011,14565,annual,lapsed
P009199,C01304,A0034,motor,motor_voluntary,2022-12-20,2023-12-20,243929,11944,monthly,active
P009200,C01071,A0028,property,property_flood,2023-07-25,2024-07-24,8654512,63076,quarterly,active
P009201,C02078,A0010,motor,motor_voluntary,2023-06-14,2024-06-13,2222484,106812,quarterly,active
P009202,C02185,A0006,property,property_allrisk,2024-02-28,2025-02-27,12118152,138006,quarterly,active
P009203,C00810,A0047,property,property_flood,2022-05-02,2023-05-02,8448825,73544,monthly,active
P009204,C01513,A0011,property,property_allrisk,2023-03-05,2024-03-04,10472816,92380,annual,lapsed
P009205,C00051,A0019,motor,motor_compulsory,2023-11-12,2024-11-11,1230489,45666,quarterly,active
P009206,C02503,A0029,motor,motor_voluntary,2022-11-22,2023-11-22,2468981,89518,quarterly,active
P009207,C02739,A0038,motor,motor_compulsory,2023-12-15,2024-12-14,475550,11388,annual,active
P009208,C00350,A0022,property,property_flood,2022-02-17,2023-02-17,2342579,24368,monthly,active
P009209,C01035,A0043,motor,motor_voluntary,2024-01-08,2025-01-07,563293,24126,annual,active
P009210,C01166,A0009,motor,motor_voluntary,2023-06-04,2024-06-03,2482469,70129,quarterly,active
P009211,C00594,A0022,motor,motor_voluntary,2025-05-21,2026-05-21,346696,12136,monthly,active
P009212,C01626,A0023,property,property_flood,2023-07-15,2024-07-14,8179933,90383,quarterly,active
P009213,C01045,A0006,motor,motor_voluntary,2025-01-26,2026-01-26,1010308,25553,annual,lapsed
P009214,C01256,A0012,property,property_flood,2024-11-24,2025-11-24,3751180,18272,monthly,active
P009215,C02320,A0013,motor,motor_compulsory,2022-11-12,2023-11-12,674165,24570,quarterly,active
P009216,C01140,A0028,motor,motor_compulsory,2023-07-05,2024-07-04,669078,14592,quarterly,active
P009217,C02914,A0048,motor,motor_compulsory,2025-08-21,2026-08-21,1519261,72746,monthly,active
P009218,C02077,A0018,motor,motor_compulsory,2024-12-19,2025-12-19,2234123,88380,annual,active
P009219,C00158,A0008,property,property_flood,2023-01-25,2024-01-25,8507968,92087,quarterly,active
P009220,C01702,A0009,motor,motor_voluntary,2022-09-13,2023-09-13,1796465,80436,annual,active
P009221,C02036,A0048,property,property_allrisk,2023-09-10,2024-09-09,4800005,28706,annual,active
P009222,C00503,A0032,motor,motor_compulsory,2024-03-02,2025-03-02,216221,4367,annual,active
P009223,C00339,A0028,property,property_allrisk,2024-05-27,2025-05-27,4523567,15053,annual,active
P009224,C00224,A0017,motor,motor_voluntary,2023-10-02,2024-10-01,2394366,52718,monthly,active
P009225,C00852,A0034,property,property_allrisk,2022-11-15,2023-11-15,2886651,33028,monthly,lapsed
P009226,C02758,A0034,motor,motor_voluntary,2023-10-21,2024-10-20,2365118,117181,monthly,active
P009227,C01879,A0023,motor,motor_voluntary,2024-03-24,2025-03-24,1388876,63750,monthly,active
P009228,C00356,A0024,motor,motor_voluntary,2022-09-25,2023-09-25,1548463,54136,monthly,active
P009229,C02748,A0049,motor,motor_voluntary,2024-01-25,2025-01-24,1250688,57190,quarterly,active
P009230,C00234,A0030,motor,motor_compulsory,2024-03-16,2025-03-16,1546830,74934,quarterly,lapsed
P009231,C02698,A0029,property,property_fire,2026-02-23,2027-02-23,12561567,109086,monthly,active
P009232,C01736,A0010,property,property_allrisk,2025-01-12,2026-01-12,19931464,156806,monthly,active
P009233,C01688,A0027,motor,motor_compulsory,2024-11-28,2025-11-28,1897911,92901,monthly,active
P009234,C01134,A0034,motor,motor_voluntary,2024-04-27,2025-04-27,454537,18588,monthly,active
P009235,C00378,A0035,motor,motor_voluntary,2025-12-23,2026-12-23,781552,20767,annual,active
P009236,C01567,A0001,motor,motor_compulsory,2025-06-15,2026-06-15,2239057,68546,monthly,active
P009237,C01541,A0017,property,property_fire,2023-08-13,2024-08-12,4003554,47945,quarterly,cancelled
P009238,C02215,A0044,property,property_flood,2024-10-02,2025-10-02,5758704,29496,monthly,active
P009239,C02328,A0048,motor,motor_compulsory,2022-04-12,2023-04-12,1270522,35473,quarterly,active
P009240,C01256,A0042,property,property_allrisk,2023-02-18,2024-02-18,12258166,123851,monthly,active
P009241,C00535,A0029,property,property_flood,2022-02-04,2023-02-04,2560800,16418,quarterly,active
P009242,C00931,A0049,motor,motor_voluntary,2023-02-10,2024-02-10,2485422,64909,monthly,lapsed
P009243,C01403,A0028,motor,motor_voluntary,2023-04-12,2024-04-11,457351,19673,monthly,active
P009244,C00380,A0040,motor,motor_compulsory,2024-11-20,2025-11-20,1312517,56379,monthly,active
P009245,C02966,A0019,motor,motor_voluntary,2024-01-03,2025-01-02,2300412,114049,annual,active
P009246,C02339,A0023,property,property_flood,2023-10-14,2024-10-13,1837803,19169,annual,active
P009247,C01218,A0018,motor,motor_compulsory,2025-11-04,2026-11-04,243946,9601,annual,active
P009248,C00531,A0023,property,property_flood,2022-06-03,2023-06-03,16970673,98377,annual,active
P009249,C02695,A0046,motor,motor_voluntary,2023-02-03,2024-02-03,277927,11933,quarterly,cancelled
P009250,C01750,A0050,motor,motor_compulsory,2023-10-31,2024-10-30,1551114,46475,monthly,active
P009251,C02548,A0044,motor,motor_compulsory,2023-09-09,2024-09-08,470988,12010,monthly,active
P009252,C02365,A0027,motor,motor_compulsory,2023-07-24,2024-07-23,2318320,94520,quarterly,active
P009253,C00601,A0009,property,property_allrisk,2022-01-14,2023-01-14,14546088,53395,annual,active
P009254,C02740,A0050,motor,motor_compulsory,2023-07-03,2024-07-02,1207539,25024,quarterly,active
P009255,C01146,A0031,property,property_flood,2024-01-19,2025-01-18,4809775,15799,monthly,lapsed
P009256,C02122,A0047,motor,motor_compulsory,2025-05-13,2026-05-13,1884541,56033,annual,active
P009257,C00667,A0023,motor,motor_voluntary,2025-04-12,2026-04-12,1606857,74517,annual,active
P009258,C00369,A0026,property,property_allrisk,2024-10-15,2025-10-15,8717100,50059,monthly,active
P009259,C00847,A0021,property,property_flood,2025-10-18,2026-10-18,17519929,78152,monthly,active
P009260,C00036,A0025,motor,motor_compulsory,2023-09-13,2024-09-12,1937686,73006,quarterly,active
P009261,C00691,A0010,motor,motor_compulsory,2024-05-30,2025-05-30,2025690,46894,annual,active
P009262,C00352,A0008,motor,motor_voluntary,2023-05-29,2024-05-28,587179,12731,quarterly,cancelled
P009263,C02503,A0027,motor,motor_compulsory,2025-10-10,2026-10-10,1521669,60834,quarterly,active
P009264,C01841,A0041,motor,motor_compulsory,2023-06-21,2024-06-20,346949,8049,annual,lapsed
P009265,C00627,A0046,motor,motor_voluntary,2023-03-10,2024-03-09,736678,27720,annual,active
P009266,C00966,A0002,motor,motor_voluntary,2024-06-13,2025-06-13,1336602,55112,monthly,lapsed
P009267,C01853,A0045,motor,motor_compulsory,2022-12-23,2023-12-23,2063245,55251,quarterly,active
P009268,C00396,A0008,motor,motor_compulsory,2023-11-09,2024-11-08,1161811,27008,annual,active
P009269,C00059,A0025,motor,motor_compulsory,2023-12-19,2024-12-18,1100045,25277,quarterly,lapsed
P009270,C02071,A0027,motor,motor_compulsory,2024-08-29,2025-08-29,704709,33405,monthly,active
P009271,C01952,A0042,motor,motor_voluntary,2024-02-13,2025-02-12,867296,28536,annual,lapsed
P009272,C02844,A0003,motor,motor_compulsory,2023-07-22,2024-07-21,960249,38209,annual,active
P009273,C01198,A0050,motor,motor_voluntary,2025-10-15,2026-10-15,1019990,44523,monthly,active
P009274,C01440,A0046,motor,motor_compulsory,2024-02-02,2025-02-01,2205590,69135,annual,active
P009275,C00940,A0036,motor,motor_voluntary,2025-06-10,2026-06-10,1068409,28470,monthly,active
P009276,C01630,A0030,motor,motor_compulsory,2023-11-16,2024-11-15,848374,29611,quarterly,active
P009277,C02120,A0049,motor,motor_voluntary,2024-07-19,2025-07-19,1935546,74822,annual,active
P009278,C02198,A0042,motor,motor_compulsory,2023-08-07,2024-08-06,705207,32455,annual,active
P009279,C01927,A0033,property,property_fire,2026-03-19,2027-03-19,2395105,21824,monthly,active
P009280,C01966,A0018,motor,motor_voluntary,2025-11-13,2026-11-13,1902018,48018,quarterly,active
P009281,C02176,A0045,motor,motor_voluntary,2025-08-05,2026-08-05,278571,12625,quarterly,lapsed
P009282,C02604,A0012,motor,motor_compulsory,2023-04-23,2024-04-22,985982,41278,quarterly,active
P009283,C02134,A0029,property,property_flood,2023-03-15,2024-03-14,11949631,93651,monthly,lapsed
P009284,C02967,A0041,motor,motor_voluntary,2022-02-16,2023-02-16,1565750,55102,quarterly,active
P009285,C00887,A0006,property,property_allrisk,2023-10-10,2024-10-09,3632353,13348,quarterly,active
P009286,C00072,A0004,property,property_allrisk,2024-04-22,2025-04-22,1984731,9351,quarterly,active
P009287,C02028,A0023,motor,motor_compulsory,2025-09-03,2026-09-03,1610086,53094,quarterly,active
P009288,C02906,A0012,motor,motor_voluntary,2023-02-16,2024-02-16,1108971,53263,quarterly,cancelled
P009289,C01256,A0016,motor,motor_compulsory,2024-12-03,2025-12-03,1111329,41541,monthly,active
P009290,C02802,A0019,motor,motor_voluntary,2023-09-02,2024-09-01,1944207,97171,monthly,active
P009291,C01363,A0040,property,property_flood,2022-11-15,2023-11-15,17146174,203421,monthly,active
P009292,C01661,A0046,motor,motor_voluntary,2022-03-15,2023-03-15,573650,11540,annual,cancelled
P009293,C00611,A0009,property,property_allrisk,2024-01-06,2025-01-05,11797660,101874,monthly,active
P009294,C01107,A0024,motor,motor_compulsory,2025-02-21,2026-02-21,1282706,59519,quarterly,lapsed
P009295,C01318,A0024,property,property_flood,2023-08-06,2024-08-05,13785442,151244,quarterly,active
P009296,C01977,A0015,motor,motor_voluntary,2023-12-28,2024-12-27,2426397,92805,annual,active
P009297,C02856,A0022,motor,motor_compulsory,2024-05-06,2025-05-06,2112294,80088,monthly,active
P009298,C00134,A0004,motor,motor_voluntary,2022-12-08,2023-12-08,1321027,41390,annual,active
P009299,C00288,A0046,motor,motor_voluntary,2022-06-25,2023-06-25,469566,17115,quarterly,active
P009300,C02902,A0029,motor,motor_voluntary,2023-12-17,2024-12-16,1148765,32708,annual,lapsed
P009301,C00209,A0039,property,property_flood,2025-09-04,2026-09-04,11020296,123275,quarterly,active
P009302,C02328,A0038,property,property_flood,2023-01-18,2024-01-18,16135080,108587,monthly,active
P009303,C01510,A0003,motor,motor_compulsory,2024-04-30,2025-04-30,2142214,98274,monthly,active
P009304,C02443,A0025,motor,motor_voluntary,2024-01-19,2025-01-18,2468975,82151,annual,active
P009305,C00119,A0027,motor,motor_compulsory,2024-12-07,2025-12-07,2397793,77344,annual,lapsed
P009306,C00475,A0026,motor,motor_voluntary,2022-04-23,2023-04-23,870391,38128,quarterly,active
P009307,C00044,A0048,property,property_fire,2024-09-27,2025-09-27,15558011,137252,monthly,active
P009308,C02887,A0011,property,property_flood,2024-02-02,2025-02-01,8301461,36211,quarterly,active
P009309,C02161,A0001,property,property_flood,2024-03-18,2025-03-18,1429696,10858,quarterly,active
P009310,C01064,A0049,property,property_flood,2024-05-07,2025-05-07,19122110,123203,annual,active
P009311,C02993,A0010,motor,motor_voluntary,2024-02-05,2025-02-04,1233073,51788,monthly,active
P009312,C00963,A0044,motor,motor_voluntary,2022-02-08,2023-02-08,445669,20869,annual,active
P009313,C00935,A0049,property,property_flood,2024-02-07,2025-02-06,13996141,118004,monthly,active
P009314,C01985,A0040,property,property_allrisk,2023-06-03,2024-06-02,2578623,29042,monthly,active
P009315,C00520,A0026,motor,motor_voluntary,2024-04-26,2025-04-26,1960028,49453,quarterly,lapsed
P009316,C01096,A0033,property,property_allrisk,2024-09-23,2025-09-23,8964383,59493,quarterly,active
P009317,C01616,A0003,motor,motor_voluntary,2026-04-10,2027-04-10,2056839,95720,quarterly,active
P009318,C02724,A0014,motor,motor_compulsory,2023-02-21,2024-02-21,1690802,46941,annual,active
P009319,C02095,A0013,motor,motor_voluntary,2022-05-07,2023-05-07,581388,16498,annual,active
P009320,C00416,A0001,motor,motor_voluntary,2022-08-06,2023-08-06,1435075,35924,annual,active
P009321,C00642,A0004,motor,motor_voluntary,2023-08-16,2024-08-15,865903,23669,monthly,cancelled
P009322,C02524,A0029,motor,motor_compulsory,2024-08-01,2025-08-01,1155553,35288,annual,active
P009323,C02851,A0014,motor,motor_voluntary,2023-07-30,2024-07-29,705900,28770,quarterly,active
P009324,C00986,A0022,motor,motor_voluntary,2025-01-12,2026-01-12,1651381,75711,quarterly,active
P009325,C02206,A0043,motor,motor_voluntary,2022-09-26,2023-09-26,1390275,54099,quarterly,cancelled
P009326,C00207,A0026,motor,motor_compulsory,2025-07-19,2026-07-19,2007928,70935,monthly,active
P009327,C02559,A0005,motor,motor_voluntary,2024-03-20,2025-03-20,1420888,43849,annual,lapsed
P009328,C02019,A0003,property,property_allrisk,2022-03-16,2023-03-16,18934179,144625,monthly,active
P009329,C00923,A0045,motor,motor_voluntary,2026-04-06,2027-04-06,1945271,46062,quarterly,lapsed
P009330,C02193,A0006,motor,motor_compulsory,2022-07-29,2023-07-29,1523453,71582,annual,active
P009331,C00261,A0011,motor,motor_compulsory,2024-01-17,2025-01-16,561215,22387,monthly,active
P009332,C00420,A0044,motor,motor_compulsory,2022-06-18,2023-06-18,1496869,34209,monthly,active
P009333,C00132,A0001,property,property_fire,2023-10-02,2024-10-01,4973467,20302,monthly,active
P009334,C01553,A0047,motor,motor_voluntary,2025-05-17,2026-05-17,2016007,61260,annual,active
P009335,C02630,A0026,motor,motor_compulsory,2023-05-07,2024-05-06,2181093,77239,quarterly,lapsed
P009336,C00813,A0029,motor,motor_voluntary,2025-07-09,2026-07-09,331163,12848,quarterly,active
P009337,C00637,A0012,motor,motor_compulsory,2025-10-31,2026-10-31,512749,16238,monthly,active
P009338,C01212,A0048,motor,motor_compulsory,2025-08-23,2026-08-23,1067495,44408,monthly,active
P009339,C01855,A0035,property,property_flood,2025-05-01,2026-05-01,16931208,77854,quarterly,active
P009340,C00597,A0020,motor,motor_compulsory,2023-03-06,2024-03-05,629864,17178,monthly,lapsed
P009341,C02775,A0003,motor,motor_voluntary,2024-04-21,2025-04-21,773627,17414,monthly,lapsed
P009342,C02280,A0024,motor,motor_compulsory,2024-04-25,2025-04-25,2327550,109152,monthly,active
P009343,C01268,A0032,motor,motor_compulsory,2023-05-15,2024-05-14,224056,8322,quarterly,active
P009344,C00188,A0050,property,property_allrisk,2022-02-26,2023-02-26,1610242,12916,annual,active
P009345,C02864,A0032,motor,motor_compulsory,2023-11-06,2024-11-05,2293627,83174,annual,active
P009346,C01352,A0024,property,property_allrisk,2025-06-28,2026-06-28,4406001,45464,monthly,active
P009347,C01136,A0005,motor,motor_compulsory,2022-08-11,2023-08-11,1733477,60681,quarterly,active
P009348,C01816,A0020,motor,motor_voluntary,2023-10-17,2024-10-16,2422254,56222,annual,active
P009349,C01134,A0032,property,property_allrisk,2024-06-17,2025-06-17,7402896,79854,quarterly,active
P009350,C00276,A0001,property,property_flood,2023-08-14,2024-08-13,9094749,85611,monthly,active
P009351,C01416,A0040,motor,motor_compulsory,2024-03-24,2025-03-24,1091498,46851,monthly,active
P009352,C02387,A0032,motor,motor_compulsory,2025-05-13,2026-05-13,1948290,73619,annual,active
P009353,C01766,A0027,motor,motor_voluntary,2023-07-26,2024-07-25,465688,15145,quarterly,active
P009354,C00193,A0050,motor,motor_voluntary,2023-03-18,2024-03-17,2314271,66748,annual,cancelled
P009355,C02195,A0028,motor,motor_compulsory,2024-02-27,2025-02-26,1286675,28027,quarterly,cancelled
P009356,C01636,A0010,motor,motor_voluntary,2024-06-01,2025-06-01,1859515,51094,quarterly,lapsed
P009357,C00444,A0041,motor,motor_voluntary,2026-04-02,2027-04-02,854160,27010,quarterly,lapsed
P009358,C02802,A0006,property,property_allrisk,2026-03-19,2027-03-19,3911324,46167,monthly,active
P009359,C02352,A0009,motor,motor_compulsory,2024-09-20,2025-09-20,649983,13470,quarterly,active
P009360,C00034,A0037,motor,motor_compulsory,2025-10-10,2026-10-10,950779,23370,monthly,active
P009361,C01758,A0003,motor,motor_voluntary,2025-03-06,2026-03-06,542710,26381,monthly,active
P009362,C00850,A0033,motor,motor_compulsory,2025-01-06,2026-01-06,1021726,37483,monthly,active
P009363,C00488,A0015,motor,motor_compulsory,2023-12-14,2024-12-13,2424052,101977,monthly,active
P009364,C00178,A0045,motor,motor_compulsory,2023-04-30,2024-04-29,1556671,53230,annual,active
P009365,C02174,A0050,motor,motor_compulsory,2024-11-06,2025-11-06,599916,17047,monthly,lapsed
P009366,C02214,A0001,motor,motor_voluntary,2023-01-08,2024-01-08,2171899,46130,annual,active
P009367,C00407,A0038,motor,motor_voluntary,2024-12-26,2025-12-26,248539,5850,annual,active
P009368,C02638,A0047,property,property_allrisk,2024-03-15,2025-03-15,19991583,145009,quarterly,active
P009369,C01154,A0008,motor,motor_voluntary,2024-08-06,2025-08-06,1700102,67637,annual,active
P009370,C00260,A0024,property,property_flood,2025-07-05,2026-07-05,9074095,99157,quarterly,active
P009371,C01963,A0005,motor,motor_voluntary,2023-09-19,2024-09-18,2046211,101221,annual,active
P009372,C00909,A0003,property,property_flood,2022-10-06,2023-10-06,10122073,85652,quarterly,cancelled
P009373,C02425,A0045,motor,motor_compulsory,2024-02-14,2025-02-13,2472940,86803,quarterly,active
P009374,C01548,A0014,motor,motor_voluntary,2023-01-17,2024-01-17,1271026,35531,quarterly,cancelled
P009375,C00388,A0023,property,property_fire,2023-11-23,2024-11-22,16429273,123112,monthly,active
P009376,C00329,A0047,motor,motor_compulsory,2024-02-11,2025-02-10,1984150,45906,monthly,active
P009377,C00233,A0039,motor,motor_voluntary,2024-02-17,2025-02-16,1619040,33718,monthly,active
P009378,C01476,A0003,motor,motor_voluntary,2023-06-07,2024-06-06,917351,23591,monthly,active
P009379,C00371,A0010,property,property_fire,2025-07-29,2026-07-29,18743834,163078,monthly,active
P009380,C00603,A0028,motor,motor_voluntary,2023-11-06,2024-11-05,2167454,71590,quarterly,active
P009381,C00555,A0045,property,property_flood,2023-10-24,2024-10-23,1657325,15160,quarterly,active
P009382,C01719,A0001,motor,motor_compulsory,2025-05-28,2026-05-28,1404692,58493,monthly,active
P009383,C02187,A0022,motor,motor_compulsory,2022-05-13,2023-05-13,1940441,62405,annual,active
P009384,C01490,A0025,property,property_allrisk,2023-12-10,2024-12-09,4178310,48375,quarterly,active
P009385,C00836,A0013,motor,motor_voluntary,2025-07-26,2026-07-26,1675287,60551,annual,active
P009386,C00761,A0013,motor,motor_voluntary,2023-11-12,2024-11-11,1880139,64068,quarterly,active
P009387,C00293,A0020,motor,motor_voluntary,2026-02-04,2027-02-04,1716358,55193,monthly,lapsed
P009388,C01721,A0039,motor,motor_compulsory,2023-05-14,2024-05-13,1127393,24142,annual,active
P009389,C00116,A0021,motor,motor_voluntary,2024-02-17,2025-02-16,1290673,37452,monthly,active
P009390,C01571,A0016,motor,motor_voluntary,2024-11-16,2025-11-16,321256,7413,quarterly,lapsed
P009391,C00747,A0037,motor,motor_compulsory,2022-10-23,2023-10-23,1642733,49133,annual,active
P009392,C01755,A0002,motor,motor_voluntary,2023-08-30,2024-08-29,2466580,93572,quarterly,active
P009393,C02144,A0042,motor,motor_compulsory,2023-01-09,2024-01-09,570065,23691,annual,active
P009394,C01010,A0048,motor,motor_compulsory,2024-11-01,2025-11-01,894953,32522,monthly,active
P009395,C02886,A0006,property,property_flood,2023-11-03,2024-11-02,10681287,124373,monthly,active
P009396,C02556,A0003,motor,motor_compulsory,2023-03-09,2024-03-08,843433,20013,monthly,active
P009397,C01159,A0019,motor,motor_compulsory,2023-04-20,2024-04-19,1579675,60911,quarterly,active
P009398,C01893,A0022,motor,motor_voluntary,2024-05-14,2025-05-14,1513134,44467,monthly,active
P009399,C02275,A0030,motor,motor_compulsory,2025-02-16,2026-02-16,1913228,89329,monthly,active
P009400,C01014,A0035,motor,motor_voluntary,2024-08-30,2025-08-30,768425,30848,annual,active
P009401,C00043,A0020,property,property_flood,2022-01-20,2023-01-20,6545362,70979,quarterly,active
P009402,C02084,A0041,motor,motor_compulsory,2024-11-23,2025-11-23,531644,21590,annual,active
P009403,C00315,A0027,motor,motor_voluntary,2022-01-21,2023-01-21,410549,13465,annual,active
P009404,C02498,A0033,motor,motor_voluntary,2024-10-15,2025-10-15,898119,22307,monthly,active
P009405,C02887,A0045,property,property_flood,2023-03-27,2024-03-26,12788082,39277,annual,active
P009406,C01432,A0030,property,property_fire,2022-06-19,2023-06-19,4402219,19641,monthly,lapsed
P009407,C01467,A0006,motor,motor_compulsory,2025-04-19,2026-04-19,2347090,95912,annual,active
P009408,C00655,A0044,motor,motor_voluntary,2024-10-05,2025-10-05,811035,23333,quarterly,active
P009409,C00497,A0037,property,property_fire,2025-01-29,2026-01-29,16484171,161738,monthly,active
P009410,C02076,A0046,property,property_allrisk,2023-04-18,2024-04-17,14138656,94784,annual,active
P009411,C00395,A0046,motor,motor_voluntary,2024-06-16,2025-06-16,812074,21844,quarterly,lapsed
P009412,C02214,A0015,motor,motor_compulsory,2022-03-27,2023-03-27,1768393,60475,annual,active
P009413,C02260,A0044,motor,motor_voluntary,2023-12-24,2024-12-23,650330,32493,quarterly,active
P009414,C01388,A0002,motor,motor_voluntary,2023-05-22,2024-05-21,2475888,98715,quarterly,active
P009415,C02290,A0034,property,property_flood,2025-09-18,2026-09-18,1645163,12446,annual,active
P009416,C02629,A0033,motor,motor_compulsory,2025-06-09,2026-06-09,1435372,56471,annual,active
P009417,C00744,A0009,motor,motor_compulsory,2024-04-10,2025-04-10,361898,17177,quarterly,cancelled
P009418,C02936,A0033,motor,motor_compulsory,2025-06-29,2026-06-29,806160,20956,annual,active
P009419,C02384,A0030,motor,motor_compulsory,2024-06-05,2025-06-05,906098,19083,annual,active
P009420,C00037,A0033,property,property_allrisk,2023-01-28,2024-01-28,16673258,112824,quarterly,active
P009421,C00584,A0047,motor,motor_voluntary,2024-10-09,2025-10-09,1401838,44221,monthly,active
P009422,C00095,A0037,property,property_allrisk,2024-04-28,2025-04-28,3400021,18639,monthly,active
P009423,C00873,A0044,property,property_allrisk,2022-11-18,2023-11-18,13944738,116310,monthly,active
P009424,C00954,A0007,motor,motor_voluntary,2023-07-02,2024-07-01,1866369,64913,quarterly,active
P009425,C01280,A0017,motor,motor_voluntary,2023-10-08,2024-10-07,1702184,71537,annual,lapsed
P009426,C01491,A0045,motor,motor_voluntary,2023-04-03,2024-04-02,671871,14282,annual,active
P009427,C02701,A0020,motor,motor_voluntary,2025-08-14,2026-08-14,1477569,65643,quarterly,lapsed
P009428,C01978,A0037,property,property_flood,2022-12-20,2023-12-20,1035033,4542,quarterly,active
P009429,C01848,A0047,motor,motor_voluntary,2025-08-12,2026-08-12,844063,20411,quarterly,active
P009430,C00641,A0025,property,property_flood,2023-10-02,2024-10-01,5246680,19127,quarterly,active
P009431,C01805,A0034,motor,motor_voluntary,2026-02-08,2027-02-08,2102542,61608,quarterly,active
P009432,C02346,A0009,property,property_flood,2025-03-20,2026-03-20,19131222,165345,quarterly,lapsed
P009433,C00599,A0016,property,property_fire,2024-09-18,2025-09-18,15079215,100955,annual,active
P009434,C02545,A0031,property,property_fire,2024-11-04,2025-11-04,6707442,31484,quarterly,lapsed
P009435,C00174,A0047,motor,motor_compulsory,2025-03-15,2026-03-15,2237198,84575,quarterly,active
P009436,C02110,A0043,property,property_allrisk,2024-04-15,2025-04-15,8730395,42282,annual,lapsed
P009437,C00913,A0028,motor,motor_voluntary,2025-11-30,2026-11-30,1472223,61515,annual,active
P009438,C02154,A0016,motor,motor_voluntary,2024-01-15,2025-01-14,488639,11927,annual,active
P009439,C00845,A0020,motor,motor_compulsory,2023-03-07,2024-03-06,1297394,60009,quarterly,cancelled
P009440,C02478,A0011,motor,motor_compulsory,2025-05-15,2026-05-15,2429676,80398,annual,cancelled
P009441,C02074,A0036,property,property_allrisk,2024-01-30,2025-01-29,17514498,71538,monthly,active
P009442,C02812,A0011,property,property_allrisk,2024-04-10,2025-04-10,18499580,173605,monthly,active
P009443,C00016,A0013,property,property_flood,2024-02-18,2025-02-17,8209336,63986,quarterly,active
P009444,C00345,A0027,motor,motor_compulsory,2023-04-26,2024-04-25,908801,28509,annual,active
P009445,C02283,A0011,motor,motor_compulsory,2024-05-27,2025-05-27,1248022,27778,quarterly,lapsed
P009446,C01202,A0023,motor,motor_voluntary,2022-01-26,2023-01-26,2001719,59310,monthly,active
P009447,C00328,A0023,property,property_flood,2025-10-04,2026-10-04,4361920,43177,annual,active
P009448,C00693,A0011,property,property_flood,2023-10-15,2024-10-14,8258678,84376,annual,cancelled
P009449,C00997,A0024,property,property_fire,2022-09-01,2023-09-01,15749857,71175,annual,active
P009450,C00073,A0024,motor,motor_compulsory,2022-08-06,2023-08-06,477725,22567,quarterly,active
P009451,C02872,A0049,property,property_allrisk,2024-02-25,2025-02-24,8853475,80177,quarterly,lapsed
P009452,C01784,A0044,motor,motor_voluntary,2024-11-12,2025-11-12,218965,4845,annual,lapsed
P009453,C02331,A0006,property,property_allrisk,2022-11-18,2023-11-18,18964259,152419,annual,lapsed
P009454,C02024,A0050,motor,motor_compulsory,2023-10-16,2024-10-15,1083287,30260,monthly,active
P009455,C01809,A0046,motor,motor_compulsory,2023-01-22,2024-01-22,572435,19621,quarterly,active
P009456,C00692,A0007,motor,motor_compulsory,2024-09-30,2025-09-30,2293672,77856,quarterly,active
P009457,C02515,A0005,motor,motor_voluntary,2024-05-26,2025-05-26,784476,37001,monthly,active
P009458,C00777,A0008,property,property_allrisk,2023-03-23,2024-03-22,15643193,67981,monthly,active
P009459,C02696,A0050,motor,motor_voluntary,2024-09-28,2025-09-28,1558825,76954,quarterly,active
P009460,C01253,A0026,property,property_allrisk,2024-01-31,2025-01-30,12760791,113974,annual,active
P009461,C01744,A0023,motor,motor_compulsory,2023-08-10,2024-08-09,697119,16896,monthly,lapsed
P009462,C00481,A0050,motor,motor_compulsory,2022-08-02,2023-08-02,1301709,59604,monthly,active
P009463,C00884,A0003,property,property_flood,2025-10-24,2026-10-24,17423487,200295,annual,active
P009464,C01607,A0007,motor,motor_voluntary,2024-09-18,2025-09-18,1411186,34504,quarterly,active
P009465,C00728,A0017,property,property_fire,2025-05-09,2026-05-09,9586398,56344,annual,active
P009466,C00846,A0001,motor,motor_compulsory,2023-02-28,2024-02-28,426338,10353,quarterly,active
P009467,C01159,A0031,motor,motor_voluntary,2023-05-01,2024-04-30,565607,27009,quarterly,active
P009468,C01839,A0018,property,property_fire,2025-11-08,2026-11-08,11184002,90749,quarterly,active
P009469,C02558,A0004,motor,motor_voluntary,2023-08-16,2024-08-15,2025870,82956,annual,active
P009470,C02107,A0015,motor,motor_compulsory,2025-01-07,2026-01-07,698726,31570,quarterly,active
P009471,C02195,A0012,motor,motor_voluntary,2025-02-04,2026-02-04,488431,10433,annual,active
P009472,C01418,A0026,property,property_allrisk,2023-02-06,2024-02-06,5739305,30605,annual,lapsed
P009473,C02995,A0012,motor,motor_compulsory,2022-01-16,2023-01-16,1423394,57664,quarterly,active
P009474,C01454,A0005,motor,motor_voluntary,2024-04-28,2025-04-28,2319310,61092,quarterly,active
P009475,C01039,A0016,motor,motor_voluntary,2023-03-04,2024-03-03,764430,16594,monthly,active
P009476,C02346,A0031,motor,motor_voluntary,2023-04-05,2024-04-04,641985,17905,monthly,active
P009477,C00866,A0004,motor,motor_voluntary,2024-03-26,2025-03-26,426212,18450,quarterly,active
P009478,C00780,A0048,motor,motor_compulsory,2023-11-03,2024-11-02,1222537,40088,annual,active
P009479,C01730,A0017,motor,motor_voluntary,2023-11-20,2024-11-19,608073,24181,monthly,active
P009480,C00940,A0014,property,property_fire,2023-08-11,2024-08-10,2451605,21729,monthly,active
P009481,C02249,A0049,property,property_allrisk,2022-10-22,2023-10-22,10624805,107836,annual,active
P009482,C02167,A0027,property,property_fire,2023-04-03,2024-04-02,2206192,8658,annual,active
P009483,C01688,A0006,motor,motor_voluntary,2022-08-11,2023-08-11,1190269,38414,quarterly,active
P009484,C02348,A0014,motor,motor_voluntary,2025-06-06,2026-06-06,1618190,60362,annual,active
P009485,C00528,A0046,property,property_flood,2023-01-20,2024-01-20,19441854,144777,monthly,active
P009486,C01202,A0030,motor,motor_compulsory,2024-10-07,2025-10-07,937569,29210,annual,lapsed
P009487,C02792,A0030,property,property_fire,2025-11-23,2026-11-23,17155740,76506,monthly,active
P009488,C01941,A0016,motor,motor_compulsory,2023-11-09,2024-11-08,1742877,54606,quarterly,active
P009489,C02709,A0029,motor,motor_compulsory,2025-09-03,2026-09-03,852659,39077,monthly,active
P009490,C02057,A0042,property,property_fire,2024-01-13,2025-01-12,1880722,10942,quarterly,lapsed
P009491,C00331,A0034,motor,motor_compulsory,2025-01-21,2026-01-21,1134197,24233,quarterly,lapsed
P009492,C01967,A0024,motor,motor_voluntary,2025-03-20,2026-03-20,1767270,50274,monthly,lapsed
P009493,C00633,A0002,motor,motor_compulsory,2023-07-27,2024-07-26,1823391,43743,annual,lapsed
P009494,C01861,A0040,property,property_fire,2023-04-24,2024-04-23,3991854,20195,annual,active
P009495,C00886,A0050,motor,motor_voluntary,2023-10-01,2024-09-30,751427,20255,annual,active
P009496,C01864,A0010,motor,motor_voluntary,2022-10-09,2023-10-09,1287191,43800,annual,active
P009497,C02012,A0009,motor,motor_voluntary,2026-04-12,2027-04-12,2329659,75321,quarterly,active
P009498,C02908,A0024,motor,motor_compulsory,2025-10-20,2026-10-20,1794759,36088,quarterly,active
P009499,C00494,A0035,motor,motor_voluntary,2025-05-19,2026-05-19,2067816,45745,annual,active
P009500,C01659,A0011,motor,motor_voluntary,2026-01-09,2027-01-09,1625624,58410,monthly,active
P009501,C02621,A0007,motor,motor_compulsory,2024-12-16,2025-12-16,612709,21062,annual,active
P009502,C02729,A0028,motor,motor_compulsory,2025-04-18,2026-04-18,286574,9675,monthly,active
P009503,C02912,A0014,property,property_flood,2023-01-01,2024-01-01,7746866,33500,annual,active
P009504,C01710,A0002,property,property_flood,2022-11-25,2023-11-25,16482980,83898,quarterly,lapsed
P009505,C00294,A0034,motor,motor_compulsory,2023-04-29,2024-04-28,2009213,56171,annual,active
P009506,C02898,A0018,motor,motor_compulsory,2024-09-25,2025-09-25,355955,12019,annual,lapsed
P009507,C01949,A0050,property,property_fire,2024-08-02,2025-08-02,5112796,26161,annual,active
P009508,C00342,A0012,property,property_flood,2025-10-21,2026-10-21,7411837,47087,annual,lapsed
P009509,C00814,A0042,property,property_flood,2023-12-15,2024-12-14,12520523,74502,annual,active
P009510,C01327,A0041,motor,motor_compulsory,2023-09-10,2024-09-09,2488643,101669,annual,active
P009511,C00995,A0011,property,property_flood,2022-12-23,2023-12-23,8759026,77612,annual,active
P009512,C02702,A0007,motor,motor_voluntary,2023-02-25,2024-02-25,1155804,46503,monthly,active
P009513,C00569,A0001,motor,motor_compulsory,2024-03-16,2025-03-16,1806252,51811,quarterly,active
P009514,C00734,A0040,motor,motor_voluntary,2026-02-02,2027-02-02,434010,12181,annual,active
P009515,C02771,A0001,motor,motor_compulsory,2023-01-15,2024-01-15,2210514,66230,monthly,active
P009516,C02372,A0030,motor,motor_voluntary,2022-10-25,2023-10-25,2474493,71766,monthly,active
P009517,C01981,A0004,motor,motor_compulsory,2025-07-16,2026-07-16,1742147,51843,annual,active
P009518,C01133,A0028,motor,motor_compulsory,2025-12-27,2026-12-27,518967,17885,monthly,lapsed
P009519,C01277,A0035,motor,motor_compulsory,2023-10-24,2024-10-23,1858634,64244,monthly,active
P009520,C02775,A0022,motor,motor_voluntary,2024-11-25,2025-11-25,1046058,27216,quarterly,active
P009521,C00469,A0002,property,property_flood,2026-02-19,2027-02-19,3879107,14193,annual,active
P009522,C02606,A0041,motor,motor_compulsory,2023-09-20,2024-09-19,1972851,56828,annual,active
P009523,C00051,A0010,motor,motor_compulsory,2023-10-15,2024-10-14,467680,17878,quarterly,active
P009524,C01768,A0034,property,property_fire,2023-06-15,2024-06-14,7338401,87352,annual,active
P009525,C01017,A0041,property,property_allrisk,2025-10-11,2026-10-11,7108218,76930,monthly,active
P009526,C02571,A0008,motor,motor_voluntary,2023-02-02,2024-02-02,1689816,54517,quarterly,active
P009527,C01909,A0036,motor,motor_compulsory,2025-11-23,2026-11-23,579502,21405,monthly,active
P009528,C00982,A0004,motor,motor_compulsory,2025-04-18,2026-04-18,2341290,80209,quarterly,active
P009529,C02125,A0027,motor,motor_voluntary,2023-09-01,2024-08-31,1862455,92678,monthly,active
P009530,C02899,A0023,property,property_flood,2024-05-02,2025-05-02,11351774,79650,monthly,active
P009531,C01256,A0038,motor,motor_voluntary,2023-04-22,2024-04-21,243159,9192,annual,active
P009532,C02606,A0030,motor,motor_voluntary,2026-03-07,2027-03-07,1584465,55781,annual,active
P009533,C01041,A0023,property,property_flood,2025-01-01,2026-01-01,4026903,39745,monthly,active
P009534,C00062,A0034,motor,motor_compulsory,2025-09-24,2026-09-24,1361944,43878,monthly,active
P009535,C00080,A0012,property,property_flood,2023-11-27,2024-11-26,4461433,49678,monthly,active
P009536,C02997,A0038,property,property_flood,2023-08-22,2024-08-21,14866871,109113,monthly,active
P009537,C00986,A0038,motor,motor_voluntary,2026-03-23,2027-03-23,767080,24269,annual,active
P009538,C02253,A0028,property,property_allrisk,2023-12-14,2024-12-13,8295590,34708,quarterly,active
P009539,C01765,A0038,motor,motor_compulsory,2024-04-29,2025-04-29,539970,22520,quarterly,active
P009540,C02557,A0027,property,property_flood,2023-09-09,2024-09-08,11092887,94908,annual,active
P009541,C02105,A0006,motor,motor_voluntary,2024-10-11,2025-10-11,695165,27125,annual,active
P009542,C00081,A0001,motor,motor_compulsory,2025-07-22,2026-07-22,2117302,90736,quarterly,active
P009543,C02599,A0013,property,property_fire,2025-10-16,2026-10-16,18443988,74167,annual,active
P009544,C01014,A0006,motor,motor_compulsory,2025-12-26,2026-12-26,1641480,76779,monthly,active
P009545,C00747,A0003,property,property_flood,2023-02-25,2024-02-25,15969982,143176,quarterly,cancelled
P009546,C02075,A0019,property,property_flood,2024-08-28,2025-08-28,3107349,28058,monthly,lapsed
P009547,C02758,A0028,property,property_fire,2024-08-20,2025-08-20,7002260,70230,annual,active
P009548,C01885,A0037,motor,motor_voluntary,2023-07-03,2024-07-02,727344,23467,monthly,active
P009549,C00129,A0005,property,property_allrisk,2025-11-27,2026-11-27,15851340,183144,quarterly,active
P009550,C01014,A0019,motor,motor_compulsory,2025-07-24,2026-07-24,650021,32464,monthly,active
P009551,C01149,A0006,property,property_allrisk,2022-02-24,2023-02-24,1084819,5637,quarterly,active
P009552,C01814,A0008,motor,motor_voluntary,2026-03-12,2027-03-12,2344707,82359,quarterly,active
P009553,C02268,A0041,property,property_fire,2024-08-08,2025-08-08,8176198,25375,quarterly,active
P009554,C00272,A0012,property,property_allrisk,2023-01-16,2024-01-16,15507110,60153,monthly,active
P009555,C02126,A0047,property,property_allrisk,2025-10-17,2026-10-17,16750990,121875,quarterly,active
P009556,C01265,A0026,motor,motor_voluntary,2024-04-05,2025-04-05,218250,6502,annual,active
P009557,C01528,A0040,property,property_fire,2025-10-15,2026-10-15,15261296,149613,monthly,active
P009558,C01597,A0038,property,property_flood,2026-02-03,2027-02-03,10592690,56949,monthly,active
P009559,C00411,A0028,motor,motor_voluntary,2025-04-01,2026-04-01,1915356,40650,monthly,active
P009560,C02740,A0038,motor,motor_voluntary,2024-05-25,2025-05-25,1295855,40505,quarterly,active
P009561,C01076,A0034,motor,motor_compulsory,2025-02-27,2026-02-27,526912,20726,monthly,active
P009562,C00517,A0020,motor,motor_voluntary,2022-09-29,2023-09-29,1572702,57131,quarterly,active
P009563,C02157,A0037,motor,motor_compulsory,2022-05-15,2023-05-15,2125738,45394,monthly,active
P009564,C02223,A0042,motor,motor_voluntary,2023-01-05,2024-01-05,701872,29915,monthly,active
P009565,C00948,A0011,motor,motor_voluntary,2026-03-22,2027-03-22,433128,19874,annual,active
P009566,C01048,A0040,motor,motor_compulsory,2024-09-05,2025-09-05,893745,31406,quarterly,lapsed
P009567,C02512,A0016,property,property_allrisk,2023-06-28,2024-06-27,15433589,137450,quarterly,active
P009568,C02485,A0020,motor,motor_compulsory,2023-10-23,2024-10-22,1666202,37949,monthly,lapsed
P009569,C01436,A0011,property,property_allrisk,2022-03-30,2023-03-30,2345666,19463,monthly,lapsed
P009570,C01487,A0011,motor,motor_compulsory,2023-10-28,2024-10-27,202812,8503,quarterly,active
P009571,C01978,A0002,property,property_allrisk,2025-02-16,2026-02-16,9201235,86283,annual,active
P009572,C01935,A0012,motor,motor_voluntary,2023-09-28,2024-09-27,1396448,42816,monthly,cancelled
P009573,C00764,A0011,motor,motor_compulsory,2025-03-27,2026-03-27,1037860,45858,annual,active
P009574,C01968,A0003,motor,motor_compulsory,2024-01-07,2025-01-06,2392257,61601,monthly,cancelled
P009575,C02252,A0044,property,property_allrisk,2023-01-08,2024-01-08,12974168,114174,quarterly,active
P009576,C00233,A0038,motor,motor_compulsory,2024-12-30,2025-12-30,1951226,59855,quarterly,active
P009577,C02950,A0019,motor,motor_compulsory,2025-08-26,2026-08-26,2215187,44869,monthly,active
P009578,C02537,A0012,motor,motor_compulsory,2024-08-01,2025-08-01,489958,18342,annual,lapsed
P009579,C00873,A0026,motor,motor_voluntary,2024-03-30,2025-03-30,337147,15572,quarterly,active
P009580,C01668,A0039,motor,motor_voluntary,2023-04-13,2024-04-12,1167680,48088,quarterly,active
P009581,C00944,A0022,motor,motor_compulsory,2024-12-20,2025-12-20,1868436,75835,annual,active
P009582,C01479,A0019,motor,motor_voluntary,2025-10-30,2026-10-30,372267,8221,annual,active
P009583,C00942,A0046,motor,motor_voluntary,2025-09-30,2026-09-30,1396482,62016,monthly,active
P009584,C00386,A0047,motor,motor_compulsory,2023-02-19,2024-02-19,1151721,51387,monthly,active
P009585,C02439,A0011,motor,motor_voluntary,2023-01-23,2024-01-23,2283233,56029,monthly,lapsed
P009586,C01559,A0009,property,property_fire,2023-09-20,2024-09-19,3751539,13200,quarterly,lapsed
P009587,C02683,A0033,motor,motor_compulsory,2025-09-28,2026-09-28,1332365,62195,quarterly,active
P009588,C00137,A0027,motor,motor_compulsory,2023-01-21,2024-01-21,1692926,69331,monthly,lapsed
P009589,C02433,A0035,motor,motor_compulsory,2023-07-09,2024-07-08,2332853,88615,quarterly,active
P009590,C02445,A0024,motor,motor_voluntary,2025-02-08,2026-02-08,615960,25844,monthly,active
P009591,C02322,A0005,motor,motor_compulsory,2026-04-17,2027-04-17,2241426,82785,quarterly,active
P009592,C00726,A0021,property,property_allrisk,2026-01-06,2027-01-06,14517720,122164,quarterly,active
P009593,C01859,A0028,property,property_fire,2025-07-28,2026-07-28,19262743,122942,quarterly,active
P009594,C00591,A0048,motor,motor_compulsory,2023-09-10,2024-09-09,837469,18750,quarterly,cancelled
P009595,C02135,A0006,motor,motor_compulsory,2024-01-17,2025-01-16,640351,20224,annual,active
P009596,C02659,A0041,motor,motor_voluntary,2023-08-21,2024-08-20,1278624,39149,monthly,active
P009597,C00807,A0024,motor,motor_voluntary,2024-05-20,2025-05-20,1815154,60445,annual,active
P009598,C02840,A0028,motor,motor_compulsory,2026-02-26,2027-02-26,345518,10206,quarterly,active
P009599,C01174,A0044,motor,motor_voluntary,2022-09-01,2023-09-01,259353,12577,quarterly,active
P009600,C02467,A0014,motor,motor_compulsory,2023-01-04,2024-01-04,687175,18799,quarterly,active
P009601,C00666,A0031,motor,motor_compulsory,2026-02-15,2027-02-15,610528,15620,quarterly,active
P009602,C01334,A0028,motor,motor_compulsory,2023-05-11,2024-05-10,876846,27890,annual,active
P009603,C01847,A0009,motor,motor_compulsory,2025-03-06,2026-03-06,1868514,54159,annual,active
P009604,C02214,A0020,property,property_allrisk,2024-09-30,2025-09-30,12602431,71659,annual,active
P009605,C01379,A0043,motor,motor_voluntary,2022-07-13,2023-07-13,1023494,24972,monthly,active
P009606,C00606,A0017,motor,motor_compulsory,2023-07-27,2024-07-26,256916,6290,quarterly,active
P009607,C01929,A0031,motor,motor_voluntary,2024-03-31,2025-03-31,1163392,28428,annual,active
P009608,C00578,A0038,motor,motor_compulsory,2025-12-28,2026-12-28,1238121,42520,annual,active
P009609,C01860,A0047,motor,motor_compulsory,2024-07-30,2025-07-30,758558,35627,monthly,lapsed
P009610,C01035,A0010,motor,motor_voluntary,2023-01-04,2024-01-04,1051095,50912,quarterly,cancelled
P009611,C02106,A0020,motor,motor_compulsory,2023-05-31,2024-05-30,282197,5773,quarterly,active
P009612,C02282,A0049,motor,motor_compulsory,2024-11-14,2025-11-14,1178606,39199,monthly,active
P009613,C00506,A0046,motor,motor_voluntary,2024-06-01,2025-06-01,2148621,85126,quarterly,active
P009614,C00215,A0049,motor,motor_voluntary,2023-11-13,2024-11-12,1618762,45150,annual,active
P009615,C00194,A0030,motor,motor_voluntary,2024-05-04,2025-05-04,1888199,71285,quarterly,active
P009616,C01036,A0014,property,property_allrisk,2022-05-01,2023-05-01,8917241,28923,annual,active
P009617,C02252,A0027,property,property_fire,2023-01-17,2024-01-17,16290727,99580,monthly,active
P009618,C02048,A0016,motor,motor_voluntary,2022-04-14,2023-04-14,2135051,68492,annual,active
P009619,C02589,A0040,motor,motor_compulsory,2022-12-29,2023-12-29,1610425,63646,monthly,active
P009620,C02636,A0050,motor,motor_voluntary,2023-02-26,2024-02-26,2385058,75180,quarterly,lapsed
P009621,C02276,A0049,motor,motor_voluntary,2024-07-29,2025-07-29,1607754,34517,monthly,active
P009622,C02320,A0005,motor,motor_voluntary,2022-09-30,2023-09-30,813003,30733,quarterly,active
P009623,C00354,A0014,motor,motor_compulsory,2025-09-17,2026-09-17,802090,24062,annual,active
P009624,C00958,A0017,property,property_flood,2022-06-15,2023-06-15,6975191,72968,quarterly,active
P009625,C01670,A0024,motor,motor_compulsory,2025-04-30,2026-04-30,885830,44265,quarterly,lapsed
P009626,C00964,A0004,motor,motor_voluntary,2022-11-13,2023-11-13,582591,19771,monthly,active
P009627,C00044,A0027,property,property_allrisk,2023-10-09,2024-10-08,12894875,108575,quarterly,active
P009628,C00039,A0050,motor,motor_compulsory,2023-04-29,2024-04-28,1149955,29605,monthly,active
P009629,C01012,A0001,property,property_allrisk,2022-04-09,2023-04-09,11983663,52608,quarterly,active
P009630,C02032,A0038,property,property_fire,2022-04-16,2023-04-16,11269009,65065,monthly,active
P009631,C01511,A0049,motor,motor_voluntary,2023-09-27,2024-09-26,1148810,44172,annual,active
P009632,C01123,A0008,motor,motor_voluntary,2024-01-30,2025-01-29,902426,40842,annual,active
P009633,C02631,A0028,property,property_allrisk,2023-06-20,2024-06-19,12975530,54165,monthly,lapsed
P009634,C00827,A0046,motor,motor_voluntary,2022-06-18,2023-06-18,2221961,50186,monthly,active
P009635,C01242,A0044,motor,motor_compulsory,2023-04-22,2024-04-21,702528,28299,annual,active
P009636,C01463,A0002,motor,motor_compulsory,2023-08-22,2024-08-21,1909354,74026,monthly,active
P009637,C00548,A0045,motor,motor_compulsory,2023-03-22,2024-03-21,2197397,64093,monthly,active
P009638,C00963,A0019,motor,motor_compulsory,2023-08-02,2024-08-01,1104078,44119,quarterly,active
P009639,C02496,A0012,motor,motor_voluntary,2023-05-24,2024-05-23,400906,18135,monthly,lapsed
P009640,C02225,A0010,motor,motor_compulsory,2023-06-06,2024-06-05,629196,17352,annual,active
P009641,C02952,A0037,motor,motor_compulsory,2022-02-28,2023-02-28,365857,17791,monthly,lapsed
P009642,C00964,A0039,property,property_allrisk,2024-09-11,2025-09-11,11851968,115280,quarterly,active
P009643,C02098,A0033,property,property_fire,2024-09-08,2025-09-08,13756786,52139,annual,active
P009644,C00653,A0013,motor,motor_compulsory,2024-10-02,2025-10-02,1347365,36049,annual,active
P009645,C02517,A0039,motor,motor_voluntary,2023-02-18,2024-02-18,546491,14184,quarterly,lapsed
P009646,C01871,A0013,property,property_allrisk,2025-07-15,2026-07-15,9195960,88402,monthly,active
P009647,C01963,A0007,motor,motor_compulsory,2023-01-21,2024-01-21,791519,37459,quarterly,active
P009648,C01230,A0035,property,property_allrisk,2022-05-21,2023-05-21,6606683,79170,monthly,active
P009649,C00525,A0026,motor,motor_voluntary,2025-03-17,2026-03-17,346037,10387,annual,active
P009650,C01321,A0049,motor,motor_compulsory,2023-12-16,2024-12-15,1669655,51448,monthly,active
P009651,C01259,A0046,motor,motor_compulsory,2024-01-28,2025-01-27,1071425,25005,quarterly,active
P009652,C00440,A0039,motor,motor_compulsory,2024-07-17,2025-07-17,1222319,55126,monthly,active
P009653,C02055,A0029,motor,motor_compulsory,2023-07-22,2024-07-21,960097,46514,monthly,lapsed
P009654,C02690,A0012,motor,motor_voluntary,2025-07-31,2026-07-31,1292449,30517,quarterly,active
P009655,C00362,A0040,property,property_fire,2023-01-18,2024-01-18,6066116,22106,monthly,active
P009656,C02667,A0005,motor,motor_compulsory,2023-02-17,2024-02-17,2308297,67910,monthly,lapsed
P009657,C00179,A0041,property,property_fire,2026-04-17,2027-04-17,12149866,109315,annual,cancelled
P009658,C01150,A0040,motor,motor_voluntary,2025-05-16,2026-05-16,2057895,101691,quarterly,lapsed
P009659,C01563,A0033,motor,motor_voluntary,2023-03-21,2024-03-20,1950514,43370,monthly,active
P009660,C01360,A0009,motor,motor_compulsory,2025-07-19,2026-07-19,1164663,45810,annual,active
P009661,C00749,A0025,property,property_flood,2023-11-18,2024-11-17,5984170,40891,quarterly,active
P009662,C01775,A0046,motor,motor_voluntary,2023-07-30,2024-07-29,494520,13766,monthly,active
P009663,C01348,A0039,motor,motor_voluntary,2023-04-04,2024-04-03,273376,6026,quarterly,cancelled
P009664,C02456,A0048,motor,motor_compulsory,2025-03-23,2026-03-23,841278,32328,quarterly,active
P009665,C02326,A0017,motor,motor_compulsory,2024-09-20,2025-09-20,2023336,71589,monthly,active
P009666,C02021,A0036,motor,motor_compulsory,2023-05-10,2024-05-09,667957,26746,annual,active
P009667,C02071,A0046,property,property_allrisk,2022-07-29,2023-07-29,8549590,52669,annual,active
P009668,C00156,A0040,motor,motor_voluntary,2025-01-08,2026-01-08,1816017,77170,annual,active
P009669,C00899,A0042,motor,motor_compulsory,2024-10-25,2025-10-25,1524113,56049,quarterly,active
P009670,C00069,A0002,property,property_fire,2023-04-11,2024-04-10,18641430,131893,annual,active
P009671,C00093,A0001,property,property_fire,2025-04-16,2026-04-16,18316256,194308,monthly,active
P009672,C00600,A0032,motor,motor_compulsory,2025-06-01,2026-06-01,1264170,42826,annual,active
P009673,C00234,A0044,motor,motor_compulsory,2023-05-12,2024-05-11,1976156,89500,annual,active
P009674,C00689,A0046,property,property_fire,2024-04-22,2025-04-22,9941443,62094,monthly,active
P009675,C00927,A0015,property,property_fire,2022-12-23,2023-12-23,2181237,17125,monthly,active
P009676,C02719,A0048,motor,motor_compulsory,2022-10-08,2023-10-08,1751653,76548,quarterly,lapsed
P009677,C01233,A0005,motor,motor_voluntary,2024-03-28,2025-03-28,1640627,65102,annual,active
P009678,C01290,A0026,motor,motor_compulsory,2023-08-17,2024-08-16,2071846,58349,annual,active
P009679,C01946,A0017,motor,motor_compulsory,2022-11-02,2023-11-02,1522307,32959,annual,active
P009680,C02654,A0001,property,property_fire,2022-12-16,2023-12-16,6219219,54002,monthly,active
P009681,C01396,A0045,motor,motor_compulsory,2025-09-22,2026-09-22,1921265,60313,quarterly,active
P009682,C02094,A0039,motor,motor_compulsory,2023-11-05,2024-11-04,1901630,67594,quarterly,active
P009683,C02419,A0007,motor,motor_voluntary,2023-01-30,2024-01-30,1552131,37263,annual,active
P009684,C01064,A0013,motor,motor_compulsory,2025-12-20,2026-12-20,1917543,72710,annual,active
P009685,C01932,A0043,property,property_flood,2024-03-05,2025-03-05,2636105,23063,annual,active
P009686,C00956,A0022,property,property_fire,2024-05-17,2025-05-17,16190581,83509,monthly,active
P009687,C00530,A0034,property,property_flood,2026-01-13,2027-01-13,6332392,55735,annual,lapsed
P009688,C00975,A0009,motor,motor_compulsory,2026-01-21,2027-01-21,1547505,63831,annual,cancelled
P009689,C00622,A0048,motor,motor_compulsory,2023-10-29,2024-10-28,2320407,87914,annual,cancelled
P009690,C01299,A0048,motor,motor_compulsory,2025-02-17,2026-02-17,974642,34157,quarterly,active
P009691,C01380,A0032,motor,motor_voluntary,2023-12-11,2024-12-10,1055252,25800,monthly,active
P009692,C01889,A0035,motor,motor_compulsory,2022-08-23,2023-08-23,1091226,23058,annual,active
P009693,C02330,A0046,motor,motor_voluntary,2023-10-27,2024-10-26,2471800,107767,monthly,active
P009694,C02450,A0039,motor,motor_voluntary,2024-03-11,2025-03-11,600896,16490,quarterly,active
P009695,C01008,A0027,motor,motor_compulsory,2022-07-01,2023-07-01,1931864,82279,quarterly,active
P009696,C01882,A0016,motor,motor_voluntary,2026-03-22,2027-03-22,354439,16898,annual,active
P009697,C02590,A0035,property,property_allrisk,2023-07-23,2024-07-22,10056544,115971,annual,active
P009698,C02577,A0029,motor,motor_compulsory,2023-08-10,2024-08-09,2305117,92308,annual,active
P009699,C00042,A0037,motor,motor_compulsory,2024-06-16,2025-06-16,1751653,69336,quarterly,active
P009700,C01536,A0027,property,property_flood,2024-07-25,2025-07-25,9474520,98421,quarterly,cancelled
P009701,C01886,A0042,property,property_fire,2025-10-20,2026-10-20,2958827,24590,monthly,lapsed
P009702,C01870,A0036,motor,motor_voluntary,2023-04-30,2024-04-29,1687221,68270,quarterly,lapsed
P009703,C00953,A0047,motor,motor_voluntary,2025-10-14,2026-10-14,306236,10548,annual,active
P009704,C02234,A0015,motor,motor_voluntary,2025-07-19,2026-07-19,278550,5866,quarterly,cancelled
P009705,C02317,A0046,property,property_fire,2023-03-24,2024-03-23,4894035,47725,annual,active
P009706,C00664,A0044,motor,motor_compulsory,2023-09-22,2024-09-21,2068555,49680,monthly,active
P009707,C00075,A0009,motor,motor_voluntary,2023-05-31,2024-05-30,539900,25366,monthly,active
P009708,C00835,A0017,motor,motor_voluntary,2025-02-18,2026-02-18,2354511,68981,monthly,active
P009709,C02003,A0049,motor,motor_voluntary,2023-12-11,2024-12-10,598813,27344,annual,active
P009710,C02706,A0037,property,property_allrisk,2023-10-23,2024-10-22,4039028,21883,monthly,active
P009711,C01279,A0007,motor,motor_compulsory,2026-01-04,2027-01-04,1780666,39254,monthly,active
P009712,C01481,A0022,property,property_fire,2022-09-25,2023-09-25,16866006,184297,quarterly,active
P009713,C02688,A0021,motor,motor_compulsory,2024-09-08,2025-09-08,1327448,38629,annual,active
P009714,C00529,A0050,motor,motor_compulsory,2023-09-15,2024-09-14,755598,21419,annual,active
P009715,C01819,A0021,motor,motor_compulsory,2024-01-12,2025-01-11,1305239,61545,annual,cancelled
P009716,C01423,A0031,property,property_fire,2022-09-24,2023-09-24,7182301,45246,quarterly,active
P009717,C02169,A0003,motor,motor_compulsory,2022-05-08,2023-05-08,1516057,57350,monthly,active
P009718,C01615,A0003,property,property_allrisk,2024-03-07,2025-03-07,4751112,18357,monthly,active
P009719,C00721,A0017,motor,motor_compulsory,2023-10-13,2024-10-12,2184588,67823,quarterly,active
P009720,C00593,A0010,property,property_flood,2023-06-07,2024-06-06,9784292,34890,annual,active
P009721,C01845,A0049,property,property_fire,2025-10-11,2026-10-11,3065643,25869,monthly,active
P009722,C01836,A0016,motor,motor_compulsory,2023-01-27,2024-01-27,1577403,68528,monthly,active
P009723,C01817,A0049,motor,motor_compulsory,2023-08-02,2024-08-01,2044350,72971,monthly,active
P009724,C00976,A0009,property,property_flood,2025-02-03,2026-02-03,9655730,30711,annual,lapsed
P009725,C02375,A0008,property,property_fire,2025-08-24,2026-08-24,16810342,52055,monthly,active
P009726,C01183,A0023,motor,motor_voluntary,2025-03-21,2026-03-21,686328,29702,monthly,active
P009727,C02379,A0049,property,property_flood,2023-08-14,2024-08-13,15733391,84164,monthly,active
P009728,C01884,A0044,property,property_allrisk,2024-01-17,2025-01-16,10220636,111740,monthly,active
P009729,C01998,A0013,property,property_allrisk,2024-08-02,2025-08-02,9847865,108416,monthly,active
P009730,C00288,A0016,motor,motor_compulsory,2024-04-08,2025-04-08,404854,10013,quarterly,active
P009731,C02539,A0039,property,property_allrisk,2026-01-18,2027-01-18,13598439,150751,monthly,active
P009732,C01090,A0021,motor,motor_compulsory,2023-03-05,2024-03-04,661520,32313,monthly,active
P009733,C02481,A0027,motor,motor_compulsory,2023-12-27,2024-12-26,516263,15457,monthly,active
P009734,C00556,A0010,motor,motor_compulsory,2024-08-19,2025-08-19,657832,18476,monthly,active
P009735,C02369,A0037,motor,motor_compulsory,2024-06-30,2025-06-30,2131152,66021,monthly,active
P009736,C00494,A0026,property,property_allrisk,2023-09-26,2024-09-25,18579080,116255,quarterly,lapsed
P009737,C02591,A0044,property,property_fire,2024-01-02,2025-01-01,19960442,191350,annual,active
P009738,C00305,A0003,motor,motor_compulsory,2023-07-09,2024-07-08,2295062,108318,monthly,active
P009739,C02421,A0032,motor,motor_voluntary,2026-02-27,2027-02-27,1090630,28164,monthly,active
P009740,C01390,A0015,motor,motor_compulsory,2025-02-03,2026-02-03,642125,31723,annual,active
P009741,C00451,A0047,property,property_allrisk,2024-03-02,2025-03-02,6046354,65121,quarterly,active
P009742,C01057,A0003,motor,motor_compulsory,2023-03-12,2024-03-11,553036,27344,quarterly,lapsed
P009743,C01621,A0043,motor,motor_compulsory,2025-09-06,2026-09-06,652685,31109,quarterly,active
P009744,C00588,A0013,property,property_flood,2025-05-08,2026-05-08,1070698,5294,monthly,active
P009745,C00051,A0027,motor,motor_compulsory,2024-05-29,2025-05-29,654227,19699,annual,active
P009746,C00643,A0012,motor,motor_compulsory,2025-11-15,2026-11-15,1398831,68153,monthly,active
P009747,C02836,A0039,motor,motor_compulsory,2023-08-02,2024-08-01,2299162,99298,monthly,active
P009748,C01462,A0012,property,property_flood,2025-04-02,2026-04-02,18833787,204005,annual,active
P009749,C01277,A0012,motor,motor_compulsory,2023-02-28,2024-02-28,1390897,35341,annual,active
P009750,C00893,A0035,property,property_flood,2025-08-03,2026-08-03,18759308,148232,annual,cancelled
P009751,C02526,A0008,property,property_allrisk,2023-08-29,2024-08-28,5173887,26229,quarterly,active
P009752,C02616,A0017,motor,motor_compulsory,2024-03-19,2025-03-19,1681401,55395,monthly,active
P009753,C00858,A0027,motor,motor_voluntary,2023-08-27,2024-08-26,1766105,46504,monthly,active
P009754,C01320,A0007,motor,motor_compulsory,2025-10-07,2026-10-07,2106453,95058,monthly,active
P009755,C00887,A0043,property,property_allrisk,2026-02-02,2027-02-02,3921789,28834,annual,active
P009756,C00700,A0018,motor,motor_voluntary,2023-08-18,2024-08-17,361247,10486,annual,lapsed
P009757,C01714,A0036,motor,motor_compulsory,2024-05-05,2025-05-05,1268274,35590,quarterly,active
P009758,C02581,A0044,property,property_fire,2025-03-13,2026-03-13,17847298,69607,annual,active
P009759,C01707,A0012,motor,motor_voluntary,2023-02-07,2024-02-07,816304,16699,quarterly,active
P009760,C00690,A0035,motor,motor_voluntary,2023-10-08,2024-10-07,2084337,57390,quarterly,active
P009761,C00172,A0047,motor,motor_voluntary,2022-02-11,2023-02-11,1061010,24947,annual,active
P009762,C00356,A0044,property,property_allrisk,2025-06-28,2026-06-28,19364592,75958,monthly,active
P009763,C01918,A0025,motor,motor_voluntary,2022-04-13,2023-04-13,626215,27246,monthly,active
P009764,C02483,A0003,motor,motor_voluntary,2026-01-27,2027-01-27,2188901,89337,annual,lapsed
P009765,C00852,A0005,motor,motor_compulsory,2023-04-07,2024-04-06,1429000,50744,monthly,active
P009766,C02036,A0021,motor,motor_compulsory,2022-01-17,2023-01-17,2072972,56701,quarterly,active
P009767,C00066,A0039,property,property_allrisk,2022-01-20,2023-01-20,8158560,46280,quarterly,active
P009768,C01802,A0015,motor,motor_compulsory,2026-04-27,2027-04-27,1490954,62543,monthly,active
P009769,C00756,A0015,motor,motor_compulsory,2026-03-01,2027-03-01,1553241,40817,quarterly,active
P009770,C01483,A0014,motor,motor_compulsory,2025-09-03,2026-09-03,1763857,80981,annual,active
P009771,C01962,A0020,motor,motor_voluntary,2024-02-11,2025-02-10,641681,18875,annual,active
P009772,C01310,A0027,motor,motor_compulsory,2026-02-08,2027-02-08,1469699,56066,monthly,active
P009773,C01712,A0005,motor,motor_compulsory,2024-01-20,2025-01-19,468366,13055,annual,active
P009774,C00605,A0040,motor,motor_voluntary,2026-04-09,2027-04-09,243746,10620,monthly,active
P009775,C01625,A0041,motor,motor_voluntary,2023-01-29,2024-01-29,1050066,43237,annual,active
P009776,C00999,A0001,property,property_flood,2023-03-30,2024-03-29,12705803,146213,annual,lapsed
P009777,C00448,A0019,motor,motor_voluntary,2023-06-17,2024-06-16,1701894,81477,quarterly,active
P009778,C02570,A0050,property,property_flood,2024-03-20,2025-03-20,5478306,49649,monthly,cancelled
P009779,C00093,A0036,motor,motor_voluntary,2024-03-11,2025-03-11,434844,20688,quarterly,active
P009780,C02198,A0014,motor,motor_compulsory,2025-01-07,2026-01-07,481772,22624,annual,active
P009781,C02027,A0021,motor,motor_compulsory,2025-01-18,2026-01-18,1987896,83229,quarterly,active
P009782,C02254,A0015,motor,motor_voluntary,2024-01-22,2025-01-21,888522,18794,monthly,active
P009783,C02655,A0010,motor,motor_compulsory,2026-03-23,2027-03-23,1216979,46576,annual,active
P009784,C00720,A0009,motor,motor_voluntary,2023-07-18,2024-07-17,1313959,43855,quarterly,active
P009785,C02823,A0032,property,property_flood,2024-04-09,2025-04-09,10774728,88146,quarterly,active
P009786,C01866,A0006,motor,motor_voluntary,2023-11-07,2024-11-06,2490116,70349,monthly,active
P009787,C01863,A0006,property,property_flood,2026-03-12,2027-03-12,8458115,83986,annual,active
P009788,C01077,A0048,property,property_flood,2024-02-25,2025-02-24,6145017,22108,quarterly,active
P009789,C01361,A0030,property,property_flood,2025-02-27,2026-02-27,3682069,13300,annual,lapsed
P009790,C02325,A0021,property,property_allrisk,2023-03-05,2024-03-04,2650184,20629,annual,lapsed
P009791,C00944,A0032,property,property_fire,2025-04-20,2026-04-20,5420624,51177,quarterly,active
P009792,C01863,A0005,motor,motor_voluntary,2024-09-18,2025-09-18,1885089,69979,quarterly,active
P009793,C00834,A0023,motor,motor_compulsory,2023-03-19,2024-03-18,2154476,44253,monthly,cancelled
P009794,C00766,A0010,motor,motor_voluntary,2023-06-05,2024-06-04,952013,30611,monthly,active
P009795,C00836,A0006,motor,motor_compulsory,2025-12-24,2026-12-24,712365,31162,annual,active
P009796,C01194,A0029,motor,motor_compulsory,2023-05-28,2024-05-27,2035947,100280,monthly,lapsed
P009797,C00142,A0032,motor,motor_voluntary,2023-01-03,2024-01-03,1280754,54902,monthly,active
P009798,C00444,A0044,property,property_fire,2024-06-03,2025-06-03,17521353,107165,annual,active
P009799,C01054,A0010,motor,motor_voluntary,2024-03-31,2025-03-31,1459817,50325,monthly,lapsed
P009800,C01899,A0016,motor,motor_compulsory,2024-10-05,2025-10-05,2093545,75182,monthly,active
P009801,C01300,A0032,motor,motor_compulsory,2022-05-18,2023-05-18,1632983,78522,monthly,active
P009802,C01678,A0007,motor,motor_compulsory,2023-01-12,2024-01-12,550222,16328,monthly,active
P009803,C01050,A0049,property,property_fire,2023-03-24,2024-03-23,17406942,88771,monthly,active
P009804,C01544,A0043,motor,motor_voluntary,2024-12-17,2025-12-17,425486,11836,monthly,lapsed
P009805,C02480,A0005,motor,motor_voluntary,2023-11-21,2024-11-20,1057380,47761,quarterly,active
P009806,C00251,A0009,motor,motor_voluntary,2022-10-18,2023-10-18,440943,21827,quarterly,cancelled
P009807,C02630,A0045,motor,motor_voluntary,2025-06-14,2026-06-14,2168760,85449,monthly,active
P009808,C02890,A0007,motor,motor_voluntary,2023-09-04,2024-09-03,448995,12084,annual,active
P009809,C02894,A0026,motor,motor_voluntary,2023-05-16,2024-05-15,793304,27019,annual,active
P009810,C02195,A0039,motor,motor_voluntary,2022-07-10,2023-07-10,1586486,45242,quarterly,active
P009811,C02886,A0018,property,property_fire,2025-07-25,2026-07-25,8696435,27899,monthly,lapsed
P009812,C01390,A0039,motor,motor_voluntary,2022-01-27,2023-01-27,2332728,56137,monthly,active
P009813,C01013,A0007,motor,motor_compulsory,2024-08-24,2025-08-24,1107123,39775,annual,active
P009814,C02562,A0012,motor,motor_compulsory,2025-09-10,2026-09-10,1988293,44976,quarterly,active
P009815,C02242,A0012,motor,motor_voluntary,2025-11-20,2026-11-20,1137316,41817,annual,active
P009816,C01665,A0008,motor,motor_compulsory,2023-12-01,2024-11-30,512482,15424,monthly,active
P009817,C00218,A0023,motor,motor_voluntary,2024-03-22,2025-03-22,981668,22897,quarterly,active
P009818,C01336,A0036,motor,motor_compulsory,2024-08-11,2025-08-11,1399111,28639,monthly,active
P009819,C00082,A0047,motor,motor_compulsory,2022-09-11,2023-09-11,1622301,45061,quarterly,active
P009820,C00648,A0009,motor,motor_voluntary,2024-09-26,2025-09-26,1114236,47712,quarterly,active
P009821,C01307,A0019,motor,motor_compulsory,2023-07-20,2024-07-19,2257542,79809,monthly,active
P009822,C02052,A0013,property,property_allrisk,2024-09-21,2025-09-21,15743566,118241,annual,active
P009823,C02736,A0030,motor,motor_compulsory,2022-11-19,2023-11-19,1135162,40591,quarterly,active
P009824,C00435,A0008,motor,motor_compulsory,2025-10-24,2026-10-24,251739,11354,quarterly,active
P009825,C02621,A0001,property,property_fire,2025-09-02,2026-09-02,13916630,122183,monthly,active
P009826,C02964,A0027,motor,motor_voluntary,2024-03-06,2025-03-06,585224,28395,annual,active
P009827,C00539,A0041,motor,motor_voluntary,2023-11-30,2024-11-29,1378656,52583,annual,active
P009828,C02435,A0018,motor,motor_compulsory,2024-06-25,2025-06-25,1939517,85335,quarterly,active
P009829,C00287,A0001,property,property_flood,2023-03-11,2024-03-10,16896621,189418,annual,active
P009830,C02470,A0040,property,property_allrisk,2022-09-21,2023-09-21,15224377,92838,annual,active
P009831,C02601,A0050,motor,motor_compulsory,2024-07-18,2025-07-18,1761301,54462,quarterly,active
P009832,C00405,A0047,motor,motor_compulsory,2025-09-05,2026-09-05,2212460,44804,monthly,active
P009833,C02646,A0035,motor,motor_compulsory,2026-02-23,2027-02-23,1947741,61281,quarterly,active
P009834,C01933,A0049,property,property_flood,2025-03-24,2026-03-24,16249199,76117,annual,active
P009835,C00434,A0005,property,property_fire,2023-08-19,2024-08-18,6138423,62439,annual,active
P009836,C01841,A0004,property,property_flood,2025-12-30,2026-12-30,8561506,42563,annual,active
P009837,C02710,A0045,motor,motor_compulsory,2023-07-15,2024-07-14,1935287,54461,monthly,active
P009838,C02430,A0046,motor,motor_voluntary,2025-02-23,2026-02-23,1717320,83683,monthly,active
P009839,C02498,A0045,motor,motor_voluntary,2023-05-04,2024-05-03,626000,16406,monthly,lapsed
P009840,C02624,A0023,motor,motor_compulsory,2023-09-14,2024-09-13,1274995,39917,quarterly,active
P009841,C00241,A0027,property,property_fire,2024-03-13,2025-03-13,4070462,20247,monthly,active
P009842,C01486,A0021,motor,motor_compulsory,2023-06-10,2024-06-09,1468281,62996,quarterly,active
P009843,C02541,A0027,motor,motor_voluntary,2024-10-26,2025-10-26,1619083,61459,monthly,lapsed
P009844,C02378,A0028,motor,motor_compulsory,2024-02-01,2025-01-31,1963464,79330,annual,active
P009845,C01455,A0014,property,property_flood,2022-06-03,2023-06-03,4252783,33104,annual,lapsed
P009846,C01060,A0006,motor,motor_compulsory,2025-11-01,2026-11-01,332939,11665,quarterly,active
P009847,C02263,A0045,motor,motor_voluntary,2023-10-26,2024-10-25,2364269,62559,annual,active
P009848,C02337,A0034,property,property_allrisk,2022-08-24,2023-08-24,15108376,85427,annual,active
P009849,C00083,A0031,motor,motor_voluntary,2025-04-15,2026-04-15,1988960,92454,annual,active
P009850,C00655,A0047,property,property_fire,2024-11-25,2025-11-25,17079662,119374,monthly,active
P009851,C01669,A0038,motor,motor_voluntary,2022-08-07,2023-08-07,1339335,33853,quarterly,active
P009852,C01635,A0039,property,property_fire,2023-08-17,2024-08-16,4031217,45676,monthly,active
P009853,C02326,A0013,motor,motor_voluntary,2023-02-04,2024-02-04,340673,9128,quarterly,active
P009854,C00332,A0044,motor,motor_voluntary,2025-07-05,2026-07-05,664828,26634,annual,active
P009855,C00252,A0048,motor,motor_compulsory,2025-03-15,2026-03-15,502528,13025,quarterly,active
P009856,C00532,A0038,motor,motor_compulsory,2023-03-24,2024-03-23,1472707,36648,annual,lapsed
P009857,C01091,A0043,motor,motor_compulsory,2026-04-13,2027-04-13,589184,12531,quarterly,active
P009858,C01075,A0036,property,property_fire,2022-11-21,2023-11-21,19403737,169576,monthly,active
P009859,C00561,A0043,property,property_allrisk,2026-04-26,2027-04-26,2776687,20988,quarterly,lapsed
P009860,C02293,A0004,motor,motor_compulsory,2023-04-24,2024-04-23,1593332,46071,monthly,active
P009861,C01046,A0032,motor,motor_compulsory,2024-05-28,2025-05-28,1638117,64012,annual,active
P009862,C01965,A0010,property,property_allrisk,2024-07-22,2025-07-22,16946914,120476,monthly,active
P009863,C01603,A0016,motor,motor_compulsory,2023-06-21,2024-06-20,1538159,66463,monthly,active
P009864,C00553,A0042,property,property_flood,2022-03-29,2023-03-29,8967630,32078,monthly,active
P009865,C01205,A0009,property,property_fire,2025-12-29,2026-12-29,16802815,153687,annual,active
P009866,C02681,A0047,property,property_flood,2024-10-20,2025-10-20,11994958,141183,monthly,active
P009867,C02252,A0001,property,property_fire,2025-09-02,2026-09-02,7502630,76410,annual,lapsed
P009868,C01243,A0002,motor,motor_voluntary,2024-04-02,2025-04-02,841052,30328,monthly,lapsed
P009869,C02466,A0001,motor,motor_compulsory,2023-10-05,2024-10-04,1484671,36864,annual,lapsed
P009870,C02022,A0041,motor,motor_compulsory,2025-09-28,2026-09-28,1574219,76234,quarterly,lapsed
P009871,C00330,A0001,motor,motor_compulsory,2023-08-26,2024-08-25,911209,35979,monthly,active
P009872,C01335,A0043,property,property_flood,2022-03-31,2023-03-31,12891198,101687,monthly,active
P009873,C02176,A0049,motor,motor_voluntary,2023-07-16,2024-07-15,2210820,69758,annual,active
P009874,C00292,A0012,motor,motor_voluntary,2024-06-10,2025-06-10,1298686,43889,annual,active
P009875,C00214,A0004,motor,motor_compulsory,2025-06-30,2026-06-30,912519,32710,annual,lapsed
P009876,C02227,A0017,motor,motor_compulsory,2024-02-14,2025-02-13,1377929,45443,monthly,active
P009877,C01163,A0029,motor,motor_compulsory,2023-02-17,2024-02-17,1071073,47575,annual,active
P009878,C02608,A0022,motor,motor_compulsory,2024-01-07,2025-01-06,230114,7048,annual,active
P009879,C01999,A0013,motor,motor_compulsory,2024-06-29,2025-06-29,601058,22782,annual,active
P009880,C01482,A0035,property,property_allrisk,2023-09-06,2024-09-05,5581895,60718,monthly,active
P009881,C02370,A0013,motor,motor_voluntary,2026-04-21,2027-04-21,1737968,70155,quarterly,active
P009882,C02780,A0032,property,property_allrisk,2026-03-25,2027-03-25,12815131,110290,monthly,active
P009883,C00863,A0026,property,property_allrisk,2022-11-09,2023-11-09,16098007,160639,annual,active
P009884,C01838,A0048,motor,motor_compulsory,2022-03-09,2023-03-09,1504635,37393,annual,active
P009885,C01770,A0019,motor,motor_compulsory,2026-04-29,2027-04-29,572425,15757,quarterly,active
P009886,C02192,A0023,motor,motor_voluntary,2025-09-21,2026-09-21,2115973,43926,monthly,active
P009887,C00666,A0032,motor,motor_voluntary,2024-11-13,2025-11-13,282724,12369,monthly,active
P009888,C02653,A0006,property,property_allrisk,2024-06-17,2025-06-17,14385651,155100,monthly,cancelled
P009889,C02500,A0004,motor,motor_compulsory,2025-11-01,2026-11-01,2496754,93837,quarterly,active
P009890,C00320,A0038,motor,motor_compulsory,2023-03-26,2024-03-25,2058084,52171,annual,cancelled
P009891,C02933,A0021,motor,motor_voluntary,2022-02-16,2023-02-16,1833225,78781,annual,active
P009892,C02480,A0039,property,property_flood,2023-06-26,2024-06-25,1422091,8923,monthly,active
P009893,C02708,A0008,motor,motor_voluntary,2025-01-20,2026-01-20,527864,14835,quarterly,active
P009894,C02334,A0043,motor,motor_compulsory,2023-01-22,2024-01-22,1345210,64630,monthly,lapsed
P009895,C01175,A0028,motor,motor_compulsory,2023-06-04,2024-06-03,1933149,92857,quarterly,lapsed
P009896,C00574,A0007,property,property_allrisk,2024-09-17,2025-09-17,16445212,96813,monthly,active
P009897,C02870,A0030,motor,motor_voluntary,2022-06-25,2023-06-25,2212559,91004,quarterly,active
P009898,C00759,A0034,motor,motor_voluntary,2025-08-18,2026-08-18,390067,17789,quarterly,active
P009899,C00509,A0026,property,property_flood,2023-06-06,2024-06-05,17857360,75057,monthly,active
P009900,C01824,A0025,property,property_flood,2023-05-02,2024-05-01,1153431,6017,quarterly,active
P009901,C02462,A0029,motor,motor_voluntary,2023-10-12,2024-10-11,1997622,52528,annual,active
P009902,C02792,A0031,motor,motor_voluntary,2024-07-09,2025-07-09,1290743,39662,monthly,active
P009903,C01656,A0013,property,property_fire,2025-05-11,2026-05-11,7084205,81560,annual,active
P009904,C01754,A0014,motor,motor_voluntary,2024-03-28,2025-03-28,1767807,38464,annual,active
P009905,C01535,A0028,property,property_flood,2023-09-28,2024-09-27,12175773,88286,monthly,active
P009906,C02918,A0011,motor,motor_voluntary,2024-02-25,2025-02-24,1128984,32807,annual,active
P009907,C02134,A0031,motor,motor_voluntary,2024-09-28,2025-09-28,2424708,97243,quarterly,active
P009908,C02347,A0011,motor,motor_compulsory,2024-04-14,2025-04-14,596587,22898,annual,active
P009909,C00098,A0046,property,property_allrisk,2023-09-13,2024-09-12,18102711,99714,monthly,cancelled
P009910,C00945,A0039,property,property_allrisk,2026-03-31,2027-03-31,12181641,131034,monthly,active
P009911,C02227,A0029,motor,motor_compulsory,2023-12-16,2024-12-15,1300366,51626,quarterly,active
P009912,C01196,A0044,property,property_flood,2023-07-01,2024-06-30,2208090,23767,annual,active
P009913,C02952,A0016,motor,motor_compulsory,2024-03-17,2025-03-17,2099940,66570,monthly,active
P009914,C01903,A0018,motor,motor_compulsory,2024-09-08,2025-09-08,1712173,56801,annual,active
P009915,C01709,A0005,property,property_flood,2023-07-23,2024-07-22,18198957,114347,annual,active
P009916,C00717,A0012,property,property_flood,2023-06-16,2024-06-15,4793104,27885,quarterly,cancelled
P009917,C00550,A0006,property,property_fire,2023-04-11,2024-04-10,17256283,107190,quarterly,active
P009918,C01345,A0002,property,property_fire,2022-10-02,2023-10-02,12336304,135436,annual,cancelled
P009919,C00566,A0021,motor,motor_compulsory,2023-05-12,2024-05-11,611650,26722,quarterly,active
P009920,C02544,A0001,property,property_allrisk,2025-09-17,2026-09-17,16396442,116894,quarterly,lapsed
P009921,C02371,A0043,motor,motor_compulsory,2024-10-11,2025-10-11,333382,14766,monthly,active
P009922,C00996,A0015,motor,motor_voluntary,2026-02-14,2027-02-14,1691269,76280,monthly,active
P009923,C02101,A0035,motor,motor_compulsory,2025-01-21,2026-01-21,1534033,61954,quarterly,lapsed
P009924,C01549,A0002,motor,motor_compulsory,2024-01-07,2025-01-06,1741315,73822,quarterly,active
P009925,C02657,A0021,property,property_allrisk,2022-06-01,2023-06-01,8664597,94525,quarterly,active
P009926,C00863,A0034,motor,motor_voluntary,2023-10-22,2024-10-21,1678038,42410,monthly,lapsed
P009927,C01693,A0023,property,property_fire,2023-02-24,2024-02-24,14423416,153224,annual,active
P009928,C01801,A0011,motor,motor_voluntary,2025-12-16,2026-12-16,1169387,45276,annual,active
P009929,C00361,A0019,motor,motor_voluntary,2024-04-09,2025-04-09,264551,5339,monthly,active
P009930,C01451,A0007,motor,motor_compulsory,2025-01-29,2026-01-29,1100046,54298,quarterly,active
P009931,C01982,A0039,property,property_flood,2024-05-09,2025-05-09,1550253,15564,monthly,active
P009932,C01810,A0021,motor,motor_compulsory,2024-04-25,2025-04-25,1789324,36455,annual,active
P009933,C02376,A0020,motor,motor_compulsory,2025-10-06,2026-10-06,1543445,65660,monthly,lapsed
P009934,C00442,A0007,property,property_allrisk,2025-08-06,2026-08-06,19375638,130010,annual,active
P009935,C02042,A0005,motor,motor_compulsory,2023-09-06,2024-09-05,519588,12077,quarterly,active
P009936,C00552,A0045,motor,motor_compulsory,2024-07-22,2025-07-22,1639648,50527,quarterly,lapsed
P009937,C02168,A0032,motor,motor_voluntary,2023-02-14,2024-02-14,878164,21920,quarterly,active
P009938,C00896,A0019,motor,motor_compulsory,2023-09-15,2024-09-14,1886865,75393,quarterly,active
P009939,C00196,A0050,motor,motor_compulsory,2022-12-20,2023-12-20,322226,11570,monthly,active
P009940,C00997,A0036,motor,motor_voluntary,2022-07-18,2023-07-18,1562379,39527,annual,lapsed
P009941,C00221,A0006,property,property_allrisk,2023-03-27,2024-03-26,1267222,4455,monthly,lapsed
P009942,C01417,A0045,property,property_flood,2022-05-23,2023-05-23,19726939,125708,annual,active
P009943,C02542,A0046,motor,motor_compulsory,2023-07-06,2024-07-05,1402501,67331,quarterly,active
P009944,C01431,A0002,motor,motor_compulsory,2024-02-25,2025-02-24,1820330,65197,annual,active
P009945,C00532,A0011,property,property_allrisk,2023-10-09,2024-10-08,3342483,11755,monthly,active
P009946,C00940,A0015,property,property_allrisk,2025-08-02,2026-08-02,16433115,179291,quarterly,active
P009947,C00660,A0032,motor,motor_voluntary,2023-11-20,2024-11-19,2380107,111087,quarterly,active
P009948,C00462,A0043,motor,motor_compulsory,2024-07-29,2025-07-29,932292,23267,annual,lapsed
P009949,C01239,A0024,motor,motor_voluntary,2025-08-04,2026-08-04,1268819,35379,monthly,active
P009950,C02028,A0027,property,property_allrisk,2023-08-23,2024-08-22,8816882,90847,annual,active
P009951,C01211,A0016,motor,motor_voluntary,2022-03-18,2023-03-18,2454160,89731,monthly,cancelled
P009952,C02826,A0038,motor,motor_voluntary,2023-11-19,2024-11-18,1520252,36536,monthly,active
P009953,C01372,A0005,motor,motor_compulsory,2023-05-13,2024-05-12,1128636,27712,annual,active
P009954,C01965,A0034,motor,motor_voluntary,2024-02-24,2025-02-23,1116093,41356,annual,active
P009955,C02072,A0013,motor,motor_compulsory,2022-10-31,2023-10-31,1240060,42742,quarterly,active
P009956,C02117,A0029,property,property_flood,2024-09-28,2025-09-28,14795357,57143,annual,active
P009957,C02169,A0039,property,property_fire,2022-06-15,2023-06-15,16491384,192763,quarterly,active
P009958,C01862,A0028,property,property_fire,2024-10-15,2025-10-15,13785253,100444,annual,active
P009959,C02165,A0042,property,property_fire,2024-09-03,2025-09-03,9986449,56541,monthly,active
P009960,C01602,A0006,motor,motor_voluntary,2025-02-08,2026-02-08,841125,25530,quarterly,active
P009961,C01983,A0024,motor,motor_compulsory,2024-05-08,2025-05-08,795399,22005,monthly,cancelled
P009962,C01134,A0026,motor,motor_voluntary,2024-03-13,2025-03-13,260564,10832,quarterly,active
P009963,C02568,A0017,motor,motor_voluntary,2023-03-24,2024-03-23,616919,24011,monthly,active
P009964,C02154,A0029,motor,motor_voluntary,2022-10-22,2023-10-22,1740097,56129,monthly,active
P009965,C02171,A0024,property,property_allrisk,2025-11-17,2026-11-17,2787504,19954,monthly,active
P009966,C00460,A0001,motor,motor_voluntary,2022-02-27,2023-02-27,1987463,78619,quarterly,active
P009967,C00167,A0039,motor,motor_voluntary,2025-01-21,2026-01-21,2451289,114805,quarterly,active
P009968,C01417,A0031,motor,motor_voluntary,2023-02-17,2024-02-17,1818394,80843,monthly,active
P009969,C02968,A0001,motor,motor_compulsory,2023-02-14,2024-02-14,2130280,79217,monthly,lapsed
P009970,C01609,A0038,property,property_allrisk,2026-03-09,2027-03-09,17762628,141345,quarterly,active
P009971,C00501,A0049,motor,motor_compulsory,2023-03-27,2024-03-26,247889,9370,monthly,active
P009972,C02172,A0050,motor,motor_compulsory,2025-05-09,2026-05-09,2330985,81071,quarterly,active
P009973,C01193,A0012,motor,motor_voluntary,2025-06-28,2026-06-28,1293824,64411,annual,lapsed
P009974,C01659,A0032,motor,motor_voluntary,2024-02-18,2025-02-17,2393606,99655,annual,lapsed
P009975,C02162,A0023,motor,motor_compulsory,2023-02-03,2024-02-03,1186265,23895,annual,active
P009976,C00535,A0019,motor,motor_voluntary,2026-04-13,2027-04-13,970842,44972,annual,active
P009977,C02572,A0018,motor,motor_voluntary,2026-03-10,2027-03-10,2222116,66956,monthly,active
P009978,C00708,A0012,motor,motor_voluntary,2022-02-16,2023-02-16,932642,38479,annual,active
P009979,C01413,A0041,motor,motor_compulsory,2024-11-08,2025-11-08,1845715,62744,monthly,active
P009980,C00958,A0025,motor,motor_voluntary,2025-12-13,2026-12-13,817444,29238,annual,active
P009981,C01525,A0019,motor,motor_compulsory,2022-09-16,2023-09-16,1520428,37382,annual,active
P009982,C02989,A0016,motor,motor_compulsory,2022-06-25,2023-06-25,952865,30402,annual,lapsed
P009983,C02785,A0010,motor,motor_voluntary,2026-03-20,2027-03-20,1217313,40400,quarterly,active
P009984,C01964,A0029,motor,motor_compulsory,2026-03-11,2027-03-11,1478758,61098,annual,active
P009985,C00475,A0043,motor,motor_voluntary,2023-07-09,2024-07-08,2029471,91074,quarterly,active
P009986,C01584,A0030,property,property_flood,2024-02-10,2025-02-09,4443092,48062,annual,active
P009987,C02083,A0040,motor,motor_voluntary,2023-07-26,2024-07-25,1789761,72542,monthly,active
P009988,C02417,A0045,property,property_allrisk,2023-02-06,2024-02-06,18269045,184014,monthly,active
P009989,C00078,A0036,motor,motor_compulsory,2024-10-01,2025-10-01,1359202,63884,monthly,active
P009990,C02696,A0025,motor,motor_voluntary,2023-03-18,2024-03-17,2391888,96146,annual,active
P009991,C00595,A0001,motor,motor_voluntary,2024-05-09,2025-05-09,1646387,34204,monthly,active
P009992,C01918,A0042,motor,motor_compulsory,2024-05-04,2025-05-04,1434949,38929,monthly,active
P009993,C01238,A0031,motor,motor_voluntary,2024-04-15,2025-04-15,1375477,66018,quarterly,active
P009994,C02634,A0023,property,property_flood,2022-09-23,2023-09-23,5773647,40789,quarterly,active
P009995,C01801,A0002,property,property_fire,2023-03-09,2024-03-08,1767929,9654,monthly,cancelled
P009996,C02738,A0013,motor,motor_compulsory,2022-08-03,2023-08-03,1269657,38277,annual,active
P009997,C00636,A0036,property,property_fire,2023-09-12,2024-09-11,18968254,78604,annual,lapsed
P009998,C00636,A0009,property,property_allrisk,2024-04-07,2025-04-07,18918488,86178,annual,active
P009999,C00215,A0008,motor,motor_voluntary,2025-08-19,2026-08-19,217871,6165,monthly,active
P010000,C00469,A0004,motor,motor_compulsory,2025-11-18,2026-11-18,1953451,61031,quarterly,active
